/*
  C-file generated by Bin2C
  Compiled:    Jun 11 2019 at 16:50:55

  Copyright (C) 2018
  Segger Microcontroller GmbH
  www.segger.com

  The Embedded Experts
*/

static const unsigned char _acConsolas11[19083UL + 1] = {
  0x00, 0x00, 0x01, 0x17, 0x00, 0x00, 0x00, 0x0B, 0x00, 0x00, 0x00, 0x0B, 0x00, 0x00, 0x00, 0x00, 0x00, 0x00, 0x00, 0x08, 0x00, 0x00, 0x00, 0x02, 0x00, 0x00, 0x00, 0x21, 0x00, 0x00, 0x00, 0x08, 0x00, 0x00, 0x00, 0x02, 0x00, 0x00, 0x00, 0x06,
  0x00, 0x00, 0x00, 0x08, 0x00, 0x00, 0x00, 0x02, 0x00, 0x00, 0x00, 0x00, 0x00, 0x00, 0x00, 0x22, 0x00, 0x00, 0x00, 0x03, 0x00, 0x00, 0x00, 0x05, 0x00, 0x00, 0x00, 0x06, 0x00, 0x00, 0x00, 0x08, 0x00, 0x00, 0x00, 0x01, 0x00, 0x00, 0x00, 0x00,
  0x00, 0x00, 0x00, 0x23, 0x00, 0x00, 0x00, 0x07, 0x00, 0x00, 0x00, 0x06, 0x00, 0x00, 0x00, 0x06, 0x00, 0x00, 0x00, 0x07, 0x00, 0x00, 0x00, 0x00, 0x00, 0x00, 0x00, 0x00, 0x00, 0x00, 0x00, 0x24, 0x00, 0x00, 0x00, 0x09, 0x00, 0x00, 0x00, 0x06,
  0x00, 0x00, 0x00, 0x06, 0x00, 0x00, 0x00, 0x08, 0x00, 0x00, 0x00, 0x01, 0x00, 0x00, 0x00, 0x00, 0x00, 0x00, 0x00, 0x25, 0x00, 0x00, 0x00, 0x08, 0x00, 0x00, 0x00, 0x07, 0x00, 0x00, 0x00, 0x06, 0x00, 0x00, 0x00, 0x08, 0x00, 0x00, 0x00, 0x00,
  0x00, 0x00, 0x00, 0x00, 0x00, 0x00, 0x00, 0x26, 0x00, 0x00, 0x00, 0x08, 0x00, 0x00, 0x00, 0x07, 0x00, 0x00, 0x00, 0x06, 0x00, 0x00, 0x00, 0x08, 0x00, 0x00, 0x00, 0x00, 0x00, 0x00, 0x00, 0x00, 0x00, 0x00, 0x00, 0x27, 0x00, 0x00, 0x00, 0x03,
  0x00, 0x00, 0x00, 0x02, 0x00, 0x00, 0x00, 0x06, 0x00, 0x00, 0x00, 0x08, 0x00, 0x00, 0x00, 0x02, 0x00, 0x00, 0x00, 0x00, 0x00, 0x00, 0x00, 0x28, 0x00, 0x00, 0x00, 0x0A, 0x00, 0x00, 0x00, 0x04, 0x00, 0x00, 0x00, 0x06, 0x00, 0x00, 0x00, 0x08,
  0x00, 0x00, 0x00, 0x01, 0x00, 0x00, 0x00, 0x00, 0x00, 0x00, 0x00, 0x29, 0x00, 0x00, 0x00, 0x0A, 0x00, 0x00, 0x00, 0x04, 0x00, 0x00, 0x00, 0x06, 0x00, 0x00, 0x00, 0x08, 0x00, 0x00, 0x00, 0x01, 0x00, 0x00, 0x00, 0x00, 0x00, 0x00, 0x00, 0x2A,
  0x00, 0x00, 0x00, 0x05, 0x00, 0x00, 0x00, 0x06, 0x00, 0x00, 0x00, 0x06, 0x00, 0x00, 0x00, 0x08, 0x00, 0x00, 0x00, 0x01, 0x00, 0x00, 0x00, 0x00, 0x00, 0x00, 0x00, 0x2B, 0x00, 0x00, 0x00, 0x05, 0x00, 0x00, 0x00, 0x06, 0x00, 0x00, 0x00, 0x06,
  0x00, 0x00, 0x00, 0x06, 0x00, 0x00, 0x00, 0x01, 0x00, 0x00, 0x00, 0x00, 0x00, 0x00, 0x00, 0x2C, 0x00, 0x00, 0x00, 0x04, 0x00, 0x00, 0x00, 0x04, 0x00, 0x00, 0x00, 0x06, 0x00, 0x00, 0x00, 0x02, 0x00, 0x00, 0x00, 0x01, 0x00, 0x00, 0x00, 0x00,
  0x00, 0x00, 0x00, 0x2D, 0x00, 0x00, 0x00, 0x01, 0x00, 0x00, 0x00, 0x03, 0x00, 0x00, 0x00, 0x06, 0x00, 0x00, 0x00, 0x03, 0x00, 0x00, 0x00, 0x01, 0x00, 0x00, 0x00, 0x00, 0x00, 0x00, 0x00, 0x2E, 0x00, 0x00, 0x00, 0x02, 0x00, 0x00, 0x00, 0x03,
  0x00, 0x00, 0x00, 0x06, 0x00, 0x00, 0x00, 0x02, 0x00, 0x00, 0x00, 0x02, 0x00, 0x00, 0x00, 0x00, 0x00, 0x00, 0x00, 0x2F, 0x00, 0x00, 0x00, 0x09, 0x00, 0x00, 0x00, 0x05, 0x00, 0x00, 0x00, 0x06, 0x00, 0x00, 0x00, 0x08, 0x00, 0x00, 0x00, 0x01,
  0x00, 0x00, 0x00, 0x00, 0x00, 0x00, 0x00, 0x30, 0x00, 0x00, 0x00, 0x07, 0x00, 0x00, 0x00, 0x06, 0x00, 0x00, 0x00, 0x06, 0x00, 0x00, 0x00, 0x07, 0x00, 0x00, 0x00, 0x00, 0x00, 0x00, 0x00, 0x00, 0x00, 0x00, 0x00, 0x31, 0x00, 0x00, 0x00, 0x07,
  0x00, 0x00, 0x00, 0x05, 0x00, 0x00, 0x00, 0x06, 0x00, 0x00, 0x00, 0x07, 0x00, 0x00, 0x00, 0x01, 0x00, 0x00, 0x00, 0x00, 0x00, 0x00, 0x00, 0x32, 0x00, 0x00, 0x00, 0x07, 0x00, 0x00, 0x00, 0x05, 0x00, 0x00, 0x00, 0x06, 0x00, 0x00, 0x00, 0x07,
  0x00, 0x00, 0x00, 0x01, 0x00, 0x00, 0x00, 0x00, 0x00, 0x00, 0x00, 0x33, 0x00, 0x00, 0x00, 0x07, 0x00, 0x00, 0x00, 0x05, 0x00, 0x00, 0x00, 0x06, 0x00, 0x00, 0x00, 0x07, 0x00, 0x00, 0x00, 0x01, 0x00, 0x00, 0x00, 0x00, 0x00, 0x00, 0x00, 0x34,
  0x00, 0x00, 0x00, 0x07, 0x00, 0x00, 0x00, 0x06, 0x00, 0x00, 0x00, 0x06, 0x00, 0x00, 0x00, 0x07, 0x00, 0x00, 0x00, 0x00, 0x00, 0x00, 0x00, 0x00, 0x00, 0x00, 0x00, 0x35, 0x00, 0x00, 0x00, 0x07, 0x00, 0x00, 0x00, 0x05, 0x00, 0x00, 0x00, 0x06,
  0x00, 0x00, 0x00, 0x07, 0x00, 0x00, 0x00, 0x01, 0x00, 0x00, 0x00, 0x00, 0x00, 0x00, 0x00, 0x36, 0x00, 0x00, 0x00, 0x07, 0x00, 0x00, 0x00, 0x06, 0x00, 0x00, 0x00, 0x06, 0x00, 0x00, 0x00, 0x07, 0x00, 0x00, 0x00, 0x01, 0x00, 0x00, 0x00, 0x00,
  0x00, 0x00, 0x00, 0x37, 0x00, 0x00, 0x00, 0x07, 0x00, 0x00, 0x00, 0x05, 0x00, 0x00, 0x00, 0x06, 0x00, 0x00, 0x00, 0x07, 0x00, 0x00, 0x00, 0x01, 0x00, 0x00, 0x00, 0x00, 0x00, 0x00, 0x00, 0x38, 0x00, 0x00, 0x00, 0x07, 0x00, 0x00, 0x00, 0x06,
  0x00, 0x00, 0x00, 0x06, 0x00, 0x00, 0x00, 0x07, 0x00, 0x00, 0x00, 0x01, 0x00, 0x00, 0x00, 0x00, 0x00, 0x00, 0x00, 0x39, 0x00, 0x00, 0x00, 0x07, 0x00, 0x00, 0x00, 0x06, 0x00, 0x00, 0x00, 0x06, 0x00, 0x00, 0x00, 0x07, 0x00, 0x00, 0x00, 0x01,
  0x00, 0x00, 0x00, 0x00, 0x00, 0x00, 0x00, 0x3A, 0x00, 0x00, 0x00, 0x06, 0x00, 0x00, 0x00, 0x02, 0x00, 0x00, 0x00, 0x06, 0x00, 0x00, 0x00, 0x06, 0x00, 0x00, 0x00, 0x02, 0x00, 0x00, 0x00, 0x00, 0x00, 0x00, 0x00, 0x3B, 0x00, 0x00, 0x00, 0x08,
  0x00, 0x00, 0x00, 0x04, 0x00, 0x00, 0x00, 0x06, 0x00, 0x00, 0x00, 0x06, 0x00, 0x00, 0x00, 0x01, 0x00, 0x00, 0x00, 0x00, 0x00, 0x00, 0x00, 0x3C, 0x00, 0x00, 0x00, 0x06, 0x00, 0x00, 0x00, 0x04, 0x00, 0x00, 0x00, 0x06, 0x00, 0x00, 0x00, 0x06,
  0x00, 0x00, 0x00, 0x01, 0x00, 0x00, 0x00, 0x00, 0x00, 0x00, 0x00, 0x3D, 0x00, 0x00, 0x00, 0x03, 0x00, 0x00, 0x00, 0x05, 0x00, 0x00, 0x00, 0x06, 0x00, 0x00, 0x00, 0x04, 0x00, 0x00, 0x00, 0x01, 0x00, 0x00, 0x00, 0x00, 0x00, 0x00, 0x00, 0x3E,
  0x00, 0x00, 0x00, 0x06, 0x00, 0x00, 0x00, 0x04, 0x00, 0x00, 0x00, 0x06, 0x00, 0x00, 0x00, 0x06, 0x00, 0x00, 0x00, 0x01, 0x00, 0x00, 0x00, 0x00, 0x00, 0x00, 0x00, 0x3F, 0x00, 0x00, 0x00, 0x08, 0x00, 0x00, 0x00, 0x04, 0x00, 0x00, 0x00, 0x06,
  0x00, 0x00, 0x00, 0x08, 0x00, 0x00, 0x00, 0x02, 0x00, 0x00, 0x00, 0x00, 0x00, 0x00, 0x00, 0x40, 0x00, 0x00, 0x00, 0x0A, 0x00, 0x00, 0x00, 0x07, 0x00, 0x00, 0x00, 0x06, 0x00, 0x00, 0x00, 0x08, 0x00, 0x00, 0x00, 0x00, 0x00, 0x00, 0x00, 0x00,
  0x00, 0x00, 0x00, 0x41, 0x00, 0x00, 0x00, 0x07, 0x00, 0x00, 0x00, 0x07, 0x00, 0x00, 0x00, 0x06, 0x00, 0x00, 0x00, 0x07, 0x00, 0x00, 0x00, 0x00, 0x00, 0x00, 0x00, 0x00, 0x00, 0x00, 0x00, 0x42, 0x00, 0x00, 0x00, 0x07, 0x00, 0x00, 0x00, 0x06,
  0x00, 0x00, 0x00, 0x06, 0x00, 0x00, 0x00, 0x07, 0x00, 0x00, 0x00, 0x01, 0x00, 0x00, 0x00, 0x00, 0x00, 0x00, 0x00, 0x43, 0x00, 0x00, 0x00, 0x07, 0x00, 0x00, 0x00, 0x04, 0x00, 0x00, 0x00, 0x06, 0x00, 0x00, 0x00, 0x07, 0x00, 0x00, 0x00, 0x01,
  0x00, 0x00, 0x00, 0x00, 0x00, 0x00, 0x00, 0x44, 0x00, 0x00, 0x00, 0x07, 0x00, 0x00, 0x00, 0x06, 0x00, 0x00, 0x00, 0x06, 0x00, 0x00, 0x00, 0x07, 0x00, 0x00, 0x00, 0x01, 0x00, 0x00, 0x00, 0x00, 0x00, 0x00, 0x00, 0x45, 0x00, 0x00, 0x00, 0x07,
  0x00, 0x00, 0x00, 0x04, 0x00, 0x00, 0x00, 0x06, 0x00, 0x00, 0x00, 0x07, 0x00, 0x00, 0x00, 0x01, 0x00, 0x00, 0x00, 0x00, 0x00, 0x00, 0x00, 0x46, 0x00, 0x00, 0x00, 0x07, 0x00, 0x00, 0x00, 0x04, 0x00, 0x00, 0x00, 0x06, 0x00, 0x00, 0x00, 0x07,
  0x00, 0x00, 0x00, 0x01, 0x00, 0x00, 0x00, 0x00, 0x00, 0x00, 0x00, 0x47, 0x00, 0x00, 0x00, 0x07, 0x00, 0x00, 0x00, 0x06, 0x00, 0x00, 0x00, 0x06, 0x00, 0x00, 0x00, 0x07, 0x00, 0x00, 0x00, 0x00, 0x00, 0x00, 0x00, 0x00, 0x00, 0x00, 0x00, 0x48,
  0x00, 0x00, 0x00, 0x07, 0x00, 0x00, 0x00, 0x04, 0x00, 0x00, 0x00, 0x06, 0x00, 0x00, 0x00, 0x07, 0x00, 0x00, 0x00, 0x01, 0x00, 0x00, 0x00, 0x00, 0x00, 0x00, 0x00, 0x49, 0x00, 0x00, 0x00, 0x07, 0x00, 0x00, 0x00, 0x06, 0x00, 0x00, 0x00, 0x06,
  0x00, 0x00, 0x00, 0x07, 0x00, 0x00, 0x00, 0x01, 0x00, 0x00, 0x00, 0x00, 0x00, 0x00, 0x00, 0x4A, 0x00, 0x00, 0x00, 0x07, 0x00, 0x00, 0x00, 0x05, 0x00, 0x00, 0x00, 0x06, 0x00, 0x00, 0x00, 0x07, 0x00, 0x00, 0x00, 0x01, 0x00, 0x00, 0x00, 0x00,
  0x00, 0x00, 0x00, 0x4B, 0x00, 0x00, 0x00, 0x07, 0x00, 0x00, 0x00, 0x05, 0x00, 0x00, 0x00, 0x06, 0x00, 0x00, 0x00, 0x07, 0x00, 0x00, 0x00, 0x01, 0x00, 0x00, 0x00, 0x00, 0x00, 0x00, 0x00, 0x4C, 0x00, 0x00, 0x00, 0x07, 0x00, 0x00, 0x00, 0x04,
  0x00, 0x00, 0x00, 0x06, 0x00, 0x00, 0x00, 0x07, 0x00, 0x00, 0x00, 0x01, 0x00, 0x00, 0x00, 0x00, 0x00, 0x00, 0x00, 0x4D, 0x00, 0x00, 0x00, 0x07, 0x00, 0x00, 0x00, 0x06, 0x00, 0x00, 0x00, 0x06, 0x00, 0x00, 0x00, 0x07, 0x00, 0x00, 0x00, 0x00,
  0x00, 0x00, 0x00, 0x00, 0x00, 0x00, 0x00, 0x4E, 0x00, 0x00, 0x00, 0x07, 0x00, 0x00, 0x00, 0x04, 0x00, 0x00, 0x00, 0x06, 0x00, 0x00, 0x00, 0x07, 0x00, 0x00, 0x00, 0x01, 0x00, 0x00, 0x00, 0x00, 0x00, 0x00, 0x00, 0x4F, 0x00, 0x00, 0x00, 0x07,
  0x00, 0x00, 0x00, 0x06, 0x00, 0x00, 0x00, 0x06, 0x00, 0x00, 0x00, 0x07, 0x00, 0x00, 0x00, 0x00, 0x00, 0x00, 0x00, 0x00, 0x00, 0x00, 0x00, 0x50, 0x00, 0x00, 0x00, 0x07, 0x00, 0x00, 0x00, 0x06, 0x00, 0x00, 0x00, 0x06, 0x00, 0x00, 0x00, 0x07,
  0x00, 0x00, 0x00, 0x01, 0x00, 0x00, 0x00, 0x00, 0x00, 0x00, 0x00, 0x51, 0x00, 0x00, 0x00, 0x09, 0x00, 0x00, 0x00, 0x06, 0x00, 0x00, 0x00, 0x06, 0x00, 0x00, 0x00, 0x07, 0x00, 0x00, 0x00, 0x00, 0x00, 0x00, 0x00, 0x00, 0x00, 0x00, 0x00, 0x52,
  0x00, 0x00, 0x00, 0x07, 0x00, 0x00, 0x00, 0x06, 0x00, 0x00, 0x00, 0x06, 0x00, 0x00, 0x00, 0x07, 0x00, 0x00, 0x00, 0x01, 0x00, 0x00, 0x00, 0x00, 0x00, 0x00, 0x00, 0x53, 0x00, 0x00, 0x00, 0x07, 0x00, 0x00, 0x00, 0x06, 0x00, 0x00, 0x00, 0x06,
  0x00, 0x00, 0x00, 0x07, 0x00, 0x00, 0x00, 0x01, 0x00, 0x00, 0x00, 0x00, 0x00, 0x00, 0x00, 0x54, 0x00, 0x00, 0x00, 0x07, 0x00, 0x00, 0x00, 0x06, 0x00, 0x00, 0x00, 0x06, 0x00, 0x00, 0x00, 0x07, 0x00, 0x00, 0x00, 0x01, 0x00, 0x00, 0x00, 0x00,
  0x00, 0x00, 0x00, 0x55, 0x00, 0x00, 0x00, 0x07, 0x00, 0x00, 0x00, 0x06, 0x00, 0x00, 0x00, 0x06, 0x00, 0x00, 0x00, 0x07, 0x00, 0x00, 0x00, 0x01, 0x00, 0x00, 0x00, 0x00, 0x00, 0x00, 0x00, 0x56, 0x00, 0x00, 0x00, 0x07, 0x00, 0x00, 0x00, 0x07,
  0x00, 0x00, 0x00, 0x06, 0x00, 0x00, 0x00, 0x07, 0x00, 0x00, 0x00, 0x00, 0x00, 0x00, 0x00, 0x00, 0x00, 0x00, 0x00, 0x57, 0x00, 0x00, 0x00, 0x07, 0x00, 0x00, 0x00, 0x06, 0x00, 0x00, 0x00, 0x06, 0x00, 0x00, 0x00, 0x07, 0x00, 0x00, 0x00, 0x00,
  0x00, 0x00, 0x00, 0x00, 0x00, 0x00, 0x00, 0x58, 0x00, 0x00, 0x00, 0x07, 0x00, 0x00, 0x00, 0x06, 0x00, 0x00, 0x00, 0x06, 0x00, 0x00, 0x00, 0x07, 0x00, 0x00, 0x00, 0x00, 0x00, 0x00, 0x00, 0x00, 0x00, 0x00, 0x00, 0x59, 0x00, 0x00, 0x00, 0x07,
  0x00, 0x00, 0x00, 0x08, 0x00, 0x00, 0x00, 0x06, 0x00, 0x00, 0x00, 0x07, 0x00, 0x00, 0x00, 0x00, 0x00, 0x00, 0x00, 0x00, 0x00, 0x00, 0x00, 0x5A, 0x00, 0x00, 0x00, 0x07, 0x00, 0x00, 0x00, 0x05, 0x00, 0x00, 0x00, 0x06, 0x00, 0x00, 0x00, 0x07,
  0x00, 0x00, 0x00, 0x01, 0x00, 0x00, 0x00, 0x00, 0x00, 0x00, 0x00, 0x5B, 0x00, 0x00, 0x00, 0x0A, 0x00, 0x00, 0x00, 0x04, 0x00, 0x00, 0x00, 0x06, 0x00, 0x00, 0x00, 0x08, 0x00, 0x00, 0x00, 0x01, 0x00, 0x00, 0x00, 0x00, 0x00, 0x00, 0x00, 0x5C,
  0x00, 0x00, 0x00, 0x09, 0x00, 0x00, 0x00, 0x05, 0x00, 0x00, 0x00, 0x06, 0x00, 0x00, 0x00, 0x08, 0x00, 0x00, 0x00, 0x01, 0x00, 0x00, 0x00, 0x00, 0x00, 0x00, 0x00, 0x5D, 0x00, 0x00, 0x00, 0x0A, 0x00, 0x00, 0x00, 0x04, 0x00, 0x00, 0x00, 0x06,
  0x00, 0x00, 0x00, 0x08, 0x00, 0x00, 0x00, 0x01, 0x00, 0x00, 0x00, 0x00, 0x00, 0x00, 0x00, 0x5E, 0x00, 0x00, 0x00, 0x03, 0x00, 0x00, 0x00, 0x05, 0x00, 0x00, 0x00, 0x06, 0x00, 0x00, 0x00, 0x07, 0x00, 0x00, 0x00, 0x00, 0x00, 0x00, 0x00, 0x00,
  0x00, 0x00, 0x00, 0x5F, 0x00, 0x00, 0x00, 0x01, 0x00, 0x00, 0x00, 0x06, 0x00, 0x00, 0x00, 0x06, 0xFF, 0xFF, 0xFF, 0xFF, 0x00, 0x00, 0x00, 0x00, 0x00, 0x00, 0x00, 0x00, 0x00, 0x00, 0x00, 0x60, 0x00, 0x00, 0x00, 0x02, 0x00, 0x00, 0x00, 0x04,
  0x00, 0x00, 0x00, 0x06, 0x00, 0x00, 0x00, 0x09, 0x00, 0x00, 0x00, 0x01, 0x00, 0x00, 0x00, 0x00, 0x00, 0x00, 0x00, 0x61, 0x00, 0x00, 0x00, 0x06, 0x00, 0x00, 0x00, 0x06, 0x00, 0x00, 0x00, 0x06, 0x00, 0x00, 0x00, 0x06, 0x00, 0x00, 0x00, 0x01,
  0x00, 0x00, 0x00, 0x00, 0x00, 0x00, 0x00, 0x62, 0x00, 0x00, 0x00, 0x08, 0x00, 0x00, 0x00, 0x06, 0x00, 0x00, 0x00, 0x06, 0x00, 0x00, 0x00, 0x08, 0x00, 0x00, 0x00, 0x01, 0x00, 0x00, 0x00, 0x00, 0x00, 0x00, 0x00, 0x63, 0x00, 0x00, 0x00, 0x06,
  0x00, 0x00, 0x00, 0x04, 0x00, 0x00, 0x00, 0x06, 0x00, 0x00, 0x00, 0x06, 0x00, 0x00, 0x00, 0x01, 0x00, 0x00, 0x00, 0x00, 0x00, 0x00, 0x00, 0x64, 0x00, 0x00, 0x00, 0x08, 0x00, 0x00, 0x00, 0x06, 0x00, 0x00, 0x00, 0x06, 0x00, 0x00, 0x00, 0x08,
  0x00, 0x00, 0x00, 0x01, 0x00, 0x00, 0x00, 0x00, 0x00, 0x00, 0x00, 0x65, 0x00, 0x00, 0x00, 0x06, 0x00, 0x00, 0x00, 0x06, 0x00, 0x00, 0x00, 0x06, 0x00, 0x00, 0x00, 0x06, 0x00, 0x00, 0x00, 0x01, 0x00, 0x00, 0x00, 0x00, 0x00, 0x00, 0x00, 0x66,
  0x00, 0x00, 0x00, 0x08, 0x00, 0x00, 0x00, 0x06, 0x00, 0x00, 0x00, 0x06, 0x00, 0x00, 0x00, 0x08, 0x00, 0x00, 0x00, 0x00, 0x00, 0x00, 0x00, 0x00, 0x00, 0x00, 0x00, 0x67, 0x00, 0x00, 0x00, 0x08, 0x00, 0x00, 0x00, 0x07, 0x00, 0x00, 0x00, 0x06,
  0x00, 0x00, 0x00, 0x06, 0x00, 0x00, 0x00, 0x01, 0x00, 0x00, 0x00, 0x00, 0x00, 0x00, 0x00, 0x68, 0x00, 0x00, 0x00, 0x08, 0x00, 0x00, 0x00, 0x05, 0x00, 0x00, 0x00, 0x06, 0x00, 0x00, 0x00, 0x08, 0x00, 0x00, 0x00, 0x01, 0x00, 0x00, 0x00, 0x00,
  0x00, 0x00, 0x00, 0x69, 0x00, 0x00, 0x00, 0x08, 0x00, 0x00, 0x00, 0x04, 0x00, 0x00, 0x00, 0x06, 0x00, 0x00, 0x00, 0x08, 0x00, 0x00, 0x00, 0x01, 0x00, 0x00, 0x00, 0x00, 0x00, 0x00, 0x00, 0x6A, 0x00, 0x00, 0x00, 0x0A, 0x00, 0x00, 0x00, 0x04,
  0x00, 0x00, 0x00, 0x06, 0x00, 0x00, 0x00, 0x08, 0x00, 0x00, 0x00, 0x01, 0x00, 0x00, 0x00, 0x00, 0x00, 0x00, 0x00, 0x6B, 0x00, 0x00, 0x00, 0x08, 0x00, 0x00, 0x00, 0x05, 0x00, 0x00, 0x00, 0x06, 0x00, 0x00, 0x00, 0x08, 0x00, 0x00, 0x00, 0x01,
  0x00, 0x00, 0x00, 0x00, 0x00, 0x00, 0x00, 0x6C, 0x00, 0x00, 0x00, 0x08, 0x00, 0x00, 0x00, 0x04, 0x00, 0x00, 0x00, 0x06, 0x00, 0x00, 0x00, 0x08, 0x00, 0x00, 0x00, 0x01, 0x00, 0x00, 0x00, 0x00, 0x00, 0x00, 0x00, 0x6D, 0x00, 0x00, 0x00, 0x06,
  0x00, 0x00, 0x00, 0x06, 0x00, 0x00, 0x00, 0x06, 0x00, 0x00, 0x00, 0x06, 0x00, 0x00, 0x00, 0x01, 0x00, 0x00, 0x00, 0x00, 0x00, 0x00, 0x00, 0x6E, 0x00, 0x00, 0x00, 0x06, 0x00, 0x00, 0x00, 0x05, 0x00, 0x00, 0x00, 0x06, 0x00, 0x00, 0x00, 0x06,
  0x00, 0x00, 0x00, 0x01, 0x00, 0x00, 0x00, 0x00, 0x00, 0x00, 0x00, 0x6F, 0x00, 0x00, 0x00, 0x06, 0x00, 0x00, 0x00, 0x06, 0x00, 0x00, 0x00, 0x06, 0x00, 0x00, 0x00, 0x06, 0x00, 0x00, 0x00, 0x01, 0x00, 0x00, 0x00, 0x00, 0x00, 0x00, 0x00, 0x70,
  0x00, 0x00, 0x00, 0x08, 0x00, 0x00, 0x00, 0x06, 0x00, 0x00, 0x00, 0x06, 0x00, 0x00, 0x00, 0x06, 0x00, 0x00, 0x00, 0x01, 0x00, 0x00, 0x00, 0x00, 0x00, 0x00, 0x00, 0x71, 0x00, 0x00, 0x00, 0x08, 0x00, 0x00, 0x00, 0x06, 0x00, 0x00, 0x00, 0x06,
  0x00, 0x00, 0x00, 0x06, 0x00, 0x00, 0x00, 0x01, 0x00, 0x00, 0x00, 0x00, 0x00, 0x00, 0x00, 0x72, 0x00, 0x00, 0x00, 0x06, 0x00, 0x00, 0x00, 0x05, 0x00, 0x00, 0x00, 0x06, 0x00, 0x00, 0x00, 0x06, 0x00, 0x00, 0x00, 0x01, 0x00, 0x00, 0x00, 0x00,
  0x00, 0x00, 0x00, 0x73, 0x00, 0x00, 0x00, 0x06, 0x00, 0x00, 0x00, 0x05, 0x00, 0x00, 0x00, 0x06, 0x00, 0x00, 0x00, 0x06, 0x00, 0x00, 0x00, 0x01, 0x00, 0x00, 0x00, 0x00, 0x00, 0x00, 0x00, 0x74, 0x00, 0x00, 0x00, 0x08, 0x00, 0x00, 0x00, 0x05,
  0x00, 0x00, 0x00, 0x06, 0x00, 0x00, 0x00, 0x08, 0x00, 0x00, 0x00, 0x00, 0x00, 0x00, 0x00, 0x00, 0x00, 0x00, 0x00, 0x75, 0x00, 0x00, 0x00, 0x06, 0x00, 0x00, 0x00, 0x05, 0x00, 0x00, 0x00, 0x06, 0x00, 0x00, 0x00, 0x06, 0x00, 0x00, 0x00, 0x01,
  0x00, 0x00, 0x00, 0x00, 0x00, 0x00, 0x00, 0x76, 0x00, 0x00, 0x00, 0x06, 0x00, 0x00, 0x00, 0x07, 0x00, 0x00, 0x00, 0x06, 0x00, 0x00, 0x00, 0x06, 0x00, 0x00, 0x00, 0x00, 0x00, 0x00, 0x00, 0x00, 0x00, 0x00, 0x00, 0x77, 0x00, 0x00, 0x00, 0x06,
  0x00, 0x00, 0x00, 0x07, 0x00, 0x00, 0x00, 0x06, 0x00, 0x00, 0x00, 0x06, 0xFF, 0xFF, 0xFF, 0xFF, 0x00, 0x00, 0x00, 0x00, 0x00, 0x00, 0x00, 0x78, 0x00, 0x00, 0x00, 0x06, 0x00, 0x00, 0x00, 0x06, 0x00, 0x00, 0x00, 0x06, 0x00, 0x00, 0x00, 0x06,
  0x00, 0x00, 0x00, 0x00, 0x00, 0x00, 0x00, 0x00, 0x00, 0x00, 0x00, 0x79, 0x00, 0x00, 0x00, 0x08, 0x00, 0x00, 0x00, 0x07, 0x00, 0x00, 0x00, 0x06, 0x00, 0x00, 0x00, 0x06, 0x00, 0x00, 0x00, 0x00, 0x00, 0x00, 0x00, 0x00, 0x00, 0x00, 0x00, 0x7A,
  0x00, 0x00, 0x00, 0x06, 0x00, 0x00, 0x00, 0x04, 0x00, 0x00, 0x00, 0x06, 0x00, 0x00, 0x00, 0x06, 0x00, 0x00, 0x00, 0x01, 0x00, 0x00, 0x00, 0x00, 0x00, 0x00, 0x00, 0x7B, 0x00, 0x00, 0x00, 0x0A, 0x00, 0x00, 0x00, 0x04, 0x00, 0x00, 0x00, 0x06,
  0x00, 0x00, 0x00, 0x08, 0x00, 0x00, 0x00, 0x00, 0x00, 0x00, 0x00, 0x00, 0x00, 0x00, 0x00, 0x7C, 0x00, 0x00, 0x00, 0x0B, 0x00, 0x00, 0x00, 0x02, 0x00, 0x00, 0x00, 0x06, 0x00, 0x00, 0x00, 0x09, 0x00, 0x00, 0x00, 0x03, 0x00, 0x00, 0x00, 0x00,
  0x00, 0x00, 0x00, 0x7D, 0x00, 0x00, 0x00, 0x0A, 0x00, 0x00, 0x00, 0x04, 0x00, 0x00, 0x00, 0x06, 0x00, 0x00, 0x00, 0x08, 0x00, 0x00, 0x00, 0x02, 0x00, 0x00, 0x00, 0x00, 0x00, 0x00, 0x00, 0x7E, 0x00, 0x00, 0x00, 0x02, 0x00, 0x00, 0x00, 0x06,
  0x00, 0x00, 0x00, 0x06, 0x00, 0x00, 0x00, 0x04, 0x00, 0x00, 0x00, 0x00, 0x00, 0x00, 0x00, 0x00, 0x00, 0x00, 0x00, 0xA0, 0x00, 0x00, 0x00, 0x01, 0x00, 0x00, 0x00, 0x01, 0x00, 0x00, 0x00, 0x06, 0x00, 0x00, 0x00, 0x16, 0xFF, 0xFF, 0xFF, 0xF5,
  0x00, 0x00, 0x00, 0x00, 0x00, 0x00, 0x00, 0xA1, 0x00, 0x00, 0x00, 0x08, 0x00, 0x00, 0x00, 0x02, 0x00, 0x00, 0x00, 0x06, 0x00, 0x00, 0x00, 0x06, 0x00, 0x00, 0x00, 0x02, 0x00, 0x00, 0x00, 0x00, 0x00, 0x00, 0x00, 0xA2, 0x00, 0x00, 0x00, 0x09,
  0x00, 0x00, 0x00, 0x04, 0x00, 0x00, 0x00, 0x06, 0x00, 0x00, 0x00, 0x08, 0x00, 0x00, 0x00, 0x01, 0x00, 0x00, 0x00, 0x00, 0x00, 0x00, 0x00, 0xA3, 0x00, 0x00, 0x00, 0x07, 0x00, 0x00, 0x00, 0x04, 0x00, 0x00, 0x00, 0x06, 0x00, 0x00, 0x00, 0x07,
  0x00, 0x00, 0x00, 0x01, 0x00, 0x00, 0x00, 0x00, 0x00, 0x00, 0x00, 0xA4, 0x00, 0x00, 0x00, 0x07, 0x00, 0x00, 0x00, 0x06, 0x00, 0x00, 0x00, 0x06, 0x00, 0x00, 0x00, 0x07, 0x00, 0x00, 0x00, 0x00, 0x00, 0x00, 0x00, 0x00, 0x00, 0x00, 0x00, 0xA5,
  0x00, 0x00, 0x00, 0x07, 0x00, 0x00, 0x00, 0x06, 0x00, 0x00, 0x00, 0x06, 0x00, 0x00, 0x00, 0x07, 0x00, 0x00, 0x00, 0x01, 0x00, 0x00, 0x00, 0x00, 0x00, 0x00, 0x00, 0xA6, 0x00, 0x00, 0x00, 0x0B, 0x00, 0x00, 0x00, 0x02, 0x00, 0x00, 0x00, 0x06,
  0x00, 0x00, 0x00, 0x09, 0x00, 0x00, 0x00, 0x03, 0x00, 0x00, 0x00, 0x00, 0x00, 0x00, 0x00, 0xA7, 0x00, 0x00, 0x00, 0x09, 0x00, 0x00, 0x00, 0x06, 0x00, 0x00, 0x00, 0x06, 0x00, 0x00, 0x00, 0x08, 0x00, 0x00, 0x00, 0x01, 0x00, 0x00, 0x00, 0x00,
  0x00, 0x00, 0x00, 0xA8, 0x00, 0x00, 0x00, 0x01, 0x00, 0x00, 0x00, 0x04, 0x00, 0x00, 0x00, 0x06, 0x00, 0x00, 0x00, 0x08, 0x00, 0x00, 0x00, 0x01, 0x00, 0x00, 0x00, 0x00, 0x00, 0x00, 0x00, 0xA9, 0x00, 0x00, 0x00, 0x07, 0x00, 0x00, 0x00, 0x06,
  0x00, 0x00, 0x00, 0x06, 0x00, 0x00, 0x00, 0x07, 0x00, 0x00, 0x00, 0x00, 0x00, 0x00, 0x00, 0x00, 0x00, 0x00, 0x00, 0xAA, 0x00, 0x00, 0x00, 0x06, 0x00, 0x00, 0x00, 0x05, 0x00, 0x00, 0x00, 0x06, 0x00, 0x00, 0x00, 0x07, 0x00, 0x00, 0x00, 0x00,
  0x00, 0x00, 0x00, 0x00, 0x00, 0x00, 0x00, 0xAB, 0x00, 0x00, 0x00, 0x04, 0x00, 0x00, 0x00, 0x07, 0x00, 0x00, 0x00, 0x06, 0x00, 0x00, 0x00, 0x05, 0x00, 0x00, 0x00, 0x00, 0x00, 0x00, 0x00, 0x00, 0x00, 0x00, 0x00, 0xAC, 0x00, 0x00, 0x00, 0x03,
  0x00, 0x00, 0x00, 0x05, 0x00, 0x00, 0x00, 0x06, 0x00, 0x00, 0x00, 0x04, 0x00, 0x00, 0x00, 0x01, 0x00, 0x00, 0x00, 0x00, 0x00, 0x00, 0x00, 0xAD, 0x00, 0x00, 0x00, 0x01, 0x00, 0x00, 0x00, 0x03, 0x00, 0x00, 0x00, 0x06, 0x00, 0x00, 0x00, 0x03,
  0x00, 0x00, 0x00, 0x01, 0x00, 0x00, 0x00, 0x00, 0x00, 0x00, 0x00, 0xAE, 0x00, 0x00, 0x00, 0x05, 0x00, 0x00, 0x00, 0x08, 0x00, 0x00, 0x00, 0x06, 0x00, 0x00, 0x00, 0x08, 0xFF, 0xFF, 0xFF, 0xFF, 0x00, 0x00, 0x00, 0x00, 0x00, 0x00, 0x00, 0xAF,
  0x00, 0x00, 0x00, 0x01, 0x00, 0x00, 0x00, 0x03, 0x00, 0x00, 0x00, 0x06, 0x00, 0x00, 0x00, 0x08, 0x00, 0x00, 0x00, 0x02, 0x00, 0x00, 0x00, 0x00, 0x00, 0x00, 0x00, 0xB0, 0x00, 0x00, 0x00, 0x04, 0x00, 0x00, 0x00, 0x06, 0x00, 0x00, 0x00, 0x06,
  0x00, 0x00, 0x00, 0x08, 0x00, 0x00, 0x00, 0x00, 0x00, 0x00, 0x00, 0x00, 0x00, 0x00, 0x00, 0xB1, 0x00, 0x00, 0x00, 0x07, 0x00, 0x00, 0x00, 0x06, 0x00, 0x00, 0x00, 0x06, 0x00, 0x00, 0x00, 0x07, 0x00, 0x00, 0x00, 0x01, 0x00, 0x00, 0x00, 0x00,
  0x00, 0x00, 0x00, 0xB4, 0x00, 0x00, 0x00, 0x02, 0x00, 0x00, 0x00, 0x03, 0x00, 0x00, 0x00, 0x06, 0x00, 0x00, 0x00, 0x09, 0x00, 0x00, 0x00, 0x02, 0x00, 0x00, 0x00, 0x00, 0x00, 0x00, 0x00, 0xB5, 0x00, 0x00, 0x00, 0x08, 0x00, 0x00, 0x00, 0x06,
  0x00, 0x00, 0x00, 0x06, 0x00, 0x00, 0x00, 0x06, 0x00, 0x00, 0x00, 0x01, 0x00, 0x00, 0x00, 0x00, 0x00, 0x00, 0x00, 0xB6, 0x00, 0x00, 0x00, 0x09, 0x00, 0x00, 0x00, 0x05, 0x00, 0x00, 0x00, 0x06, 0x00, 0x00, 0x00, 0x08, 0x00, 0x00, 0x00, 0x01,
  0x00, 0x00, 0x00, 0x00, 0x00, 0x00, 0x00, 0xB7, 0x00, 0x00, 0x00, 0x02, 0x00, 0x00, 0x00, 0x03, 0x00, 0x00, 0x00, 0x06, 0x00, 0x00, 0x00, 0x04, 0x00, 0x00, 0x00, 0x02, 0x00, 0x00, 0x00, 0x00, 0x00, 0x00, 0x00, 0xB8, 0x00, 0x00, 0x00, 0x02,
  0x00, 0x00, 0x00, 0x02, 0x00, 0x00, 0x00, 0x06, 0x00, 0x00, 0x00, 0x00, 0x00, 0x00, 0x00, 0x03, 0x00, 0x00, 0x00, 0x00, 0x00, 0x00, 0x00, 0xBA, 0x00, 0x00, 0x00, 0x06, 0x00, 0x00, 0x00, 0x06, 0x00, 0x00, 0x00, 0x06, 0x00, 0x00, 0x00, 0x07,
  0x00, 0x00, 0x00, 0x00, 0x00, 0x00, 0x00, 0x00, 0x00, 0x00, 0x00, 0xBB, 0x00, 0x00, 0x00, 0x04, 0x00, 0x00, 0x00, 0x07, 0x00, 0x00, 0x00, 0x06, 0x00, 0x00, 0x00, 0x05, 0xFF, 0xFF, 0xFF, 0xFF, 0x00, 0x00, 0x00, 0x00, 0x00, 0x00, 0x00, 0xBF,
  0x00, 0x00, 0x00, 0x08, 0x00, 0x00, 0x00, 0x04, 0x00, 0x00, 0x00, 0x06, 0x00, 0x00, 0x00, 0x06, 0x00, 0x00, 0x00, 0x00, 0x00, 0x00, 0x00, 0x00, 0x00, 0x00, 0x00, 0xC0, 0x00, 0x00, 0x00, 0x0A, 0x00, 0x00, 0x00, 0x07, 0x00, 0x00, 0x00, 0x06,
  0x00, 0x00, 0x00, 0x0A, 0x00, 0x00, 0x00, 0x00, 0x00, 0x00, 0x00, 0x00, 0x00, 0x00, 0x00, 0xC1, 0x00, 0x00, 0x00, 0x0A, 0x00, 0x00, 0x00, 0x07, 0x00, 0x00, 0x00, 0x06, 0x00, 0x00, 0x00, 0x0A, 0x00, 0x00, 0x00, 0x00, 0x00, 0x00, 0x00, 0x00,
  0x00, 0x00, 0x00, 0xC2, 0x00, 0x00, 0x00, 0x0A, 0x00, 0x00, 0x00, 0x07, 0x00, 0x00, 0x00, 0x06, 0x00, 0x00, 0x00, 0x0A, 0x00, 0x00, 0x00, 0x00, 0x00, 0x00, 0x00, 0x00, 0x00, 0x00, 0x00, 0xC3, 0x00, 0x00, 0x00, 0x0A, 0x00, 0x00, 0x00, 0x07,
  0x00, 0x00, 0x00, 0x06, 0x00, 0x00, 0x00, 0x0A, 0x00, 0x00, 0x00, 0x00, 0x00, 0x00, 0x00, 0x00, 0x00, 0x00, 0x00, 0xC4, 0x00, 0x00, 0x00, 0x09, 0x00, 0x00, 0x00, 0x07, 0x00, 0x00, 0x00, 0x06, 0x00, 0x00, 0x00, 0x09, 0x00, 0x00, 0x00, 0x00,
  0x00, 0x00, 0x00, 0x00, 0x00, 0x00, 0x00, 0xC5, 0x00, 0x00, 0x00, 0x0A, 0x00, 0x00, 0x00, 0x07, 0x00, 0x00, 0x00, 0x06, 0x00, 0x00, 0x00, 0x0A, 0x00, 0x00, 0x00, 0x00, 0x00, 0x00, 0x00, 0x00, 0x00, 0x00, 0x00, 0xC6, 0x00, 0x00, 0x00, 0x07,
  0x00, 0x00, 0x00, 0x06, 0x00, 0x00, 0x00, 0x06, 0x00, 0x00, 0x00, 0x07, 0x00, 0x00, 0x00, 0x00, 0x00, 0x00, 0x00, 0x00, 0x00, 0x00, 0x00, 0xC7, 0x00, 0x00, 0x00, 0x09, 0x00, 0x00, 0x00, 0x05, 0x00, 0x00, 0x00, 0x06, 0x00, 0x00, 0x00, 0x07,
  0x00, 0x00, 0x00, 0x01, 0x00, 0x00, 0x00, 0x00, 0x00, 0x00, 0x00, 0xC8, 0x00, 0x00, 0x00, 0x0A, 0x00, 0x00, 0x00, 0x04, 0x00, 0x00, 0x00, 0x06, 0x00, 0x00, 0x00, 0x0A, 0x00, 0x00, 0x00, 0x01, 0x00, 0x00, 0x00, 0x00, 0x00, 0x00, 0x00, 0xC9,
  0x00, 0x00, 0x00, 0x0A, 0x00, 0x00, 0x00, 0x04, 0x00, 0x00, 0x00, 0x06, 0x00, 0x00, 0x00, 0x0A, 0x00, 0x00, 0x00, 0x01, 0x00, 0x00, 0x00, 0x00, 0x00, 0x00, 0x00, 0xCA, 0x00, 0x00, 0x00, 0x0A, 0x00, 0x00, 0x00, 0x05, 0x00, 0x00, 0x00, 0x06,
  0x00, 0x00, 0x00, 0x0A, 0x00, 0x00, 0x00, 0x01, 0x00, 0x00, 0x00, 0x00, 0x00, 0x00, 0x00, 0xCB, 0x00, 0x00, 0x00, 0x09, 0x00, 0x00, 0x00, 0x04, 0x00, 0x00, 0x00, 0x06, 0x00, 0x00, 0x00, 0x09, 0x00, 0x00, 0x00, 0x01, 0x00, 0x00, 0x00, 0x00,
  0x00, 0x00, 0x00, 0xCC, 0x00, 0x00, 0x00, 0x0A, 0x00, 0x00, 0x00, 0x06, 0x00, 0x00, 0x00, 0x06, 0x00, 0x00, 0x00, 0x0A, 0x00, 0x00, 0x00, 0x01, 0x00, 0x00, 0x00, 0x00, 0x00, 0x00, 0x00, 0xCD, 0x00, 0x00, 0x00, 0x0A, 0x00, 0x00, 0x00, 0x06,
  0x00, 0x00, 0x00, 0x06, 0x00, 0x00, 0x00, 0x0A, 0x00, 0x00, 0x00, 0x01, 0x00, 0x00, 0x00, 0x00, 0x00, 0x00, 0x00, 0xCE, 0x00, 0x00, 0x00, 0x0A, 0x00, 0x00, 0x00, 0x06, 0x00, 0x00, 0x00, 0x06, 0x00, 0x00, 0x00, 0x0A, 0x00, 0x00, 0x00, 0x01,
  0x00, 0x00, 0x00, 0x00, 0x00, 0x00, 0x00, 0xCF, 0x00, 0x00, 0x00, 0x09, 0x00, 0x00, 0x00, 0x06, 0x00, 0x00, 0x00, 0x06, 0x00, 0x00, 0x00, 0x09, 0x00, 0x00, 0x00, 0x01, 0x00, 0x00, 0x00, 0x00, 0x00, 0x00, 0x00, 0xD1, 0x00, 0x00, 0x00, 0x0A,
  0x00, 0x00, 0x00, 0x04, 0x00, 0x00, 0x00, 0x06, 0x00, 0x00, 0x00, 0x0A, 0x00, 0x00, 0x00, 0x01, 0x00, 0x00, 0x00, 0x00, 0x00, 0x00, 0x00, 0xD2, 0x00, 0x00, 0x00, 0x0A, 0x00, 0x00, 0x00, 0x06, 0x00, 0x00, 0x00, 0x06, 0x00, 0x00, 0x00, 0x0A,
  0x00, 0x00, 0x00, 0x00, 0x00, 0x00, 0x00, 0x00, 0x00, 0x00, 0x00, 0xD3, 0x00, 0x00, 0x00, 0x0A, 0x00, 0x00, 0x00, 0x06, 0x00, 0x00, 0x00, 0x06, 0x00, 0x00, 0x00, 0x0A, 0x00, 0x00, 0x00, 0x00, 0x00, 0x00, 0x00, 0x00, 0x00, 0x00, 0x00, 0xD4,
  0x00, 0x00, 0x00, 0x0A, 0x00, 0x00, 0x00, 0x06, 0x00, 0x00, 0x00, 0x06, 0x00, 0x00, 0x00, 0x0A, 0x00, 0x00, 0x00, 0x00, 0x00, 0x00, 0x00, 0x00, 0x00, 0x00, 0x00, 0xD5, 0x00, 0x00, 0x00, 0x0A, 0x00, 0x00, 0x00, 0x06, 0x00, 0x00, 0x00, 0x06,
  0x00, 0x00, 0x00, 0x0A, 0x00, 0x00, 0x00, 0x00, 0x00, 0x00, 0x00, 0x00, 0x00, 0x00, 0x00, 0xD6, 0x00, 0x00, 0x00, 0x09, 0x00, 0x00, 0x00, 0x06, 0x00, 0x00, 0x00, 0x06, 0x00, 0x00, 0x00, 0x09, 0x00, 0x00, 0x00, 0x00, 0x00, 0x00, 0x00, 0x00,
  0x00, 0x00, 0x00, 0xD7, 0x00, 0x00, 0x00, 0x05, 0x00, 0x00, 0x00, 0x05, 0x00, 0x00, 0x00, 0x06, 0x00, 0x00, 0x00, 0x05, 0x00, 0x00, 0x00, 0x00, 0x00, 0x00, 0x00, 0x00, 0x00, 0x00, 0x00, 0xD8, 0x00, 0x00, 0x00, 0x09, 0x00, 0x00, 0x00, 0x06,
  0x00, 0x00, 0x00, 0x06, 0x00, 0x00, 0x00, 0x08, 0x00, 0x00, 0x00, 0x00, 0x00, 0x00, 0x00, 0x00, 0x00, 0x00, 0x00, 0xD9, 0x00, 0x00, 0x00, 0x0A, 0x00, 0x00, 0x00, 0x06, 0x00, 0x00, 0x00, 0x06, 0x00, 0x00, 0x00, 0x0A, 0x00, 0x00, 0x00, 0x01,
  0x00, 0x00, 0x00, 0x00, 0x00, 0x00, 0x00, 0xDA, 0x00, 0x00, 0x00, 0x0A, 0x00, 0x00, 0x00, 0x06, 0x00, 0x00, 0x00, 0x06, 0x00, 0x00, 0x00, 0x0A, 0x00, 0x00, 0x00, 0x01, 0x00, 0x00, 0x00, 0x00, 0x00, 0x00, 0x00, 0xDB, 0x00, 0x00, 0x00, 0x0A,
  0x00, 0x00, 0x00, 0x06, 0x00, 0x00, 0x00, 0x06, 0x00, 0x00, 0x00, 0x0A, 0x00, 0x00, 0x00, 0x01, 0x00, 0x00, 0x00, 0x00, 0x00, 0x00, 0x00, 0xDC, 0x00, 0x00, 0x00, 0x09, 0x00, 0x00, 0x00, 0x06, 0x00, 0x00, 0x00, 0x06, 0x00, 0x00, 0x00, 0x09,
  0x00, 0x00, 0x00, 0x01, 0x00, 0x00, 0x00, 0x00, 0x00, 0x00, 0x00, 0xDD, 0x00, 0x00, 0x00, 0x0A, 0x00, 0x00, 0x00, 0x08, 0x00, 0x00, 0x00, 0x06, 0x00, 0x00, 0x00, 0x0A, 0x00, 0x00, 0x00, 0x00, 0x00, 0x00, 0x00, 0x00, 0x00, 0x00, 0x00, 0xDF,
  0x00, 0x00, 0x00, 0x08, 0x00, 0x00, 0x00, 0x06, 0x00, 0x00, 0x00, 0x06, 0x00, 0x00, 0x00, 0x08, 0x00, 0x00, 0x00, 0x01, 0x00, 0x00, 0x00, 0x00, 0x00, 0x00, 0x00, 0xE0, 0x00, 0x00, 0x00, 0x09, 0x00, 0x00, 0x00, 0x06, 0x00, 0x00, 0x00, 0x06,
  0x00, 0x00, 0x00, 0x09, 0x00, 0x00, 0x00, 0x01, 0x00, 0x00, 0x00, 0x00, 0x00, 0x00, 0x00, 0xE1, 0x00, 0x00, 0x00, 0x09, 0x00, 0x00, 0x00, 0x06, 0x00, 0x00, 0x00, 0x06, 0x00, 0x00, 0x00, 0x09, 0x00, 0x00, 0x00, 0x01, 0x00, 0x00, 0x00, 0x00,
  0x00, 0x00, 0x00, 0xE2, 0x00, 0x00, 0x00, 0x09, 0x00, 0x00, 0x00, 0x06, 0x00, 0x00, 0x00, 0x06, 0x00, 0x00, 0x00, 0x09, 0x00, 0x00, 0x00, 0x01, 0x00, 0x00, 0x00, 0x00, 0x00, 0x00, 0x00, 0xE3, 0x00, 0x00, 0x00, 0x09, 0x00, 0x00, 0x00, 0x06,
  0x00, 0x00, 0x00, 0x06, 0x00, 0x00, 0x00, 0x09, 0x00, 0x00, 0x00, 0x01, 0x00, 0x00, 0x00, 0x00, 0x00, 0x00, 0x00, 0xE4, 0x00, 0x00, 0x00, 0x08, 0x00, 0x00, 0x00, 0x06, 0x00, 0x00, 0x00, 0x06, 0x00, 0x00, 0x00, 0x08, 0x00, 0x00, 0x00, 0x01,
  0x00, 0x00, 0x00, 0x00, 0x00, 0x00, 0x00, 0xE5, 0x00, 0x00, 0x00, 0x0A, 0x00, 0x00, 0x00, 0x07, 0x00, 0x00, 0x00, 0x06, 0x00, 0x00, 0x00, 0x0A, 0x00, 0x00, 0x00, 0x00, 0x00, 0x00, 0x00, 0x00, 0x00, 0x00, 0x00, 0xE6, 0x00, 0x00, 0x00, 0x06,
  0x00, 0x00, 0x00, 0x06, 0x00, 0x00, 0x00, 0x06, 0x00, 0x00, 0x00, 0x06, 0x00, 0x00, 0x00, 0x00, 0x00, 0x00, 0x00, 0x00, 0x00, 0x00, 0x00, 0xE7, 0x00, 0x00, 0x00, 0x08, 0x00, 0x00, 0x00, 0x04, 0x00, 0x00, 0x00, 0x06, 0x00, 0x00, 0x00, 0x06,
  0x00, 0x00, 0x00, 0x01, 0x00, 0x00, 0x00, 0x00, 0x00, 0x00, 0x00, 0xE8, 0x00, 0x00, 0x00, 0x09, 0x00, 0x00, 0x00, 0x06, 0x00, 0x00, 0x00, 0x06, 0x00, 0x00, 0x00, 0x09, 0x00, 0x00, 0x00, 0x01, 0x00, 0x00, 0x00, 0x00, 0x00, 0x00, 0x00, 0xE9,
  0x00, 0x00, 0x00, 0x09, 0x00, 0x00, 0x00, 0x06, 0x00, 0x00, 0x00, 0x06, 0x00, 0x00, 0x00, 0x09, 0x00, 0x00, 0x00, 0x01, 0x00, 0x00, 0x00, 0x00, 0x00, 0x00, 0x00, 0xEA, 0x00, 0x00, 0x00, 0x09, 0x00, 0x00, 0x00, 0x06, 0x00, 0x00, 0x00, 0x06,
  0x00, 0x00, 0x00, 0x09, 0x00, 0x00, 0x00, 0x01, 0x00, 0x00, 0x00, 0x00, 0x00, 0x00, 0x00, 0xEB, 0x00, 0x00, 0x00, 0x08, 0x00, 0x00, 0x00, 0x06, 0x00, 0x00, 0x00, 0x06, 0x00, 0x00, 0x00, 0x08, 0x00, 0x00, 0x00, 0x01, 0x00, 0x00, 0x00, 0x00,
  0x00, 0x00, 0x00, 0xEC, 0x00, 0x00, 0x00, 0x09, 0x00, 0x00, 0x00, 0x04, 0x00, 0x00, 0x00, 0x06, 0x00, 0x00, 0x00, 0x09, 0x00, 0x00, 0x00, 0x01, 0x00, 0x00, 0x00, 0x00, 0x00, 0x00, 0x00, 0xED, 0x00, 0x00, 0x00, 0x09, 0x00, 0x00, 0x00, 0x04,
  0x00, 0x00, 0x00, 0x06, 0x00, 0x00, 0x00, 0x09, 0x00, 0x00, 0x00, 0x01, 0x00, 0x00, 0x00, 0x00, 0x00, 0x00, 0x00, 0xEE, 0x00, 0x00, 0x00, 0x09, 0x00, 0x00, 0x00, 0x05, 0x00, 0x00, 0x00, 0x06, 0x00, 0x00, 0x00, 0x09, 0x00, 0x00, 0x00, 0x01,
  0x00, 0x00, 0x00, 0x00, 0x00, 0x00, 0x00, 0xEF, 0x00, 0x00, 0x00, 0x08, 0x00, 0x00, 0x00, 0x04, 0x00, 0x00, 0x00, 0x06, 0x00, 0x00, 0x00, 0x08, 0x00, 0x00, 0x00, 0x01, 0x00, 0x00, 0x00, 0x00, 0x00, 0x00, 0x00, 0xF1, 0x00, 0x00, 0x00, 0x09,
  0x00, 0x00, 0x00, 0x05, 0x00, 0x00, 0x00, 0x06, 0x00, 0x00, 0x00, 0x09, 0x00, 0x00, 0x00, 0x01, 0x00, 0x00, 0x00, 0x00, 0x00, 0x00, 0x00, 0xF2, 0x00, 0x00, 0x00, 0x09, 0x00, 0x00, 0x00, 0x06, 0x00, 0x00, 0x00, 0x06, 0x00, 0x00, 0x00, 0x09,
  0x00, 0x00, 0x00, 0x01, 0x00, 0x00, 0x00, 0x00, 0x00, 0x00, 0x00, 0xF3, 0x00, 0x00, 0x00, 0x09, 0x00, 0x00, 0x00, 0x06, 0x00, 0x00, 0x00, 0x06, 0x00, 0x00, 0x00, 0x09, 0x00, 0x00, 0x00, 0x01, 0x00, 0x00, 0x00, 0x00, 0x00, 0x00, 0x00, 0xF4,
  0x00, 0x00, 0x00, 0x09, 0x00, 0x00, 0x00, 0x06, 0x00, 0x00, 0x00, 0x06, 0x00, 0x00, 0x00, 0x09, 0x00, 0x00, 0x00, 0x01, 0x00, 0x00, 0x00, 0x00, 0x00, 0x00, 0x00, 0xF5, 0x00, 0x00, 0x00, 0x09, 0x00, 0x00, 0x00, 0x06, 0x00, 0x00, 0x00, 0x06,
  0x00, 0x00, 0x00, 0x09, 0x00, 0x00, 0x00, 0x01, 0x00, 0x00, 0x00, 0x00, 0x00, 0x00, 0x00, 0xF6, 0x00, 0x00, 0x00, 0x08, 0x00, 0x00, 0x00, 0x06, 0x00, 0x00, 0x00, 0x06, 0x00, 0x00, 0x00, 0x08, 0x00, 0x00, 0x00, 0x01, 0x00, 0x00, 0x00, 0x00,
  0x00, 0x00, 0x00, 0xF7, 0x00, 0x00, 0x00, 0x05, 0x00, 0x00, 0x00, 0x06, 0x00, 0x00, 0x00, 0x06, 0x00, 0x00, 0x00, 0x06, 0x00, 0x00, 0x00, 0x00, 0x00, 0x00, 0x00, 0x00, 0x00, 0x00, 0x00, 0xF8, 0x00, 0x00, 0x00, 0x08, 0x00, 0x00, 0x00, 0x06,
  0x00, 0x00, 0x00, 0x06, 0x00, 0x00, 0x00, 0x07, 0x00, 0x00, 0x00, 0x01, 0x00, 0x00, 0x00, 0x00, 0x00, 0x00, 0x00, 0xF9, 0x00, 0x00, 0x00, 0x09, 0x00, 0x00, 0x00, 0x05, 0x00, 0x00, 0x00, 0x06, 0x00, 0x00, 0x00, 0x09, 0x00, 0x00, 0x00, 0x01,
  0x00, 0x00, 0x00, 0x00, 0x00, 0x00, 0x00, 0xFA, 0x00, 0x00, 0x00, 0x09, 0x00, 0x00, 0x00, 0x05, 0x00, 0x00, 0x00, 0x06, 0x00, 0x00, 0x00, 0x09, 0x00, 0x00, 0x00, 0x01, 0x00, 0x00, 0x00, 0x00, 0x00, 0x00, 0x00, 0xFB, 0x00, 0x00, 0x00, 0x09,
  0x00, 0x00, 0x00, 0x05, 0x00, 0x00, 0x00, 0x06, 0x00, 0x00, 0x00, 0x09, 0x00, 0x00, 0x00, 0x01, 0x00, 0x00, 0x00, 0x00, 0x00, 0x00, 0x00, 0xFC, 0x00, 0x00, 0x00, 0x08, 0x00, 0x00, 0x00, 0x05, 0x00, 0x00, 0x00, 0x06, 0x00, 0x00, 0x00, 0x08,
  0x00, 0x00, 0x00, 0x01, 0x00, 0x00, 0x00, 0x00, 0x00, 0x00, 0x00, 0xFD, 0x00, 0x00, 0x00, 0x0B, 0x00, 0x00, 0x00, 0x07, 0x00, 0x00, 0x00, 0x06, 0x00, 0x00, 0x00, 0x09, 0x00, 0x00, 0x00, 0x00, 0x00, 0x00, 0x00, 0x00, 0x00, 0x00, 0x00, 0xFF,
  0x00, 0x00, 0x00, 0x0A, 0x00, 0x00, 0x00, 0x07, 0x00, 0x00, 0x00, 0x06, 0x00, 0x00, 0x00, 0x08, 0x00, 0x00, 0x00, 0x00, 0x00, 0x00, 0x00, 0x00, 0x00, 0x00, 0x01, 0x02, 0x00, 0x00, 0x00, 0x0A, 0x00, 0x00, 0x00, 0x07, 0x00, 0x00, 0x00, 0x06,
  0x00, 0x00, 0x00, 0x0A, 0x00, 0x00, 0x00, 0x00, 0x00, 0x00, 0x00, 0x00, 0x00, 0x00, 0x01, 0x03, 0x00, 0x00, 0x00, 0x09, 0x00, 0x00, 0x00, 0x07, 0x00, 0x00, 0x00, 0x06, 0x00, 0x00, 0x00, 0x09, 0x00, 0x00, 0x00, 0x00, 0x00, 0x00, 0x00, 0x00,
  0x00, 0x00, 0x01, 0x04, 0x00, 0x00, 0x00, 0x09, 0x00, 0x00, 0x00, 0x07, 0x00, 0x00, 0x00, 0x06, 0x00, 0x00, 0x00, 0x07, 0xFF, 0xFF, 0xFF, 0xFF, 0x00, 0x00, 0x00, 0x00, 0x00, 0x00, 0x01, 0x05, 0x00, 0x00, 0x00, 0x08, 0x00, 0x00, 0x00, 0x06,
  0x00, 0x00, 0x00, 0x06, 0x00, 0x00, 0x00, 0x06, 0x00, 0x00, 0x00, 0x01, 0x00, 0x00, 0x00, 0x00, 0x00, 0x00, 0x01, 0x06, 0x00, 0x00, 0x00, 0x0A, 0x00, 0x00, 0x00, 0x04, 0x00, 0x00, 0x00, 0x06, 0x00, 0x00, 0x00, 0x0A, 0x00, 0x00, 0x00, 0x01,
  0x00, 0x00, 0x00, 0x00, 0x00, 0x00, 0x01, 0x07, 0x00, 0x00, 0x00, 0x09, 0x00, 0x00, 0x00, 0x04, 0x00, 0x00, 0x00, 0x06, 0x00, 0x00, 0x00, 0x09, 0x00, 0x00, 0x00, 0x01, 0x00, 0x00, 0x00, 0x00, 0x00, 0x00, 0x01, 0x0C, 0x00, 0x00, 0x00, 0x0A,
  0x00, 0x00, 0x00, 0x05, 0x00, 0x00, 0x00, 0x06, 0x00, 0x00, 0x00, 0x0A, 0x00, 0x00, 0x00, 0x01, 0x00, 0x00, 0x00, 0x00, 0x00, 0x00, 0x01, 0x0D, 0x00, 0x00, 0x00, 0x09, 0x00, 0x00, 0x00, 0x05, 0x00, 0x00, 0x00, 0x06, 0x00, 0x00, 0x00, 0x09,
  0x00, 0x00, 0x00, 0x01, 0x00, 0x00, 0x00, 0x00, 0x00, 0x00, 0x01, 0x0E, 0x00, 0x00, 0x00, 0x0A, 0x00, 0x00, 0x00, 0x06, 0x00, 0x00, 0x00, 0x06, 0x00, 0x00, 0x00, 0x0A, 0x00, 0x00, 0x00, 0x01, 0x00, 0x00, 0x00, 0x00, 0x00, 0x00, 0x01, 0x0F,
  0x00, 0x00, 0x00, 0x09, 0x00, 0x00, 0x00, 0x07, 0x00, 0x00, 0x00, 0x06, 0x00, 0x00, 0x00, 0x09, 0x00, 0x00, 0x00, 0x01, 0x00, 0x00, 0x00, 0x00, 0x00, 0x00, 0x01, 0x10, 0x00, 0x00, 0x00, 0x07, 0x00, 0x00, 0x00, 0x07, 0x00, 0x00, 0x00, 0x06,
  0x00, 0x00, 0x00, 0x07, 0x00, 0x00, 0x00, 0x00, 0x00, 0x00, 0x00, 0x00, 0x00, 0x00, 0x01, 0x11, 0x00, 0x00, 0x00, 0x08, 0x00, 0x00, 0x00, 0x07, 0x00, 0x00, 0x00, 0x06, 0x00, 0x00, 0x00, 0x08, 0x00, 0x00, 0x00, 0x01, 0x00, 0x00, 0x00, 0x00,
  0x00, 0x00, 0x01, 0x18, 0x00, 0x00, 0x00, 0x09, 0x00, 0x00, 0x00, 0x04, 0x00, 0x00, 0x00, 0x06, 0x00, 0x00, 0x00, 0x07, 0x00, 0x00, 0x00, 0x01, 0x00, 0x00, 0x00, 0x00, 0x00, 0x00, 0x01, 0x19, 0x00, 0x00, 0x00, 0x08, 0x00, 0x00, 0x00, 0x06,
  0x00, 0x00, 0x00, 0x06, 0x00, 0x00, 0x00, 0x06, 0x00, 0x00, 0x00, 0x01, 0x00, 0x00, 0x00, 0x00, 0x00, 0x00, 0x01, 0x1A, 0x00, 0x00, 0x00, 0x0A, 0x00, 0x00, 0x00, 0x05, 0x00, 0x00, 0x00, 0x06, 0x00, 0x00, 0x00, 0x0A, 0x00, 0x00, 0x00, 0x01,
  0x00, 0x00, 0x00, 0x00, 0x00, 0x00, 0x01, 0x1B, 0x00, 0x00, 0x00, 0x09, 0x00, 0x00, 0x00, 0x06, 0x00, 0x00, 0x00, 0x06, 0x00, 0x00, 0x00, 0x09, 0x00, 0x00, 0x00, 0x01, 0x00, 0x00, 0x00, 0x00, 0x00, 0x00, 0x01, 0x31, 0x00, 0x00, 0x00, 0x06,
  0x00, 0x00, 0x00, 0x04, 0x00, 0x00, 0x00, 0x06, 0x00, 0x00, 0x00, 0x06, 0x00, 0x00, 0x00, 0x01, 0x00, 0x00, 0x00, 0x00, 0x00, 0x00, 0x01, 0x39, 0x00, 0x00, 0x00, 0x0A, 0x00, 0x00, 0x00, 0x04, 0x00, 0x00, 0x00, 0x06, 0x00, 0x00, 0x00, 0x0A,
  0x00, 0x00, 0x00, 0x01, 0x00, 0x00, 0x00, 0x00, 0x00, 0x00, 0x01, 0x3A, 0x00, 0x00, 0x00, 0x0A, 0x00, 0x00, 0x00, 0x04, 0x00, 0x00, 0x00, 0x06, 0x00, 0x00, 0x00, 0x0A, 0x00, 0x00, 0x00, 0x01, 0x00, 0x00, 0x00, 0x00, 0x00, 0x00, 0x01, 0x3D,
  0x00, 0x00, 0x00, 0x09, 0x00, 0x00, 0x00, 0x06, 0x00, 0x00, 0x00, 0x06, 0x00, 0x00, 0x00, 0x09, 0x00, 0x00, 0x00, 0x01, 0x00, 0x00, 0x00, 0x00, 0x00, 0x00, 0x01, 0x3E, 0x00, 0x00, 0x00, 0x09, 0x00, 0x00, 0x00, 0x06, 0x00, 0x00, 0x00, 0x06,
  0x00, 0x00, 0x00, 0x09, 0x00, 0x00, 0x00, 0x01, 0x00, 0x00, 0x00, 0x00, 0x00, 0x00, 0x01, 0x41, 0x00, 0x00, 0x00, 0x07, 0x00, 0x00, 0x00, 0x05, 0x00, 0x00, 0x00, 0x06, 0x00, 0x00, 0x00, 0x07, 0x00, 0x00, 0x00, 0x00, 0x00, 0x00, 0x00, 0x00,
  0x00, 0x00, 0x01, 0x42, 0x00, 0x00, 0x00, 0x08, 0x00, 0x00, 0x00, 0x06, 0x00, 0x00, 0x00, 0x06, 0x00, 0x00, 0x00, 0x08, 0x00, 0x00, 0x00, 0x01, 0x00, 0x00, 0x00, 0x00, 0x00, 0x00, 0x01, 0x43, 0x00, 0x00, 0x00, 0x0A, 0x00, 0x00, 0x00, 0x04,
  0x00, 0x00, 0x00, 0x06, 0x00, 0x00, 0x00, 0x0A, 0x00, 0x00, 0x00, 0x01, 0x00, 0x00, 0x00, 0x00, 0x00, 0x00, 0x01, 0x44, 0x00, 0x00, 0x00, 0x09, 0x00, 0x00, 0x00, 0x05, 0x00, 0x00, 0x00, 0x06, 0x00, 0x00, 0x00, 0x09, 0x00, 0x00, 0x00, 0x01,
  0x00, 0x00, 0x00, 0x00, 0x00, 0x00, 0x01, 0x47, 0x00, 0x00, 0x00, 0x0A, 0x00, 0x00, 0x00, 0x05, 0x00, 0x00, 0x00, 0x06, 0x00, 0x00, 0x00, 0x0A, 0x00, 0x00, 0x00, 0x01, 0x00, 0x00, 0x00, 0x00, 0x00, 0x00, 0x01, 0x48, 0x00, 0x00, 0x00, 0x09,
  0x00, 0x00, 0x00, 0x05, 0x00, 0x00, 0x00, 0x06, 0x00, 0x00, 0x00, 0x09, 0x00, 0x00, 0x00, 0x01, 0x00, 0x00, 0x00, 0x00, 0x00, 0x00, 0x01, 0x50, 0x00, 0x00, 0x00, 0x0A, 0x00, 0x00, 0x00, 0x07, 0x00, 0x00, 0x00, 0x06, 0x00, 0x00, 0x00, 0x0A,
  0x00, 0x00, 0x00, 0x00, 0x00, 0x00, 0x00, 0x00, 0x00, 0x00, 0x01, 0x51, 0x00, 0x00, 0x00, 0x09, 0x00, 0x00, 0x00, 0x07, 0x00, 0x00, 0x00, 0x06, 0x00, 0x00, 0x00, 0x09, 0x00, 0x00, 0x00, 0x00, 0x00, 0x00, 0x00, 0x00, 0x00, 0x00, 0x01, 0x52,
  0x00, 0x00, 0x00, 0x07, 0x00, 0x00, 0x00, 0x06, 0x00, 0x00, 0x00, 0x06, 0x00, 0x00, 0x00, 0x07, 0x00, 0x00, 0x00, 0x00, 0x00, 0x00, 0x00, 0x00, 0x00, 0x00, 0x01, 0x53, 0x00, 0x00, 0x00, 0x06, 0x00, 0x00, 0x00, 0x06, 0x00, 0x00, 0x00, 0x06,
  0x00, 0x00, 0x00, 0x06, 0x00, 0x00, 0x00, 0x00, 0x00, 0x00, 0x00, 0x00, 0x00, 0x00, 0x01, 0x54, 0x00, 0x00, 0x00, 0x0A, 0x00, 0x00, 0x00, 0x06, 0x00, 0x00, 0x00, 0x06, 0x00, 0x00, 0x00, 0x0A, 0x00, 0x00, 0x00, 0x01, 0x00, 0x00, 0x00, 0x00,
  0x00, 0x00, 0x01, 0x55, 0x00, 0x00, 0x00, 0x09, 0x00, 0x00, 0x00, 0x05, 0x00, 0x00, 0x00, 0x06, 0x00, 0x00, 0x00, 0x09, 0x00, 0x00, 0x00, 0x01, 0x00, 0x00, 0x00, 0x00, 0x00, 0x00, 0x01, 0x58, 0x00, 0x00, 0x00, 0x0A, 0x00, 0x00, 0x00, 0x06,
  0x00, 0x00, 0x00, 0x06, 0x00, 0x00, 0x00, 0x0A, 0x00, 0x00, 0x00, 0x01, 0x00, 0x00, 0x00, 0x00, 0x00, 0x00, 0x01, 0x59, 0x00, 0x00, 0x00, 0x09, 0x00, 0x00, 0x00, 0x05, 0x00, 0x00, 0x00, 0x06, 0x00, 0x00, 0x00, 0x09, 0x00, 0x00, 0x00, 0x01,
  0x00, 0x00, 0x00, 0x00, 0x00, 0x00, 0x01, 0x5A, 0x00, 0x00, 0x00, 0x0A, 0x00, 0x00, 0x00, 0x06, 0x00, 0x00, 0x00, 0x06, 0x00, 0x00, 0x00, 0x0A, 0x00, 0x00, 0x00, 0x01, 0x00, 0x00, 0x00, 0x00, 0x00, 0x00, 0x01, 0x5B, 0x00, 0x00, 0x00, 0x09,
  0x00, 0x00, 0x00, 0x05, 0x00, 0x00, 0x00, 0x06, 0x00, 0x00, 0x00, 0x09, 0x00, 0x00, 0x00, 0x01, 0x00, 0x00, 0x00, 0x00, 0x00, 0x00, 0x01, 0x5E, 0x00, 0x00, 0x00, 0x09, 0x00, 0x00, 0x00, 0x06, 0x00, 0x00, 0x00, 0x06, 0x00, 0x00, 0x00, 0x07,
  0x00, 0x00, 0x00, 0x01, 0x00, 0x00, 0x00, 0x00, 0x00, 0x00, 0x01, 0x5F, 0x00, 0x00, 0x00, 0x08, 0x00, 0x00, 0x00, 0x06, 0x00, 0x00, 0x00, 0x06, 0x00, 0x00, 0x00, 0x06, 0x00, 0x00, 0x00, 0x00, 0x00, 0x00, 0x00, 0x00, 0x00, 0x00, 0x01, 0x60,
  0x00, 0x00, 0x00, 0x0A, 0x00, 0x00, 0x00, 0x06, 0x00, 0x00, 0x00, 0x06, 0x00, 0x00, 0x00, 0x0A, 0x00, 0x00, 0x00, 0x01, 0x00, 0x00, 0x00, 0x00, 0x00, 0x00, 0x01, 0x61, 0x00, 0x00, 0x00, 0x09, 0x00, 0x00, 0x00, 0x05, 0x00, 0x00, 0x00, 0x06,
  0x00, 0x00, 0x00, 0x09, 0x00, 0x00, 0x00, 0x01, 0x00, 0x00, 0x00, 0x00, 0x00, 0x00, 0x01, 0x62, 0x00, 0x00, 0x00, 0x09, 0x00, 0x00, 0x00, 0x06, 0x00, 0x00, 0x00, 0x06, 0x00, 0x00, 0x00, 0x07, 0x00, 0x00, 0x00, 0x01, 0x00, 0x00, 0x00, 0x00,
  0x00, 0x00, 0x01, 0x63, 0x00, 0x00, 0x00, 0x0A, 0x00, 0x00, 0x00, 0x05, 0x00, 0x00, 0x00, 0x06, 0x00, 0x00, 0x00, 0x08, 0x00, 0x00, 0x00, 0x00, 0x00, 0x00, 0x00, 0x00, 0x00, 0x00, 0x01, 0x64, 0x00, 0x00, 0x00, 0x0A, 0x00, 0x00, 0x00, 0x06,
  0x00, 0x00, 0x00, 0x06, 0x00, 0x00, 0x00, 0x0A, 0x00, 0x00, 0x00, 0x01, 0x00, 0x00, 0x00, 0x00, 0x00, 0x00, 0x01, 0x65, 0x00, 0x00, 0x00, 0x09, 0x00, 0x00, 0x00, 0x07, 0x00, 0x00, 0x00, 0x06, 0x00, 0x00, 0x00, 0x09, 0x00, 0x00, 0x00, 0x00,
  0x00, 0x00, 0x00, 0x00, 0x00, 0x00, 0x01, 0x6E, 0x00, 0x00, 0x00, 0x0A, 0x00, 0x00, 0x00, 0x06, 0x00, 0x00, 0x00, 0x06, 0x00, 0x00, 0x00, 0x0A, 0x00, 0x00, 0x00, 0x01, 0x00, 0x00, 0x00, 0x00, 0x00, 0x00, 0x01, 0x6F, 0x00, 0x00, 0x00, 0x0A,
  0x00, 0x00, 0x00, 0x06, 0x00, 0x00, 0x00, 0x06, 0x00, 0x00, 0x00, 0x0A, 0x00, 0x00, 0x00, 0x00, 0x00, 0x00, 0x00, 0x00, 0x00, 0x00, 0x01, 0x70, 0x00, 0x00, 0x00, 0x0A, 0x00, 0x00, 0x00, 0x06, 0x00, 0x00, 0x00, 0x06, 0x00, 0x00, 0x00, 0x0A,
  0x00, 0x00, 0x00, 0x01, 0x00, 0x00, 0x00, 0x00, 0x00, 0x00, 0x01, 0x71, 0x00, 0x00, 0x00, 0x09, 0x00, 0x00, 0x00, 0x06, 0x00, 0x00, 0x00, 0x06, 0x00, 0x00, 0x00, 0x09, 0x00, 0x00, 0x00, 0x00, 0x00, 0x00, 0x00, 0x00, 0x00, 0x00, 0x01, 0x78,
  0x00, 0x00, 0x00, 0x09, 0x00, 0x00, 0x00, 0x08, 0x00, 0x00, 0x00, 0x06, 0x00, 0x00, 0x00, 0x09, 0x00, 0x00, 0x00, 0x00, 0x00, 0x00, 0x00, 0x00, 0x00, 0x00, 0x01, 0x79, 0x00, 0x00, 0x00, 0x0A, 0x00, 0x00, 0x00, 0x05, 0x00, 0x00, 0x00, 0x06,
  0x00, 0x00, 0x00, 0x0A, 0x00, 0x00, 0x00, 0x01, 0x00, 0x00, 0x00, 0x00, 0x00, 0x00, 0x01, 0x7A, 0x00, 0x00, 0x00, 0x09, 0x00, 0x00, 0x00, 0x04, 0x00, 0x00, 0x00, 0x06, 0x00, 0x00, 0x00, 0x09, 0x00, 0x00, 0x00, 0x01, 0x00, 0x00, 0x00, 0x00,
  0x00, 0x00, 0x01, 0x7B, 0x00, 0x00, 0x00, 0x09, 0x00, 0x00, 0x00, 0x05, 0x00, 0x00, 0x00, 0x06, 0x00, 0x00, 0x00, 0x09, 0x00, 0x00, 0x00, 0x01, 0x00, 0x00, 0x00, 0x00, 0x00, 0x00, 0x01, 0x7C, 0x00, 0x00, 0x00, 0x08, 0x00, 0x00, 0x00, 0x04,
  0x00, 0x00, 0x00, 0x06, 0x00, 0x00, 0x00, 0x08, 0x00, 0x00, 0x00, 0x01, 0x00, 0x00, 0x00, 0x00, 0x00, 0x00, 0x01, 0x7D, 0x00, 0x00, 0x00, 0x0A, 0x00, 0x00, 0x00, 0x05, 0x00, 0x00, 0x00, 0x06, 0x00, 0x00, 0x00, 0x0A, 0x00, 0x00, 0x00, 0x01,
  0x00, 0x00, 0x00, 0x00, 0x00, 0x00, 0x01, 0x7E, 0x00, 0x00, 0x00, 0x09, 0x00, 0x00, 0x00, 0x05, 0x00, 0x00, 0x00, 0x06, 0x00, 0x00, 0x00, 0x09, 0x00, 0x00, 0x00, 0x01, 0x00, 0x00, 0x00, 0x00, 0x00, 0x00, 0x01, 0x92, 0x00, 0x00, 0x00, 0x09,
  0x00, 0x00, 0x00, 0x05, 0x00, 0x00, 0x00, 0x06, 0x00, 0x00, 0x00, 0x08, 0x00, 0x00, 0x00, 0x00, 0x00, 0x00, 0x00, 0x00, 0x00, 0x00, 0x02, 0xC6, 0x00, 0x00, 0x00, 0x02, 0x00, 0x00, 0x00, 0x05, 0x00, 0x00, 0x00, 0x06, 0x00, 0x00, 0x00, 0x09,
  0x00, 0x00, 0x00, 0x01, 0x00, 0x00, 0x00, 0x00, 0x00, 0x00, 0x02, 0xC7, 0x00, 0x00, 0x00, 0x02, 0x00, 0x00, 0x00, 0x05, 0x00, 0x00, 0x00, 0x06, 0x00, 0x00, 0x00, 0x09, 0x00, 0x00, 0x00, 0x01, 0x00, 0x00, 0x00, 0x00, 0x00, 0x00, 0x02, 0xD8,
  0x00, 0x00, 0x00, 0x02, 0x00, 0x00, 0x00, 0x05, 0x00, 0x00, 0x00, 0x06, 0x00, 0x00, 0x00, 0x09, 0x00, 0x00, 0x00, 0x00, 0x00, 0x00, 0x00, 0x00, 0x00, 0x00, 0x02, 0xD9, 0x00, 0x00, 0x00, 0x01, 0x00, 0x00, 0x00, 0x02, 0x00, 0x00, 0x00, 0x06,
  0x00, 0x00, 0x00, 0x08, 0x00, 0x00, 0x00, 0x02, 0x00, 0x00, 0x00, 0x00, 0x00, 0x00, 0x02, 0xDA, 0x00, 0x00, 0x00, 0x03, 0x00, 0x00, 0x00, 0x05, 0x00, 0x00, 0x00, 0x06, 0x00, 0x00, 0x00, 0x0A, 0x00, 0x00, 0x00, 0x00, 0x00, 0x00, 0x00, 0x00,
  0x00, 0x00, 0x02, 0xDB, 0x00, 0x00, 0x00, 0x02, 0x00, 0x00, 0x00, 0x03, 0x00, 0x00, 0x00, 0x06, 0x00, 0x00, 0x00, 0x00, 0x00, 0x00, 0x00, 0x02, 0x00, 0x00, 0x00, 0x00, 0x00, 0x00, 0x02, 0xDC, 0x00, 0x00, 0x00, 0x02, 0x00, 0x00, 0x00, 0x04,
  0x00, 0x00, 0x00, 0x06, 0x00, 0x00, 0x00, 0x09, 0x00, 0x00, 0x00, 0x01, 0x00, 0x00, 0x00, 0x00, 0x00, 0x00, 0x02, 0xDD, 0x00, 0x00, 0x00, 0x02, 0x00, 0x00, 0x00, 0x06, 0x00, 0x00, 0x00, 0x06, 0x00, 0x00, 0x00, 0x09, 0x00, 0x00, 0x00, 0x00,
  0x00, 0x00, 0x00, 0x00, 0x00, 0x00, 0x03, 0xA9, 0x00, 0x00, 0x00, 0x07, 0x00, 0x00, 0x00, 0x06, 0x00, 0x00, 0x00, 0x06, 0x00, 0x00, 0x00, 0x07, 0x00, 0x00, 0x00, 0x00, 0x00, 0x00, 0x00, 0x00, 0x00, 0x00, 0x03, 0xC0, 0x00, 0x00, 0x00, 0x07,
  0x00, 0x00, 0x00, 0x06, 0x00, 0x00, 0x00, 0x06, 0x00, 0x00, 0x00, 0x06, 0x00, 0x00, 0x00, 0x00, 0x00, 0x00, 0x00, 0x00, 0x00, 0x00, 0x20, 0x13, 0x00, 0x00, 0x00, 0x01, 0x00, 0x00, 0x00, 0x05, 0x00, 0x00, 0x00, 0x06, 0x00, 0x00, 0x00, 0x04,
  0x00, 0x00, 0x00, 0x01, 0x00, 0x00, 0x00, 0x00, 0x00, 0x00, 0x20, 0x14, 0x00, 0x00, 0x00, 0x01, 0x00, 0x00, 0x00, 0x06, 0x00, 0x00, 0x00, 0x06, 0x00, 0x00, 0x00, 0x04, 0x00, 0x00, 0x00, 0x00, 0x00, 0x00, 0x00, 0x00, 0x00, 0x00, 0x20, 0x18,
  0x00, 0x00, 0x00, 0x04, 0x00, 0x00, 0x00, 0x04, 0x00, 0x00, 0x00, 0x06, 0x00, 0x00, 0x00, 0x08, 0x00, 0x00, 0x00, 0x02, 0x00, 0x00, 0x00, 0x00, 0x00, 0x00, 0x20, 0x19, 0x00, 0x00, 0x00, 0x04, 0x00, 0x00, 0x00, 0x04, 0x00, 0x00, 0x00, 0x06,
  0x00, 0x00, 0x00, 0x08, 0x00, 0x00, 0x00, 0x01, 0x00, 0x00, 0x00, 0x00, 0x00, 0x00, 0x20, 0x1A, 0x00, 0x00, 0x00, 0x04, 0x00, 0x00, 0x00, 0x04, 0x00, 0x00, 0x00, 0x06, 0x00, 0x00, 0x00, 0x02, 0x00, 0x00, 0x00, 0x01, 0x00, 0x00, 0x00, 0x00,
  0x00, 0x00, 0x20, 0x1C, 0x00, 0x00, 0x00, 0x03, 0x00, 0x00, 0x00, 0x07, 0x00, 0x00, 0x00, 0x06, 0x00, 0x00, 0x00, 0x08, 0x00, 0x00, 0x00, 0x00, 0x00, 0x00, 0x00, 0x00, 0x00, 0x00, 0x20, 0x1D, 0x00, 0x00, 0x00, 0x03, 0x00, 0x00, 0x00, 0x07,
  0x00, 0x00, 0x00, 0x06, 0x00, 0x00, 0x00, 0x08, 0xFF, 0xFF, 0xFF, 0xFF, 0x00, 0x00, 0x00, 0x00, 0x00, 0x00, 0x20, 0x1E, 0x00, 0x00, 0x00, 0x04, 0x00, 0x00, 0x00, 0x08, 0x00, 0x00, 0x00, 0x06, 0x00, 0x00, 0x00, 0x02, 0xFF, 0xFF, 0xFF, 0xFF,
  0x00, 0x00, 0x00, 0x00, 0x00, 0x00, 0x20, 0x20, 0x00, 0x00, 0x00, 0x06, 0x00, 0x00, 0x00, 0x06, 0x00, 0x00, 0x00, 0x06, 0x00, 0x00, 0x00, 0x08, 0x00, 0x00, 0x00, 0x01, 0x00, 0x00, 0x00, 0x00, 0x00, 0x00, 0x20, 0x21, 0x00, 0x00, 0x00, 0x08,
  0x00, 0x00, 0x00, 0x06, 0x00, 0x00, 0x00, 0x06, 0x00, 0x00, 0x00, 0x08, 0x00, 0x00, 0x00, 0x01, 0x00, 0x00, 0x00, 0x00, 0x00, 0x00, 0x20, 0x22, 0x00, 0x00, 0x00, 0x03, 0x00, 0x00, 0x00, 0x03, 0x00, 0x00, 0x00, 0x06, 0x00, 0x00, 0x00, 0x04,
  0x00, 0x00, 0x00, 0x01, 0x00, 0x00, 0x00, 0x00, 0x00, 0x00, 0x20, 0x26, 0x00, 0x00, 0x00, 0x01, 0x00, 0x00, 0x00, 0x06, 0x00, 0x00, 0x00, 0x06, 0x00, 0x00, 0x00, 0x01, 0x00, 0x00, 0x00, 0x00, 0x00, 0x00, 0x00, 0x00, 0x00, 0x00, 0x20, 0x30,
  0x00, 0x00, 0x00, 0x08, 0x00, 0x00, 0x00, 0x07, 0x00, 0x00, 0x00, 0x06, 0x00, 0x00, 0x00, 0x08, 0x00, 0x00, 0x00, 0x00, 0x00, 0x00, 0x00, 0x00, 0x00, 0x00, 0x20, 0x39, 0x00, 0x00, 0x00, 0x05, 0x00, 0x00, 0x00, 0x04, 0x00, 0x00, 0x00, 0x06,
  0x00, 0x00, 0x00, 0x06, 0x00, 0x00, 0x00, 0x01, 0x00, 0x00, 0x00, 0x00, 0x00, 0x00, 0x20, 0x3A, 0x00, 0x00, 0x00, 0x05, 0x00, 0x00, 0x00, 0x04, 0x00, 0x00, 0x00, 0x06, 0x00, 0x00, 0x00, 0x06, 0x00, 0x00, 0x00, 0x01, 0x00, 0x00, 0x00, 0x00,
  0x00, 0x00, 0x20, 0x44, 0x00, 0x00, 0x00, 0x08, 0x00, 0x00, 0x00, 0x06, 0x00, 0x00, 0x00, 0x06, 0x00, 0x00, 0x00, 0x08, 0x00, 0x00, 0x00, 0x00, 0x00, 0x00, 0x00, 0x00, 0x00, 0x00, 0x20, 0xAC, 0x00, 0x00, 0x00, 0x07, 0x00, 0x00, 0x00, 0x05,
  0x00, 0x00, 0x00, 0x06, 0x00, 0x00, 0x00, 0x07, 0x00, 0x00, 0x00, 0x00, 0x00, 0x00, 0x00, 0x00, 0x00, 0x00, 0x21, 0x22, 0x00, 0x00, 0x00, 0x03, 0x00, 0x00, 0x00, 0x08, 0x00, 0x00, 0x00, 0x06, 0x00, 0x00, 0x00, 0x07, 0xFF, 0xFF, 0xFF, 0xFE,
  0x00, 0x00, 0x00, 0x00, 0x00, 0x00, 0x22, 0x02, 0x00, 0x00, 0x00, 0x08, 0x00, 0x00, 0x00, 0x06, 0x00, 0x00, 0x00, 0x06, 0x00, 0x00, 0x00, 0x08, 0x00, 0x00, 0x00, 0x01, 0x00, 0x00, 0x00, 0x00, 0x00, 0x00, 0x22, 0x06, 0x00, 0x00, 0x00, 0x07,
  0x00, 0x00, 0x00, 0x07, 0x00, 0x00, 0x00, 0x06, 0x00, 0x00, 0x00, 0x07, 0xFF, 0xFF, 0xFF, 0xFF, 0x00, 0x00, 0x00, 0x00, 0x00, 0x00, 0x22, 0x0F, 0x00, 0x00, 0x00, 0x09, 0x00, 0x00, 0x00, 0x06, 0x00, 0x00, 0x00, 0x06, 0x00, 0x00, 0x00, 0x08,
  0x00, 0x00, 0x00, 0x00, 0x00, 0x00, 0x00, 0x00, 0x00, 0x00, 0x22, 0x11, 0x00, 0x00, 0x00, 0x09, 0x00, 0x00, 0x00, 0x05, 0x00, 0x00, 0x00, 0x06, 0x00, 0x00, 0x00, 0x08, 0x00, 0x00, 0x00, 0x01, 0x00, 0x00, 0x00, 0x00, 0x00, 0x00, 0x22, 0x1A,
  0x00, 0x00, 0x00, 0x08, 0x00, 0x00, 0x00, 0x06, 0x00, 0x00, 0x00, 0x06, 0x00, 0x00, 0x00, 0x08, 0x00, 0x00, 0x00, 0x00, 0x00, 0x00, 0x00, 0x00, 0x00, 0x00, 0x22, 0x1E, 0x00, 0x00, 0x00, 0x03, 0x00, 0x00, 0x00, 0x06, 0x00, 0x00, 0x00, 0x06,
  0x00, 0x00, 0x00, 0x04, 0x00, 0x00, 0x00, 0x00, 0x00, 0x00, 0x00, 0x00, 0x00, 0x00, 0x22, 0x2B, 0x00, 0x00, 0x00, 0x0A, 0x00, 0x00, 0x00, 0x06, 0x00, 0x00, 0x00, 0x06, 0x00, 0x00, 0x00, 0x08, 0x00, 0x00, 0x00, 0x01, 0x00, 0x00, 0x00, 0x00,
  0x00, 0x00, 0x22, 0x48, 0x00, 0x00, 0x00, 0x05, 0x00, 0x00, 0x00, 0x05, 0x00, 0x00, 0x00, 0x06, 0x00, 0x00, 0x00, 0x06, 0x00, 0x00, 0x00, 0x01, 0x00, 0x00, 0x00, 0x00, 0x00, 0x00, 0x22, 0x60, 0x00, 0x00, 0x00, 0x06, 0x00, 0x00, 0x00, 0x05,
  0x00, 0x00, 0x00, 0x06, 0x00, 0x00, 0x00, 0x06, 0x00, 0x00, 0x00, 0x01, 0x00, 0x00, 0x00, 0x00, 0x00, 0x00, 0x22, 0x64, 0x00, 0x00, 0x00, 0x07, 0x00, 0x00, 0x00, 0x05, 0x00, 0x00, 0x00, 0x06, 0x00, 0x00, 0x00, 0x07, 0x00, 0x00, 0x00, 0x01,
  0x00, 0x00, 0x00, 0x00, 0x00, 0x00, 0x22, 0x65, 0x00, 0x00, 0x00, 0x07, 0x00, 0x00, 0x00, 0x05, 0x00, 0x00, 0x00, 0x06, 0x00, 0x00, 0x00, 0x07, 0x00, 0x00, 0x00, 0x01, 0x00, 0x00, 0x00, 0x00, 0x00, 0x00, 0x25, 0xCA, 0x00, 0x00, 0x00, 0x07,
  0x00, 0x00, 0x00, 0x06, 0x00, 0x00, 0x00, 0x06, 0x00, 0x00, 0x00, 0x07, 0x00, 0x00, 0x00, 0x00, 0x00, 0x00, 0x00, 0x00, 0x00, 0x00, 0xFB, 0x01, 0x00, 0x00, 0x00, 0x08, 0x00, 0x00, 0x00, 0x06, 0x00, 0x00, 0x00, 0x06, 0x00, 0x00, 0x00, 0x08,
  0x00, 0x00, 0x00, 0x00, 0x00, 0x00, 0x00, 0x00, 0x00, 0x00, 0xFB, 0x02, 0x00, 0x00, 0x00, 0x08, 0x00, 0x00, 0x00, 0x06, 0x00, 0x00, 0x00, 0x06, 0x00, 0x00, 0x00, 0x08, 0x00, 0x00, 0x00, 0x00, 0x00, 0x00, 0x00, 0x00, 0xFB, 0x8F, 0xF2, 0x86,
  0xE9, 0x7D, 0xE0, 0x75, 0xD6, 0x6C, 0xCD, 0x64, 0x00, 0x00, 0xC6, 0xAE, 0xC3, 0xF5, 0x00, 0xF6, 0xC1, 0xAF, 0xE1, 0x00, 0xE3, 0xAD, 0x9A, 0xCD, 0x00, 0xCE, 0x99, 0x00, 0x10, 0xFF, 0x96, 0xEE, 0x00, 0x00, 0x30, 0xFF, 0x9A, 0xCC, 0x00, 0xFF,
  0xFF, 0xFF, 0xFF, 0xFF, 0xFF, 0x00, 0x7E, 0xCD, 0xD8, 0x81, 0x00, 0xFF, 0xFF, 0xFF, 0xFF, 0xFF, 0xFF, 0x00, 0xCB, 0xB2, 0xFF, 0x35, 0x00, 0x00, 0xEE, 0xB6, 0xFF, 0x11, 0x00, 0x00, 0x00, 0x01, 0xC4, 0x00, 0x00, 0x2F, 0xB6, 0xED, 0xFF, 0xFF,
  0x00, 0xE1, 0xB4, 0x5B, 0x79, 0x00, 0x00, 0xC1, 0xDC, 0x9F, 0x4E, 0x00, 0x00, 0x0D, 0x77, 0xEA, 0xCB, 0x52, 0x00, 0x00, 0x00, 0xCC, 0x5D, 0xFF, 0x53, 0x00, 0x06, 0xCA, 0x3C, 0xFF, 0x68, 0xFF, 0xFF, 0xFC, 0xDE, 0x85, 0x04, 0x00, 0x5C, 0x6F,
  0x00, 0x00, 0x00, 0x80, 0xF3, 0xCF, 0x13, 0x50, 0x93, 0x00, 0xF4, 0x83, 0xFF, 0x5B, 0xC8, 0x0E, 0x00, 0x8F, 0xF6, 0xC5, 0x9F, 0x52, 0x00, 0x00, 0x00, 0x00, 0x33, 0xAE, 0x00, 0x00, 0x00, 0x00, 0x03, 0xC0, 0x1D, 0x00, 0x00, 0x00, 0x00, 0x71,
  0x70, 0x80, 0xF3, 0xCF, 0x13, 0x1C, 0xC0, 0x03, 0xF4, 0x83, 0xFF, 0x4E, 0xAD, 0x33, 0x00, 0x91, 0xF6, 0xC5, 0x0F, 0x00, 0x6A, 0xF0, 0xCB, 0x15, 0x00, 0x00, 0x00, 0xEF, 0x8E, 0xFF, 0x63, 0x00, 0x00, 0x00, 0xE7, 0x9E, 0xFC, 0x30, 0x00, 0x00,
  0x00, 0xA5, 0xE7, 0x44, 0x00, 0x00, 0x00, 0x78, 0xDC, 0xB5, 0x4C, 0xF4, 0x65, 0x00, 0xEE, 0x7B, 0x0D, 0xC9, 0xEF, 0x48, 0x00, 0xDF, 0xBA, 0x0F, 0x60, 0xFF, 0x33, 0x00, 0x3E, 0xD2, 0xF6, 0xD1, 0x7D, 0xDA, 0x1A, 0xF7, 0xC1, 0xE4, 0xAD, 0xD1,
  0x99, 0x00, 0x00, 0x34, 0xAB, 0x00, 0x24, 0xEE, 0x39, 0x00, 0xC1, 0x9A, 0x00, 0x2D, 0xFF, 0x39, 0x00, 0x60, 0xFF, 0x0C, 0x00, 0x61, 0xFF, 0x0D, 0x00, 0x32, 0xFF, 0x3B, 0x00, 0x00, 0xC8, 0x9D, 0x00, 0x00, 0x29, 0xF2, 0x3D, 0x00, 0x00, 0x3D,
  0xAD, 0xAD, 0x3B, 0x00, 0x00, 0x3C, 0xF1, 0x28, 0x00, 0x00, 0x9D, 0xC6, 0x00, 0x00, 0x3C, 0xFF, 0x30, 0x00, 0x0F, 0xFF, 0x60, 0x00, 0x0C, 0xFF, 0x5F, 0x00, 0x38, 0xFF, 0x2B, 0x00, 0x99, 0xBF, 0x00, 0x39, 0xEF, 0x25, 0x00, 0xAE, 0x3D, 0x00,
  0x00, 0x00, 0x00, 0xF8, 0x2F, 0x00, 0x00, 0x9D, 0x52, 0xE9, 0x53, 0xB7, 0x0C, 0x05, 0xA4, 0xFE, 0xCC, 0x19, 0x00, 0x9E, 0x58, 0xE9, 0x58, 0xB4, 0x0C, 0x00, 0x00, 0xF8, 0x30, 0x00, 0x00, 0x00, 0x00, 0xC4, 0x34, 0x00, 0x00, 0x00, 0x00, 0xC4,
  0x34, 0x00, 0x00, 0xFF, 0xFF, 0xFF, 0xFF, 0xFF, 0x70, 0x00, 0x00, 0xFF, 0x70, 0x00, 0x00, 0x00, 0x00, 0xFF, 0x70, 0x00, 0x00, 0x00, 0xD0, 0xD5, 0x0F, 0x00, 0xC2, 0xFF, 0x3A, 0x0C, 0xAE, 0xE8, 0x0C, 0xEE, 0xB8, 0x2E, 0x00, 0xFF, 0xFF, 0xFF,
  0xBC, 0xE5, 0x1C, 0xBF, 0xE6, 0x1E, 0x00, 0x00, 0x00, 0x38, 0xAA, 0x00, 0x00, 0x00, 0xAB, 0x39, 0x00, 0x00, 0x20, 0xC3, 0x00, 0x00, 0x00, 0x8F, 0x55, 0x00, 0x00, 0x0E, 0xD2, 0x03, 0x00, 0x00, 0x72, 0x72, 0x00, 0x00, 0x03, 0xD1, 0x0E, 0x00,
  0x00, 0x56, 0x8E, 0x00, 0x00, 0x00, 0xC4, 0x20, 0x00, 0x00, 0x00, 0x0C, 0xA3, 0xEE, 0xDB, 0x4D, 0x00, 0x8F, 0xDC, 0x18, 0x81, 0xF3, 0x13, 0xE1, 0x87, 0x10, 0xBD, 0xFF, 0x50, 0xF8, 0x93, 0xD1, 0x6B, 0xFF, 0x68, 0xE2, 0xF0, 0x45, 0x1A, 0xFF,
  0x50, 0x9B, 0xD8, 0x14, 0x82, 0xF0, 0x0E, 0x15, 0xB2, 0xF2, 0xD2, 0x41, 0x00, 0x3A, 0xAE, 0xFD, 0x88, 0x00, 0xB2, 0x4D, 0xFF, 0x88, 0x00, 0x00, 0x00, 0xFF, 0x88, 0x00, 0x00, 0x00, 0xFF, 0x88, 0x00, 0x00, 0x00, 0xFF, 0x88, 0x00, 0x00, 0x00,
  0xFF, 0x88, 0x00, 0xFF, 0xFF, 0xFF, 0xFF, 0xFF, 0x3A, 0xD1, 0xF7, 0xD1, 0x40, 0xA7, 0x34, 0x12, 0xC2, 0xE2, 0x00, 0x00, 0x00, 0x9D, 0xE3, 0x00, 0x00, 0x35, 0xF6, 0x64, 0x00, 0x44, 0xF1, 0x76, 0x00, 0x62, 0xF6, 0x5F, 0x00, 0x00, 0xFF, 0xFF,
  0xFF, 0xFF, 0xFF, 0xFF, 0xFE, 0xE0, 0x5D, 0x00, 0x00, 0x06, 0xA0, 0xEF, 0x00, 0x00, 0x03, 0xA4, 0xC7, 0x00, 0x00, 0xFF, 0xFF, 0x74, 0x00, 0x00, 0x02, 0x4E, 0xFF, 0x50, 0x00, 0x05, 0x45, 0xFF, 0x44, 0xFF, 0xFA, 0xDB, 0x6F, 0x00, 0x00, 0x00,
  0x0C, 0xC8, 0xFF, 0x70, 0x00, 0x05, 0xB7, 0x5C, 0xFF, 0x70, 0x01, 0xA3, 0x64, 0x00, 0xFF, 0x70, 0x8C, 0x6C, 0x00, 0x00, 0xFF, 0x70, 0xFF, 0xFF, 0xFF, 0xFF, 0xFF, 0xFF, 0x00, 0x00, 0x00, 0x00, 0xFF, 0x70, 0x00, 0x00, 0x00, 0x00, 0xFF, 0x70,
  0xFF, 0xFF, 0xFF, 0xFF, 0x00, 0xFF, 0x5C, 0x00, 0x00, 0x00, 0xFF, 0x5C, 0x00, 0x00, 0x00, 0xFF, 0xFF, 0xF1, 0xA9, 0x0F, 0x00, 0x05, 0x47, 0xFF, 0x70, 0x00, 0x06, 0x5C, 0xFF, 0x50, 0xFF, 0xFA, 0xD7, 0x6B, 0x00, 0x00, 0x4F, 0xC0, 0xEC, 0xFF,
  0x00, 0x57, 0xF7, 0x63, 0x15, 0x00, 0x00, 0xCD, 0x90, 0x00, 0x00, 0x00, 0x00, 0xF7, 0x95, 0xCF, 0xF3, 0xAA, 0x07, 0xEF, 0xCF, 0x1B, 0x3C, 0xFF, 0x5B, 0xB5, 0xA0, 0x08, 0x44, 0xFF, 0x45, 0x22, 0xC0, 0xF5, 0xE1, 0x74, 0x00, 0xFF, 0xFF, 0xFF,
  0xFF, 0xFF, 0x00, 0x00, 0x00, 0x39, 0xBC, 0x00, 0x00, 0x00, 0xC1, 0x39, 0x00, 0x00, 0x4C, 0xB5, 0x00, 0x00, 0x02, 0xD1, 0x32, 0x00, 0x00, 0x5E, 0xAD, 0x00, 0x00, 0x07, 0xDE, 0x2B, 0x00, 0x00, 0x49, 0xD3, 0xF7, 0xDC, 0x5E, 0x00, 0xEB, 0x94,
  0x0F, 0x98, 0xF0, 0x00, 0xC2, 0xCC, 0x27, 0xCA, 0xB2, 0x00, 0x15, 0xDD, 0xFF, 0xE4, 0x27, 0x00, 0xB0, 0xD9, 0x29, 0x82, 0xF7, 0x39, 0xF0, 0xAD, 0x09, 0x2C, 0xFF, 0x70, 0x57, 0xD8, 0xF9, 0xEB, 0x9C, 0x0B, 0x2B, 0xBD, 0xF3, 0xDD, 0x57, 0x00,
  0xD5, 0xAB, 0x0B, 0x3C, 0xF8, 0x20, 0xEC, 0x9F, 0x09, 0x76, 0xFF, 0x62, 0x58, 0xE3, 0xF1, 0x7C, 0xFF, 0x68, 0x00, 0x00, 0x00, 0x3B, 0xFF, 0x3D, 0x00, 0x13, 0x4D, 0xDD, 0xBE, 0x01, 0xFF, 0xF5, 0xD2, 0x7F, 0x0B, 0x00, 0xC2, 0xC7, 0xC3, 0xC7,
  0x00, 0x00, 0x00, 0x00, 0xC2, 0xC7, 0xC3, 0xC7, 0x00, 0xC2, 0xC7, 0x00, 0x00, 0xC3, 0xC7, 0x00, 0x00, 0x00, 0x00, 0x00, 0x00, 0x00, 0x00, 0x00, 0x00, 0xD0, 0xD5, 0x0F, 0x00, 0xC2, 0xFF, 0x3A, 0x0C, 0xAE, 0xE8, 0x0C, 0xEE, 0xB8, 0x2E, 0x00,
  0x00, 0x00, 0x38, 0xAC, 0x00, 0x51, 0xEA, 0x36, 0x6F, 0xF7, 0x44, 0x00, 0x70, 0xF8, 0x48, 0x00, 0x00, 0x51, 0xEB, 0x37, 0x00, 0x00, 0x38, 0xAC, 0xFF, 0xFF, 0xFF, 0xFF, 0xFF, 0x00, 0x00, 0x00, 0x00, 0x00, 0xFF, 0xFF, 0xFF, 0xFF, 0xFF, 0xAC,
  0x35, 0x00, 0x00, 0x38, 0xEA, 0x4F, 0x00, 0x00, 0x49, 0xF8, 0x6F, 0x00, 0x44, 0xF6, 0x6F, 0x36, 0xE9, 0x50, 0x00, 0xAC, 0x36, 0x00, 0x00, 0xF4, 0xC1, 0x3B, 0x00, 0x11, 0x9A, 0xF5, 0x24, 0x00, 0x11, 0xFF, 0x79, 0x01, 0x41, 0xFF, 0x69, 0xF9,
  0xF8, 0xB0, 0x0B, 0xEB, 0x67, 0x00, 0x00, 0x00, 0x00, 0x00, 0x00, 0xC8, 0xAE, 0x00, 0x00, 0x00, 0x19, 0xAE, 0xF1, 0xC9, 0x2A, 0x00, 0x05, 0xCE, 0x89, 0x12, 0x97, 0xCC, 0x00, 0x5D, 0xD8, 0x03, 0x00, 0x24, 0xFF, 0x18, 0xB2, 0x80, 0x40, 0xED,
  0x06, 0xFF, 0x30, 0xE5, 0x50, 0xA8, 0xFF, 0x0D, 0xFF, 0x24, 0xF9, 0x3D, 0xC5, 0xFF, 0x4C, 0xEE, 0x06, 0xEC, 0x48, 0xA2, 0xB7, 0xEE, 0x67, 0x00, 0xC5, 0x77, 0x00, 0x00, 0x00, 0x00, 0x00, 0x59, 0xE7, 0x36, 0x01, 0x00, 0x00, 0x00, 0x00, 0x7A,
  0xE9, 0xF6, 0xC0, 0x00, 0x00, 0x00, 0x00, 0x48, 0xCD, 0x5D, 0x00, 0x00, 0x00, 0x00, 0x9E, 0x3B, 0xB0, 0x00, 0x00, 0x00, 0x06, 0xC0, 0x00, 0xCE, 0x0D, 0x00, 0x00, 0x4E, 0x85, 0x00, 0x8D, 0x59, 0x00, 0x00, 0xA6, 0xFF, 0xFF, 0xFF, 0xAD, 0x00,
  0x09, 0xDF, 0x02, 0x00, 0x07, 0xEA, 0x0B, 0x54, 0xA4, 0x00, 0x00, 0x00, 0xB1, 0x55, 0xFF, 0xFF, 0xFA, 0xD9, 0x59, 0x00, 0xFF, 0x70, 0x08, 0x9F, 0xEE, 0x00, 0xFF, 0x70, 0x09, 0xAA, 0xC7, 0x00, 0xFF, 0xFF, 0xFF, 0xF6, 0x68, 0x00, 0xFF, 0x70,
  0x05, 0x4F, 0xFF, 0x4C, 0xFF, 0x70, 0x03, 0x48, 0xFF, 0x47, 0xFF, 0xFF, 0xF8, 0xD7, 0x6D, 0x00, 0x0D, 0xA9, 0xF5, 0xFF, 0x8F, 0xF0, 0x2B, 0x00, 0xDF, 0xA5, 0x00, 0x00, 0xF8, 0x8D, 0x00, 0x00, 0xE6, 0xA2, 0x00, 0x00, 0xA2, 0xED, 0x28, 0x00,
  0x19, 0xBB, 0xF8, 0xFF, 0xFF, 0xFF, 0xED, 0xBE, 0x39, 0x00, 0xFF, 0x70, 0x11, 0xA0, 0xF1, 0x1A, 0xFF, 0x70, 0x00, 0x20, 0xFF, 0x65, 0xFF, 0x70, 0x00, 0x07, 0xFF, 0x80, 0xFF, 0x70, 0x00, 0x24, 0xFF, 0x62, 0xFF, 0x70, 0x16, 0xAD, 0xEA, 0x13,
  0xFF, 0xFE, 0xEB, 0xAD, 0x27, 0x00, 0xFF, 0xFF, 0xFF, 0xFF, 0xFF, 0x70, 0x00, 0x00, 0xFF, 0x70, 0x00, 0x00, 0xFF, 0xFF, 0xFF, 0xE0, 0xFF, 0x70, 0x00, 0x00, 0xFF, 0x70, 0x00, 0x00, 0xFF, 0xFF, 0xFF, 0xFF, 0xFF, 0xFF, 0xFF, 0xFF, 0xFF, 0x70,
  0x00, 0x00, 0xFF, 0x70, 0x00, 0x00, 0xFF, 0xFF, 0xFF, 0xD8, 0xFF, 0x70, 0x00, 0x00, 0xFF, 0x70, 0x00, 0x00, 0xFF, 0x70, 0x00, 0x00, 0x00, 0x5D, 0xCF, 0xF8, 0xFF, 0x70, 0x5F, 0xFF, 0x70, 0x0F, 0x00, 0x00, 0xD1, 0xBB, 0x00, 0x00, 0x00, 0x00,
  0xF5, 0x8F, 0x1C, 0xFF, 0xFF, 0x70, 0xDB, 0xA6, 0x00, 0x00, 0xFF, 0x70, 0x7F, 0xF5, 0x41, 0x08, 0xFF, 0x70, 0x06, 0x83, 0xDF, 0xFB, 0xDE, 0x4A, 0xFF, 0x70, 0x70, 0xFF, 0xFF, 0x70, 0x70, 0xFF, 0xFF, 0x70, 0x70, 0xFF, 0xFF, 0xFF, 0xFF, 0xFF,
  0xFF, 0x70, 0x70, 0xFF, 0xFF, 0x70, 0x70, 0xFF, 0xFF, 0x70, 0x70, 0xFF, 0xFF, 0xFF, 0xFF, 0xFF, 0xFF, 0x70, 0x00, 0x00, 0xFF, 0x70, 0x00, 0x00, 0x00, 0x00, 0xFF, 0x70, 0x00, 0x00, 0x00, 0x00, 0xFF, 0x70, 0x00, 0x00, 0x00, 0x00, 0xFF, 0x70,
  0x00, 0x00, 0x00, 0x00, 0xFF, 0x70, 0x00, 0x00, 0xFF, 0xFF, 0xFF, 0xFF, 0xFF, 0x70, 0xFF, 0xFF, 0xFF, 0xFF, 0x70, 0x00, 0x00, 0x00, 0xFF, 0x70, 0x00, 0x00, 0x00, 0xFF, 0x70, 0x00, 0x00, 0x00, 0xFF, 0x70, 0x00, 0x00, 0x01, 0xFF, 0x6F, 0x8C,
  0x0D, 0x51, 0xFF, 0x47, 0x78, 0xEF, 0xE5, 0x82, 0x00, 0xFF, 0x70, 0x35, 0xDF, 0x04, 0xFF, 0x70, 0xA0, 0x66, 0x00, 0xFF, 0x83, 0xD9, 0x06, 0x00, 0xFF, 0xD7, 0x81, 0x00, 0x00, 0xFF, 0x95, 0xD7, 0x04, 0x00, 0xFF, 0x70, 0xAF, 0x66, 0x00, 0xFF,
  0x70, 0x3A, 0xE5, 0x09, 0xFF, 0x70, 0x00, 0x00, 0xFF, 0x70, 0x00, 0x00, 0xFF, 0x70, 0x00, 0x00, 0xFF, 0x70, 0x00, 0x00, 0xFF, 0x70, 0x00, 0x00, 0xFF, 0x70, 0x00, 0x00, 0xFF, 0xFF, 0xFF, 0xFF, 0x41, 0xFC, 0x0E, 0x09, 0xF8, 0x57, 0x5B, 0xC7,
  0x4B, 0x45, 0xB4, 0x6E, 0x75, 0x6B, 0x85, 0x7E, 0x53, 0x86, 0x8E, 0x49, 0x8D, 0x80, 0x3B, 0x9D, 0xA8, 0x34, 0x7A, 0x6B, 0x2A, 0xB5, 0xC2, 0x1F, 0x00, 0x00, 0x19, 0xCC, 0xDB, 0x0A, 0x00, 0x00, 0x08, 0xE4, 0xFF, 0xA5, 0x70, 0xFF, 0xFF, 0xBE,
  0x70, 0xFF, 0xFF, 0xBE, 0x73, 0xFF, 0xFF, 0x9B, 0x97, 0xFF, 0xFF, 0x75, 0xBD, 0xFF, 0xFF, 0x70, 0xC1, 0xFF, 0xFF, 0x70, 0xAA, 0xFF, 0x06, 0x88, 0xE5, 0xE8, 0x99, 0x0B, 0x7D, 0xEB, 0x2E, 0x29, 0xE7, 0x8C, 0xD9, 0x90, 0x00, 0x00, 0x90, 0xDF,
  0xF7, 0x74, 0x00, 0x00, 0x76, 0xF6, 0xE2, 0x8B, 0x00, 0x00, 0x91, 0xD5, 0x93, 0xE6, 0x29, 0x2B, 0xEA, 0x79, 0x0D, 0xA1, 0xEC, 0xE7, 0x89, 0x05, 0xFF, 0xFF, 0xFB, 0xDF, 0x89, 0x05, 0xFF, 0x70, 0x04, 0x4C, 0xFF, 0x70, 0xFF, 0x70, 0x05, 0x51,
  0xFF, 0x5A, 0xFF, 0xFF, 0xFA, 0xD9, 0x76, 0x00, 0xFF, 0x70, 0x00, 0x00, 0x00, 0x00, 0xFF, 0x70, 0x00, 0x00, 0x00, 0x00, 0xFF, 0x70, 0x00, 0x00, 0x00, 0x00, 0x09, 0x99, 0xEE, 0xDC, 0x5D, 0x00, 0x83, 0xEA, 0x22, 0x7F, 0xFC, 0x22, 0xE3, 0x9F,
  0x00, 0x1A, 0xFF, 0x6A, 0xFB, 0x8B, 0x00, 0x05, 0xFF, 0x7F, 0xEA, 0x9E, 0x00, 0x1A, 0xFF, 0x64, 0xA3, 0xE7, 0x1E, 0x81, 0xF7, 0x18, 0x15, 0xC1, 0xFF, 0xE8, 0x4C, 0x00, 0x00, 0x00, 0xE3, 0x99, 0x02, 0x00, 0x00, 0x00, 0x51, 0xE6, 0xFF, 0x5B,
  0xFF, 0xFF, 0xF0, 0xB0, 0x0F, 0x00, 0xFF, 0x70, 0x3D, 0xFF, 0x74, 0x00, 0xFF, 0x70, 0x36, 0xFF, 0x64, 0x00, 0xFF, 0xFF, 0xFF, 0x96, 0x04, 0x00, 0xFF, 0x70, 0x4A, 0xBB, 0x00, 0x00, 0xFF, 0x70, 0x00, 0x94, 0x5E, 0x00, 0xFF, 0x70, 0x00, 0x0A,
  0xCF, 0x2E, 0x2C, 0xAD, 0xE5, 0xFD, 0xFF, 0x88, 0xE1, 0xBB, 0x1A, 0x02, 0x00, 0x00, 0xCA, 0xDF, 0x3E, 0x00, 0x00, 0x00, 0x12, 0x8B, 0xEA, 0xD9, 0x64, 0x00, 0x00, 0x00, 0x05, 0x71, 0xFF, 0x5A, 0x00, 0x00, 0x06, 0x47, 0xFF, 0x68, 0xFF, 0xFF,
  0xFB, 0xE1, 0x89, 0x05, 0xFF, 0xFF, 0xFF, 0xFF, 0xFF, 0x70, 0x00, 0x00, 0xFF, 0x70, 0x00, 0x00, 0x00, 0x00, 0xFF, 0x70, 0x00, 0x00, 0x00, 0x00, 0xFF, 0x70, 0x00, 0x00, 0x00, 0x00, 0xFF, 0x70, 0x00, 0x00, 0x00, 0x00, 0xFF, 0x70, 0x00, 0x00,
  0x00, 0x00, 0xFF, 0x70, 0x00, 0x00, 0xFF, 0x70, 0x00, 0x00, 0xFF, 0x70, 0xFF, 0x70, 0x00, 0x00, 0xFF, 0x70, 0xFF, 0x70, 0x00, 0x00, 0xFF, 0x70, 0xFF, 0x70, 0x00, 0x00, 0xFF, 0x70, 0xFD, 0x73, 0x00, 0x05, 0xFF, 0x6A, 0xD6, 0xB9, 0x0C, 0x5D,
  0xFF, 0x35, 0x39, 0xCB, 0xF6, 0xE0, 0x6B, 0x00, 0x56, 0xBC, 0x00, 0x00, 0x00, 0xB2, 0x53, 0x0B, 0xF1, 0x12, 0x00, 0x0D, 0xEA, 0x08, 0x00, 0xAD, 0x5F, 0x00, 0x58, 0xA3, 0x00, 0x00, 0x58, 0xB0, 0x00, 0xAB, 0x4B, 0x00, 0x00, 0x0C, 0xEE, 0x14,
  0xE2, 0x05, 0x00, 0x00, 0x00, 0xAF, 0xA1, 0x9B, 0x00, 0x00, 0x00, 0x00, 0x5A, 0xFF, 0x43, 0x00, 0x00, 0xEE, 0x7D, 0x00, 0x00, 0x69, 0xED, 0xC9, 0x99, 0x00, 0x00, 0x83, 0xC8, 0xA5, 0xB4, 0x3F, 0x4D, 0x9D, 0xA4, 0x80, 0xD0, 0x5E, 0x72, 0xB7,
  0x7F, 0x5C, 0xEB, 0x77, 0x91, 0xD1, 0x5B, 0x37, 0xFF, 0xA6, 0xB7, 0xEB, 0x36, 0x12, 0xFF, 0xD2, 0xD3, 0xFF, 0x12, 0xA9, 0x7C, 0x00, 0x00, 0x73, 0xA7, 0x13, 0xE2, 0x34, 0x2D, 0xDF, 0x12, 0x00, 0x4B, 0xD7, 0xD2, 0x4A, 0x00, 0x00, 0x00, 0xC0,
  0xC3, 0x00, 0x00, 0x00, 0x41, 0xDD, 0xDE, 0x46, 0x00, 0x10, 0xE0, 0x3E, 0x40, 0xE3, 0x11, 0xA6, 0x8C, 0x00, 0x00, 0x8F, 0xA7, 0xA0, 0xDF, 0x0E, 0x00, 0x00, 0x79, 0xEF, 0x20, 0x0A, 0xD5, 0xA2, 0x00, 0x28, 0xF7, 0x52, 0x00, 0x00, 0x2B, 0xF5,
  0x55, 0xC5, 0x93, 0x00, 0x00, 0x00, 0x00, 0x60, 0xF9, 0xCD, 0x07, 0x00, 0x00, 0x00, 0x00, 0x00, 0xFF, 0x70, 0x00, 0x00, 0x00, 0x00, 0x00, 0x00, 0xFF, 0x70, 0x00, 0x00, 0x00, 0x00, 0x00, 0x00, 0xFF, 0x70, 0x00, 0x00, 0x00, 0xFF, 0xFF, 0xFF,
  0xFF, 0xDF, 0x00, 0x00, 0x00, 0x81, 0x41, 0x00, 0x00, 0x33, 0x8D, 0x00, 0x00, 0x07, 0xAF, 0x0A, 0x00, 0x00, 0x86, 0x3A, 0x00, 0x00, 0x38, 0x87, 0x00, 0x00, 0x00, 0xD9, 0xFF, 0xFF, 0xFF, 0x00, 0x5C, 0xFF, 0xFF, 0xFF, 0x5C, 0xFF, 0x00, 0x00,
  0x5C, 0xFF, 0x00, 0x00, 0x5C, 0xFF, 0x00, 0x00, 0x5C, 0xFF, 0x00, 0x00, 0x5C, 0xFF, 0x00, 0x00, 0x5C, 0xFF, 0x00, 0x00, 0x5C, 0xFF, 0x00, 0x00, 0x5C, 0xFF, 0x00, 0x00, 0x5C, 0xFF, 0xFF, 0xFF, 0xC3, 0x1F, 0x00, 0x00, 0x00, 0x56, 0x8E, 0x00,
  0x00, 0x00, 0x03, 0xD2, 0x0E, 0x00, 0x00, 0x00, 0x72, 0x72, 0x00, 0x00, 0x00, 0x0E, 0xD2, 0x03, 0x00, 0x00, 0x00, 0x8F, 0x55, 0x00, 0x00, 0x00, 0x20, 0xC3, 0x00, 0x00, 0x00, 0x00, 0xAB, 0x39, 0x00, 0x00, 0x00, 0x39, 0xAB, 0xFF, 0xFF, 0xFF,
  0x70, 0x00, 0x00, 0xFF, 0x70, 0x00, 0x00, 0xFF, 0x70, 0x00, 0x00, 0xFF, 0x70, 0x00, 0x00, 0xFF, 0x70, 0x00, 0x00, 0xFF, 0x70, 0x00, 0x00, 0xFF, 0x70, 0x00, 0x00, 0xFF, 0x70, 0x00, 0x00, 0xFF, 0x70, 0xFF, 0xFF, 0xFF, 0x70, 0x00, 0x1E, 0xE8,
  0x24, 0x00, 0x00, 0xA6, 0x90, 0xAB, 0x00, 0x38, 0xF5, 0x18, 0xFD, 0x39, 0xFF, 0xFF, 0xFF, 0xFF, 0xFF, 0xFF, 0x80, 0xFE, 0x4A, 0x00, 0x00, 0x80, 0xED, 0x1F, 0x00, 0xFF, 0xFF, 0xF2, 0xA7, 0x07, 0x00, 0x00, 0x00, 0x29, 0xFF, 0x59, 0x3B, 0xCC,
  0xF8, 0xFF, 0xFF, 0x70, 0xDD, 0xC1, 0x0F, 0x00, 0xFF, 0x70, 0xEF, 0xAC, 0x10, 0x7E, 0xFF, 0x70, 0x65, 0xEB, 0xE8, 0x86, 0xE1, 0x70, 0xFF, 0x70, 0x00, 0x00, 0x00, 0x00, 0xFF, 0x70, 0x00, 0x00, 0x00, 0x00, 0xFF, 0x93, 0xC3, 0xEF, 0x8D, 0x00,
  0xFF, 0xDF, 0x2A, 0x5D, 0xFF, 0x34, 0xFF, 0x71, 0x00, 0x09, 0xFF, 0x64, 0xFF, 0x70, 0x00, 0x13, 0xFF, 0x56, 0xFF, 0x84, 0x09, 0x84, 0xEF, 0x16, 0xC1, 0xF1, 0xF5, 0xC8, 0x3B, 0x00, 0x14, 0xB1, 0xF6, 0xFF, 0xA3, 0xDE, 0x1E, 0x00, 0xEB, 0x82,
  0x00, 0x00, 0xF1, 0x7D, 0x00, 0x00, 0xB9, 0xD4, 0x18, 0x00, 0x25, 0xC4, 0xF9, 0xFF, 0x00, 0x00, 0x00, 0x00, 0xFF, 0x70, 0x00, 0x00, 0x00, 0x00, 0xFF, 0x70, 0x11, 0xA3, 0xED, 0xF1, 0xFF, 0x70, 0x9E, 0xDA, 0x1F, 0x16, 0xFF, 0x70, 0xE8, 0x80,
  0x00, 0x00, 0xFF, 0x70, 0xF5, 0x79, 0x00, 0x06, 0xFF, 0x70, 0xC6, 0xC1, 0x11, 0xA0, 0xFB, 0x70, 0x36, 0xDC, 0xED, 0x6D, 0xDB, 0x70, 0x0D, 0xA0, 0xEE, 0xE3, 0x75, 0x00, 0x9A, 0xB1, 0x0E, 0x3F, 0xFF, 0x3B, 0xEB, 0xFF, 0xFF, 0xFF, 0xFF, 0x6A,
  0xEF, 0x82, 0x00, 0x00, 0x00, 0x00, 0xB1, 0xE2, 0x2E, 0x01, 0x00, 0x00, 0x1D, 0xB2, 0xEF, 0xFF, 0xFF, 0x00, 0x00, 0x00, 0x41, 0xD2, 0xFA, 0xFF, 0x00, 0x00, 0xDC, 0xAD, 0x09, 0x00, 0x00, 0x00, 0xFE, 0x70, 0x00, 0x00, 0xFF, 0xFF, 0xFF, 0xFF,
  0xFF, 0x00, 0x00, 0x00, 0xFF, 0x70, 0x00, 0x00, 0x00, 0x00, 0xFF, 0x70, 0x00, 0x00, 0x00, 0x00, 0xFF, 0x70, 0x00, 0x00, 0x00, 0x00, 0xFF, 0x70, 0x00, 0x00, 0x31, 0xBE, 0xF3, 0xFF, 0xFF, 0xFF, 0x70, 0xDC, 0xAD, 0x0E, 0x47, 0xFF, 0x4B, 0x00,
  0xE8, 0xAB, 0x0B, 0x47, 0xFF, 0x4C, 0x00, 0xA6, 0xE5, 0xF8, 0xE4, 0x7F, 0x00, 0x00, 0xF3, 0x83, 0x0C, 0x03, 0x00, 0x00, 0x00, 0xB8, 0xFE, 0xF1, 0xFC, 0xD5, 0x2E, 0x00, 0xEE, 0xAC, 0x09, 0x3B, 0xFF, 0x74, 0x00, 0x80, 0xE4, 0xFA, 0xE8, 0x9D,
  0x0C, 0x00, 0xFF, 0x70, 0x00, 0x00, 0x00, 0xFF, 0x70, 0x00, 0x00, 0x00, 0xFF, 0x9D, 0xE0, 0xD2, 0x11, 0xFF, 0xCE, 0x2E, 0xFF, 0x5C, 0xFF, 0x72, 0x00, 0xFF, 0x6F, 0xFF, 0x70, 0x00, 0xFF, 0x70, 0xFF, 0x70, 0x00, 0xFF, 0x70, 0xFF, 0x70, 0x00,
  0xFF, 0x70, 0x00, 0x00, 0xC3, 0xCA, 0x00, 0x00, 0x00, 0x00, 0xFF, 0xFF, 0xFF, 0x70, 0x00, 0x00, 0xFF, 0x70, 0x00, 0x00, 0xFF, 0x70, 0x00, 0x00, 0xFF, 0x70, 0x00, 0x00, 0xFF, 0x70, 0xFF, 0xFF, 0xFF, 0xFF, 0x00, 0x00, 0xCA, 0xC2, 0x00, 0x00,
  0x00, 0x00, 0xFF, 0xFF, 0xFF, 0xFF, 0x00, 0x00, 0x70, 0xFF, 0x00, 0x00, 0x70, 0xFF, 0x00, 0x00, 0x70, 0xFF, 0x00, 0x00, 0x70, 0xFF, 0x00, 0x00, 0x70, 0xFB, 0x00, 0x0A, 0xA0, 0xCD, 0xFF, 0xFB, 0xCF, 0x33, 0xFF, 0x70, 0x00, 0x00, 0x00, 0xFF,
  0x70, 0x00, 0x00, 0x00, 0xFF, 0x70, 0x21, 0xF7, 0xA9, 0xFF, 0x70, 0xB4, 0xE8, 0x13, 0xFF, 0xBE, 0xFF, 0x50, 0x00, 0xFF, 0xB8, 0xFF, 0x57, 0x00, 0xFF, 0x70, 0xC5, 0xE2, 0x0A, 0xFF, 0x70, 0x42, 0xFF, 0x81, 0xFF, 0xFF, 0xFF, 0x70, 0x00, 0x00,
  0xFF, 0x70, 0x00, 0x00, 0xFF, 0x70, 0x00, 0x00, 0xFF, 0x70, 0x00, 0x00, 0xFF, 0x70, 0x00, 0x00, 0xFF, 0x70, 0x00, 0x00, 0xFF, 0x70, 0xFF, 0xFF, 0xFF, 0xFF, 0xFF, 0x96, 0xEC, 0x75, 0xEF, 0x2E, 0xFF, 0xA6, 0xFF, 0xA3, 0xFF, 0x6A, 0xFF, 0x72,
  0xFF, 0x72, 0xFF, 0x70, 0xFF, 0x70, 0xFF, 0x70, 0xFF, 0x70, 0xFF, 0x70, 0xFF, 0x70, 0xFF, 0x70, 0xFF, 0x70, 0xFF, 0x70, 0xFF, 0x70, 0xFF, 0x91, 0xE8, 0xD2, 0x11, 0xFF, 0xCB, 0x2E, 0xFF, 0x5C, 0xFF, 0x72, 0x00, 0xFF, 0x6F, 0xFF, 0x70, 0x00,
  0xFF, 0x70, 0xFF, 0x70, 0x00, 0xFF, 0x70, 0xFF, 0x70, 0x00, 0xFF, 0x70, 0x12, 0xA9, 0xF0, 0xDD, 0x5D, 0x00, 0xA1, 0xD3, 0x17, 0x71, 0xFB, 0x23, 0xEB, 0x7C, 0x00, 0x0E, 0xFF, 0x5E, 0xF0, 0x7B, 0x00, 0x0E, 0xFF, 0x5A, 0xB3, 0xD0, 0x15, 0x74,
  0xF6, 0x1A, 0x1D, 0xBB, 0xF4, 0xD5, 0x4B, 0x00, 0xFF, 0x85, 0xC9, 0xEF, 0x8B, 0x00, 0xFF, 0xE0, 0x2A, 0x5D, 0xFF, 0x31, 0xFF, 0x71, 0x00, 0x09, 0xFF, 0x63, 0xFF, 0x70, 0x00, 0x11, 0xFF, 0x57, 0xFF, 0x84, 0x0A, 0x85, 0xF3, 0x1A, 0xFF, 0xFA,
  0xFA, 0xD3, 0x47, 0x00, 0xFF, 0x70, 0x00, 0x00, 0x00, 0x00, 0xFF, 0x70, 0x00, 0x00, 0x00, 0x00, 0x0E, 0xA1, 0xEA, 0xF1, 0xE0, 0x6C, 0x9B, 0xDB, 0x20, 0x16, 0xFF, 0x70, 0xE9, 0x80, 0x00, 0x00, 0xFF, 0x70, 0xF5, 0x79, 0x00, 0x06, 0xFF, 0x70,
  0xC6, 0xC0, 0x10, 0xA0, 0xFF, 0x70, 0x39, 0xDE, 0xED, 0x70, 0xFA, 0x70, 0x00, 0x00, 0x00, 0x00, 0xFF, 0x70, 0x00, 0x00, 0x00, 0x00, 0xFF, 0x70, 0xFF, 0x8F, 0xDB, 0xDB, 0x1A, 0xFF, 0xBB, 0x23, 0xFF, 0x64, 0xFF, 0x70, 0x00, 0x00, 0x00, 0xFF,
  0x70, 0x00, 0x00, 0x00, 0xFF, 0x70, 0x00, 0x00, 0x00, 0xFF, 0x70, 0x00, 0x00, 0x00, 0x5A, 0xDB, 0xFD, 0xFF, 0x00, 0xF0, 0x93, 0x03, 0x00, 0x00, 0xAC, 0xEE, 0x81, 0x1D, 0x00, 0x02, 0x4F, 0xBD, 0xF5, 0x30, 0x00, 0x00, 0x28, 0xFF, 0x61, 0xFF,
  0xFF, 0xF5, 0xA9, 0x0B, 0x00, 0x58, 0xE3, 0x00, 0x00, 0x00, 0x74, 0xFC, 0x00, 0x00, 0xFF, 0xFF, 0xFF, 0xFF, 0xFF, 0x00, 0x74, 0xFC, 0x00, 0x00, 0x00, 0x74, 0xFC, 0x00, 0x00, 0x00, 0x74, 0xFC, 0x00, 0x00, 0x00, 0x61, 0xFF, 0x34, 0x00, 0x00,
  0x0D, 0xBD, 0xF9, 0xFF, 0xFF, 0x70, 0x00, 0xFF, 0x70, 0xFF, 0x70, 0x00, 0xFF, 0x70, 0xFF, 0x70, 0x00, 0xFF, 0x70, 0xFF, 0x70, 0x02, 0xFF, 0x70, 0xEE, 0x94, 0x66, 0xFF, 0x70, 0x7E, 0xF5, 0x9A, 0xE4, 0x70, 0x4D, 0xBC, 0x00, 0x00, 0x00, 0xB6,
  0x4A, 0x02, 0xDE, 0x18, 0x00, 0x14, 0xD9, 0x02, 0x00, 0x7D, 0x6E, 0x00, 0x6B, 0x76, 0x00, 0x00, 0x19, 0xC2, 0x00, 0xBD, 0x14, 0x00, 0x00, 0x00, 0xAC, 0x40, 0xA1, 0x00, 0x00, 0x00, 0x00, 0x44, 0xDA, 0x38, 0x00, 0x00, 0x64, 0x84, 0x00, 0x00,
  0x00, 0x6C, 0x77, 0x2B, 0xBF, 0x00, 0xDD, 0x13, 0x6C, 0x68, 0x01, 0xE6, 0x0B, 0xC7, 0x74, 0x6C, 0x59, 0x00, 0xBA, 0x5A, 0x55, 0xCC, 0x6D, 0x49, 0x00, 0x81, 0xC0, 0x25, 0x97, 0xBF, 0x3A, 0x00, 0x48, 0xFA, 0x04, 0x32, 0xFF, 0x2B, 0x9A, 0x8B,
  0x00, 0x00, 0x81, 0x98, 0x06, 0xC6, 0x3D, 0x36, 0xC1, 0x06, 0x00, 0x1B, 0xC6, 0xBF, 0x19, 0x00, 0x00, 0x16, 0xB2, 0xBB, 0x18, 0x00, 0x05, 0xBE, 0x32, 0x39, 0xC3, 0x06, 0x98, 0x87, 0x00, 0x00, 0x8F, 0x99, 0x4C, 0xBD, 0x00, 0x00, 0x00, 0xBB,
  0x3D, 0x02, 0xDE, 0x1C, 0x00, 0x23, 0xB5, 0x00, 0x00, 0x7B, 0x76, 0x00, 0x86, 0x32, 0x00, 0x00, 0x17, 0xCC, 0x05, 0x94, 0x00, 0x00, 0x00, 0x00, 0xA9, 0x90, 0x31, 0x00, 0x00, 0x00, 0x00, 0x40, 0xD1, 0x00, 0x00, 0x00, 0x00, 0x0C, 0x89, 0x52,
  0x00, 0x00, 0x00, 0x80, 0xEC, 0x89, 0x00, 0x00, 0x00, 0x00, 0xFF, 0xFF, 0xFF, 0xE8, 0x00, 0x00, 0x70, 0x5A, 0x00, 0x1C, 0xAE, 0x00, 0x00, 0xA6, 0x25, 0x00, 0x4C, 0x7E, 0x00, 0x00, 0xE1, 0xFF, 0xFF, 0xFF, 0x00, 0x00, 0x83, 0xF6, 0x00, 0x00,
  0xF6, 0x76, 0x00, 0x00, 0xFF, 0x5C, 0x04, 0x3E, 0xFF, 0x4C, 0xFF, 0xFF, 0xCD, 0x06, 0x05, 0x4E, 0xFF, 0x48, 0x00, 0x00, 0xFF, 0x5C, 0x00, 0x00, 0xFF, 0x5C, 0x00, 0x00, 0xF0, 0x79, 0x00, 0x00, 0x7D, 0xF6, 0xFF, 0x5C, 0xFF, 0x5C, 0xFF, 0x5C,
  0xFF, 0x5C, 0xFF, 0x5C, 0xFF, 0x5C, 0xFF, 0x5C, 0xFF, 0x5C, 0xFF, 0x5C, 0xFF, 0x5C, 0xFF, 0x5C, 0xF6, 0x82, 0x00, 0x00, 0x76, 0xF4, 0x00, 0x00, 0x5C, 0xFF, 0x00, 0x00, 0x4D, 0xFF, 0x45, 0x04, 0x05, 0xCC, 0xFF, 0xFF, 0x47, 0xFF, 0x43, 0x04,
  0x5C, 0xFF, 0x00, 0x00, 0x5C, 0xFF, 0x00, 0x00, 0x79, 0xF0, 0x00, 0x00, 0xF5, 0x7B, 0x00, 0x00, 0x86, 0xF1, 0x83, 0x23, 0xFF, 0x4D, 0xF4, 0x79, 0x4A, 0xE3, 0xD2, 0x0D, 0x00, 0xC6, 0xAD, 0x00, 0x00, 0xD5, 0x5C, 0xDD, 0x66, 0xE5, 0x70, 0xED,
  0x7A, 0xF5, 0x84, 0xFC, 0x8E, 0x00, 0x00, 0xCC, 0x00, 0x00, 0x00, 0xCC, 0x00, 0x30, 0xD3, 0xFE, 0xFF, 0xC8, 0x60, 0xC8, 0x00, 0xF6, 0x08, 0xCA, 0x00, 0xCE, 0x6C, 0xCB, 0x00, 0x2E, 0xC2, 0xFF, 0xFF, 0x00, 0x00, 0xC8, 0x00, 0x00, 0x00, 0xC8,
  0x00, 0x00, 0x69, 0xF1, 0x86, 0x00, 0xEA, 0x95, 0x58, 0x00, 0xFF, 0x70, 0x00, 0xFF, 0xFF, 0xFF, 0x00, 0x00, 0xFF, 0x70, 0x00, 0x00, 0xFF, 0x70, 0x00, 0xFF, 0xFF, 0xFF, 0xFF, 0x5E, 0x8B, 0x00, 0x3C, 0xA1, 0x0C, 0x54, 0xE4, 0xEC, 0xEC, 0x89,
  0x0A, 0x00, 0xD6, 0xA8, 0xFF, 0x3A, 0x00, 0x00, 0xFA, 0x87, 0xFF, 0x54, 0x00, 0x00, 0xE2, 0xA9, 0xFF, 0x32, 0x00, 0x4E, 0xE3, 0xED, 0xEC, 0x90, 0x0A, 0x5E, 0x8C, 0x00, 0x3C, 0xA2, 0x0C, 0xA7, 0xD4, 0x02, 0x59, 0xF3, 0x23, 0x11, 0xE4, 0x61,
  0xD7, 0x64, 0x00, 0x00, 0x44, 0xF6, 0xB4, 0x00, 0x00, 0x00, 0xFF, 0xFF, 0xFF, 0xFF, 0x00, 0x00, 0x00, 0xFF, 0x70, 0x00, 0x00, 0x00, 0xFF, 0xFF, 0xFF, 0xFF, 0x00, 0x00, 0x00, 0xFF, 0x70, 0x00, 0x00, 0xFF, 0x5C, 0xFF, 0x5C, 0xFF, 0x5C, 0xFF,
  0x5C, 0x00, 0x00, 0x00, 0x00, 0x00, 0x00, 0xFF, 0x5C, 0xFF, 0x5C, 0xFF, 0x5C, 0xFF, 0x5C, 0x00, 0x52, 0xD4, 0xF9, 0xFF, 0x00, 0x00, 0xEE, 0x97, 0x05, 0x00, 0x00, 0x08, 0xD6, 0xF1, 0x62, 0x00, 0x00, 0xBC, 0xA2, 0x51, 0xEA, 0xAE, 0x03, 0xE0,
  0xA3, 0x00, 0x31, 0xFF, 0x55, 0x35, 0xDF, 0x9E, 0x4A, 0xFF, 0x4A, 0x00, 0x08, 0x72, 0xF2, 0xCE, 0x00, 0x00, 0x00, 0x0B, 0xA0, 0xED, 0x00, 0xFF, 0xFF, 0xF6, 0xC5, 0x3E, 0x00, 0xCA, 0x94, 0xCA, 0x94, 0x03, 0x84, 0xEE, 0xF0, 0x87, 0x03, 0x75,
  0xE7, 0x2D, 0x30, 0xEA, 0x75, 0xD8, 0x80, 0x9D, 0xFD, 0x86, 0xD9, 0xF6, 0x62, 0xF7, 0x71, 0x64, 0xF6, 0xD9, 0x81, 0xAC, 0xFE, 0x83, 0xD8, 0x7A, 0xE6, 0x2B, 0x2A, 0xE7, 0x76, 0x04, 0x8B, 0xF0, 0xE6, 0x86, 0x04, 0x00, 0xDF, 0xFA, 0xD2, 0x19,
  0x00, 0x00, 0x1E, 0xFF, 0x59, 0x25, 0xDB, 0xFD, 0xFF, 0x5C, 0x32, 0xE8, 0xD2, 0xF3, 0x5C, 0x00, 0x00, 0x00, 0x00, 0x00, 0x5C, 0xFF, 0xFF, 0xFF, 0x5C, 0x00, 0x85, 0xAA, 0x00, 0x1F, 0xDB, 0x2D, 0x28, 0xF9, 0x4D, 0x00, 0xB3, 0xBC, 0x00, 0x28,
  0xF9, 0x4D, 0x00, 0xAF, 0xBF, 0x00, 0x00, 0x84, 0xAB, 0x00, 0x1D, 0xD7, 0x2E, 0xFF, 0xFF, 0xFF, 0xFF, 0xFF, 0x00, 0x00, 0x00, 0x70, 0xFF, 0x00, 0x00, 0x00, 0x70, 0xFF, 0xFF, 0xFF, 0xFF, 0x00, 0x18, 0xA2, 0xEA, 0xEA, 0xA1, 0x18, 0x00, 0x00,
  0xC8, 0x95, 0x16, 0x16, 0x97, 0xC8, 0x00, 0x0F, 0xFF, 0x10, 0xEE, 0xB3, 0x18, 0xFF, 0x0F, 0x00, 0xC8, 0x93, 0x14, 0x14, 0x95, 0xC8, 0x00, 0x00, 0x18, 0xA5, 0xEC, 0xEC, 0xA4, 0x18, 0x00, 0xFF, 0xFF, 0xFF, 0x00, 0x7C, 0xE9, 0xEF, 0x93, 0x01,
  0x3B, 0xFF, 0x36, 0x34, 0xFF, 0x42, 0x44, 0xFF, 0x31, 0x34, 0xFF, 0x3A, 0x01, 0x93, 0xEF, 0xE9, 0x7D, 0x00, 0x00, 0x00, 0xFF, 0x70, 0x00, 0x00, 0x00, 0x00, 0xFF, 0x70, 0x00, 0x00, 0xFF, 0xFF, 0xFF, 0xFF, 0xFF, 0x70, 0x00, 0x00, 0xFF, 0x70,
  0x00, 0x00, 0x00, 0x00, 0xFF, 0x70, 0x00, 0x00, 0x00, 0x00, 0x00, 0x00, 0x00, 0x00, 0xFF, 0xFF, 0xFF, 0xFF, 0xFF, 0x70, 0x40, 0xFF, 0x89, 0xC0, 0xC8, 0x05, 0xFF, 0x70, 0x00, 0xFF, 0x70, 0x00, 0xFF, 0x70, 0x00, 0xFF, 0x70, 0x00, 0xFF, 0x70,
  0x00, 0xFF, 0x70, 0x00, 0xFF, 0x70, 0x01, 0xFF, 0x70, 0x00, 0xFF, 0x95, 0x5F, 0xFF, 0x8D, 0x01, 0xFF, 0xEA, 0xC0, 0x83, 0xFC, 0x70, 0xFF, 0x6C, 0x00, 0x00, 0x02, 0x02, 0xFF, 0x70, 0x00, 0x00, 0x00, 0x00, 0x1D, 0xAB, 0xEA, 0xFF, 0xFF, 0xC1,
  0xFF, 0x90, 0x70, 0xFF, 0xF6, 0xFF, 0x90, 0x70, 0xFF, 0xD0, 0xFF, 0x90, 0x70, 0xFF, 0x35, 0xCE, 0x89, 0x70, 0xFF, 0x00, 0x00, 0x00, 0x70, 0xFF, 0x00, 0x00, 0x00, 0x73, 0xFC, 0x00, 0x8B, 0x10, 0xB3, 0xD5, 0x00, 0x76, 0xEB, 0xDB, 0x41, 0xBC,
  0xE5, 0x1C, 0xBD, 0xE5, 0x1D, 0xFB, 0x70, 0xF1, 0x70, 0x00, 0x82, 0xE9, 0xF1, 0x9A, 0x02, 0x3F, 0xFF, 0x35, 0x39, 0xFF, 0x44, 0x45, 0xFF, 0x39, 0x35, 0xFF, 0x3A, 0x02, 0x9A, 0xF1, 0xEA, 0x81, 0x00, 0x00, 0x00, 0x00, 0x00, 0x00, 0x00, 0x5C,
  0xFF, 0xFF, 0xFF, 0xFF, 0x5C, 0x2F, 0xDE, 0x1F, 0x00, 0xAD, 0x86, 0x00, 0x00, 0xBD, 0xB1, 0x00, 0x4D, 0xFA, 0x28, 0x00, 0xBD, 0xB1, 0x00, 0x4B, 0xFA, 0x28, 0x2F, 0xDF, 0x1F, 0x00, 0xB0, 0x88, 0x00, 0x00, 0x00, 0xB0, 0xC6, 0x00, 0x00, 0x00,
  0x00, 0x00, 0x00, 0x68, 0xED, 0x0B, 0xAF, 0xF7, 0xF9, 0x6A, 0xFF, 0x42, 0x01, 0x7B, 0xFF, 0x11, 0x00, 0x26, 0xF7, 0x99, 0x11, 0x00, 0x3E, 0xC5, 0xF6, 0x00, 0x80, 0xFE, 0x4A, 0x00, 0x00, 0x00, 0x00, 0x00, 0x80, 0xED, 0x1F, 0x00, 0x00, 0x00,
  0x00, 0x00, 0x00, 0x00, 0x00, 0x00, 0x00, 0x00, 0x48, 0xCD, 0x5D, 0x00, 0x00, 0x00, 0x00, 0x9E, 0x3B, 0xB0, 0x00, 0x00, 0x00, 0x06, 0xC0, 0x00, 0xCE, 0x0D, 0x00, 0x00, 0x4E, 0x85, 0x00, 0x8D, 0x59, 0x00, 0x00, 0xA6, 0xFF, 0xFF, 0xFF, 0xAD,
  0x00, 0x09, 0xDF, 0x02, 0x00, 0x07, 0xEA, 0x0B, 0x54, 0xA4, 0x00, 0x00, 0x00, 0xB1, 0x55, 0x00, 0x00, 0x40, 0xFF, 0x89, 0x00, 0x00, 0x00, 0x00, 0xC0, 0xC8, 0x05, 0x00, 0x00, 0x00, 0x00, 0x00, 0x00, 0x00, 0x00, 0x00, 0x00, 0x00, 0x48, 0xCD,
  0x5D, 0x00, 0x00, 0x00, 0x00, 0x9E, 0x3B, 0xB0, 0x00, 0x00, 0x00, 0x06, 0xC0, 0x00, 0xCE, 0x0D, 0x00, 0x00, 0x4E, 0x85, 0x00, 0x8D, 0x59, 0x00, 0x00, 0xA6, 0xFF, 0xFF, 0xFF, 0xAD, 0x00, 0x09, 0xDF, 0x02, 0x00, 0x07, 0xEA, 0x0B, 0x54, 0xA4,
  0x00, 0x00, 0x00, 0xB1, 0x55, 0x00, 0x00, 0x73, 0xFF, 0x77, 0x00, 0x00, 0x00, 0x2D, 0xF7, 0x78, 0xF8, 0x2E, 0x00, 0x00, 0x00, 0x00, 0x00, 0x00, 0x00, 0x00, 0x00, 0x00, 0x48, 0xCD, 0x5D, 0x00, 0x00, 0x00, 0x00, 0x9E, 0x3B, 0xB0, 0x00, 0x00,
  0x00, 0x06, 0xC0, 0x00, 0xCE, 0x0D, 0x00, 0x00, 0x4E, 0x85, 0x00, 0x8D, 0x59, 0x00, 0x00, 0xA6, 0xFF, 0xFF, 0xFF, 0xAD, 0x00, 0x09, 0xDF, 0x02, 0x00, 0x07, 0xEA, 0x0B, 0x54, 0xA4, 0x00, 0x00, 0x00, 0xB1, 0x55, 0x00, 0x97, 0xE3, 0x39, 0x7A,
  0x00, 0x00, 0x00, 0x78, 0x3A, 0xE3, 0x95, 0x00, 0x00, 0x00, 0x00, 0x00, 0x00, 0x00, 0x00, 0x00, 0x00, 0x00, 0x48, 0xCD, 0x5D, 0x00, 0x00, 0x00, 0x00, 0x9E, 0x3B, 0xB0, 0x00, 0x00, 0x00, 0x06, 0xC0, 0x00, 0xCE, 0x0D, 0x00, 0x00, 0x4E, 0x85,
  0x00, 0x8D, 0x59, 0x00, 0x00, 0xA6, 0xFF, 0xFF, 0xFF, 0xAD, 0x00, 0x09, 0xDF, 0x02, 0x00, 0x07, 0xEA, 0x0B, 0x54, 0xA4, 0x00, 0x00, 0x00, 0xB1, 0x55, 0x00, 0xCA, 0x65, 0xCA, 0x65, 0x00, 0x00, 0x00, 0x00, 0x00, 0x00, 0x00, 0x00, 0x00, 0x00,
  0x00, 0x48, 0xCD, 0x5D, 0x00, 0x00, 0x00, 0x00, 0x9E, 0x3B, 0xB0, 0x00, 0x00, 0x00, 0x06, 0xC0, 0x00, 0xCE, 0x0D, 0x00, 0x00, 0x4E, 0x85, 0x00, 0x8D, 0x59, 0x00, 0x00, 0xA6, 0xFF, 0xFF, 0xFF, 0xAD, 0x00, 0x09, 0xDF, 0x02, 0x00, 0x07, 0xEA,
  0x0B, 0x54, 0xA4, 0x00, 0x00, 0x00, 0xB1, 0x55, 0x00, 0x00, 0x9F, 0xF5, 0x9F, 0x00, 0x00, 0x00, 0x12, 0xFF, 0x48, 0xFF, 0x12, 0x00, 0x00, 0x00, 0x9F, 0xF5, 0x9F, 0x00, 0x00, 0x00, 0x00, 0x48, 0xCD, 0x5D, 0x00, 0x00, 0x00, 0x00, 0x9E, 0x3B,
  0xB0, 0x00, 0x00, 0x00, 0x06, 0xC0, 0x00, 0xCE, 0x0D, 0x00, 0x00, 0x4E, 0x85, 0x00, 0x8D, 0x59, 0x00, 0x00, 0xA6, 0xFF, 0xFF, 0xFF, 0xAD, 0x00, 0x09, 0xDF, 0x02, 0x00, 0x07, 0xEA, 0x0B, 0x54, 0xA4, 0x00, 0x00, 0x00, 0xB1, 0x55, 0x00, 0x00,
  0xAB, 0xFF, 0xFF, 0xFF, 0x00, 0x12, 0xB0, 0xFF, 0x5C, 0x00, 0x00, 0x67, 0x65, 0xFF, 0x5C, 0x00, 0x00, 0xC0, 0x17, 0xFF, 0xFF, 0xFF, 0x1E, 0xFE, 0xFF, 0xFF, 0x5C, 0x00, 0x78, 0x6E, 0x00, 0xFF, 0x5C, 0x00, 0xD2, 0x1D, 0x00, 0xFF, 0xFF, 0xFF,
  0x02, 0x78, 0xDC, 0xFE, 0xFF, 0x70, 0xFC, 0x57, 0x06, 0x00, 0xD7, 0xB0, 0x00, 0x00, 0x00, 0xF7, 0x8F, 0x00, 0x00, 0x00, 0xE3, 0xAD, 0x00, 0x00, 0x00, 0x8D, 0xFA, 0x4E, 0x05, 0x00, 0x08, 0x81, 0xD1, 0xFF, 0xFF, 0x00, 0x00, 0x49, 0xFD, 0x2D,
  0x00, 0x00, 0xC3, 0xA0, 0x00, 0x80, 0xFE, 0x4A, 0x00, 0x00, 0x80, 0xED, 0x1F, 0x00, 0x00, 0x00, 0x00, 0xFF, 0xFF, 0xFF, 0xFF, 0xFF, 0x70, 0x00, 0x00, 0xFF, 0x70, 0x00, 0x00, 0xFF, 0xFF, 0xFF, 0xE0, 0xFF, 0x70, 0x00, 0x00, 0xFF, 0x70, 0x00,
  0x00, 0xFF, 0xFF, 0xFF, 0xFF, 0x00, 0x40, 0xFF, 0x89, 0x00, 0xC0, 0xC8, 0x05, 0x00, 0x00, 0x00, 0x00, 0xFF, 0xFF, 0xFF, 0xFF, 0xFF, 0x70, 0x00, 0x00, 0xFF, 0x70, 0x00, 0x00, 0xFF, 0xFF, 0xFF, 0xE0, 0xFF, 0x70, 0x00, 0x00, 0xFF, 0x70, 0x00,
  0x00, 0xFF, 0xFF, 0xFF, 0xFF, 0x00, 0x73, 0xFF, 0x77, 0x00, 0x2D, 0xF7, 0x78, 0xF8, 0x2E, 0x00, 0x00, 0x00, 0x00, 0x00, 0xFF, 0xFF, 0xFF, 0xFF, 0x00, 0xFF, 0x70, 0x00, 0x00, 0x00, 0xFF, 0x70, 0x00, 0x00, 0x00, 0xFF, 0xFF, 0xFF, 0xE0, 0x00,
  0xFF, 0x70, 0x00, 0x00, 0x00, 0xFF, 0x70, 0x00, 0x00, 0x00, 0xFF, 0xFF, 0xFF, 0xFF, 0x00, 0xCA, 0x65, 0xCA, 0x65, 0x00, 0x00, 0x00, 0x00, 0xFF, 0xFF, 0xFF, 0xFF, 0xFF, 0x70, 0x00, 0x00, 0xFF, 0x70, 0x00, 0x00, 0xFF, 0xFF, 0xFF, 0xE0, 0xFF,
  0x70, 0x00, 0x00, 0xFF, 0x70, 0x00, 0x00, 0xFF, 0xFF, 0xFF, 0xFF, 0x80, 0xFE, 0x4A, 0x00, 0x00, 0x00, 0x00, 0x80, 0xED, 0x1F, 0x00, 0x00, 0x00, 0x00, 0x00, 0x00, 0x00, 0x00, 0xFF, 0xFF, 0xFF, 0xFF, 0xFF, 0x70, 0x00, 0x00, 0xFF, 0x70, 0x00,
  0x00, 0x00, 0x00, 0xFF, 0x70, 0x00, 0x00, 0x00, 0x00, 0xFF, 0x70, 0x00, 0x00, 0x00, 0x00, 0xFF, 0x70, 0x00, 0x00, 0x00, 0x00, 0xFF, 0x70, 0x00, 0x00, 0xFF, 0xFF, 0xFF, 0xFF, 0xFF, 0x70, 0x00, 0x40, 0xFF, 0x89, 0x00, 0x00, 0x00, 0xC0, 0xC8,
  0x05, 0x00, 0x00, 0x00, 0x00, 0x00, 0x00, 0x00, 0x00, 0xFF, 0xFF, 0xFF, 0xFF, 0xFF, 0x70, 0x00, 0x00, 0xFF, 0x70, 0x00, 0x00, 0x00, 0x00, 0xFF, 0x70, 0x00, 0x00, 0x00, 0x00, 0xFF, 0x70, 0x00, 0x00, 0x00, 0x00, 0xFF, 0x70, 0x00, 0x00, 0x00,
  0x00, 0xFF, 0x70, 0x00, 0x00, 0xFF, 0xFF, 0xFF, 0xFF, 0xFF, 0x70, 0x00, 0x73, 0xFF, 0x77, 0x00, 0x00, 0x2D, 0xF7, 0x78, 0xF8, 0x2E, 0x00, 0x00, 0x00, 0x00, 0x00, 0x00, 0x00, 0xFF, 0xFF, 0xFF, 0xFF, 0xFF, 0x70, 0x00, 0x00, 0xFF, 0x70, 0x00,
  0x00, 0x00, 0x00, 0xFF, 0x70, 0x00, 0x00, 0x00, 0x00, 0xFF, 0x70, 0x00, 0x00, 0x00, 0x00, 0xFF, 0x70, 0x00, 0x00, 0x00, 0x00, 0xFF, 0x70, 0x00, 0x00, 0xFF, 0xFF, 0xFF, 0xFF, 0xFF, 0x70, 0xCA, 0x65, 0xCA, 0x65, 0x00, 0x00, 0x00, 0x00, 0x00,
  0x00, 0x00, 0x00, 0xFF, 0xFF, 0xFF, 0xFF, 0xFF, 0x70, 0x00, 0x00, 0xFF, 0x70, 0x00, 0x00, 0x00, 0x00, 0xFF, 0x70, 0x00, 0x00, 0x00, 0x00, 0xFF, 0x70, 0x00, 0x00, 0x00, 0x00, 0xFF, 0x70, 0x00, 0x00, 0x00, 0x00, 0xFF, 0x70, 0x00, 0x00, 0xFF,
  0xFF, 0xFF, 0xFF, 0xFF, 0x70, 0x97, 0xE3, 0x39, 0x7A, 0x78, 0x3A, 0xE3, 0x95, 0x00, 0x00, 0x00, 0x00, 0xFF, 0xA5, 0x70, 0xFF, 0xFF, 0xBE, 0x70, 0xFF, 0xFF, 0xBE, 0x73, 0xFF, 0xFF, 0x9B, 0x97, 0xFF, 0xFF, 0x75, 0xBD, 0xFF, 0xFF, 0x70, 0xC1,
  0xFF, 0xFF, 0x70, 0xAA, 0xFF, 0x00, 0x80, 0xFE, 0x4A, 0x00, 0x00, 0x00, 0x00, 0x80, 0xED, 0x1F, 0x00, 0x00, 0x00, 0x00, 0x00, 0x00, 0x00, 0x06, 0x88, 0xE5, 0xE8, 0x99, 0x0B, 0x7D, 0xEB, 0x2E, 0x29, 0xE7, 0x8C, 0xD9, 0x90, 0x00, 0x00, 0x90,
  0xDF, 0xF7, 0x74, 0x00, 0x00, 0x76, 0xF6, 0xE2, 0x8B, 0x00, 0x00, 0x91, 0xD5, 0x93, 0xE6, 0x29, 0x2B, 0xEA, 0x79, 0x0D, 0xA1, 0xEC, 0xE7, 0x89, 0x05, 0x00, 0x00, 0x40, 0xFF, 0x89, 0x00, 0x00, 0x00, 0xC0, 0xC8, 0x05, 0x00, 0x00, 0x00, 0x00,
  0x00, 0x00, 0x00, 0x06, 0x88, 0xE5, 0xE8, 0x99, 0x0B, 0x7D, 0xEB, 0x2E, 0x29, 0xE7, 0x8C, 0xD9, 0x90, 0x00, 0x00, 0x90, 0xDF, 0xF7, 0x74, 0x00, 0x00, 0x76, 0xF6, 0xE2, 0x8B, 0x00, 0x00, 0x91, 0xD5, 0x93, 0xE6, 0x29, 0x2B, 0xEA, 0x79, 0x0D,
  0xA1, 0xEC, 0xE7, 0x89, 0x05, 0x00, 0x00, 0x73, 0xFF, 0x77, 0x00, 0x00, 0x2D, 0xF7, 0x78, 0xF8, 0x2E, 0x00, 0x00, 0x00, 0x00, 0x00, 0x00, 0x06, 0x88, 0xE5, 0xE8, 0x99, 0x0B, 0x7D, 0xEB, 0x2E, 0x29, 0xE7, 0x8C, 0xD9, 0x90, 0x00, 0x00, 0x90,
  0xDF, 0xF7, 0x74, 0x00, 0x00, 0x76, 0xF6, 0xE2, 0x8B, 0x00, 0x00, 0x91, 0xD5, 0x93, 0xE6, 0x29, 0x2B, 0xEA, 0x79, 0x0D, 0xA1, 0xEC, 0xE7, 0x89, 0x05, 0x00, 0x97, 0xE3, 0x39, 0x7A, 0x00, 0x00, 0x78, 0x3A, 0xE3, 0x95, 0x00, 0x00, 0x00, 0x00,
  0x00, 0x00, 0x00, 0x06, 0x88, 0xE5, 0xE8, 0x99, 0x0B, 0x7D, 0xEB, 0x2E, 0x29, 0xE7, 0x8C, 0xD9, 0x90, 0x00, 0x00, 0x90, 0xDF, 0xF7, 0x74, 0x00, 0x00, 0x76, 0xF6, 0xE2, 0x8B, 0x00, 0x00, 0x91, 0xD5, 0x93, 0xE6, 0x29, 0x2B, 0xEA, 0x79, 0x0D,
  0xA1, 0xEC, 0xE7, 0x89, 0x05, 0x00, 0xCA, 0x65, 0xCA, 0x65, 0x00, 0x00, 0x00, 0x00, 0x00, 0x00, 0x00, 0x06, 0x88, 0xE5, 0xE8, 0x99, 0x0B, 0x7D, 0xEB, 0x2E, 0x29, 0xE7, 0x8C, 0xD9, 0x90, 0x00, 0x00, 0x90, 0xDF, 0xF7, 0x74, 0x00, 0x00, 0x76,
  0xF6, 0xE2, 0x8B, 0x00, 0x00, 0x91, 0xD5, 0x93, 0xE6, 0x29, 0x2B, 0xEA, 0x79, 0x0D, 0xA1, 0xEC, 0xE7, 0x89, 0x05, 0x3C, 0xAF, 0x0A, 0x19, 0x98, 0x0A, 0xCD, 0xC5, 0x8C, 0x11, 0x00, 0x3F, 0xFA, 0xAB, 0x04, 0x23, 0xBA, 0x21, 0xBE, 0xA8, 0x1D,
  0x1E, 0x00, 0x07, 0x3B, 0x00, 0x00, 0x00, 0x05, 0xBD, 0x00, 0x06, 0x89, 0xE5, 0xF9, 0xC3, 0x04, 0x7D, 0xEC, 0x20, 0xB3, 0xFF, 0x4E, 0xD9, 0x9F, 0x0E, 0xCE, 0xFF, 0x7A, 0xF8, 0x8C, 0x62, 0x6C, 0xFF, 0x81, 0xE6, 0x9F, 0xB8, 0x2D, 0xFF, 0x65,
  0x99, 0xE4, 0xB2, 0x81, 0xF9, 0x1E, 0x10, 0xCA, 0xFC, 0xE2, 0x58, 0x00, 0x00, 0xC3, 0x08, 0x00, 0x00, 0x00, 0x80, 0xFE, 0x4A, 0x00, 0x00, 0x00, 0x00, 0x80, 0xED, 0x1F, 0x00, 0x00, 0x00, 0x00, 0x00, 0x00, 0x00, 0x00, 0xFF, 0x70, 0x00, 0x00,
  0xFF, 0x70, 0xFF, 0x70, 0x00, 0x00, 0xFF, 0x70, 0xFF, 0x70, 0x00, 0x00, 0xFF, 0x70, 0xFF, 0x70, 0x00, 0x00, 0xFF, 0x70, 0xFD, 0x73, 0x00, 0x05, 0xFF, 0x6A, 0xD6, 0xB9, 0x0C, 0x5D, 0xFF, 0x35, 0x39, 0xCB, 0xF6, 0xE0, 0x6B, 0x00, 0x00, 0x40,
  0xFF, 0x89, 0x00, 0x00, 0x00, 0xC0, 0xC8, 0x05, 0x00, 0x00, 0x00, 0x00, 0x00, 0x00, 0x00, 0x00, 0xFF, 0x70, 0x00, 0x00, 0xFF, 0x70, 0xFF, 0x70, 0x00, 0x00, 0xFF, 0x70, 0xFF, 0x70, 0x00, 0x00, 0xFF, 0x70, 0xFF, 0x70, 0x00, 0x00, 0xFF, 0x70,
  0xFD, 0x73, 0x00, 0x05, 0xFF, 0x6A, 0xD6, 0xB9, 0x0C, 0x5D, 0xFF, 0x35, 0x39, 0xCB, 0xF6, 0xE0, 0x6B, 0x00, 0x00, 0x73, 0xFF, 0x77, 0x00, 0x00, 0x2D, 0xF7, 0x78, 0xF8, 0x2E, 0x00, 0x00, 0x00, 0x00, 0x00, 0x00, 0x00, 0xFF, 0x70, 0x00, 0x00,
  0xFF, 0x70, 0xFF, 0x70, 0x00, 0x00, 0xFF, 0x70, 0xFF, 0x70, 0x00, 0x00, 0xFF, 0x70, 0xFF, 0x70, 0x00, 0x00, 0xFF, 0x70, 0xFD, 0x73, 0x00, 0x05, 0xFF, 0x6A, 0xD6, 0xB9, 0x0C, 0x5D, 0xFF, 0x35, 0x39, 0xCB, 0xF6, 0xE0, 0x6B, 0x00, 0xCA, 0x65,
  0xCA, 0x65, 0x00, 0x00, 0x00, 0x00, 0x00, 0x00, 0x00, 0x00, 0xFF, 0x70, 0x00, 0x00, 0xFF, 0x70, 0xFF, 0x70, 0x00, 0x00, 0xFF, 0x70, 0xFF, 0x70, 0x00, 0x00, 0xFF, 0x70, 0xFF, 0x70, 0x00, 0x00, 0xFF, 0x70, 0xFD, 0x73, 0x00, 0x05, 0xFF, 0x6A,
  0xD6, 0xB9, 0x0C, 0x5D, 0xFF, 0x35, 0x39, 0xCB, 0xF6, 0xE0, 0x6B, 0x00, 0x00, 0x00, 0x40, 0xFF, 0x89, 0x00, 0x00, 0x00, 0x00, 0x00, 0xC0, 0xC8, 0x05, 0x00, 0x00, 0x00, 0x00, 0x00, 0x00, 0x00, 0x00, 0x00, 0x00, 0x00, 0xA0, 0xDF, 0x0E, 0x00,
  0x00, 0x79, 0xEF, 0x20, 0x0A, 0xD5, 0xA2, 0x00, 0x28, 0xF7, 0x52, 0x00, 0x00, 0x2B, 0xF5, 0x55, 0xC5, 0x93, 0x00, 0x00, 0x00, 0x00, 0x60, 0xF9, 0xCD, 0x07, 0x00, 0x00, 0x00, 0x00, 0x00, 0xFF, 0x70, 0x00, 0x00, 0x00, 0x00, 0x00, 0x00, 0xFF,
  0x70, 0x00, 0x00, 0x00, 0x00, 0x00, 0x00, 0xFF, 0x70, 0x00, 0x00, 0x00, 0x2E, 0xC3, 0xF5, 0xE4, 0x67, 0x00, 0xCF, 0xB5, 0x0C, 0x99, 0xF0, 0x00, 0xFD, 0x73, 0x34, 0xE3, 0x94, 0x00, 0xFF, 0x70, 0xE7, 0x9A, 0x00, 0x00, 0xFF, 0x70, 0xC2, 0xD9,
  0x25, 0x00, 0xFF, 0x70, 0x0F, 0xB3, 0xEF, 0x21, 0xFF, 0x70, 0x00, 0x28, 0xFF, 0x60, 0xFF, 0x70, 0xFF, 0xF1, 0xAC, 0x0C, 0x80, 0xFE, 0x4A, 0x00, 0x00, 0x00, 0x00, 0x80, 0xED, 0x1F, 0x00, 0x00, 0x00, 0x00, 0x00, 0x00, 0x00, 0x00, 0x00, 0xFF,
  0xFF, 0xF2, 0xA7, 0x07, 0x00, 0x00, 0x00, 0x29, 0xFF, 0x59, 0x3B, 0xCC, 0xF8, 0xFF, 0xFF, 0x70, 0xDD, 0xC1, 0x0F, 0x00, 0xFF, 0x70, 0xEF, 0xAC, 0x10, 0x7E, 0xFF, 0x70, 0x65, 0xEB, 0xE8, 0x86, 0xE1, 0x70, 0x00, 0x40, 0xFF, 0x89, 0x00, 0x00,
  0x00, 0xC0, 0xC8, 0x05, 0x00, 0x00, 0x00, 0x00, 0x00, 0x00, 0x00, 0x00, 0x00, 0xFF, 0xFF, 0xF2, 0xA7, 0x07, 0x00, 0x00, 0x00, 0x29, 0xFF, 0x59, 0x3B, 0xCC, 0xF8, 0xFF, 0xFF, 0x70, 0xDD, 0xC1, 0x0F, 0x00, 0xFF, 0x70, 0xEF, 0xAC, 0x10, 0x7E,
  0xFF, 0x70, 0x65, 0xEB, 0xE8, 0x86, 0xE1, 0x70, 0x00, 0x54, 0xFF, 0x59, 0x00, 0x00, 0x28, 0xF2, 0x72, 0xF3, 0x29, 0x00, 0x00, 0x00, 0x00, 0x00, 0x00, 0x00, 0x00, 0xFF, 0xFF, 0xF2, 0xA7, 0x07, 0x00, 0x00, 0x00, 0x29, 0xFF, 0x59, 0x3B, 0xCC,
  0xF8, 0xFF, 0xFF, 0x70, 0xDD, 0xC1, 0x0F, 0x00, 0xFF, 0x70, 0xEF, 0xAC, 0x10, 0x7E, 0xFF, 0x70, 0x65, 0xEB, 0xE8, 0x86, 0xE1, 0x70, 0x97, 0xE3, 0x39, 0x7A, 0x00, 0x00, 0x78, 0x3A, 0xE3, 0x95, 0x00, 0x00, 0x00, 0x00, 0x00, 0x00, 0x00, 0x00,
  0x00, 0xFF, 0xFF, 0xF2, 0xA7, 0x07, 0x00, 0x00, 0x00, 0x29, 0xFF, 0x59, 0x3B, 0xCC, 0xF8, 0xFF, 0xFF, 0x70, 0xDD, 0xC1, 0x0F, 0x00, 0xFF, 0x70, 0xEF, 0xAC, 0x10, 0x7E, 0xFF, 0x70, 0x65, 0xEB, 0xE8, 0x86, 0xE1, 0x70, 0xCA, 0x94, 0xCA, 0x94,
  0x00, 0x00, 0x00, 0x00, 0x00, 0x00, 0x00, 0x00, 0x00, 0xFF, 0xFF, 0xF2, 0xA7, 0x07, 0x00, 0x00, 0x00, 0x29, 0xFF, 0x59, 0x3B, 0xCC, 0xF8, 0xFF, 0xFF, 0x70, 0xDD, 0xC1, 0x0F, 0x00, 0xFF, 0x70, 0xEF, 0xAC, 0x10, 0x7E, 0xFF, 0x70, 0x65, 0xEB,
  0xE8, 0x86, 0xE1, 0x70, 0x00, 0x9B, 0xF3, 0x98, 0x00, 0x00, 0x00, 0x12, 0xFF, 0x40, 0xFF, 0x12, 0x00, 0x00, 0x00, 0x9D, 0xF5, 0x9B, 0x00, 0x00, 0x00, 0x00, 0x00, 0x00, 0x00, 0x00, 0x00, 0x00, 0x00, 0x00, 0xFF, 0xFF, 0xF2, 0xA7, 0x07, 0x00,
  0x00, 0x00, 0x00, 0x29, 0xFF, 0x59, 0x00, 0x3B, 0xCC, 0xF8, 0xFF, 0xFF, 0x70, 0x00, 0xDD, 0xC1, 0x0F, 0x00, 0xFF, 0x70, 0x00, 0xEF, 0xAC, 0x10, 0x7E, 0xFF, 0x70, 0x00, 0x65, 0xEB, 0xE8, 0x86, 0xE1, 0x70, 0xFF, 0xFF, 0xED, 0xA6, 0xDF, 0x89,
  0x00, 0x00, 0x26, 0xFF, 0xC6, 0xEA, 0x57, 0xE3, 0xFF, 0xFF, 0xFF, 0xFE, 0xE7, 0x93, 0x02, 0xFF, 0x63, 0x00, 0xF2, 0x7C, 0x5B, 0xFF, 0x9E, 0x01, 0x7B, 0xF3, 0xC2, 0x5C, 0xEA, 0xFF, 0x14, 0xB1, 0xF6, 0xFF, 0xA1, 0xDE, 0x1E, 0x00, 0xEA, 0x82,
  0x00, 0x00, 0xF4, 0x7D, 0x00, 0x00, 0xC1, 0xD4, 0x18, 0x00, 0x34, 0xE8, 0xFF, 0xFF, 0x00, 0xAC, 0xBF, 0x00, 0x23, 0xFD, 0x3F, 0x00, 0x80, 0xFE, 0x4A, 0x00, 0x00, 0x00, 0x00, 0x80, 0xED, 0x1F, 0x00, 0x00, 0x00, 0x00, 0x00, 0x00, 0x00, 0x00,
  0x0D, 0xA0, 0xEE, 0xE3, 0x75, 0x00, 0x9A, 0xB1, 0x0E, 0x3F, 0xFF, 0x3B, 0xEB, 0xFF, 0xFF, 0xFF, 0xFF, 0x6A, 0xEF, 0x82, 0x00, 0x00, 0x00, 0x00, 0xB1, 0xE2, 0x2E, 0x01, 0x00, 0x00, 0x1D, 0xB2, 0xEF, 0xFF, 0xFF, 0x00, 0x00, 0x40, 0xFF, 0x89,
  0x00, 0x00, 0x00, 0xC0, 0xC8, 0x05, 0x00, 0x00, 0x00, 0x00, 0x00, 0x00, 0x00, 0x00, 0x0D, 0xA0, 0xEE, 0xE3, 0x75, 0x00, 0x9A, 0xB1, 0x0E, 0x3F, 0xFF, 0x3B, 0xEB, 0xFF, 0xFF, 0xFF, 0xFF, 0x6A, 0xEF, 0x82, 0x00, 0x00, 0x00, 0x00, 0xB1, 0xE2,
  0x2E, 0x01, 0x00, 0x00, 0x1D, 0xB2, 0xEF, 0xFF, 0xFF, 0x00, 0x00, 0x54, 0xFF, 0x59, 0x00, 0x00, 0x28, 0xF2, 0x72, 0xF3, 0x29, 0x00, 0x00, 0x00, 0x00, 0x00, 0x00, 0x00, 0x0D, 0xA0, 0xEE, 0xE3, 0x75, 0x00, 0x9A, 0xB1, 0x0E, 0x3F, 0xFF, 0x3B,
  0xEB, 0xFF, 0xFF, 0xFF, 0xFF, 0x6A, 0xEF, 0x82, 0x00, 0x00, 0x00, 0x00, 0xB1, 0xE2, 0x2E, 0x01, 0x00, 0x00, 0x1D, 0xB2, 0xEF, 0xFF, 0xFF, 0x00, 0xCA, 0x94, 0xCA, 0x94, 0x00, 0x00, 0x00, 0x00, 0x00, 0x00, 0x00, 0x00, 0x0D, 0xA0, 0xEE, 0xE3,
  0x75, 0x00, 0x9A, 0xB1, 0x0E, 0x3F, 0xFF, 0x3B, 0xEB, 0xFF, 0xFF, 0xFF, 0xFF, 0x6A, 0xEF, 0x82, 0x00, 0x00, 0x00, 0x00, 0xB1, 0xE2, 0x2E, 0x01, 0x00, 0x00, 0x1D, 0xB2, 0xEF, 0xFF, 0xFF, 0x00, 0x80, 0xFE, 0x4A, 0x00, 0x00, 0x80, 0xED, 0x1F,
  0x00, 0x00, 0x00, 0x00, 0xFF, 0xFF, 0xFF, 0x70, 0x00, 0x00, 0xFF, 0x70, 0x00, 0x00, 0xFF, 0x70, 0x00, 0x00, 0xFF, 0x70, 0x00, 0x00, 0xFF, 0x70, 0xFF, 0xFF, 0xFF, 0xFF, 0x00, 0x40, 0xFF, 0x89, 0x00, 0xC0, 0xC8, 0x05, 0x00, 0x00, 0x00, 0x00,
  0xFF, 0xFF, 0xFF, 0x70, 0x00, 0x00, 0xFF, 0x70, 0x00, 0x00, 0xFF, 0x70, 0x00, 0x00, 0xFF, 0x70, 0x00, 0x00, 0xFF, 0x70, 0xFF, 0xFF, 0xFF, 0xFF, 0x00, 0x54, 0xFF, 0x59, 0x00, 0x28, 0xF2, 0x72, 0xF3, 0x29, 0x00, 0x00, 0x00, 0x00, 0x00, 0xFF,
  0xFF, 0xFF, 0x70, 0x00, 0x00, 0x00, 0xFF, 0x70, 0x00, 0x00, 0x00, 0xFF, 0x70, 0x00, 0x00, 0x00, 0xFF, 0x70, 0x00, 0x00, 0x00, 0xFF, 0x70, 0x00, 0xFF, 0xFF, 0xFF, 0xFF, 0x00, 0xCA, 0x94, 0xCA, 0x94, 0x00, 0x00, 0x00, 0x00, 0xFF, 0xFF, 0xFF,
  0x70, 0x00, 0x00, 0xFF, 0x70, 0x00, 0x00, 0xFF, 0x70, 0x00, 0x00, 0xFF, 0x70, 0x00, 0x00, 0xFF, 0x70, 0xFF, 0xFF, 0xFF, 0xFF, 0x97, 0xE3, 0x39, 0x7A, 0x00, 0x78, 0x3A, 0xE3, 0x95, 0x00, 0x00, 0x00, 0x00, 0x00, 0x00, 0xFF, 0x91, 0xE8, 0xD2,
  0x11, 0xFF, 0xCB, 0x2E, 0xFF, 0x5C, 0xFF, 0x72, 0x00, 0xFF, 0x6F, 0xFF, 0x70, 0x00, 0xFF, 0x70, 0xFF, 0x70, 0x00, 0xFF, 0x70, 0xFF, 0x70, 0x00, 0xFF, 0x70, 0x80, 0xFE, 0x4A, 0x00, 0x00, 0x00, 0x00, 0x80, 0xED, 0x1F, 0x00, 0x00, 0x00, 0x00,
  0x00, 0x00, 0x00, 0x00, 0x12, 0xA9, 0xF0, 0xDD, 0x5D, 0x00, 0xA1, 0xD3, 0x17, 0x71, 0xFB, 0x23, 0xEB, 0x7C, 0x00, 0x0E, 0xFF, 0x5E, 0xF0, 0x7B, 0x00, 0x0E, 0xFF, 0x5A, 0xB3, 0xD0, 0x15, 0x74, 0xF6, 0x1A, 0x1D, 0xBB, 0xF4, 0xD5, 0x4B, 0x00,
  0x00, 0x40, 0xFF, 0x89, 0x00, 0x00, 0x00, 0xC0, 0xC8, 0x05, 0x00, 0x00, 0x00, 0x00, 0x00, 0x00, 0x00, 0x00, 0x12, 0xA9, 0xF0, 0xDD, 0x5D, 0x00, 0xA1, 0xD3, 0x17, 0x71, 0xFB, 0x23, 0xEB, 0x7C, 0x00, 0x0E, 0xFF, 0x5E, 0xF0, 0x7B, 0x00, 0x0E,
  0xFF, 0x5A, 0xB3, 0xD0, 0x15, 0x74, 0xF6, 0x1A, 0x1D, 0xBB, 0xF4, 0xD5, 0x4B, 0x00, 0x00, 0x54, 0xFF, 0x59, 0x00, 0x00, 0x28, 0xF2, 0x72, 0xF3, 0x29, 0x00, 0x00, 0x00, 0x00, 0x00, 0x00, 0x00, 0x12, 0xA9, 0xF0, 0xDD, 0x5D, 0x00, 0xA1, 0xD3,
  0x17, 0x71, 0xFB, 0x23, 0xEB, 0x7C, 0x00, 0x0E, 0xFF, 0x5E, 0xF0, 0x7B, 0x00, 0x0E, 0xFF, 0x5A, 0xB3, 0xD0, 0x15, 0x74, 0xF6, 0x1A, 0x1D, 0xBB, 0xF4, 0xD5, 0x4B, 0x00, 0x97, 0xE3, 0x39, 0x7A, 0x00, 0x00, 0x78, 0x3A, 0xE3, 0x95, 0x00, 0x00,
  0x00, 0x00, 0x00, 0x00, 0x00, 0x00, 0x12, 0xA9, 0xF0, 0xDD, 0x5D, 0x00, 0xA1, 0xD3, 0x17, 0x71, 0xFB, 0x23, 0xEB, 0x7C, 0x00, 0x0E, 0xFF, 0x5E, 0xF0, 0x7B, 0x00, 0x0E, 0xFF, 0x5A, 0xB3, 0xD0, 0x15, 0x74, 0xF6, 0x1A, 0x1D, 0xBB, 0xF4, 0xD5,
  0x4B, 0x00, 0xCA, 0x94, 0xCA, 0x94, 0x00, 0x00, 0x00, 0x00, 0x00, 0x00, 0x00, 0x00, 0x12, 0xA9, 0xF0, 0xDD, 0x5D, 0x00, 0xA1, 0xD3, 0x17, 0x71, 0xFB, 0x23, 0xEB, 0x7C, 0x00, 0x0E, 0xFF, 0x5E, 0xF0, 0x7B, 0x00, 0x0E, 0xFF, 0x5A, 0xB3, 0xD0,
  0x15, 0x74, 0xF6, 0x1A, 0x1D, 0xBB, 0xF4, 0xD5, 0x4B, 0x00, 0x00, 0x00, 0xC6, 0xAE, 0x00, 0x00, 0x00, 0x00, 0x00, 0x00, 0x00, 0x00, 0xFF, 0xFF, 0xFF, 0xFF, 0xFF, 0xE8, 0x00, 0x00, 0x00, 0x00, 0x00, 0x00, 0x00, 0x00, 0xC6, 0xAE, 0x00, 0x00,
  0x00, 0x00, 0x00, 0x09, 0xBD, 0x00, 0x0E, 0x99, 0xE7, 0xFC, 0xC7, 0x05, 0x9C, 0xD1, 0x1E, 0xEC, 0xFF, 0x4C, 0xEA, 0x7C, 0x30, 0xA6, 0xFF, 0x6A, 0xF3, 0x7E, 0x97, 0x3C, 0xFF, 0x5C, 0xB1, 0xD1, 0xBA, 0x73, 0xFB, 0x21, 0x18, 0xCD, 0xF7, 0xE4,
  0x61, 0x00, 0x00, 0xBB, 0x08, 0x00, 0x00, 0x00, 0x80, 0xFE, 0x4A, 0x00, 0x00, 0x00, 0x80, 0xED, 0x1F, 0x00, 0x00, 0x00, 0x00, 0x00, 0x00, 0xFF, 0x70, 0x00, 0xFF, 0x70, 0xFF, 0x70, 0x00, 0xFF, 0x70, 0xFF, 0x70, 0x00, 0xFF, 0x70, 0xFF, 0x70,
  0x02, 0xFF, 0x70, 0xEE, 0x94, 0x66, 0xFF, 0x70, 0x7E, 0xF5, 0x9A, 0xE4, 0x70, 0x00, 0x40, 0xFF, 0x89, 0x00, 0x00, 0xC0, 0xC8, 0x05, 0x00, 0x00, 0x00, 0x00, 0x00, 0x00, 0xFF, 0x70, 0x00, 0xFF, 0x70, 0xFF, 0x70, 0x00, 0xFF, 0x70, 0xFF, 0x70,
  0x00, 0xFF, 0x70, 0xFF, 0x70, 0x02, 0xFF, 0x70, 0xEE, 0x94, 0x66, 0xFF, 0x70, 0x7E, 0xF5, 0x9A, 0xE4, 0x70, 0x00, 0x54, 0xFF, 0x59, 0x00, 0x28, 0xF2, 0x72, 0xF3, 0x29, 0x00, 0x00, 0x00, 0x00, 0x00, 0xFF, 0x70, 0x00, 0xFF, 0x70, 0xFF, 0x70,
  0x00, 0xFF, 0x70, 0xFF, 0x70, 0x00, 0xFF, 0x70, 0xFF, 0x70, 0x02, 0xFF, 0x70, 0xEE, 0x94, 0x66, 0xFF, 0x70, 0x7E, 0xF5, 0x9A, 0xE4, 0x70, 0xCA, 0x94, 0xCA, 0x94, 0x00, 0x00, 0x00, 0x00, 0x00, 0x00, 0xFF, 0x70, 0x00, 0xFF, 0x70, 0xFF, 0x70,
  0x00, 0xFF, 0x70, 0xFF, 0x70, 0x00, 0xFF, 0x70, 0xFF, 0x70, 0x02, 0xFF, 0x70, 0xEE, 0x94, 0x66, 0xFF, 0x70, 0x7E, 0xF5, 0x9A, 0xE4, 0x70, 0x00, 0x00, 0x40, 0xFF, 0x89, 0x00, 0x00, 0x00, 0x00, 0xC0, 0xC8, 0x05, 0x00, 0x00, 0x00, 0x00, 0x00,
  0x00, 0x00, 0x00, 0x00, 0x4C, 0xBD, 0x00, 0x00, 0x00, 0xBB, 0x3D, 0x02, 0xDE, 0x1C, 0x00, 0x23, 0xB5, 0x00, 0x00, 0x7B, 0x76, 0x00, 0x86, 0x32, 0x00, 0x00, 0x17, 0xCC, 0x05, 0x94, 0x00, 0x00, 0x00, 0x00, 0xA9, 0x90, 0x31, 0x00, 0x00, 0x00,
  0x00, 0x40, 0xD1, 0x00, 0x00, 0x00, 0x00, 0x0C, 0x89, 0x52, 0x00, 0x00, 0x00, 0x80, 0xEC, 0x89, 0x00, 0x00, 0x00, 0x00, 0x00, 0xCA, 0x94, 0xCA, 0x94, 0x00, 0x00, 0x00, 0x00, 0x00, 0x00, 0x00, 0x00, 0x00, 0x4C, 0xBD, 0x00, 0x00, 0x00, 0xBB,
  0x3D, 0x02, 0xDE, 0x1C, 0x00, 0x23, 0xB5, 0x00, 0x00, 0x7B, 0x76, 0x00, 0x86, 0x32, 0x00, 0x00, 0x17, 0xCC, 0x05, 0x94, 0x00, 0x00, 0x00, 0x00, 0xA9, 0x90, 0x31, 0x00, 0x00, 0x00, 0x00, 0x40, 0xD1, 0x00, 0x00, 0x00, 0x00, 0x0C, 0x89, 0x52,
  0x00, 0x00, 0x00, 0x80, 0xEC, 0x89, 0x00, 0x00, 0x00, 0x00, 0x24, 0xFF, 0x41, 0xFF, 0x23, 0x00, 0x00, 0x00, 0x9D, 0xF5, 0x9D, 0x00, 0x00, 0x00, 0x00, 0x00, 0x00, 0x00, 0x00, 0x00, 0x00, 0x00, 0x00, 0x48, 0xCD, 0x5D, 0x00, 0x00, 0x00, 0x00,
  0x9E, 0x3B, 0xB0, 0x00, 0x00, 0x00, 0x06, 0xC0, 0x00, 0xCE, 0x0D, 0x00, 0x00, 0x4E, 0x85, 0x00, 0x8D, 0x59, 0x00, 0x00, 0xA6, 0xFF, 0xFF, 0xFF, 0xAD, 0x00, 0x09, 0xDF, 0x02, 0x00, 0x07, 0xEA, 0x0B, 0x54, 0xA4, 0x00, 0x00, 0x00, 0xB1, 0x55,
  0x23, 0xFF, 0x39, 0xFF, 0x22, 0x00, 0x00, 0x00, 0x99, 0xF4, 0x98, 0x00, 0x00, 0x00, 0x00, 0x00, 0x00, 0x00, 0x00, 0x00, 0x00, 0x00, 0x00, 0xFF, 0xFF, 0xF2, 0xA7, 0x07, 0x00, 0x00, 0x00, 0x00, 0x29, 0xFF, 0x59, 0x00, 0x3B, 0xCC, 0xF8, 0xFF,
  0xFF, 0x70, 0x00, 0xDD, 0xC1, 0x0F, 0x00, 0xFF, 0x70, 0x00, 0xEF, 0xAC, 0x10, 0x7E, 0xFF, 0x70, 0x00, 0x65, 0xEB, 0xE8, 0x86, 0xE1, 0x70, 0x00, 0x00, 0x48, 0xCC, 0x5D, 0x00, 0x00, 0x00, 0x00, 0x9E, 0x3A, 0xB0, 0x00, 0x00, 0x00, 0x06, 0xC0,
  0x00, 0xCC, 0x0D, 0x00, 0x00, 0x4E, 0x85, 0x00, 0x89, 0x59, 0x00, 0x00, 0xA6, 0xFF, 0xFF, 0xFF, 0xAD, 0x00, 0x09, 0xE1, 0x03, 0x00, 0x05, 0xE9, 0x0B, 0x54, 0xA5, 0x00, 0x00, 0x00, 0xB0, 0x55, 0x00, 0x00, 0x00, 0x00, 0x65, 0xB0, 0x07, 0x00,
  0x00, 0x00, 0x00, 0x9C, 0xFA, 0x7A, 0xFF, 0xFF, 0xFD, 0xE4, 0x8C, 0x03, 0x00, 0x00, 0x03, 0x35, 0xFF, 0x54, 0x3B, 0xCC, 0xF8, 0xFF, 0xFF, 0x70, 0xDD, 0xC1, 0x0F, 0x00, 0xFF, 0x70, 0xEF, 0xAC, 0x10, 0x7E, 0xFF, 0x70, 0x65, 0xEB, 0xF0, 0xAA,
  0xE7, 0x70, 0x00, 0x00, 0x00, 0x00, 0xF2, 0x61, 0x00, 0x00, 0x00, 0x00, 0xC9, 0x6C, 0x00, 0x40, 0xFF, 0x89, 0x00, 0xC0, 0xC8, 0x05, 0x00, 0x00, 0x00, 0x00, 0x0D, 0xA9, 0xF5, 0xFF, 0x8F, 0xF0, 0x2B, 0x00, 0xDF, 0xA5, 0x00, 0x00, 0xF8, 0x8D,
  0x00, 0x00, 0xE6, 0xA2, 0x00, 0x00, 0xA2, 0xED, 0x28, 0x00, 0x19, 0xBB, 0xF8, 0xFF, 0x00, 0x40, 0xFF, 0x89, 0x00, 0xC0, 0xC8, 0x05, 0x00, 0x00, 0x00, 0x00, 0x14, 0xB1, 0xF6, 0xFF, 0xA3, 0xDE, 0x1E, 0x00, 0xEB, 0x82, 0x00, 0x00, 0xF1, 0x7D,
  0x00, 0x00, 0xB9, 0xD4, 0x18, 0x00, 0x25, 0xC4, 0xF9, 0xFF, 0x2F, 0xF8, 0x76, 0xF7, 0x2D, 0x00, 0x78, 0xFF, 0x71, 0x00, 0x00, 0x00, 0x00, 0x00, 0x00, 0x0D, 0xA9, 0xF5, 0xFF, 0x00, 0x8F, 0xF0, 0x2B, 0x00, 0x00, 0xDF, 0xA5, 0x00, 0x00, 0x00,
  0xF8, 0x8D, 0x00, 0x00, 0x00, 0xE6, 0xA2, 0x00, 0x00, 0x00, 0xA2, 0xED, 0x28, 0x00, 0x00, 0x19, 0xBB, 0xF8, 0xFF, 0x00, 0x2E, 0xF7, 0x71, 0xF6, 0x2C, 0x00, 0x72, 0xFF, 0x6B, 0x00, 0x00, 0x00, 0x00, 0x00, 0x00, 0x14, 0xB1, 0xF6, 0xFF, 0x00,
  0xA3, 0xDE, 0x1E, 0x00, 0x00, 0xEB, 0x82, 0x00, 0x00, 0x00, 0xF1, 0x7D, 0x00, 0x00, 0x00, 0xB9, 0xD4, 0x18, 0x00, 0x00, 0x25, 0xC4, 0xF9, 0xFF, 0x00, 0x2F, 0xF8, 0x76, 0xF7, 0x2D, 0x00, 0x00, 0x78, 0xFF, 0x71, 0x00, 0x00, 0x00, 0x00, 0x00,
  0x00, 0x00, 0x00, 0xFF, 0xFF, 0xED, 0xBE, 0x39, 0x00, 0xFF, 0x70, 0x11, 0xA0, 0xF1, 0x1A, 0xFF, 0x70, 0x00, 0x20, 0xFF, 0x65, 0xFF, 0x70, 0x00, 0x07, 0xFF, 0x80, 0xFF, 0x70, 0x00, 0x24, 0xFF, 0x62, 0xFF, 0x70, 0x16, 0xAD, 0xEA, 0x13, 0xFF,
  0xFE, 0xEB, 0xAD, 0x27, 0x00, 0x00, 0x00, 0x00, 0x00, 0x40, 0xF9, 0x27, 0x00, 0x00, 0x00, 0x00, 0xFF, 0xF5, 0x00, 0x00, 0x00, 0x00, 0x00, 0xFF, 0x70, 0x00, 0x11, 0xA3, 0xED, 0xF1, 0xFF, 0x70, 0x00, 0x9E, 0xDA, 0x1F, 0x16, 0xFF, 0x70, 0x00,
  0xE8, 0x80, 0x00, 0x00, 0xFF, 0x70, 0x00, 0xF5, 0x79, 0x00, 0x06, 0xFF, 0x70, 0x00, 0xC6, 0xC1, 0x11, 0xA0, 0xFB, 0x70, 0x00, 0x36, 0xDC, 0xED, 0x6D, 0xDB, 0x70, 0x00, 0x00, 0xFF, 0xFF, 0xEC, 0xBD, 0x39, 0x00, 0x00, 0xFF, 0x70, 0x12, 0xA0,
  0xF1, 0x1A, 0x00, 0xFF, 0x70, 0x00, 0x20, 0xFF, 0x65, 0xFF, 0xFF, 0xFF, 0xFF, 0x07, 0xFF, 0x81, 0x00, 0xFF, 0x70, 0x00, 0x25, 0xFF, 0x66, 0x00, 0xFF, 0x70, 0x18, 0xAF, 0xEB, 0x14, 0x00, 0xFF, 0xFD, 0xE9, 0xAC, 0x27, 0x00, 0x00, 0x00, 0xFF,
  0xFF, 0xFF, 0xFF, 0x70, 0x00, 0x00, 0x00, 0x00, 0xFF, 0x70, 0x00, 0x11, 0xA5, 0xEE, 0xED, 0xFF, 0x70, 0x00, 0x9E, 0xD8, 0x1E, 0x16, 0xFF, 0x70, 0x00, 0xE8, 0x7F, 0x00, 0x00, 0xFF, 0x70, 0x00, 0xF5, 0x78, 0x00, 0x06, 0xFF, 0x70, 0x00, 0xC7,
  0xBC, 0x11, 0xA2, 0xFF, 0x70, 0x00, 0x39, 0xDF, 0xED, 0x76, 0xE2, 0x70, 0x00, 0xFF, 0xFF, 0xFF, 0xFF, 0xFF, 0x70, 0x00, 0x00, 0xFF, 0x70, 0x00, 0x00, 0xFF, 0xFF, 0xFF, 0xCC, 0xFF, 0x70, 0x00, 0x00, 0xFF, 0x70, 0x00, 0x00, 0xFF, 0xFF, 0xFF,
  0xFF, 0x00, 0x1B, 0xDA, 0x5C, 0x00, 0x30, 0xE6, 0xFA, 0x0D, 0xA0, 0xEE, 0xE3, 0x75, 0x00, 0x9A, 0xB1, 0x0E, 0x3F, 0xFF, 0x3B, 0xEB, 0xFF, 0xFF, 0xFF, 0xFF, 0x6A, 0xEF, 0x82, 0x00, 0x00, 0x00, 0x00, 0xB1, 0xE2, 0x2E, 0x01, 0x00, 0x00, 0x1C,
  0xB1, 0xEF, 0xFF, 0xFF, 0x00, 0x00, 0x00, 0x00, 0xFF, 0x69, 0x00, 0x00, 0x00, 0x00, 0xB3, 0xFA, 0x40, 0x2F, 0xF8, 0x76, 0xF7, 0x2D, 0x00, 0x78, 0xFF, 0x71, 0x00, 0x00, 0x00, 0x00, 0x00, 0x00, 0xFF, 0xFF, 0xFF, 0xFF, 0x00, 0xFF, 0x70, 0x00,
  0x00, 0x00, 0xFF, 0x70, 0x00, 0x00, 0x00, 0xFF, 0xFF, 0xFF, 0xE0, 0x00, 0xFF, 0x70, 0x00, 0x00, 0x00, 0xFF, 0x70, 0x00, 0x00, 0x00, 0xFF, 0xFF, 0xFF, 0xFF, 0x00, 0x2E, 0xF7, 0x71, 0xF6, 0x2C, 0x00, 0x00, 0x72, 0xFF, 0x6B, 0x00, 0x00, 0x00,
  0x00, 0x00, 0x00, 0x00, 0x00, 0x0D, 0xA0, 0xEE, 0xE3, 0x75, 0x00, 0x9A, 0xB1, 0x0E, 0x3F, 0xFF, 0x3B, 0xEB, 0xFF, 0xFF, 0xFF, 0xFF, 0x6A, 0xEF, 0x82, 0x00, 0x00, 0x00, 0x00, 0xB1, 0xE2, 0x2E, 0x01, 0x00, 0x00, 0x1D, 0xB2, 0xEF, 0xFF, 0xFF,
  0x00, 0xFF, 0xFF, 0xFF, 0x70, 0x00, 0x00, 0xFF, 0x70, 0x00, 0x00, 0xFF, 0x70, 0x00, 0x00, 0xFF, 0x70, 0x00, 0x00, 0xFF, 0x70, 0xFF, 0xFF, 0xFF, 0xFF, 0x00, 0x40, 0xFF, 0x89, 0x00, 0xC0, 0xC8, 0x05, 0x00, 0x00, 0x00, 0x00, 0xFF, 0x70, 0x00,
  0x00, 0xFF, 0x70, 0x00, 0x00, 0xFF, 0x70, 0x00, 0x00, 0xFF, 0x70, 0x00, 0x00, 0xFF, 0x70, 0x00, 0x00, 0xFF, 0x70, 0x00, 0x00, 0xFF, 0xFF, 0xFF, 0xFF, 0x00, 0x40, 0xFF, 0x89, 0x00, 0xC0, 0xC8, 0x05, 0xFF, 0xFF, 0xFF, 0x70, 0x00, 0x00, 0xFF,
  0x70, 0x00, 0x00, 0xFF, 0x70, 0x00, 0x00, 0xFF, 0x70, 0x00, 0x00, 0xFF, 0x70, 0x00, 0x00, 0xFF, 0x70, 0x00, 0x00, 0xFF, 0x70, 0xFF, 0xFF, 0xFF, 0xFF, 0x00, 0x00, 0x00, 0x40, 0xF9, 0x27, 0x00, 0x00, 0x00, 0xC0, 0x85, 0x00, 0xFF, 0x70, 0x00,
  0x00, 0x00, 0x00, 0xFF, 0x70, 0x00, 0x00, 0x00, 0x00, 0xFF, 0x70, 0x00, 0x00, 0x00, 0x00, 0xFF, 0x70, 0x00, 0x00, 0x00, 0x00, 0xFF, 0x70, 0x00, 0x00, 0x00, 0x00, 0xFF, 0x70, 0x00, 0x00, 0x00, 0x00, 0xFF, 0xFF, 0xFF, 0xFF, 0x00, 0x00, 0x00,
  0x00, 0x00, 0x40, 0xF9, 0x27, 0xFF, 0xFF, 0xFF, 0xFF, 0x85, 0x00, 0x00, 0x00, 0xFF, 0x70, 0x00, 0x00, 0x00, 0x00, 0xFF, 0x70, 0x00, 0x00, 0x00, 0x00, 0xFF, 0x70, 0x00, 0x00, 0x00, 0x00, 0xFF, 0x70, 0x00, 0x00, 0x00, 0x00, 0xFF, 0x70, 0x00,
  0x00, 0x00, 0x00, 0xFF, 0x70, 0x00, 0x00, 0xFF, 0xFF, 0xFF, 0xFF, 0x00, 0x00, 0x00, 0xFF, 0x70, 0x00, 0x00, 0x00, 0xFF, 0x8F, 0xB1, 0x00, 0x47, 0xFF, 0xE2, 0x4F, 0x00, 0xB8, 0xFF, 0x70, 0x00, 0x00, 0x00, 0xFF, 0x70, 0x00, 0x00, 0x00, 0xFF,
  0x70, 0x00, 0x00, 0x00, 0xFF, 0xFF, 0xFF, 0xFF, 0xFF, 0xFF, 0xFF, 0x70, 0x00, 0x00, 0x00, 0x00, 0xFF, 0x70, 0x00, 0x00, 0x00, 0x00, 0xFF, 0xA5, 0xC0, 0x00, 0x30, 0x92, 0xFF, 0xCA, 0x3E, 0x00, 0xCF, 0x6E, 0xFF, 0x70, 0x00, 0x00, 0x00, 0x00,
  0xFF, 0x70, 0x00, 0x00, 0x00, 0x00, 0xFF, 0x70, 0x00, 0x00, 0xFF, 0xFF, 0xFF, 0xFF, 0xFF, 0x70, 0x00, 0x40, 0xFF, 0x89, 0x00, 0xC0, 0xC8, 0x05, 0x00, 0x00, 0x00, 0x00, 0xFF, 0xA5, 0x70, 0xFF, 0xFF, 0xBE, 0x70, 0xFF, 0xFF, 0xBE, 0x73, 0xFF,
  0xFF, 0x9B, 0x97, 0xFF, 0xFF, 0x75, 0xBD, 0xFF, 0xFF, 0x70, 0xC1, 0xFF, 0xFF, 0x70, 0xAA, 0xFF, 0x00, 0x40, 0xFF, 0x89, 0x00, 0x00, 0xC0, 0xC8, 0x05, 0x00, 0x00, 0x00, 0x00, 0x00, 0x00, 0xFF, 0x91, 0xE8, 0xD2, 0x11, 0xFF, 0xCB, 0x2E, 0xFF,
  0x5C, 0xFF, 0x72, 0x00, 0xFF, 0x6F, 0xFF, 0x70, 0x00, 0xFF, 0x70, 0xFF, 0x70, 0x00, 0xFF, 0x70, 0xFF, 0x70, 0x00, 0xFF, 0x70, 0x2F, 0xF8, 0x76, 0xF7, 0x2D, 0x00, 0x78, 0xFF, 0x71, 0x00, 0x00, 0x00, 0x00, 0x00, 0x00, 0xFF, 0xA5, 0x70, 0xFF,
  0x00, 0xFF, 0xBE, 0x70, 0xFF, 0x00, 0xFF, 0xBE, 0x73, 0xFF, 0x00, 0xFF, 0x9B, 0x97, 0xFF, 0x00, 0xFF, 0x75, 0xBD, 0xFF, 0x00, 0xFF, 0x70, 0xC1, 0xFF, 0x00, 0xFF, 0x70, 0xAA, 0xFF, 0x00, 0x2E, 0xF7, 0x71, 0xF6, 0x2C, 0x00, 0x72, 0xFF, 0x6B,
  0x00, 0x00, 0x00, 0x00, 0x00, 0x00, 0xFF, 0x91, 0xE8, 0xD2, 0x11, 0xFF, 0xCB, 0x2E, 0xFF, 0x5C, 0xFF, 0x72, 0x00, 0xFF, 0x6F, 0xFF, 0x70, 0x00, 0xFF, 0x70, 0xFF, 0x70, 0x00, 0xFF, 0x70, 0xFF, 0x70, 0x00, 0xFF, 0x70, 0x00, 0x00, 0xCB, 0xBF,
  0x40, 0xFF, 0x74, 0x00, 0x39, 0xFF, 0x3F, 0xC0, 0xC4, 0x02, 0x00, 0x00, 0x00, 0x00, 0x00, 0x00, 0x00, 0x06, 0x88, 0xE5, 0xE8, 0x99, 0x0B, 0x00, 0x7D, 0xEB, 0x2E, 0x29, 0xE7, 0x8C, 0x00, 0xD9, 0x90, 0x00, 0x00, 0x90, 0xDF, 0x00, 0xF7, 0x74,
  0x00, 0x00, 0x76, 0xF6, 0x00, 0xE2, 0x8B, 0x00, 0x00, 0x91, 0xD5, 0x00, 0x93, 0xE6, 0x29, 0x2B, 0xEA, 0x79, 0x00, 0x0D, 0xA1, 0xEC, 0xE7, 0x89, 0x05, 0x00, 0x00, 0xCB, 0xBF, 0x40, 0xFF, 0x74, 0x00, 0x39, 0xFF, 0x3F, 0xC0, 0xC4, 0x02, 0x00,
  0x00, 0x00, 0x00, 0x00, 0x00, 0x00, 0x00, 0x00, 0x12, 0xA9, 0xF0, 0xDD, 0x5D, 0x00, 0x00, 0xA1, 0xD3, 0x17, 0x71, 0xFB, 0x23, 0x00, 0xEB, 0x7C, 0x00, 0x0E, 0xFF, 0x5E, 0x00, 0xF0, 0x7B, 0x00, 0x0E, 0xFF, 0x5A, 0x00, 0xB3, 0xD0, 0x15, 0x74,
  0xF6, 0x1A, 0x00, 0x1D, 0xBB, 0xF4, 0xD5, 0x4B, 0x00, 0x0C, 0xA1, 0xF2, 0xFF, 0xFF, 0xFF, 0x89, 0xDC, 0x18, 0xFF, 0x70, 0x00, 0xDB, 0x87, 0x00, 0xFF, 0x70, 0x00, 0xF8, 0x74, 0x00, 0xFF, 0xFF, 0xFF, 0xE6, 0x87, 0x00, 0xFF, 0x70, 0x00, 0x9F,
  0xDA, 0x15, 0xFF, 0x70, 0x00, 0x16, 0xB6, 0xF5, 0xFF, 0xFF, 0xFF, 0x2C, 0xD2, 0xEA, 0x71, 0xE1, 0x7E, 0xBB, 0xA3, 0x48, 0xFF, 0xD6, 0xE3, 0xF1, 0x63, 0x09, 0xFF, 0xFF, 0xFC, 0xF5, 0x62, 0x07, 0xFF, 0x76, 0x00, 0xCD, 0x9A, 0x45, 0xFF, 0xAF,
  0x01, 0x44, 0xE3, 0xE6, 0x63, 0xDA, 0xFF, 0x00, 0x40, 0xFF, 0x89, 0x00, 0x00, 0x00, 0xC0, 0xC8, 0x05, 0x00, 0x00, 0x00, 0x00, 0x00, 0x00, 0x00, 0x00, 0xFF, 0xFF, 0xF0, 0xB0, 0x0F, 0x00, 0xFF, 0x70, 0x3D, 0xFF, 0x74, 0x00, 0xFF, 0x70, 0x36,
  0xFF, 0x64, 0x00, 0xFF, 0xFF, 0xFF, 0x96, 0x04, 0x00, 0xFF, 0x70, 0x4A, 0xBB, 0x00, 0x00, 0xFF, 0x70, 0x00, 0x94, 0x5E, 0x00, 0xFF, 0x70, 0x00, 0x0A, 0xCF, 0x2E, 0x00, 0x40, 0xFF, 0x89, 0x00, 0x00, 0xC0, 0xC8, 0x05, 0x00, 0x00, 0x00, 0x00,
  0x00, 0x00, 0xFF, 0x8F, 0xDB, 0xDB, 0x1A, 0xFF, 0xBB, 0x23, 0xFF, 0x64, 0xFF, 0x70, 0x00, 0x00, 0x00, 0xFF, 0x70, 0x00, 0x00, 0x00, 0xFF, 0x70, 0x00, 0x00, 0x00, 0xFF, 0x70, 0x00, 0x00, 0x00, 0x2F, 0xF8, 0x76, 0xF7, 0x2D, 0x00, 0x00, 0x78,
  0xFF, 0x71, 0x00, 0x00, 0x00, 0x00, 0x00, 0x00, 0x00, 0x00, 0xFF, 0xFF, 0xF0, 0xB0, 0x0F, 0x00, 0xFF, 0x70, 0x3D, 0xFF, 0x74, 0x00, 0xFF, 0x70, 0x36, 0xFF, 0x64, 0x00, 0xFF, 0xFF, 0xFF, 0x96, 0x04, 0x00, 0xFF, 0x70, 0x4A, 0xBB, 0x00, 0x00,
  0xFF, 0x70, 0x00, 0x94, 0x5E, 0x00, 0xFF, 0x70, 0x00, 0x0A, 0xCF, 0x2E, 0x2E, 0xF7, 0x71, 0xF6, 0x2C, 0x00, 0x72, 0xFF, 0x6B, 0x00, 0x00, 0x00, 0x00, 0x00, 0x00, 0xFF, 0x8F, 0xDB, 0xDB, 0x1A, 0xFF, 0xBB, 0x23, 0xFF, 0x64, 0xFF, 0x70, 0x00,
  0x00, 0x00, 0xFF, 0x70, 0x00, 0x00, 0x00, 0xFF, 0x70, 0x00, 0x00, 0x00, 0xFF, 0x70, 0x00, 0x00, 0x00, 0x00, 0x40, 0xFF, 0x89, 0x00, 0x00, 0x00, 0xC0, 0xC8, 0x05, 0x00, 0x00, 0x00, 0x00, 0x00, 0x00, 0x00, 0x00, 0x2C, 0xAD, 0xE5, 0xFD, 0xFF,
  0x88, 0xE1, 0xBB, 0x1A, 0x02, 0x00, 0x00, 0xCA, 0xDF, 0x3E, 0x00, 0x00, 0x00, 0x12, 0x8B, 0xEA, 0xD9, 0x64, 0x00, 0x00, 0x00, 0x05, 0x71, 0xFF, 0x5A, 0x00, 0x00, 0x06, 0x47, 0xFF, 0x68, 0xFF, 0xFF, 0xFB, 0xE1, 0x89, 0x05, 0x00, 0x40, 0xFF,
  0x89, 0x00, 0x00, 0xC0, 0xC8, 0x05, 0x00, 0x00, 0x00, 0x00, 0x00, 0x00, 0x5A, 0xDB, 0xFD, 0xFF, 0x00, 0xF0, 0x93, 0x03, 0x00, 0x00, 0xAC, 0xEE, 0x81, 0x1D, 0x00, 0x02, 0x4F, 0xBD, 0xF5, 0x30, 0x00, 0x00, 0x28, 0xFF, 0x61, 0xFF, 0xFF, 0xF5,
  0xA9, 0x0B, 0x2C, 0xAD, 0xE5, 0xFD, 0xFF, 0x88, 0xE1, 0xBB, 0x1A, 0x02, 0x00, 0x00, 0xCA, 0xDF, 0x3A, 0x00, 0x00, 0x00, 0x12, 0x8B, 0xEA, 0xD4, 0x5D, 0x00, 0x00, 0x00, 0x05, 0x71, 0xFF, 0x56, 0x00, 0x00, 0x06, 0x47, 0xFF, 0x6B, 0xFF, 0xFF,
  0xFF, 0xEB, 0x97, 0x07, 0x00, 0xAC, 0xBF, 0x00, 0x00, 0x00, 0x23, 0xFD, 0x3F, 0x00, 0x00, 0x00, 0x00, 0x5A, 0xDB, 0xFD, 0xFF, 0x00, 0x00, 0xF0, 0x92, 0x03, 0x00, 0x00, 0x00, 0xAE, 0xEC, 0x7D, 0x1A, 0x00, 0x00, 0x03, 0x53, 0xC1, 0xF3, 0x2C,
  0x00, 0x00, 0x00, 0x28, 0xFF, 0x60, 0x00, 0xFF, 0xFF, 0xF3, 0xAE, 0x0B, 0x00, 0xAC, 0xBF, 0x00, 0x00, 0x00, 0x23, 0xFD, 0x3F, 0x00, 0x00, 0x00, 0x2F, 0xF8, 0x76, 0xF7, 0x2D, 0x00, 0x00, 0x78, 0xFF, 0x71, 0x00, 0x00, 0x00, 0x00, 0x00, 0x00,
  0x00, 0x00, 0x2C, 0xAD, 0xE5, 0xFD, 0xFF, 0x88, 0xE1, 0xBB, 0x1A, 0x02, 0x00, 0x00, 0xCA, 0xDF, 0x3E, 0x00, 0x00, 0x00, 0x12, 0x8B, 0xEA, 0xD9, 0x64, 0x00, 0x00, 0x00, 0x05, 0x71, 0xFF, 0x5A, 0x00, 0x00, 0x06, 0x47, 0xFF, 0x68, 0xFF, 0xFF,
  0xFB, 0xE1, 0x89, 0x05, 0x2E, 0xF7, 0x71, 0xF6, 0x2C, 0x00, 0x72, 0xFF, 0x6B, 0x00, 0x00, 0x00, 0x00, 0x00, 0x00, 0x5A, 0xDB, 0xFD, 0xFF, 0x00, 0xF0, 0x93, 0x03, 0x00, 0x00, 0xAC, 0xEE, 0x81, 0x1D, 0x00, 0x02, 0x4F, 0xBD, 0xF5, 0x30, 0x00,
  0x00, 0x28, 0xFF, 0x61, 0xFF, 0xFF, 0xF5, 0xA9, 0x0B, 0xFF, 0xFF, 0xFF, 0xFF, 0xFF, 0x70, 0x00, 0x00, 0xFF, 0x70, 0x00, 0x00, 0x00, 0x00, 0xFF, 0x70, 0x00, 0x00, 0x00, 0x00, 0xFF, 0x70, 0x00, 0x00, 0x00, 0x00, 0xFF, 0x70, 0x00, 0x00, 0x00,
  0x00, 0xFF, 0x70, 0x00, 0x00, 0x00, 0x00, 0xFF, 0x70, 0x00, 0x00, 0x00, 0x00, 0xFB, 0x70, 0x00, 0x00, 0x00, 0x00, 0xF1, 0x70, 0x00, 0x00, 0x00, 0x58, 0xE3, 0x00, 0x00, 0x00, 0x74, 0xFC, 0x00, 0x00, 0xFF, 0xFF, 0xFF, 0xFF, 0xFF, 0x00, 0x74,
  0xFC, 0x00, 0x00, 0x00, 0x74, 0xFC, 0x00, 0x00, 0x00, 0x74, 0xFC, 0x00, 0x00, 0x00, 0x61, 0xFF, 0x34, 0x00, 0x00, 0x0D, 0xBD, 0xF9, 0xFF, 0x00, 0x00, 0x00, 0xFB, 0x70, 0x00, 0x00, 0x00, 0xF1, 0x70, 0x2F, 0xF8, 0x76, 0xF7, 0x2D, 0x00, 0x00,
  0x78, 0xFF, 0x71, 0x00, 0x00, 0x00, 0x00, 0x00, 0x00, 0x00, 0x00, 0xFF, 0xFF, 0xFF, 0xFF, 0xFF, 0x70, 0x00, 0x00, 0xFF, 0x70, 0x00, 0x00, 0x00, 0x00, 0xFF, 0x70, 0x00, 0x00, 0x00, 0x00, 0xFF, 0x70, 0x00, 0x00, 0x00, 0x00, 0xFF, 0x70, 0x00,
  0x00, 0x00, 0x00, 0xFF, 0x70, 0x00, 0x00, 0x00, 0x00, 0xFF, 0x70, 0x00, 0x00, 0x00, 0x00, 0x00, 0x00, 0x40, 0xF9, 0x27, 0x00, 0x58, 0xE3, 0x00, 0xC0, 0x85, 0x00, 0x00, 0x74, 0xFC, 0x00, 0x00, 0x00, 0x00, 0xFF, 0xFF, 0xFF, 0xFF, 0xFF, 0x00,
  0x00, 0x00, 0x74, 0xFC, 0x00, 0x00, 0x00, 0x00, 0x00, 0x74, 0xFC, 0x00, 0x00, 0x00, 0x00, 0x00, 0x74, 0xFC, 0x00, 0x00, 0x00, 0x00, 0x00, 0x61, 0xFF, 0x34, 0x00, 0x00, 0x00, 0x00, 0x0D, 0xBD, 0xF9, 0xFF, 0x00, 0x00, 0x00, 0x9F, 0xF5, 0x9F,
  0x00, 0x00, 0x12, 0xFF, 0x48, 0xFF, 0x12, 0x00, 0x00, 0x9F, 0xF5, 0x9F, 0x00, 0x00, 0xFF, 0x70, 0x00, 0x00, 0xFF, 0x70, 0xFF, 0x70, 0x00, 0x00, 0xFF, 0x70, 0xFF, 0x70, 0x00, 0x00, 0xFF, 0x70, 0xFF, 0x70, 0x00, 0x00, 0xFF, 0x70, 0xFD, 0x73,
  0x00, 0x05, 0xFF, 0x6A, 0xD6, 0xB9, 0x0C, 0x5D, 0xFF, 0x35, 0x39, 0xCB, 0xF6, 0xE0, 0x6B, 0x00, 0x00, 0x9B, 0xF3, 0x98, 0x00, 0x00, 0x12, 0xFF, 0x40, 0xFF, 0x12, 0x00, 0x00, 0x9D, 0xF5, 0x9B, 0x00, 0x00, 0x00, 0x00, 0x00, 0x00, 0x00, 0x00,
  0x00, 0xFF, 0x70, 0x00, 0xFF, 0x70, 0x00, 0xFF, 0x70, 0x00, 0xFF, 0x70, 0x00, 0xFF, 0x70, 0x00, 0xFF, 0x70, 0x00, 0xFF, 0x70, 0x02, 0xFF, 0x70, 0x00, 0xEE, 0x94, 0x66, 0xFF, 0x70, 0x00, 0x7E, 0xF5, 0x9A, 0xE4, 0x70, 0x00, 0xCB, 0xBF, 0x40,
  0xFF, 0x74, 0x39, 0xFF, 0x3F, 0xC0, 0xC4, 0x02, 0x00, 0x00, 0x00, 0x00, 0x00, 0x00, 0xFF, 0x70, 0x00, 0x00, 0xFF, 0x70, 0xFF, 0x70, 0x00, 0x00, 0xFF, 0x70, 0xFF, 0x70, 0x00, 0x00, 0xFF, 0x70, 0xFF, 0x70, 0x00, 0x00, 0xFF, 0x70, 0xFD, 0x73,
  0x00, 0x05, 0xFF, 0x6A, 0xD6, 0xB9, 0x0C, 0x5D, 0xFF, 0x35, 0x39, 0xCB, 0xF6, 0xE0, 0x6B, 0x00, 0x00, 0xCB, 0xBF, 0x40, 0xFF, 0x74, 0x39, 0xFF, 0x3F, 0xC0, 0xC4, 0x02, 0x00, 0x00, 0x00, 0x00, 0x00, 0x00, 0x00, 0xFF, 0x70, 0x00, 0xFF, 0x70,
  0x00, 0xFF, 0x70, 0x00, 0xFF, 0x70, 0x00, 0xFF, 0x70, 0x00, 0xFF, 0x70, 0x00, 0xFF, 0x70, 0x02, 0xFF, 0x70, 0x00, 0xEE, 0x94, 0x66, 0xFF, 0x70, 0x00, 0x7E, 0xF5, 0x9A, 0xE4, 0x70, 0x00, 0xCA, 0x65, 0xCA, 0x65, 0x00, 0x00, 0x00, 0x00, 0x00,
  0x00, 0x00, 0x00, 0x00, 0x00, 0x00, 0xA0, 0xDF, 0x0E, 0x00, 0x00, 0x79, 0xEF, 0x20, 0x0A, 0xD5, 0xA2, 0x00, 0x28, 0xF7, 0x52, 0x00, 0x00, 0x2B, 0xF5, 0x55, 0xC5, 0x93, 0x00, 0x00, 0x00, 0x00, 0x60, 0xF9, 0xCD, 0x07, 0x00, 0x00, 0x00, 0x00,
  0x00, 0xFF, 0x70, 0x00, 0x00, 0x00, 0x00, 0x00, 0x00, 0xFF, 0x70, 0x00, 0x00, 0x00, 0x00, 0x00, 0x00, 0xFF, 0x70, 0x00, 0x00, 0x00, 0x00, 0x40, 0xFF, 0x89, 0x00, 0x00, 0xC0, 0xC8, 0x05, 0x00, 0x00, 0x00, 0x00, 0x00, 0x00, 0xFF, 0xFF, 0xFF,
  0xFF, 0xDF, 0x00, 0x00, 0x00, 0x81, 0x41, 0x00, 0x00, 0x33, 0x8D, 0x00, 0x00, 0x07, 0xAF, 0x0A, 0x00, 0x00, 0x86, 0x3A, 0x00, 0x00, 0x38, 0x87, 0x00, 0x00, 0x00, 0xD9, 0xFF, 0xFF, 0xFF, 0x00, 0x00, 0x40, 0xFF, 0x89, 0x00, 0xC0, 0xC8, 0x05,
  0x00, 0x00, 0x00, 0x00, 0xFF, 0xFF, 0xFF, 0xE8, 0x00, 0x00, 0x70, 0x5A, 0x00, 0x1C, 0xAE, 0x00, 0x00, 0xA6, 0x25, 0x00, 0x4C, 0x7E, 0x00, 0x00, 0xE1, 0xFF, 0xFF, 0xFF, 0x00, 0xC6, 0xAE, 0x00, 0x00, 0x00, 0x00, 0x00, 0x00, 0x00, 0xFF, 0xFF,
  0xFF, 0xFF, 0xDF, 0x00, 0x00, 0x00, 0x81, 0x41, 0x00, 0x00, 0x33, 0x8D, 0x00, 0x00, 0x07, 0xAF, 0x0A, 0x00, 0x00, 0x86, 0x3A, 0x00, 0x00, 0x38, 0x87, 0x00, 0x00, 0x00, 0xD9, 0xFF, 0xFF, 0xFF, 0x00, 0x00, 0xC8, 0xAE, 0x00, 0x00, 0x00, 0x00,
  0x00, 0xFF, 0xFF, 0xFF, 0xE8, 0x00, 0x00, 0x70, 0x5A, 0x00, 0x1C, 0xAE, 0x00, 0x00, 0xA6, 0x25, 0x00, 0x4C, 0x7E, 0x00, 0x00, 0xE1, 0xFF, 0xFF, 0xFF, 0x2F, 0xF8, 0x76, 0xF7, 0x2D, 0x00, 0x78, 0xFF, 0x71, 0x00, 0x00, 0x00, 0x00, 0x00, 0x00,
  0xFF, 0xFF, 0xFF, 0xFF, 0xDF, 0x00, 0x00, 0x00, 0x81, 0x41, 0x00, 0x00, 0x33, 0x8D, 0x00, 0x00, 0x07, 0xAF, 0x0A, 0x00, 0x00, 0x86, 0x3A, 0x00, 0x00, 0x38, 0x87, 0x00, 0x00, 0x00, 0xD9, 0xFF, 0xFF, 0xFF, 0x00, 0x2E, 0xF7, 0x71, 0xF6, 0x2C,
  0x00, 0x72, 0xFF, 0x6B, 0x00, 0x00, 0x00, 0x00, 0x00, 0x00, 0xFF, 0xFF, 0xFF, 0xE8, 0x00, 0x00, 0x00, 0x70, 0x5A, 0x00, 0x00, 0x1C, 0xAE, 0x00, 0x00, 0x00, 0xA6, 0x25, 0x00, 0x00, 0x4C, 0x7E, 0x00, 0x00, 0x00, 0xE1, 0xFF, 0xFF, 0xFF, 0x00,
  0x00, 0x00, 0x3C, 0xE1, 0xFF, 0x00, 0x00, 0xBE, 0x4C, 0x00, 0x00, 0x00, 0xF1, 0x05, 0x00, 0xFF, 0xFF, 0xFF, 0xFF, 0xFF, 0x00, 0x3F, 0xB8, 0x00, 0x00, 0x00, 0x65, 0x93, 0x00, 0x00, 0x00, 0x8B, 0x6D, 0x00, 0x00, 0x02, 0xBA, 0x41, 0x00, 0x00,
  0xFD, 0xBE, 0x04, 0x00, 0x00, 0x00, 0x54, 0xFF, 0x59, 0x00, 0x28, 0xF2, 0x72, 0xF3, 0x29, 0x2E, 0xF7, 0x71, 0xF6, 0x2C, 0x00, 0x72, 0xFF, 0x6B, 0x00, 0x23, 0xFF, 0x39, 0xFF, 0x22, 0x00, 0x99, 0xF4, 0x98, 0x00, 0xC8, 0xAE, 0x00, 0x9B, 0xF3,
  0x98, 0x00, 0x12, 0xFF, 0x40, 0xFF, 0x12, 0x00, 0x9D, 0xF5, 0x9B, 0x00, 0x1B, 0xDA, 0x4D, 0x30, 0xE6, 0xFA, 0x97, 0xE3, 0x39, 0x7A, 0x78, 0x3A, 0xE3, 0x95, 0x00, 0xCB, 0xBF, 0x40, 0xFF, 0x74, 0x39, 0xFF, 0x3F, 0xC0, 0xC4, 0x02, 0x0F, 0xA3,
  0xEF, 0xDD, 0x65, 0x00, 0x96, 0xE9, 0x20, 0x7C, 0xFE, 0x2D, 0xE2, 0x9C, 0x00, 0x16, 0xFF, 0x71, 0xFC, 0x8A, 0x00, 0x05, 0xFF, 0x7B, 0xED, 0x94, 0x00, 0x1F, 0xFF, 0x54, 0xAD, 0xCC, 0x00, 0x8E, 0xD7, 0x0A, 0xFF, 0xFF, 0x00, 0xFF, 0xFF, 0x88,
  0xFF, 0xFF, 0xFF, 0xFF, 0xFF, 0xFF, 0x03, 0xFF, 0x6C, 0x00, 0xFF, 0x70, 0x10, 0xFF, 0x60, 0x00, 0xFF, 0x70, 0x31, 0xFF, 0x43, 0x00, 0xFF, 0x70, 0x6D, 0xFD, 0x10, 0x00, 0xF1, 0x7E, 0xCC, 0xB8, 0x00, 0x00, 0x9F, 0xFD, 0x00, 0x00, 0x00, 0x00,
  0x00, 0x0D, 0xFF, 0xFF, 0xFF, 0xFF, 0xFF, 0xFF, 0xFF, 0xFF, 0xFF, 0xFF, 0xFF, 0x11, 0x96, 0xE1, 0x46, 0xAE, 0xEA, 0x29, 0x01, 0xF3, 0xEC, 0x0E, 0x00, 0xA2, 0xF1, 0x29, 0x00, 0x00, 0xD3, 0xD5, 0x0F, 0x00, 0xB0, 0xFF, 0x3A, 0x11, 0xB7, 0xE6,
  0x0B, 0xEE, 0xB7, 0x2C, 0x00, 0x00, 0xD0, 0xD5, 0x0F, 0x00, 0xC2, 0xFF, 0x3A, 0x0C, 0xAE, 0xE8, 0x0C, 0xEE, 0xB8, 0x2E, 0x00, 0x36, 0xBE, 0xF0, 0x32, 0xBB, 0xEF, 0x07, 0xE8, 0xB6, 0x0D, 0xE1, 0xB9, 0x0F, 0x00, 0xC5, 0xD9, 0x00, 0xBD, 0xDE,
  0x00, 0x00, 0x00, 0x00, 0xE0, 0xBA, 0x00, 0xD9, 0xC1, 0x00, 0x0C, 0xBC, 0xDE, 0x0B, 0xB7, 0xE5, 0x08, 0xF0, 0xBB, 0x2F, 0xF1, 0xBE, 0x34, 0x00, 0x01, 0xDE, 0xA7, 0x00, 0xD8, 0xAF, 0x00, 0x00, 0x00, 0xC4, 0xF3, 0x00, 0xBC, 0xFA, 0x01, 0x00,
  0x13, 0xC6, 0xAF, 0x11, 0xC3, 0xB7, 0x00, 0x07, 0xEB, 0xA5, 0x14, 0xEC, 0xA8, 0x17, 0x00, 0x00, 0x00, 0xFF, 0x70, 0x00, 0x00, 0xFF, 0xFF, 0xFF, 0xFF, 0xFF, 0x70, 0x00, 0x00, 0xFF, 0x70, 0x00, 0x00, 0x00, 0x00, 0xFF, 0x70, 0x00, 0x00, 0x00,
  0x00, 0xFF, 0x70, 0x00, 0x00, 0x00, 0x00, 0xFF, 0x70, 0x00, 0x00, 0x00, 0x00, 0xFF, 0x70, 0x00, 0x00, 0xFF, 0xFF, 0xFF, 0xFF, 0xFF, 0x70, 0x00, 0x00, 0xFF, 0x70, 0x00, 0x00, 0x00, 0x00, 0xFF, 0x70, 0x00, 0x00, 0x00, 0x00, 0xFF, 0x70, 0x00,
  0x00, 0xFF, 0xFF, 0xFF, 0xFF, 0xFF, 0x70, 0x00, 0x00, 0xFF, 0x70, 0x00, 0x00, 0x00, 0x00, 0xFF, 0x70, 0x00, 0x00, 0x86, 0xF2, 0x84, 0xF4, 0xFF, 0xF2, 0x88, 0xF4, 0x86, 0xCB, 0x95, 0xCB, 0x95, 0xCB, 0x95, 0x85, 0xF4, 0xBF, 0x07, 0x00, 0x00,
  0x00, 0xF5, 0x6B, 0xFF, 0x2B, 0x00, 0x00, 0x00, 0x94, 0xF6, 0xB3, 0x2C, 0x7C, 0xD1, 0x0B, 0x2A, 0x7E, 0xD3, 0xD7, 0x83, 0x2E, 0x00, 0xD6, 0x81, 0x2C, 0x00, 0x00, 0x00, 0x00, 0x85, 0xF4, 0xBE, 0x8E, 0xF4, 0xBE, 0x06, 0xF5, 0x6B, 0xFF, 0xFF,
  0x6B, 0xFF, 0x2A, 0x95, 0xF6, 0xB3, 0x9B, 0xF6, 0xB3, 0x04, 0x00, 0x03, 0xAA, 0x91, 0x01, 0xA0, 0xE2, 0x24, 0x58, 0xFF, 0x41, 0x00, 0x01, 0xA1, 0xE1, 0x23, 0x00, 0x03, 0xAA, 0x92, 0x92, 0xA9, 0x03, 0x00, 0x24, 0xE2, 0xA0, 0x01, 0x00, 0x42,
  0xFF, 0x57, 0x23, 0xE2, 0xA0, 0x01, 0x92, 0xAA, 0x03, 0x00, 0x00, 0x00, 0x00, 0x00, 0x50, 0x93, 0x00, 0x00, 0x00, 0x0C, 0xC8, 0x0E, 0x00, 0x00, 0x00, 0x91, 0x52, 0x00, 0x00, 0x00, 0x33, 0xAE, 0x00, 0x00, 0x00, 0x03, 0xC0, 0x1D, 0x00, 0x00,
  0x00, 0x71, 0x70, 0x00, 0x00, 0x00, 0x1C, 0xC0, 0x03, 0x00, 0x00, 0x00, 0xAD, 0x33, 0x00, 0x00, 0x00, 0x00, 0x00, 0x15, 0xB7, 0xF8, 0xFF, 0x00, 0xA7, 0xE8, 0x1E, 0x00, 0xFF, 0xFF, 0xFF, 0xFF, 0x00, 0x00, 0xFE, 0x88, 0x00, 0x00, 0xFF, 0xFF,
  0xFF, 0xFF, 0x00, 0x00, 0xB8, 0xE3, 0x21, 0x00, 0x00, 0x26, 0xC8, 0xFA, 0xFF, 0x38, 0xFF, 0xFF, 0xFF, 0xB7, 0x3B, 0xFA, 0x1B, 0x00, 0x38, 0xFF, 0x00, 0xD4, 0xBA, 0xDF, 0x43, 0x00, 0x38, 0xFF, 0x00, 0xF1, 0xDD, 0xC1, 0x6B, 0x00, 0xF7, 0xF0,
  0xA0, 0x11, 0x00, 0x00, 0x01, 0x31, 0xDB, 0xC3, 0x00, 0x00, 0x00, 0x00, 0x4B, 0xFF, 0x3B, 0x27, 0xC2, 0xF5, 0xD3, 0xFF, 0x74, 0xC5, 0xC0, 0x11, 0x28, 0xFC, 0x81, 0xF5, 0x78, 0x00, 0x0D, 0xFF, 0x67, 0xC8, 0xC2, 0x11, 0x70, 0xF9, 0x1F, 0x2B,
  0xC5, 0xF5, 0xD7, 0x51, 0x00, 0x00, 0x00, 0x4B, 0xFE, 0x63, 0x00, 0x00, 0x00, 0x00, 0xB0, 0x87, 0xC4, 0x00, 0x00, 0x00, 0x19, 0xDA, 0x03, 0xE2, 0x26, 0x00, 0x00, 0x7B, 0x7D, 0x00, 0x86, 0x86, 0x00, 0x01, 0xDC, 0x1D, 0x00, 0x27, 0xE3, 0x02,
  0x46, 0xB9, 0x00, 0x00, 0x00, 0xC8, 0x47, 0x7F, 0xFF, 0xFF, 0xFF, 0xFF, 0xFF, 0x7F, 0xFF, 0xFF, 0xFF, 0xFF, 0xFF, 0xFF, 0x00, 0xFF, 0x70, 0x70, 0xFF, 0x00, 0x00, 0xFF, 0x70, 0x70, 0xFF, 0x00, 0x00, 0xFF, 0x70, 0x70, 0xFF, 0x00, 0x00, 0xFF,
  0x70, 0x70, 0xFF, 0x00, 0x00, 0xFF, 0x70, 0x70, 0xFF, 0x00, 0x00, 0xFF, 0x70, 0x70, 0xFF, 0x00, 0x00, 0xFF, 0x70, 0x70, 0xFF, 0x00, 0x00, 0xFF, 0x70, 0x70, 0xFF, 0x00, 0xFF, 0xFF, 0xFF, 0xFF, 0xFF, 0x7D, 0xE6, 0x1F, 0x00, 0x00, 0x00, 0xA0,
  0xD6, 0x11, 0x00, 0x00, 0x05, 0xBE, 0xC3, 0x08, 0x00, 0x00, 0x36, 0xFF, 0x4D, 0x00, 0x0B, 0xD4, 0x96, 0x00, 0x00, 0xA9, 0xC3, 0x05, 0x00, 0x75, 0xE3, 0x17, 0x00, 0x00, 0xFC, 0xFF, 0xFF, 0xFF, 0xFF, 0x00, 0x00, 0x00, 0x00, 0x2F, 0xD5, 0x00,
  0x00, 0x00, 0x00, 0x8E, 0x77, 0x00, 0x00, 0x00, 0x04, 0xE6, 0x1D, 0xAB, 0x32, 0x00, 0x4C, 0xBD, 0x00, 0x7E, 0x97, 0x00, 0xAA, 0x60, 0x00, 0x19, 0xEC, 0x1B, 0xEE, 0x0D, 0x00, 0x00, 0xAB, 0xBB, 0xA6, 0x00, 0x00, 0x00, 0x41, 0xFF, 0x4A, 0x00,
  0x00, 0x90, 0xF3, 0x70, 0x62, 0xEF, 0x9C, 0xF6, 0x7A, 0xBE, 0xBC, 0x7F, 0xF5, 0x9C, 0xF2, 0x65, 0x71, 0xF4, 0x96, 0x00, 0x00, 0x52, 0xDF, 0xFA, 0x67, 0x00, 0x00, 0xE7, 0xA5, 0x08, 0x00, 0x00, 0x00, 0xFF, 0x70, 0x00, 0x00, 0x00, 0x00, 0xFF,
  0x70, 0x00, 0x00, 0x00, 0x00, 0xFF, 0x70, 0x00, 0x00, 0x00, 0x00, 0xFF, 0x70, 0x00, 0x00, 0x00, 0x00, 0xFF, 0x70, 0x00, 0x00, 0x00, 0x00, 0xFF, 0x6F, 0x00, 0x00, 0x00, 0x3D, 0xFF, 0x57, 0x00, 0x00, 0xF3, 0xF3, 0xA9, 0x06, 0x00, 0x00, 0x85,
  0xF0, 0x87, 0x14, 0x81, 0x85, 0x14, 0x89, 0xF1, 0x88, 0x00, 0x00, 0x00, 0x00, 0x00, 0x88, 0xF0, 0x87, 0x14, 0x83, 0x82, 0x14, 0x89, 0xF1, 0x88, 0x00, 0x00, 0x10, 0xCA, 0x00, 0xFF, 0xFF, 0xFF, 0xFF, 0xFF, 0x00, 0x00, 0xBF, 0x1D, 0x00, 0xFF,
  0xFF, 0xFF, 0xFF, 0xFF, 0x00, 0x7A, 0x62, 0x00, 0x00, 0x00, 0xCC, 0x0F, 0x00, 0x00, 0x00, 0x00, 0x0A, 0x81, 0xA4, 0x01, 0x5B, 0xDA, 0x81, 0x09, 0x90, 0xF9, 0x3F, 0x00, 0x00, 0x01, 0x5C, 0xDB, 0x80, 0x09, 0x00, 0x00, 0x0B, 0x82, 0xA4, 0x00,
  0x00, 0x00, 0x00, 0x00, 0xFF, 0xFF, 0xFF, 0xFF, 0xFF, 0xA4, 0x81, 0x0A, 0x00, 0x00, 0x09, 0x81, 0xDA, 0x5B, 0x01, 0x00, 0x00, 0x3F, 0xF9, 0x90, 0x09, 0x80, 0xDB, 0x5C, 0x01, 0xA4, 0x82, 0x0A, 0x00, 0x00, 0x00, 0x00, 0x00, 0x00, 0x00, 0xFF,
  0xFF, 0xFF, 0xFF, 0xFF, 0x00, 0x1D, 0xF2, 0x93, 0x00, 0x00, 0x00, 0xB6, 0x8B, 0xED, 0x3E, 0x00, 0x5E, 0xF2, 0x11, 0x84, 0xDB, 0x09, 0xD6, 0xB2, 0x00, 0x1F, 0xFF, 0x69, 0x52, 0xF9, 0x1C, 0x6F, 0xE3, 0x0E, 0x00, 0xA9, 0x95, 0xE2, 0x4A, 0x00,
  0x00, 0x15, 0xEA, 0xA3, 0x00, 0x00, 0x00, 0x2F, 0xC2, 0xF4, 0xFF, 0x70, 0x00, 0xCF, 0xBB, 0x14, 0x00, 0x00, 0x00, 0xFC, 0x72, 0x00, 0x00, 0x00, 0xCC, 0xFF, 0xFF, 0xFF, 0xFF, 0x70, 0x00, 0xFF, 0x70, 0x00, 0xFF, 0x70, 0x00, 0xFF, 0x70, 0x00,
  0xFF, 0x70, 0x00, 0xFF, 0x70, 0x00, 0xFF, 0x70, 0x00, 0xFF, 0x70, 0x00, 0xFF, 0x70, 0x00, 0x33, 0xC8, 0xF6, 0xF1, 0x60, 0x00, 0xD1, 0xAD, 0x08, 0xFF, 0x70, 0x00, 0xFC, 0x71, 0x00, 0xFF, 0x70, 0xCC, 0xFF, 0xFF, 0x00, 0xFF, 0x70, 0x00, 0xFF,
  0x70, 0x00, 0xFF, 0x70, 0x00, 0xFF, 0x70, 0x00, 0xFF, 0x70, 0x00, 0xFF, 0x70, 0x00, 0xFF, 0x70, 0x00, 0xFF, 0x70, 0x00, 0xFF, 0x70, 0x00, 0x08, 0x43, 0x6F, 0x6E, 0x73, 0x6F, 0x6C, 0x61, 0x73, 0x00, 0x08, 0x43, 0x6F, 0x6E, 0x73, 0x6F, 0x6C,
  0x61, 0x73, 0x01, 0x00
};

/*************************** End of file ****************************/
