/*
  C-file generated by Bin2C
  Compiled:    Jun 11 2019 at 16:50:55

  Copyright (C) 2018
  Segger Microcontroller GmbH
  www.segger.com

  The Embedded Experts
*/

static const unsigned char _acConsolas10[17096UL + 1] = {
  0x00, 0x00, 0x01, 0x17, 0x00, 0x00, 0x00, 0x0B, 0x00, 0x00, 0x00, 0x0A, 0x00, 0x00, 0x00, 0x00, 0x00, 0x00, 0x00, 0x07, 0x00, 0x00, 0x00, 0x02, 0x00, 0x00, 0x00, 0x21, 0x00, 0x00, 0x00, 0x07, 0x00, 0x00, 0x00, 0x02, 0x00, 0x00, 0x00, 0x06,
  0x00, 0x00, 0x00, 0x07, 0x00, 0x00, 0x00, 0x02, 0x00, 0x00, 0x00, 0x00, 0x00, 0x00, 0x00, 0x22, 0x00, 0x00, 0x00, 0x02, 0x00, 0x00, 0x00, 0x05, 0x00, 0x00, 0x00, 0x06, 0x00, 0x00, 0x00, 0x07, 0x00, 0x00, 0x00, 0x01, 0x00, 0x00, 0x00, 0x00,
  0x00, 0x00, 0x00, 0x23, 0x00, 0x00, 0x00, 0x07, 0x00, 0x00, 0x00, 0x05, 0x00, 0x00, 0x00, 0x06, 0x00, 0x00, 0x00, 0x07, 0x00, 0x00, 0x00, 0x00, 0x00, 0x00, 0x00, 0x00, 0x00, 0x00, 0x00, 0x24, 0x00, 0x00, 0x00, 0x08, 0x00, 0x00, 0x00, 0x05,
  0x00, 0x00, 0x00, 0x06, 0x00, 0x00, 0x00, 0x07, 0x00, 0x00, 0x00, 0x01, 0x00, 0x00, 0x00, 0x00, 0x00, 0x00, 0x00, 0x25, 0x00, 0x00, 0x00, 0x07, 0x00, 0x00, 0x00, 0x07, 0x00, 0x00, 0x00, 0x06, 0x00, 0x00, 0x00, 0x07, 0x00, 0x00, 0x00, 0x00,
  0x00, 0x00, 0x00, 0x00, 0x00, 0x00, 0x00, 0x26, 0x00, 0x00, 0x00, 0x07, 0x00, 0x00, 0x00, 0x07, 0x00, 0x00, 0x00, 0x06, 0x00, 0x00, 0x00, 0x07, 0x00, 0x00, 0x00, 0x00, 0x00, 0x00, 0x00, 0x00, 0x00, 0x00, 0x00, 0x27, 0x00, 0x00, 0x00, 0x02,
  0x00, 0x00, 0x00, 0x02, 0x00, 0x00, 0x00, 0x06, 0x00, 0x00, 0x00, 0x07, 0x00, 0x00, 0x00, 0x02, 0x00, 0x00, 0x00, 0x00, 0x00, 0x00, 0x00, 0x28, 0x00, 0x00, 0x00, 0x09, 0x00, 0x00, 0x00, 0x04, 0x00, 0x00, 0x00, 0x06, 0x00, 0x00, 0x00, 0x07,
  0x00, 0x00, 0x00, 0x00, 0x00, 0x00, 0x00, 0x00, 0x00, 0x00, 0x00, 0x29, 0x00, 0x00, 0x00, 0x09, 0x00, 0x00, 0x00, 0x04, 0x00, 0x00, 0x00, 0x06, 0x00, 0x00, 0x00, 0x07, 0x00, 0x00, 0x00, 0x01, 0x00, 0x00, 0x00, 0x00, 0x00, 0x00, 0x00, 0x2A,
  0x00, 0x00, 0x00, 0x04, 0x00, 0x00, 0x00, 0x06, 0x00, 0x00, 0x00, 0x06, 0x00, 0x00, 0x00, 0x07, 0x00, 0x00, 0x00, 0x01, 0x00, 0x00, 0x00, 0x00, 0x00, 0x00, 0x00, 0x2B, 0x00, 0x00, 0x00, 0x05, 0x00, 0x00, 0x00, 0x06, 0x00, 0x00, 0x00, 0x06,
  0x00, 0x00, 0x00, 0x05, 0x00, 0x00, 0x00, 0x01, 0x00, 0x00, 0x00, 0x00, 0x00, 0x00, 0x00, 0x2C, 0x00, 0x00, 0x00, 0x04, 0x00, 0x00, 0x00, 0x04, 0x00, 0x00, 0x00, 0x06, 0x00, 0x00, 0x00, 0x02, 0x00, 0x00, 0x00, 0x01, 0x00, 0x00, 0x00, 0x00,
  0x00, 0x00, 0x00, 0x2D, 0x00, 0x00, 0x00, 0x01, 0x00, 0x00, 0x00, 0x03, 0x00, 0x00, 0x00, 0x06, 0x00, 0x00, 0x00, 0x03, 0x00, 0x00, 0x00, 0x01, 0x00, 0x00, 0x00, 0x00, 0x00, 0x00, 0x00, 0x2E, 0x00, 0x00, 0x00, 0x02, 0x00, 0x00, 0x00, 0x03,
  0x00, 0x00, 0x00, 0x06, 0x00, 0x00, 0x00, 0x02, 0x00, 0x00, 0x00, 0x02, 0x00, 0x00, 0x00, 0x00, 0x00, 0x00, 0x00, 0x2F, 0x00, 0x00, 0x00, 0x08, 0x00, 0x00, 0x00, 0x04, 0x00, 0x00, 0x00, 0x06, 0x00, 0x00, 0x00, 0x07, 0x00, 0x00, 0x00, 0x01,
  0x00, 0x00, 0x00, 0x00, 0x00, 0x00, 0x00, 0x30, 0x00, 0x00, 0x00, 0x06, 0x00, 0x00, 0x00, 0x06, 0x00, 0x00, 0x00, 0x06, 0x00, 0x00, 0x00, 0x06, 0x00, 0x00, 0x00, 0x00, 0x00, 0x00, 0x00, 0x00, 0x00, 0x00, 0x00, 0x31, 0x00, 0x00, 0x00, 0x06,
  0x00, 0x00, 0x00, 0x04, 0x00, 0x00, 0x00, 0x06, 0x00, 0x00, 0x00, 0x06, 0x00, 0x00, 0x00, 0x01, 0x00, 0x00, 0x00, 0x00, 0x00, 0x00, 0x00, 0x32, 0x00, 0x00, 0x00, 0x06, 0x00, 0x00, 0x00, 0x04, 0x00, 0x00, 0x00, 0x06, 0x00, 0x00, 0x00, 0x06,
  0x00, 0x00, 0x00, 0x01, 0x00, 0x00, 0x00, 0x00, 0x00, 0x00, 0x00, 0x33, 0x00, 0x00, 0x00, 0x06, 0x00, 0x00, 0x00, 0x05, 0x00, 0x00, 0x00, 0x06, 0x00, 0x00, 0x00, 0x06, 0x00, 0x00, 0x00, 0x01, 0x00, 0x00, 0x00, 0x00, 0x00, 0x00, 0x00, 0x34,
  0x00, 0x00, 0x00, 0x06, 0x00, 0x00, 0x00, 0x05, 0x00, 0x00, 0x00, 0x06, 0x00, 0x00, 0x00, 0x06, 0x00, 0x00, 0x00, 0x00, 0x00, 0x00, 0x00, 0x00, 0x00, 0x00, 0x00, 0x35, 0x00, 0x00, 0x00, 0x06, 0x00, 0x00, 0x00, 0x05, 0x00, 0x00, 0x00, 0x06,
  0x00, 0x00, 0x00, 0x06, 0x00, 0x00, 0x00, 0x01, 0x00, 0x00, 0x00, 0x00, 0x00, 0x00, 0x00, 0x36, 0x00, 0x00, 0x00, 0x06, 0x00, 0x00, 0x00, 0x06, 0x00, 0x00, 0x00, 0x06, 0x00, 0x00, 0x00, 0x06, 0x00, 0x00, 0x00, 0x01, 0x00, 0x00, 0x00, 0x00,
  0x00, 0x00, 0x00, 0x37, 0x00, 0x00, 0x00, 0x06, 0x00, 0x00, 0x00, 0x04, 0x00, 0x00, 0x00, 0x06, 0x00, 0x00, 0x00, 0x06, 0x00, 0x00, 0x00, 0x01, 0x00, 0x00, 0x00, 0x00, 0x00, 0x00, 0x00, 0x38, 0x00, 0x00, 0x00, 0x06, 0x00, 0x00, 0x00, 0x05,
  0x00, 0x00, 0x00, 0x06, 0x00, 0x00, 0x00, 0x06, 0x00, 0x00, 0x00, 0x01, 0x00, 0x00, 0x00, 0x00, 0x00, 0x00, 0x00, 0x39, 0x00, 0x00, 0x00, 0x06, 0x00, 0x00, 0x00, 0x06, 0x00, 0x00, 0x00, 0x06, 0x00, 0x00, 0x00, 0x06, 0x00, 0x00, 0x00, 0x00,
  0x00, 0x00, 0x00, 0x00, 0x00, 0x00, 0x00, 0x3A, 0x00, 0x00, 0x00, 0x05, 0x00, 0x00, 0x00, 0x02, 0x00, 0x00, 0x00, 0x06, 0x00, 0x00, 0x00, 0x05, 0x00, 0x00, 0x00, 0x02, 0x00, 0x00, 0x00, 0x00, 0x00, 0x00, 0x00, 0x3B, 0x00, 0x00, 0x00, 0x07,
  0x00, 0x00, 0x00, 0x04, 0x00, 0x00, 0x00, 0x06, 0x00, 0x00, 0x00, 0x05, 0x00, 0x00, 0x00, 0x01, 0x00, 0x00, 0x00, 0x00, 0x00, 0x00, 0x00, 0x3C, 0x00, 0x00, 0x00, 0x05, 0x00, 0x00, 0x00, 0x04, 0x00, 0x00, 0x00, 0x06, 0x00, 0x00, 0x00, 0x05,
  0x00, 0x00, 0x00, 0x01, 0x00, 0x00, 0x00, 0x00, 0x00, 0x00, 0x00, 0x3D, 0x00, 0x00, 0x00, 0x03, 0x00, 0x00, 0x00, 0x04, 0x00, 0x00, 0x00, 0x06, 0x00, 0x00, 0x00, 0x04, 0x00, 0x00, 0x00, 0x01, 0x00, 0x00, 0x00, 0x00, 0x00, 0x00, 0x00, 0x3E,
  0x00, 0x00, 0x00, 0x05, 0x00, 0x00, 0x00, 0x04, 0x00, 0x00, 0x00, 0x06, 0x00, 0x00, 0x00, 0x05, 0x00, 0x00, 0x00, 0x01, 0x00, 0x00, 0x00, 0x00, 0x00, 0x00, 0x00, 0x3F, 0x00, 0x00, 0x00, 0x07, 0x00, 0x00, 0x00, 0x04, 0x00, 0x00, 0x00, 0x06,
  0x00, 0x00, 0x00, 0x07, 0x00, 0x00, 0x00, 0x01, 0x00, 0x00, 0x00, 0x00, 0x00, 0x00, 0x00, 0x40, 0x00, 0x00, 0x00, 0x09, 0x00, 0x00, 0x00, 0x07, 0x00, 0x00, 0x00, 0x06, 0x00, 0x00, 0x00, 0x07, 0x00, 0x00, 0x00, 0x00, 0x00, 0x00, 0x00, 0x00,
  0x00, 0x00, 0x00, 0x41, 0x00, 0x00, 0x00, 0x06, 0x00, 0x00, 0x00, 0x07, 0x00, 0x00, 0x00, 0x06, 0x00, 0x00, 0x00, 0x06, 0xFF, 0xFF, 0xFF, 0xFF, 0x00, 0x00, 0x00, 0x00, 0x00, 0x00, 0x00, 0x42, 0x00, 0x00, 0x00, 0x06, 0x00, 0x00, 0x00, 0x05,
  0x00, 0x00, 0x00, 0x06, 0x00, 0x00, 0x00, 0x06, 0x00, 0x00, 0x00, 0x01, 0x00, 0x00, 0x00, 0x00, 0x00, 0x00, 0x00, 0x43, 0x00, 0x00, 0x00, 0x06, 0x00, 0x00, 0x00, 0x05, 0x00, 0x00, 0x00, 0x06, 0x00, 0x00, 0x00, 0x06, 0x00, 0x00, 0x00, 0x00,
  0x00, 0x00, 0x00, 0x00, 0x00, 0x00, 0x00, 0x44, 0x00, 0x00, 0x00, 0x06, 0x00, 0x00, 0x00, 0x05, 0x00, 0x00, 0x00, 0x06, 0x00, 0x00, 0x00, 0x06, 0x00, 0x00, 0x00, 0x01, 0x00, 0x00, 0x00, 0x00, 0x00, 0x00, 0x00, 0x45, 0x00, 0x00, 0x00, 0x06,
  0x00, 0x00, 0x00, 0x04, 0x00, 0x00, 0x00, 0x06, 0x00, 0x00, 0x00, 0x06, 0x00, 0x00, 0x00, 0x01, 0x00, 0x00, 0x00, 0x00, 0x00, 0x00, 0x00, 0x46, 0x00, 0x00, 0x00, 0x06, 0x00, 0x00, 0x00, 0x04, 0x00, 0x00, 0x00, 0x06, 0x00, 0x00, 0x00, 0x06,
  0x00, 0x00, 0x00, 0x01, 0x00, 0x00, 0x00, 0x00, 0x00, 0x00, 0x00, 0x47, 0x00, 0x00, 0x00, 0x06, 0x00, 0x00, 0x00, 0x06, 0x00, 0x00, 0x00, 0x06, 0x00, 0x00, 0x00, 0x06, 0x00, 0x00, 0x00, 0x00, 0x00, 0x00, 0x00, 0x00, 0x00, 0x00, 0x00, 0x48,
  0x00, 0x00, 0x00, 0x06, 0x00, 0x00, 0x00, 0x04, 0x00, 0x00, 0x00, 0x06, 0x00, 0x00, 0x00, 0x06, 0x00, 0x00, 0x00, 0x01, 0x00, 0x00, 0x00, 0x00, 0x00, 0x00, 0x00, 0x49, 0x00, 0x00, 0x00, 0x06, 0x00, 0x00, 0x00, 0x04, 0x00, 0x00, 0x00, 0x06,
  0x00, 0x00, 0x00, 0x06, 0x00, 0x00, 0x00, 0x01, 0x00, 0x00, 0x00, 0x00, 0x00, 0x00, 0x00, 0x4A, 0x00, 0x00, 0x00, 0x06, 0x00, 0x00, 0x00, 0x05, 0x00, 0x00, 0x00, 0x06, 0x00, 0x00, 0x00, 0x06, 0x00, 0x00, 0x00, 0x01, 0x00, 0x00, 0x00, 0x00,
  0x00, 0x00, 0x00, 0x4B, 0x00, 0x00, 0x00, 0x06, 0x00, 0x00, 0x00, 0x05, 0x00, 0x00, 0x00, 0x06, 0x00, 0x00, 0x00, 0x06, 0x00, 0x00, 0x00, 0x01, 0x00, 0x00, 0x00, 0x00, 0x00, 0x00, 0x00, 0x4C, 0x00, 0x00, 0x00, 0x06, 0x00, 0x00, 0x00, 0x04,
  0x00, 0x00, 0x00, 0x06, 0x00, 0x00, 0x00, 0x06, 0x00, 0x00, 0x00, 0x01, 0x00, 0x00, 0x00, 0x00, 0x00, 0x00, 0x00, 0x4D, 0x00, 0x00, 0x00, 0x06, 0x00, 0x00, 0x00, 0x06, 0x00, 0x00, 0x00, 0x06, 0x00, 0x00, 0x00, 0x06, 0x00, 0x00, 0x00, 0x00,
  0x00, 0x00, 0x00, 0x00, 0x00, 0x00, 0x00, 0x4E, 0x00, 0x00, 0x00, 0x06, 0x00, 0x00, 0x00, 0x04, 0x00, 0x00, 0x00, 0x06, 0x00, 0x00, 0x00, 0x06, 0x00, 0x00, 0x00, 0x01, 0x00, 0x00, 0x00, 0x00, 0x00, 0x00, 0x00, 0x4F, 0x00, 0x00, 0x00, 0x06,
  0x00, 0x00, 0x00, 0x05, 0x00, 0x00, 0x00, 0x06, 0x00, 0x00, 0x00, 0x06, 0x00, 0x00, 0x00, 0x00, 0x00, 0x00, 0x00, 0x00, 0x00, 0x00, 0x00, 0x50, 0x00, 0x00, 0x00, 0x06, 0x00, 0x00, 0x00, 0x05, 0x00, 0x00, 0x00, 0x06, 0x00, 0x00, 0x00, 0x06,
  0x00, 0x00, 0x00, 0x01, 0x00, 0x00, 0x00, 0x00, 0x00, 0x00, 0x00, 0x51, 0x00, 0x00, 0x00, 0x08, 0x00, 0x00, 0x00, 0x06, 0x00, 0x00, 0x00, 0x06, 0x00, 0x00, 0x00, 0x06, 0x00, 0x00, 0x00, 0x00, 0x00, 0x00, 0x00, 0x00, 0x00, 0x00, 0x00, 0x52,
  0x00, 0x00, 0x00, 0x06, 0x00, 0x00, 0x00, 0x05, 0x00, 0x00, 0x00, 0x06, 0x00, 0x00, 0x00, 0x06, 0x00, 0x00, 0x00, 0x01, 0x00, 0x00, 0x00, 0x00, 0x00, 0x00, 0x00, 0x53, 0x00, 0x00, 0x00, 0x06, 0x00, 0x00, 0x00, 0x05, 0x00, 0x00, 0x00, 0x06,
  0x00, 0x00, 0x00, 0x06, 0x00, 0x00, 0x00, 0x01, 0x00, 0x00, 0x00, 0x00, 0x00, 0x00, 0x00, 0x54, 0x00, 0x00, 0x00, 0x06, 0x00, 0x00, 0x00, 0x06, 0x00, 0x00, 0x00, 0x06, 0x00, 0x00, 0x00, 0x06, 0x00, 0x00, 0x00, 0x00, 0x00, 0x00, 0x00, 0x00,
  0x00, 0x00, 0x00, 0x55, 0x00, 0x00, 0x00, 0x06, 0x00, 0x00, 0x00, 0x06, 0x00, 0x00, 0x00, 0x06, 0x00, 0x00, 0x00, 0x06, 0x00, 0x00, 0x00, 0x01, 0x00, 0x00, 0x00, 0x00, 0x00, 0x00, 0x00, 0x56, 0x00, 0x00, 0x00, 0x06, 0x00, 0x00, 0x00, 0x07,
  0x00, 0x00, 0x00, 0x06, 0x00, 0x00, 0x00, 0x06, 0x00, 0x00, 0x00, 0x00, 0x00, 0x00, 0x00, 0x00, 0x00, 0x00, 0x00, 0x57, 0x00, 0x00, 0x00, 0x06, 0x00, 0x00, 0x00, 0x05, 0x00, 0x00, 0x00, 0x06, 0x00, 0x00, 0x00, 0x06, 0x00, 0x00, 0x00, 0x01,
  0x00, 0x00, 0x00, 0x00, 0x00, 0x00, 0x00, 0x58, 0x00, 0x00, 0x00, 0x06, 0x00, 0x00, 0x00, 0x06, 0x00, 0x00, 0x00, 0x06, 0x00, 0x00, 0x00, 0x06, 0x00, 0x00, 0x00, 0x00, 0x00, 0x00, 0x00, 0x00, 0x00, 0x00, 0x00, 0x59, 0x00, 0x00, 0x00, 0x06,
  0x00, 0x00, 0x00, 0x06, 0x00, 0x00, 0x00, 0x06, 0x00, 0x00, 0x00, 0x06, 0x00, 0x00, 0x00, 0x01, 0x00, 0x00, 0x00, 0x00, 0x00, 0x00, 0x00, 0x5A, 0x00, 0x00, 0x00, 0x06, 0x00, 0x00, 0x00, 0x04, 0x00, 0x00, 0x00, 0x06, 0x00, 0x00, 0x00, 0x06,
  0x00, 0x00, 0x00, 0x01, 0x00, 0x00, 0x00, 0x00, 0x00, 0x00, 0x00, 0x5B, 0x00, 0x00, 0x00, 0x09, 0x00, 0x00, 0x00, 0x04, 0x00, 0x00, 0x00, 0x06, 0x00, 0x00, 0x00, 0x07, 0x00, 0x00, 0x00, 0x01, 0x00, 0x00, 0x00, 0x00, 0x00, 0x00, 0x00, 0x5C,
  0x00, 0x00, 0x00, 0x08, 0x00, 0x00, 0x00, 0x04, 0x00, 0x00, 0x00, 0x06, 0x00, 0x00, 0x00, 0x07, 0x00, 0x00, 0x00, 0x01, 0x00, 0x00, 0x00, 0x00, 0x00, 0x00, 0x00, 0x5D, 0x00, 0x00, 0x00, 0x09, 0x00, 0x00, 0x00, 0x04, 0x00, 0x00, 0x00, 0x06,
  0x00, 0x00, 0x00, 0x07, 0x00, 0x00, 0x00, 0x01, 0x00, 0x00, 0x00, 0x00, 0x00, 0x00, 0x00, 0x5E, 0x00, 0x00, 0x00, 0x03, 0x00, 0x00, 0x00, 0x05, 0x00, 0x00, 0x00, 0x06, 0x00, 0x00, 0x00, 0x06, 0x00, 0x00, 0x00, 0x00, 0x00, 0x00, 0x00, 0x00,
  0x00, 0x00, 0x00, 0x5F, 0x00, 0x00, 0x00, 0x01, 0x00, 0x00, 0x00, 0x06, 0x00, 0x00, 0x00, 0x06, 0xFF, 0xFF, 0xFF, 0xFF, 0x00, 0x00, 0x00, 0x00, 0x00, 0x00, 0x00, 0x00, 0x00, 0x00, 0x00, 0x60, 0x00, 0x00, 0x00, 0x02, 0x00, 0x00, 0x00, 0x04,
  0x00, 0x00, 0x00, 0x06, 0x00, 0x00, 0x00, 0x08, 0x00, 0x00, 0x00, 0x01, 0x00, 0x00, 0x00, 0x00, 0x00, 0x00, 0x00, 0x61, 0x00, 0x00, 0x00, 0x05, 0x00, 0x00, 0x00, 0x05, 0x00, 0x00, 0x00, 0x06, 0x00, 0x00, 0x00, 0x05, 0x00, 0x00, 0x00, 0x01,
  0x00, 0x00, 0x00, 0x00, 0x00, 0x00, 0x00, 0x62, 0x00, 0x00, 0x00, 0x07, 0x00, 0x00, 0x00, 0x05, 0x00, 0x00, 0x00, 0x06, 0x00, 0x00, 0x00, 0x07, 0x00, 0x00, 0x00, 0x01, 0x00, 0x00, 0x00, 0x00, 0x00, 0x00, 0x00, 0x63, 0x00, 0x00, 0x00, 0x05,
  0x00, 0x00, 0x00, 0x04, 0x00, 0x00, 0x00, 0x06, 0x00, 0x00, 0x00, 0x05, 0x00, 0x00, 0x00, 0x01, 0x00, 0x00, 0x00, 0x00, 0x00, 0x00, 0x00, 0x64, 0x00, 0x00, 0x00, 0x07, 0x00, 0x00, 0x00, 0x05, 0x00, 0x00, 0x00, 0x06, 0x00, 0x00, 0x00, 0x07,
  0x00, 0x00, 0x00, 0x01, 0x00, 0x00, 0x00, 0x00, 0x00, 0x00, 0x00, 0x65, 0x00, 0x00, 0x00, 0x05, 0x00, 0x00, 0x00, 0x05, 0x00, 0x00, 0x00, 0x06, 0x00, 0x00, 0x00, 0x05, 0x00, 0x00, 0x00, 0x01, 0x00, 0x00, 0x00, 0x00, 0x00, 0x00, 0x00, 0x66,
  0x00, 0x00, 0x00, 0x07, 0x00, 0x00, 0x00, 0x06, 0x00, 0x00, 0x00, 0x06, 0x00, 0x00, 0x00, 0x07, 0x00, 0x00, 0x00, 0x00, 0x00, 0x00, 0x00, 0x00, 0x00, 0x00, 0x00, 0x67, 0x00, 0x00, 0x00, 0x07, 0x00, 0x00, 0x00, 0x07, 0x00, 0x00, 0x00, 0x06,
  0x00, 0x00, 0x00, 0x05, 0x00, 0x00, 0x00, 0x00, 0x00, 0x00, 0x00, 0x00, 0x00, 0x00, 0x00, 0x68, 0x00, 0x00, 0x00, 0x07, 0x00, 0x00, 0x00, 0x05, 0x00, 0x00, 0x00, 0x06, 0x00, 0x00, 0x00, 0x07, 0x00, 0x00, 0x00, 0x01, 0x00, 0x00, 0x00, 0x00,
  0x00, 0x00, 0x00, 0x69, 0x00, 0x00, 0x00, 0x07, 0x00, 0x00, 0x00, 0x04, 0x00, 0x00, 0x00, 0x06, 0x00, 0x00, 0x00, 0x07, 0x00, 0x00, 0x00, 0x01, 0x00, 0x00, 0x00, 0x00, 0x00, 0x00, 0x00, 0x6A, 0x00, 0x00, 0x00, 0x09, 0x00, 0x00, 0x00, 0x03,
  0x00, 0x00, 0x00, 0x06, 0x00, 0x00, 0x00, 0x07, 0x00, 0x00, 0x00, 0x01, 0x00, 0x00, 0x00, 0x00, 0x00, 0x00, 0x00, 0x6B, 0x00, 0x00, 0x00, 0x07, 0x00, 0x00, 0x00, 0x05, 0x00, 0x00, 0x00, 0x06, 0x00, 0x00, 0x00, 0x07, 0x00, 0x00, 0x00, 0x01,
  0x00, 0x00, 0x00, 0x00, 0x00, 0x00, 0x00, 0x6C, 0x00, 0x00, 0x00, 0x07, 0x00, 0x00, 0x00, 0x04, 0x00, 0x00, 0x00, 0x06, 0x00, 0x00, 0x00, 0x07, 0x00, 0x00, 0x00, 0x01, 0x00, 0x00, 0x00, 0x00, 0x00, 0x00, 0x00, 0x6D, 0x00, 0x00, 0x00, 0x05,
  0x00, 0x00, 0x00, 0x06, 0x00, 0x00, 0x00, 0x06, 0x00, 0x00, 0x00, 0x05, 0x00, 0x00, 0x00, 0x01, 0x00, 0x00, 0x00, 0x00, 0x00, 0x00, 0x00, 0x6E, 0x00, 0x00, 0x00, 0x05, 0x00, 0x00, 0x00, 0x05, 0x00, 0x00, 0x00, 0x06, 0x00, 0x00, 0x00, 0x05,
  0x00, 0x00, 0x00, 0x01, 0x00, 0x00, 0x00, 0x00, 0x00, 0x00, 0x00, 0x6F, 0x00, 0x00, 0x00, 0x05, 0x00, 0x00, 0x00, 0x06, 0x00, 0x00, 0x00, 0x06, 0x00, 0x00, 0x00, 0x05, 0x00, 0x00, 0x00, 0x00, 0x00, 0x00, 0x00, 0x00, 0x00, 0x00, 0x00, 0x70,
  0x00, 0x00, 0x00, 0x07, 0x00, 0x00, 0x00, 0x05, 0x00, 0x00, 0x00, 0x06, 0x00, 0x00, 0x00, 0x05, 0x00, 0x00, 0x00, 0x01, 0x00, 0x00, 0x00, 0x00, 0x00, 0x00, 0x00, 0x71, 0x00, 0x00, 0x00, 0x07, 0x00, 0x00, 0x00, 0x05, 0x00, 0x00, 0x00, 0x06,
  0x00, 0x00, 0x00, 0x05, 0x00, 0x00, 0x00, 0x01, 0x00, 0x00, 0x00, 0x00, 0x00, 0x00, 0x00, 0x72, 0x00, 0x00, 0x00, 0x05, 0x00, 0x00, 0x00, 0x05, 0x00, 0x00, 0x00, 0x06, 0x00, 0x00, 0x00, 0x05, 0x00, 0x00, 0x00, 0x01, 0x00, 0x00, 0x00, 0x00,
  0x00, 0x00, 0x00, 0x73, 0x00, 0x00, 0x00, 0x05, 0x00, 0x00, 0x00, 0x05, 0x00, 0x00, 0x00, 0x06, 0x00, 0x00, 0x00, 0x05, 0x00, 0x00, 0x00, 0x01, 0x00, 0x00, 0x00, 0x00, 0x00, 0x00, 0x00, 0x74, 0x00, 0x00, 0x00, 0x07, 0x00, 0x00, 0x00, 0x04,
  0x00, 0x00, 0x00, 0x06, 0x00, 0x00, 0x00, 0x07, 0x00, 0x00, 0x00, 0x00, 0x00, 0x00, 0x00, 0x00, 0x00, 0x00, 0x00, 0x75, 0x00, 0x00, 0x00, 0x05, 0x00, 0x00, 0x00, 0x05, 0x00, 0x00, 0x00, 0x06, 0x00, 0x00, 0x00, 0x05, 0x00, 0x00, 0x00, 0x01,
  0x00, 0x00, 0x00, 0x00, 0x00, 0x00, 0x00, 0x76, 0x00, 0x00, 0x00, 0x05, 0x00, 0x00, 0x00, 0x05, 0x00, 0x00, 0x00, 0x06, 0x00, 0x00, 0x00, 0x05, 0x00, 0x00, 0x00, 0x01, 0x00, 0x00, 0x00, 0x00, 0x00, 0x00, 0x00, 0x77, 0x00, 0x00, 0x00, 0x05,
  0x00, 0x00, 0x00, 0x07, 0x00, 0x00, 0x00, 0x06, 0x00, 0x00, 0x00, 0x05, 0xFF, 0xFF, 0xFF, 0xFF, 0x00, 0x00, 0x00, 0x00, 0x00, 0x00, 0x00, 0x78, 0x00, 0x00, 0x00, 0x05, 0x00, 0x00, 0x00, 0x06, 0x00, 0x00, 0x00, 0x06, 0x00, 0x00, 0x00, 0x05,
  0x00, 0x00, 0x00, 0x00, 0x00, 0x00, 0x00, 0x00, 0x00, 0x00, 0x00, 0x79, 0x00, 0x00, 0x00, 0x07, 0x00, 0x00, 0x00, 0x05, 0x00, 0x00, 0x00, 0x06, 0x00, 0x00, 0x00, 0x05, 0x00, 0x00, 0x00, 0x01, 0x00, 0x00, 0x00, 0x00, 0x00, 0x00, 0x00, 0x7A,
  0x00, 0x00, 0x00, 0x05, 0x00, 0x00, 0x00, 0x04, 0x00, 0x00, 0x00, 0x06, 0x00, 0x00, 0x00, 0x05, 0x00, 0x00, 0x00, 0x01, 0x00, 0x00, 0x00, 0x00, 0x00, 0x00, 0x00, 0x7B, 0x00, 0x00, 0x00, 0x09, 0x00, 0x00, 0x00, 0x03, 0x00, 0x00, 0x00, 0x06,
  0x00, 0x00, 0x00, 0x07, 0x00, 0x00, 0x00, 0x01, 0x00, 0x00, 0x00, 0x00, 0x00, 0x00, 0x00, 0x7C, 0x00, 0x00, 0x00, 0x0A, 0x00, 0x00, 0x00, 0x02, 0x00, 0x00, 0x00, 0x06, 0x00, 0x00, 0x00, 0x08, 0x00, 0x00, 0x00, 0x02, 0x00, 0x00, 0x00, 0x00,
  0x00, 0x00, 0x00, 0x7D, 0x00, 0x00, 0x00, 0x09, 0x00, 0x00, 0x00, 0x03, 0x00, 0x00, 0x00, 0x06, 0x00, 0x00, 0x00, 0x07, 0x00, 0x00, 0x00, 0x01, 0x00, 0x00, 0x00, 0x00, 0x00, 0x00, 0x00, 0x7E, 0x00, 0x00, 0x00, 0x02, 0x00, 0x00, 0x00, 0x06,
  0x00, 0x00, 0x00, 0x06, 0x00, 0x00, 0x00, 0x04, 0x00, 0x00, 0x00, 0x00, 0x00, 0x00, 0x00, 0x00, 0x00, 0x00, 0x00, 0xA0, 0x00, 0x00, 0x00, 0x01, 0x00, 0x00, 0x00, 0x01, 0x00, 0x00, 0x00, 0x06, 0x00, 0x00, 0x00, 0x14, 0xFF, 0xFF, 0xFF, 0xF6,
  0x00, 0x00, 0x00, 0x00, 0x00, 0x00, 0x00, 0xA1, 0x00, 0x00, 0x00, 0x07, 0x00, 0x00, 0x00, 0x02, 0x00, 0x00, 0x00, 0x06, 0x00, 0x00, 0x00, 0x05, 0x00, 0x00, 0x00, 0x02, 0x00, 0x00, 0x00, 0x00, 0x00, 0x00, 0x00, 0xA2, 0x00, 0x00, 0x00, 0x08,
  0x00, 0x00, 0x00, 0x04, 0x00, 0x00, 0x00, 0x06, 0x00, 0x00, 0x00, 0x07, 0x00, 0x00, 0x00, 0x01, 0x00, 0x00, 0x00, 0x00, 0x00, 0x00, 0x00, 0xA3, 0x00, 0x00, 0x00, 0x06, 0x00, 0x00, 0x00, 0x05, 0x00, 0x00, 0x00, 0x06, 0x00, 0x00, 0x00, 0x06,
  0x00, 0x00, 0x00, 0x00, 0x00, 0x00, 0x00, 0x00, 0x00, 0x00, 0x00, 0xA4, 0x00, 0x00, 0x00, 0x06, 0x00, 0x00, 0x00, 0x06, 0x00, 0x00, 0x00, 0x06, 0x00, 0x00, 0x00, 0x06, 0x00, 0x00, 0x00, 0x00, 0x00, 0x00, 0x00, 0x00, 0x00, 0x00, 0x00, 0xA5,
  0x00, 0x00, 0x00, 0x06, 0x00, 0x00, 0x00, 0x06, 0x00, 0x00, 0x00, 0x06, 0x00, 0x00, 0x00, 0x06, 0x00, 0x00, 0x00, 0x01, 0x00, 0x00, 0x00, 0x00, 0x00, 0x00, 0x00, 0xA6, 0x00, 0x00, 0x00, 0x0A, 0x00, 0x00, 0x00, 0x02, 0x00, 0x00, 0x00, 0x06,
  0x00, 0x00, 0x00, 0x08, 0x00, 0x00, 0x00, 0x03, 0x00, 0x00, 0x00, 0x00, 0x00, 0x00, 0x00, 0xA7, 0x00, 0x00, 0x00, 0x08, 0x00, 0x00, 0x00, 0x05, 0x00, 0x00, 0x00, 0x06, 0x00, 0x00, 0x00, 0x07, 0x00, 0x00, 0x00, 0x01, 0x00, 0x00, 0x00, 0x00,
  0x00, 0x00, 0x00, 0xA8, 0x00, 0x00, 0x00, 0x01, 0x00, 0x00, 0x00, 0x04, 0x00, 0x00, 0x00, 0x06, 0x00, 0x00, 0x00, 0x07, 0x00, 0x00, 0x00, 0x01, 0x00, 0x00, 0x00, 0x00, 0x00, 0x00, 0x00, 0xA9, 0x00, 0x00, 0x00, 0x06, 0x00, 0x00, 0x00, 0x06,
  0x00, 0x00, 0x00, 0x06, 0x00, 0x00, 0x00, 0x06, 0x00, 0x00, 0x00, 0x00, 0x00, 0x00, 0x00, 0x00, 0x00, 0x00, 0x00, 0xAA, 0x00, 0x00, 0x00, 0x06, 0x00, 0x00, 0x00, 0x05, 0x00, 0x00, 0x00, 0x06, 0x00, 0x00, 0x00, 0x06, 0x00, 0x00, 0x00, 0x00,
  0x00, 0x00, 0x00, 0x00, 0x00, 0x00, 0x00, 0xAB, 0x00, 0x00, 0x00, 0x04, 0x00, 0x00, 0x00, 0x07, 0x00, 0x00, 0x00, 0x06, 0x00, 0x00, 0x00, 0x05, 0x00, 0x00, 0x00, 0x00, 0x00, 0x00, 0x00, 0x00, 0x00, 0x00, 0x00, 0xAC, 0x00, 0x00, 0x00, 0x02,
  0x00, 0x00, 0x00, 0x04, 0x00, 0x00, 0x00, 0x06, 0x00, 0x00, 0x00, 0x03, 0x00, 0x00, 0x00, 0x01, 0x00, 0x00, 0x00, 0x00, 0x00, 0x00, 0x00, 0xAD, 0x00, 0x00, 0x00, 0x01, 0x00, 0x00, 0x00, 0x03, 0x00, 0x00, 0x00, 0x06, 0x00, 0x00, 0x00, 0x03,
  0x00, 0x00, 0x00, 0x01, 0x00, 0x00, 0x00, 0x00, 0x00, 0x00, 0x00, 0xAE, 0x00, 0x00, 0x00, 0x04, 0x00, 0x00, 0x00, 0x08, 0x00, 0x00, 0x00, 0x06, 0x00, 0x00, 0x00, 0x07, 0xFF, 0xFF, 0xFF, 0xFF, 0x00, 0x00, 0x00, 0x00, 0x00, 0x00, 0x00, 0xAF,
  0x00, 0x00, 0x00, 0x01, 0x00, 0x00, 0x00, 0x03, 0x00, 0x00, 0x00, 0x06, 0x00, 0x00, 0x00, 0x07, 0x00, 0x00, 0x00, 0x01, 0x00, 0x00, 0x00, 0x00, 0x00, 0x00, 0x00, 0xB0, 0x00, 0x00, 0x00, 0x03, 0x00, 0x00, 0x00, 0x06, 0x00, 0x00, 0x00, 0x06,
  0x00, 0x00, 0x00, 0x07, 0x00, 0x00, 0x00, 0x00, 0x00, 0x00, 0x00, 0x00, 0x00, 0x00, 0x00, 0xB1, 0x00, 0x00, 0x00, 0x06, 0x00, 0x00, 0x00, 0x06, 0x00, 0x00, 0x00, 0x06, 0x00, 0x00, 0x00, 0x06, 0x00, 0x00, 0x00, 0x01, 0x00, 0x00, 0x00, 0x00,
  0x00, 0x00, 0x00, 0xB4, 0x00, 0x00, 0x00, 0x02, 0x00, 0x00, 0x00, 0x03, 0x00, 0x00, 0x00, 0x06, 0x00, 0x00, 0x00, 0x08, 0x00, 0x00, 0x00, 0x02, 0x00, 0x00, 0x00, 0x00, 0x00, 0x00, 0x00, 0xB5, 0x00, 0x00, 0x00, 0x07, 0x00, 0x00, 0x00, 0x06,
  0x00, 0x00, 0x00, 0x06, 0x00, 0x00, 0x00, 0x05, 0x00, 0x00, 0x00, 0x01, 0x00, 0x00, 0x00, 0x00, 0x00, 0x00, 0x00, 0xB6, 0x00, 0x00, 0x00, 0x08, 0x00, 0x00, 0x00, 0x04, 0x00, 0x00, 0x00, 0x06, 0x00, 0x00, 0x00, 0x07, 0x00, 0x00, 0x00, 0x01,
  0x00, 0x00, 0x00, 0x00, 0x00, 0x00, 0x00, 0xB7, 0x00, 0x00, 0x00, 0x02, 0x00, 0x00, 0x00, 0x03, 0x00, 0x00, 0x00, 0x06, 0x00, 0x00, 0x00, 0x04, 0x00, 0x00, 0x00, 0x02, 0x00, 0x00, 0x00, 0x00, 0x00, 0x00, 0x00, 0xB8, 0x00, 0x00, 0x00, 0x01,
  0x00, 0x00, 0x00, 0x02, 0x00, 0x00, 0x00, 0x06, 0x00, 0x00, 0x00, 0x00, 0x00, 0x00, 0x00, 0x02, 0x00, 0x00, 0x00, 0x00, 0x00, 0x00, 0x00, 0xBA, 0x00, 0x00, 0x00, 0x05, 0x00, 0x00, 0x00, 0x06, 0x00, 0x00, 0x00, 0x06, 0x00, 0x00, 0x00, 0x06,
  0x00, 0x00, 0x00, 0x00, 0x00, 0x00, 0x00, 0x00, 0x00, 0x00, 0x00, 0xBB, 0x00, 0x00, 0x00, 0x04, 0x00, 0x00, 0x00, 0x07, 0x00, 0x00, 0x00, 0x06, 0x00, 0x00, 0x00, 0x05, 0xFF, 0xFF, 0xFF, 0xFF, 0x00, 0x00, 0x00, 0x00, 0x00, 0x00, 0x00, 0xBF,
  0x00, 0x00, 0x00, 0x07, 0x00, 0x00, 0x00, 0x04, 0x00, 0x00, 0x00, 0x06, 0x00, 0x00, 0x00, 0x05, 0x00, 0x00, 0x00, 0x00, 0x00, 0x00, 0x00, 0x00, 0x00, 0x00, 0x00, 0xC0, 0x00, 0x00, 0x00, 0x09, 0x00, 0x00, 0x00, 0x07, 0x00, 0x00, 0x00, 0x06,
  0x00, 0x00, 0x00, 0x09, 0xFF, 0xFF, 0xFF, 0xFF, 0x00, 0x00, 0x00, 0x00, 0x00, 0x00, 0x00, 0xC1, 0x00, 0x00, 0x00, 0x09, 0x00, 0x00, 0x00, 0x07, 0x00, 0x00, 0x00, 0x06, 0x00, 0x00, 0x00, 0x09, 0xFF, 0xFF, 0xFF, 0xFF, 0x00, 0x00, 0x00, 0x00,
  0x00, 0x00, 0x00, 0xC2, 0x00, 0x00, 0x00, 0x09, 0x00, 0x00, 0x00, 0x07, 0x00, 0x00, 0x00, 0x06, 0x00, 0x00, 0x00, 0x09, 0xFF, 0xFF, 0xFF, 0xFF, 0x00, 0x00, 0x00, 0x00, 0x00, 0x00, 0x00, 0xC3, 0x00, 0x00, 0x00, 0x09, 0x00, 0x00, 0x00, 0x07,
  0x00, 0x00, 0x00, 0x06, 0x00, 0x00, 0x00, 0x09, 0xFF, 0xFF, 0xFF, 0xFF, 0x00, 0x00, 0x00, 0x00, 0x00, 0x00, 0x00, 0xC4, 0x00, 0x00, 0x00, 0x08, 0x00, 0x00, 0x00, 0x07, 0x00, 0x00, 0x00, 0x06, 0x00, 0x00, 0x00, 0x08, 0xFF, 0xFF, 0xFF, 0xFF,
  0x00, 0x00, 0x00, 0x00, 0x00, 0x00, 0x00, 0xC5, 0x00, 0x00, 0x00, 0x09, 0x00, 0x00, 0x00, 0x07, 0x00, 0x00, 0x00, 0x06, 0x00, 0x00, 0x00, 0x09, 0xFF, 0xFF, 0xFF, 0xFF, 0x00, 0x00, 0x00, 0x00, 0x00, 0x00, 0x00, 0xC6, 0x00, 0x00, 0x00, 0x06,
  0x00, 0x00, 0x00, 0x06, 0x00, 0x00, 0x00, 0x06, 0x00, 0x00, 0x00, 0x06, 0xFF, 0xFF, 0xFF, 0xFF, 0x00, 0x00, 0x00, 0x00, 0x00, 0x00, 0x00, 0xC7, 0x00, 0x00, 0x00, 0x07, 0x00, 0x00, 0x00, 0x04, 0x00, 0x00, 0x00, 0x06, 0x00, 0x00, 0x00, 0x06,
  0x00, 0x00, 0x00, 0x00, 0x00, 0x00, 0x00, 0x00, 0x00, 0x00, 0x00, 0xC8, 0x00, 0x00, 0x00, 0x09, 0x00, 0x00, 0x00, 0x04, 0x00, 0x00, 0x00, 0x06, 0x00, 0x00, 0x00, 0x09, 0x00, 0x00, 0x00, 0x01, 0x00, 0x00, 0x00, 0x00, 0x00, 0x00, 0x00, 0xC9,
  0x00, 0x00, 0x00, 0x09, 0x00, 0x00, 0x00, 0x04, 0x00, 0x00, 0x00, 0x06, 0x00, 0x00, 0x00, 0x09, 0x00, 0x00, 0x00, 0x01, 0x00, 0x00, 0x00, 0x00, 0x00, 0x00, 0x00, 0xCA, 0x00, 0x00, 0x00, 0x09, 0x00, 0x00, 0x00, 0x05, 0x00, 0x00, 0x00, 0x06,
  0x00, 0x00, 0x00, 0x09, 0x00, 0x00, 0x00, 0x00, 0x00, 0x00, 0x00, 0x00, 0x00, 0x00, 0x00, 0xCB, 0x00, 0x00, 0x00, 0x08, 0x00, 0x00, 0x00, 0x04, 0x00, 0x00, 0x00, 0x06, 0x00, 0x00, 0x00, 0x08, 0x00, 0x00, 0x00, 0x01, 0x00, 0x00, 0x00, 0x00,
  0x00, 0x00, 0x00, 0xCC, 0x00, 0x00, 0x00, 0x09, 0x00, 0x00, 0x00, 0x04, 0x00, 0x00, 0x00, 0x06, 0x00, 0x00, 0x00, 0x09, 0x00, 0x00, 0x00, 0x01, 0x00, 0x00, 0x00, 0x00, 0x00, 0x00, 0x00, 0xCD, 0x00, 0x00, 0x00, 0x09, 0x00, 0x00, 0x00, 0x04,
  0x00, 0x00, 0x00, 0x06, 0x00, 0x00, 0x00, 0x09, 0x00, 0x00, 0x00, 0x01, 0x00, 0x00, 0x00, 0x00, 0x00, 0x00, 0x00, 0xCE, 0x00, 0x00, 0x00, 0x09, 0x00, 0x00, 0x00, 0x05, 0x00, 0x00, 0x00, 0x06, 0x00, 0x00, 0x00, 0x09, 0x00, 0x00, 0x00, 0x00,
  0x00, 0x00, 0x00, 0x00, 0x00, 0x00, 0x00, 0xCF, 0x00, 0x00, 0x00, 0x08, 0x00, 0x00, 0x00, 0x04, 0x00, 0x00, 0x00, 0x06, 0x00, 0x00, 0x00, 0x08, 0x00, 0x00, 0x00, 0x01, 0x00, 0x00, 0x00, 0x00, 0x00, 0x00, 0x00, 0xD1, 0x00, 0x00, 0x00, 0x09,
  0x00, 0x00, 0x00, 0x04, 0x00, 0x00, 0x00, 0x06, 0x00, 0x00, 0x00, 0x09, 0x00, 0x00, 0x00, 0x01, 0x00, 0x00, 0x00, 0x00, 0x00, 0x00, 0x00, 0xD2, 0x00, 0x00, 0x00, 0x09, 0x00, 0x00, 0x00, 0x05, 0x00, 0x00, 0x00, 0x06, 0x00, 0x00, 0x00, 0x09,
  0x00, 0x00, 0x00, 0x00, 0x00, 0x00, 0x00, 0x00, 0x00, 0x00, 0x00, 0xD3, 0x00, 0x00, 0x00, 0x09, 0x00, 0x00, 0x00, 0x05, 0x00, 0x00, 0x00, 0x06, 0x00, 0x00, 0x00, 0x09, 0x00, 0x00, 0x00, 0x00, 0x00, 0x00, 0x00, 0x00, 0x00, 0x00, 0x00, 0xD4,
  0x00, 0x00, 0x00, 0x09, 0x00, 0x00, 0x00, 0x05, 0x00, 0x00, 0x00, 0x06, 0x00, 0x00, 0x00, 0x09, 0x00, 0x00, 0x00, 0x00, 0x00, 0x00, 0x00, 0x00, 0x00, 0x00, 0x00, 0xD5, 0x00, 0x00, 0x00, 0x09, 0x00, 0x00, 0x00, 0x05, 0x00, 0x00, 0x00, 0x06,
  0x00, 0x00, 0x00, 0x09, 0x00, 0x00, 0x00, 0x00, 0x00, 0x00, 0x00, 0x00, 0x00, 0x00, 0x00, 0xD6, 0x00, 0x00, 0x00, 0x08, 0x00, 0x00, 0x00, 0x05, 0x00, 0x00, 0x00, 0x06, 0x00, 0x00, 0x00, 0x08, 0x00, 0x00, 0x00, 0x00, 0x00, 0x00, 0x00, 0x00,
  0x00, 0x00, 0x00, 0xD7, 0x00, 0x00, 0x00, 0x05, 0x00, 0x00, 0x00, 0x05, 0x00, 0x00, 0x00, 0x06, 0x00, 0x00, 0x00, 0x05, 0x00, 0x00, 0x00, 0x00, 0x00, 0x00, 0x00, 0x00, 0x00, 0x00, 0x00, 0xD8, 0x00, 0x00, 0x00, 0x08, 0x00, 0x00, 0x00, 0x06,
  0x00, 0x00, 0x00, 0x06, 0x00, 0x00, 0x00, 0x07, 0x00, 0x00, 0x00, 0x00, 0x00, 0x00, 0x00, 0x00, 0x00, 0x00, 0x00, 0xD9, 0x00, 0x00, 0x00, 0x09, 0x00, 0x00, 0x00, 0x06, 0x00, 0x00, 0x00, 0x06, 0x00, 0x00, 0x00, 0x09, 0x00, 0x00, 0x00, 0x01,
  0x00, 0x00, 0x00, 0x00, 0x00, 0x00, 0x00, 0xDA, 0x00, 0x00, 0x00, 0x09, 0x00, 0x00, 0x00, 0x06, 0x00, 0x00, 0x00, 0x06, 0x00, 0x00, 0x00, 0x09, 0x00, 0x00, 0x00, 0x01, 0x00, 0x00, 0x00, 0x00, 0x00, 0x00, 0x00, 0xDB, 0x00, 0x00, 0x00, 0x09,
  0x00, 0x00, 0x00, 0x07, 0x00, 0x00, 0x00, 0x06, 0x00, 0x00, 0x00, 0x09, 0x00, 0x00, 0x00, 0x00, 0x00, 0x00, 0x00, 0x00, 0x00, 0x00, 0x00, 0xDC, 0x00, 0x00, 0x00, 0x08, 0x00, 0x00, 0x00, 0x06, 0x00, 0x00, 0x00, 0x06, 0x00, 0x00, 0x00, 0x08,
  0x00, 0x00, 0x00, 0x01, 0x00, 0x00, 0x00, 0x00, 0x00, 0x00, 0x00, 0xDD, 0x00, 0x00, 0x00, 0x09, 0x00, 0x00, 0x00, 0x06, 0x00, 0x00, 0x00, 0x06, 0x00, 0x00, 0x00, 0x09, 0x00, 0x00, 0x00, 0x01, 0x00, 0x00, 0x00, 0x00, 0x00, 0x00, 0x00, 0xDF,
  0x00, 0x00, 0x00, 0x07, 0x00, 0x00, 0x00, 0x05, 0x00, 0x00, 0x00, 0x06, 0x00, 0x00, 0x00, 0x07, 0x00, 0x00, 0x00, 0x01, 0x00, 0x00, 0x00, 0x00, 0x00, 0x00, 0x00, 0xE0, 0x00, 0x00, 0x00, 0x08, 0x00, 0x00, 0x00, 0x05, 0x00, 0x00, 0x00, 0x06,
  0x00, 0x00, 0x00, 0x08, 0x00, 0x00, 0x00, 0x01, 0x00, 0x00, 0x00, 0x00, 0x00, 0x00, 0x00, 0xE1, 0x00, 0x00, 0x00, 0x08, 0x00, 0x00, 0x00, 0x05, 0x00, 0x00, 0x00, 0x06, 0x00, 0x00, 0x00, 0x08, 0x00, 0x00, 0x00, 0x01, 0x00, 0x00, 0x00, 0x00,
  0x00, 0x00, 0x00, 0xE2, 0x00, 0x00, 0x00, 0x08, 0x00, 0x00, 0x00, 0x06, 0x00, 0x00, 0x00, 0x06, 0x00, 0x00, 0x00, 0x08, 0x00, 0x00, 0x00, 0x00, 0x00, 0x00, 0x00, 0x00, 0x00, 0x00, 0x00, 0xE3, 0x00, 0x00, 0x00, 0x08, 0x00, 0x00, 0x00, 0x05,
  0x00, 0x00, 0x00, 0x06, 0x00, 0x00, 0x00, 0x08, 0x00, 0x00, 0x00, 0x01, 0x00, 0x00, 0x00, 0x00, 0x00, 0x00, 0x00, 0xE4, 0x00, 0x00, 0x00, 0x07, 0x00, 0x00, 0x00, 0x05, 0x00, 0x00, 0x00, 0x06, 0x00, 0x00, 0x00, 0x07, 0x00, 0x00, 0x00, 0x01,
  0x00, 0x00, 0x00, 0x00, 0x00, 0x00, 0x00, 0xE5, 0x00, 0x00, 0x00, 0x09, 0x00, 0x00, 0x00, 0x06, 0x00, 0x00, 0x00, 0x06, 0x00, 0x00, 0x00, 0x09, 0x00, 0x00, 0x00, 0x00, 0x00, 0x00, 0x00, 0x00, 0x00, 0x00, 0x00, 0xE6, 0x00, 0x00, 0x00, 0x05,
  0x00, 0x00, 0x00, 0x05, 0x00, 0x00, 0x00, 0x06, 0x00, 0x00, 0x00, 0x05, 0x00, 0x00, 0x00, 0x00, 0x00, 0x00, 0x00, 0x00, 0x00, 0x00, 0x00, 0xE7, 0x00, 0x00, 0x00, 0x06, 0x00, 0x00, 0x00, 0x04, 0x00, 0x00, 0x00, 0x06, 0x00, 0x00, 0x00, 0x05,
  0x00, 0x00, 0x00, 0x01, 0x00, 0x00, 0x00, 0x00, 0x00, 0x00, 0x00, 0xE8, 0x00, 0x00, 0x00, 0x08, 0x00, 0x00, 0x00, 0x05, 0x00, 0x00, 0x00, 0x06, 0x00, 0x00, 0x00, 0x08, 0x00, 0x00, 0x00, 0x01, 0x00, 0x00, 0x00, 0x00, 0x00, 0x00, 0x00, 0xE9,
  0x00, 0x00, 0x00, 0x08, 0x00, 0x00, 0x00, 0x05, 0x00, 0x00, 0x00, 0x06, 0x00, 0x00, 0x00, 0x08, 0x00, 0x00, 0x00, 0x01, 0x00, 0x00, 0x00, 0x00, 0x00, 0x00, 0x00, 0xEA, 0x00, 0x00, 0x00, 0x08, 0x00, 0x00, 0x00, 0x06, 0x00, 0x00, 0x00, 0x06,
  0x00, 0x00, 0x00, 0x08, 0x00, 0x00, 0x00, 0x00, 0x00, 0x00, 0x00, 0x00, 0x00, 0x00, 0x00, 0xEB, 0x00, 0x00, 0x00, 0x07, 0x00, 0x00, 0x00, 0x05, 0x00, 0x00, 0x00, 0x06, 0x00, 0x00, 0x00, 0x07, 0x00, 0x00, 0x00, 0x01, 0x00, 0x00, 0x00, 0x00,
  0x00, 0x00, 0x00, 0xEC, 0x00, 0x00, 0x00, 0x08, 0x00, 0x00, 0x00, 0x04, 0x00, 0x00, 0x00, 0x06, 0x00, 0x00, 0x00, 0x08, 0x00, 0x00, 0x00, 0x01, 0x00, 0x00, 0x00, 0x00, 0x00, 0x00, 0x00, 0xED, 0x00, 0x00, 0x00, 0x08, 0x00, 0x00, 0x00, 0x04,
  0x00, 0x00, 0x00, 0x06, 0x00, 0x00, 0x00, 0x08, 0x00, 0x00, 0x00, 0x01, 0x00, 0x00, 0x00, 0x00, 0x00, 0x00, 0x00, 0xEE, 0x00, 0x00, 0x00, 0x08, 0x00, 0x00, 0x00, 0x05, 0x00, 0x00, 0x00, 0x06, 0x00, 0x00, 0x00, 0x08, 0x00, 0x00, 0x00, 0x00,
  0x00, 0x00, 0x00, 0x00, 0x00, 0x00, 0x00, 0xEF, 0x00, 0x00, 0x00, 0x07, 0x00, 0x00, 0x00, 0x04, 0x00, 0x00, 0x00, 0x06, 0x00, 0x00, 0x00, 0x07, 0x00, 0x00, 0x00, 0x01, 0x00, 0x00, 0x00, 0x00, 0x00, 0x00, 0x00, 0xF1, 0x00, 0x00, 0x00, 0x08,
  0x00, 0x00, 0x00, 0x05, 0x00, 0x00, 0x00, 0x06, 0x00, 0x00, 0x00, 0x08, 0x00, 0x00, 0x00, 0x01, 0x00, 0x00, 0x00, 0x00, 0x00, 0x00, 0x00, 0xF2, 0x00, 0x00, 0x00, 0x08, 0x00, 0x00, 0x00, 0x06, 0x00, 0x00, 0x00, 0x06, 0x00, 0x00, 0x00, 0x08,
  0x00, 0x00, 0x00, 0x00, 0x00, 0x00, 0x00, 0x00, 0x00, 0x00, 0x00, 0xF3, 0x00, 0x00, 0x00, 0x08, 0x00, 0x00, 0x00, 0x06, 0x00, 0x00, 0x00, 0x06, 0x00, 0x00, 0x00, 0x08, 0x00, 0x00, 0x00, 0x00, 0x00, 0x00, 0x00, 0x00, 0x00, 0x00, 0x00, 0xF4,
  0x00, 0x00, 0x00, 0x08, 0x00, 0x00, 0x00, 0x06, 0x00, 0x00, 0x00, 0x06, 0x00, 0x00, 0x00, 0x08, 0x00, 0x00, 0x00, 0x00, 0x00, 0x00, 0x00, 0x00, 0x00, 0x00, 0x00, 0xF5, 0x00, 0x00, 0x00, 0x08, 0x00, 0x00, 0x00, 0x06, 0x00, 0x00, 0x00, 0x06,
  0x00, 0x00, 0x00, 0x08, 0x00, 0x00, 0x00, 0x00, 0x00, 0x00, 0x00, 0x00, 0x00, 0x00, 0x00, 0xF6, 0x00, 0x00, 0x00, 0x07, 0x00, 0x00, 0x00, 0x06, 0x00, 0x00, 0x00, 0x06, 0x00, 0x00, 0x00, 0x07, 0x00, 0x00, 0x00, 0x00, 0x00, 0x00, 0x00, 0x00,
  0x00, 0x00, 0x00, 0xF7, 0x00, 0x00, 0x00, 0x05, 0x00, 0x00, 0x00, 0x06, 0x00, 0x00, 0x00, 0x06, 0x00, 0x00, 0x00, 0x05, 0x00, 0x00, 0x00, 0x00, 0x00, 0x00, 0x00, 0x00, 0x00, 0x00, 0x00, 0xF8, 0x00, 0x00, 0x00, 0x07, 0x00, 0x00, 0x00, 0x06,
  0x00, 0x00, 0x00, 0x06, 0x00, 0x00, 0x00, 0x06, 0x00, 0x00, 0x00, 0x00, 0x00, 0x00, 0x00, 0x00, 0x00, 0x00, 0x00, 0xF9, 0x00, 0x00, 0x00, 0x08, 0x00, 0x00, 0x00, 0x05, 0x00, 0x00, 0x00, 0x06, 0x00, 0x00, 0x00, 0x08, 0x00, 0x00, 0x00, 0x01,
  0x00, 0x00, 0x00, 0x00, 0x00, 0x00, 0x00, 0xFA, 0x00, 0x00, 0x00, 0x08, 0x00, 0x00, 0x00, 0x05, 0x00, 0x00, 0x00, 0x06, 0x00, 0x00, 0x00, 0x08, 0x00, 0x00, 0x00, 0x01, 0x00, 0x00, 0x00, 0x00, 0x00, 0x00, 0x00, 0xFB, 0x00, 0x00, 0x00, 0x08,
  0x00, 0x00, 0x00, 0x06, 0x00, 0x00, 0x00, 0x06, 0x00, 0x00, 0x00, 0x08, 0x00, 0x00, 0x00, 0x00, 0x00, 0x00, 0x00, 0x00, 0x00, 0x00, 0x00, 0xFC, 0x00, 0x00, 0x00, 0x07, 0x00, 0x00, 0x00, 0x05, 0x00, 0x00, 0x00, 0x06, 0x00, 0x00, 0x00, 0x07,
  0x00, 0x00, 0x00, 0x01, 0x00, 0x00, 0x00, 0x00, 0x00, 0x00, 0x00, 0xFD, 0x00, 0x00, 0x00, 0x0A, 0x00, 0x00, 0x00, 0x05, 0x00, 0x00, 0x00, 0x06, 0x00, 0x00, 0x00, 0x08, 0x00, 0x00, 0x00, 0x01, 0x00, 0x00, 0x00, 0x00, 0x00, 0x00, 0x00, 0xFF,
  0x00, 0x00, 0x00, 0x09, 0x00, 0x00, 0x00, 0x05, 0x00, 0x00, 0x00, 0x06, 0x00, 0x00, 0x00, 0x07, 0x00, 0x00, 0x00, 0x01, 0x00, 0x00, 0x00, 0x00, 0x00, 0x00, 0x01, 0x02, 0x00, 0x00, 0x00, 0x09, 0x00, 0x00, 0x00, 0x07, 0x00, 0x00, 0x00, 0x06,
  0x00, 0x00, 0x00, 0x09, 0xFF, 0xFF, 0xFF, 0xFF, 0x00, 0x00, 0x00, 0x00, 0x00, 0x00, 0x01, 0x03, 0x00, 0x00, 0x00, 0x08, 0x00, 0x00, 0x00, 0x06, 0x00, 0x00, 0x00, 0x06, 0x00, 0x00, 0x00, 0x08, 0x00, 0x00, 0x00, 0x00, 0x00, 0x00, 0x00, 0x00,
  0x00, 0x00, 0x01, 0x04, 0x00, 0x00, 0x00, 0x08, 0x00, 0x00, 0x00, 0x07, 0x00, 0x00, 0x00, 0x06, 0x00, 0x00, 0x00, 0x06, 0xFF, 0xFF, 0xFF, 0xFF, 0x00, 0x00, 0x00, 0x00, 0x00, 0x00, 0x01, 0x05, 0x00, 0x00, 0x00, 0x07, 0x00, 0x00, 0x00, 0x05,
  0x00, 0x00, 0x00, 0x06, 0x00, 0x00, 0x00, 0x05, 0x00, 0x00, 0x00, 0x01, 0x00, 0x00, 0x00, 0x00, 0x00, 0x00, 0x01, 0x06, 0x00, 0x00, 0x00, 0x09, 0x00, 0x00, 0x00, 0x05, 0x00, 0x00, 0x00, 0x06, 0x00, 0x00, 0x00, 0x09, 0x00, 0x00, 0x00, 0x00,
  0x00, 0x00, 0x00, 0x00, 0x00, 0x00, 0x01, 0x07, 0x00, 0x00, 0x00, 0x08, 0x00, 0x00, 0x00, 0x04, 0x00, 0x00, 0x00, 0x06, 0x00, 0x00, 0x00, 0x08, 0x00, 0x00, 0x00, 0x01, 0x00, 0x00, 0x00, 0x00, 0x00, 0x00, 0x01, 0x0C, 0x00, 0x00, 0x00, 0x09,
  0x00, 0x00, 0x00, 0x05, 0x00, 0x00, 0x00, 0x06, 0x00, 0x00, 0x00, 0x09, 0x00, 0x00, 0x00, 0x00, 0x00, 0x00, 0x00, 0x00, 0x00, 0x00, 0x01, 0x0D, 0x00, 0x00, 0x00, 0x08, 0x00, 0x00, 0x00, 0x05, 0x00, 0x00, 0x00, 0x06, 0x00, 0x00, 0x00, 0x08,
  0x00, 0x00, 0x00, 0x00, 0x00, 0x00, 0x00, 0x00, 0x00, 0x00, 0x01, 0x0E, 0x00, 0x00, 0x00, 0x09, 0x00, 0x00, 0x00, 0x06, 0x00, 0x00, 0x00, 0x06, 0x00, 0x00, 0x00, 0x09, 0x00, 0x00, 0x00, 0x00, 0x00, 0x00, 0x00, 0x00, 0x00, 0x00, 0x01, 0x0F,
  0x00, 0x00, 0x00, 0x08, 0x00, 0x00, 0x00, 0x07, 0x00, 0x00, 0x00, 0x06, 0x00, 0x00, 0x00, 0x08, 0x00, 0x00, 0x00, 0x01, 0x00, 0x00, 0x00, 0x00, 0x00, 0x00, 0x01, 0x10, 0x00, 0x00, 0x00, 0x06, 0x00, 0x00, 0x00, 0x07, 0x00, 0x00, 0x00, 0x06,
  0x00, 0x00, 0x00, 0x06, 0x00, 0x00, 0x00, 0x00, 0x00, 0x00, 0x00, 0x00, 0x00, 0x00, 0x01, 0x11, 0x00, 0x00, 0x00, 0x07, 0x00, 0x00, 0x00, 0x06, 0x00, 0x00, 0x00, 0x06, 0x00, 0x00, 0x00, 0x07, 0x00, 0x00, 0x00, 0x00, 0x00, 0x00, 0x00, 0x00,
  0x00, 0x00, 0x01, 0x18, 0x00, 0x00, 0x00, 0x08, 0x00, 0x00, 0x00, 0x04, 0x00, 0x00, 0x00, 0x06, 0x00, 0x00, 0x00, 0x06, 0x00, 0x00, 0x00, 0x01, 0x00, 0x00, 0x00, 0x00, 0x00, 0x00, 0x01, 0x19, 0x00, 0x00, 0x00, 0x07, 0x00, 0x00, 0x00, 0x05,
  0x00, 0x00, 0x00, 0x06, 0x00, 0x00, 0x00, 0x05, 0x00, 0x00, 0x00, 0x01, 0x00, 0x00, 0x00, 0x00, 0x00, 0x00, 0x01, 0x1A, 0x00, 0x00, 0x00, 0x09, 0x00, 0x00, 0x00, 0x05, 0x00, 0x00, 0x00, 0x06, 0x00, 0x00, 0x00, 0x09, 0x00, 0x00, 0x00, 0x00,
  0x00, 0x00, 0x00, 0x00, 0x00, 0x00, 0x01, 0x1B, 0x00, 0x00, 0x00, 0x08, 0x00, 0x00, 0x00, 0x06, 0x00, 0x00, 0x00, 0x06, 0x00, 0x00, 0x00, 0x08, 0x00, 0x00, 0x00, 0x00, 0x00, 0x00, 0x00, 0x00, 0x00, 0x00, 0x01, 0x31, 0x00, 0x00, 0x00, 0x05,
  0x00, 0x00, 0x00, 0x04, 0x00, 0x00, 0x00, 0x06, 0x00, 0x00, 0x00, 0x05, 0x00, 0x00, 0x00, 0x01, 0x00, 0x00, 0x00, 0x00, 0x00, 0x00, 0x01, 0x39, 0x00, 0x00, 0x00, 0x09, 0x00, 0x00, 0x00, 0x04, 0x00, 0x00, 0x00, 0x06, 0x00, 0x00, 0x00, 0x09,
  0x00, 0x00, 0x00, 0x01, 0x00, 0x00, 0x00, 0x00, 0x00, 0x00, 0x01, 0x3A, 0x00, 0x00, 0x00, 0x09, 0x00, 0x00, 0x00, 0x04, 0x00, 0x00, 0x00, 0x06, 0x00, 0x00, 0x00, 0x09, 0x00, 0x00, 0x00, 0x01, 0x00, 0x00, 0x00, 0x00, 0x00, 0x00, 0x01, 0x3D,
  0x00, 0x00, 0x00, 0x08, 0x00, 0x00, 0x00, 0x06, 0x00, 0x00, 0x00, 0x06, 0x00, 0x00, 0x00, 0x08, 0x00, 0x00, 0x00, 0x01, 0x00, 0x00, 0x00, 0x00, 0x00, 0x00, 0x01, 0x3E, 0x00, 0x00, 0x00, 0x08, 0x00, 0x00, 0x00, 0x06, 0x00, 0x00, 0x00, 0x06,
  0x00, 0x00, 0x00, 0x08, 0x00, 0x00, 0x00, 0x01, 0x00, 0x00, 0x00, 0x00, 0x00, 0x00, 0x01, 0x41, 0x00, 0x00, 0x00, 0x06, 0x00, 0x00, 0x00, 0x05, 0x00, 0x00, 0x00, 0x06, 0x00, 0x00, 0x00, 0x06, 0x00, 0x00, 0x00, 0x00, 0x00, 0x00, 0x00, 0x00,
  0x00, 0x00, 0x01, 0x42, 0x00, 0x00, 0x00, 0x07, 0x00, 0x00, 0x00, 0x05, 0x00, 0x00, 0x00, 0x06, 0x00, 0x00, 0x00, 0x07, 0x00, 0x00, 0x00, 0x01, 0x00, 0x00, 0x00, 0x00, 0x00, 0x00, 0x01, 0x43, 0x00, 0x00, 0x00, 0x09, 0x00, 0x00, 0x00, 0x04,
  0x00, 0x00, 0x00, 0x06, 0x00, 0x00, 0x00, 0x09, 0x00, 0x00, 0x00, 0x01, 0x00, 0x00, 0x00, 0x00, 0x00, 0x00, 0x01, 0x44, 0x00, 0x00, 0x00, 0x08, 0x00, 0x00, 0x00, 0x05, 0x00, 0x00, 0x00, 0x06, 0x00, 0x00, 0x00, 0x08, 0x00, 0x00, 0x00, 0x01,
  0x00, 0x00, 0x00, 0x00, 0x00, 0x00, 0x01, 0x47, 0x00, 0x00, 0x00, 0x09, 0x00, 0x00, 0x00, 0x05, 0x00, 0x00, 0x00, 0x06, 0x00, 0x00, 0x00, 0x09, 0x00, 0x00, 0x00, 0x00, 0x00, 0x00, 0x00, 0x00, 0x00, 0x00, 0x01, 0x48, 0x00, 0x00, 0x00, 0x08,
  0x00, 0x00, 0x00, 0x06, 0x00, 0x00, 0x00, 0x06, 0x00, 0x00, 0x00, 0x08, 0x00, 0x00, 0x00, 0x00, 0x00, 0x00, 0x00, 0x00, 0x00, 0x00, 0x01, 0x50, 0x00, 0x00, 0x00, 0x09, 0x00, 0x00, 0x00, 0x06, 0x00, 0x00, 0x00, 0x06, 0x00, 0x00, 0x00, 0x09,
  0x00, 0x00, 0x00, 0x00, 0x00, 0x00, 0x00, 0x00, 0x00, 0x00, 0x01, 0x51, 0x00, 0x00, 0x00, 0x08, 0x00, 0x00, 0x00, 0x06, 0x00, 0x00, 0x00, 0x06, 0x00, 0x00, 0x00, 0x08, 0x00, 0x00, 0x00, 0x00, 0x00, 0x00, 0x00, 0x00, 0x00, 0x00, 0x01, 0x52,
  0x00, 0x00, 0x00, 0x06, 0x00, 0x00, 0x00, 0x05, 0x00, 0x00, 0x00, 0x06, 0x00, 0x00, 0x00, 0x06, 0x00, 0x00, 0x00, 0x00, 0x00, 0x00, 0x00, 0x00, 0x00, 0x00, 0x01, 0x53, 0x00, 0x00, 0x00, 0x05, 0x00, 0x00, 0x00, 0x05, 0x00, 0x00, 0x00, 0x06,
  0x00, 0x00, 0x00, 0x05, 0x00, 0x00, 0x00, 0x00, 0x00, 0x00, 0x00, 0x00, 0x00, 0x00, 0x01, 0x54, 0x00, 0x00, 0x00, 0x09, 0x00, 0x00, 0x00, 0x05, 0x00, 0x00, 0x00, 0x06, 0x00, 0x00, 0x00, 0x09, 0x00, 0x00, 0x00, 0x01, 0x00, 0x00, 0x00, 0x00,
  0x00, 0x00, 0x01, 0x55, 0x00, 0x00, 0x00, 0x08, 0x00, 0x00, 0x00, 0x05, 0x00, 0x00, 0x00, 0x06, 0x00, 0x00, 0x00, 0x08, 0x00, 0x00, 0x00, 0x01, 0x00, 0x00, 0x00, 0x00, 0x00, 0x00, 0x01, 0x58, 0x00, 0x00, 0x00, 0x09, 0x00, 0x00, 0x00, 0x06,
  0x00, 0x00, 0x00, 0x06, 0x00, 0x00, 0x00, 0x09, 0x00, 0x00, 0x00, 0x00, 0x00, 0x00, 0x00, 0x00, 0x00, 0x00, 0x01, 0x59, 0x00, 0x00, 0x00, 0x08, 0x00, 0x00, 0x00, 0x06, 0x00, 0x00, 0x00, 0x06, 0x00, 0x00, 0x00, 0x08, 0x00, 0x00, 0x00, 0x00,
  0x00, 0x00, 0x00, 0x00, 0x00, 0x00, 0x01, 0x5A, 0x00, 0x00, 0x00, 0x09, 0x00, 0x00, 0x00, 0x05, 0x00, 0x00, 0x00, 0x06, 0x00, 0x00, 0x00, 0x09, 0x00, 0x00, 0x00, 0x01, 0x00, 0x00, 0x00, 0x00, 0x00, 0x00, 0x01, 0x5B, 0x00, 0x00, 0x00, 0x08,
  0x00, 0x00, 0x00, 0x05, 0x00, 0x00, 0x00, 0x06, 0x00, 0x00, 0x00, 0x08, 0x00, 0x00, 0x00, 0x01, 0x00, 0x00, 0x00, 0x00, 0x00, 0x00, 0x01, 0x5E, 0x00, 0x00, 0x00, 0x07, 0x00, 0x00, 0x00, 0x06, 0x00, 0x00, 0x00, 0x06, 0x00, 0x00, 0x00, 0x06,
  0x00, 0x00, 0x00, 0x00, 0x00, 0x00, 0x00, 0x00, 0x00, 0x00, 0x01, 0x5F, 0x00, 0x00, 0x00, 0x06, 0x00, 0x00, 0x00, 0x06, 0x00, 0x00, 0x00, 0x06, 0x00, 0x00, 0x00, 0x05, 0x00, 0x00, 0x00, 0x00, 0x00, 0x00, 0x00, 0x00, 0x00, 0x00, 0x01, 0x60,
  0x00, 0x00, 0x00, 0x09, 0x00, 0x00, 0x00, 0x06, 0x00, 0x00, 0x00, 0x06, 0x00, 0x00, 0x00, 0x09, 0x00, 0x00, 0x00, 0x00, 0x00, 0x00, 0x00, 0x00, 0x00, 0x00, 0x01, 0x61, 0x00, 0x00, 0x00, 0x08, 0x00, 0x00, 0x00, 0x06, 0x00, 0x00, 0x00, 0x06,
  0x00, 0x00, 0x00, 0x08, 0x00, 0x00, 0x00, 0x00, 0x00, 0x00, 0x00, 0x00, 0x00, 0x00, 0x01, 0x62, 0x00, 0x00, 0x00, 0x07, 0x00, 0x00, 0x00, 0x06, 0x00, 0x00, 0x00, 0x06, 0x00, 0x00, 0x00, 0x06, 0x00, 0x00, 0x00, 0x00, 0x00, 0x00, 0x00, 0x00,
  0x00, 0x00, 0x01, 0x63, 0x00, 0x00, 0x00, 0x08, 0x00, 0x00, 0x00, 0x04, 0x00, 0x00, 0x00, 0x06, 0x00, 0x00, 0x00, 0x07, 0x00, 0x00, 0x00, 0x00, 0x00, 0x00, 0x00, 0x00, 0x00, 0x00, 0x01, 0x64, 0x00, 0x00, 0x00, 0x09, 0x00, 0x00, 0x00, 0x06,
  0x00, 0x00, 0x00, 0x06, 0x00, 0x00, 0x00, 0x09, 0x00, 0x00, 0x00, 0x00, 0x00, 0x00, 0x00, 0x00, 0x00, 0x00, 0x01, 0x65, 0x00, 0x00, 0x00, 0x08, 0x00, 0x00, 0x00, 0x07, 0x00, 0x00, 0x00, 0x06, 0x00, 0x00, 0x00, 0x08, 0x00, 0x00, 0x00, 0x00,
  0x00, 0x00, 0x00, 0x00, 0x00, 0x00, 0x01, 0x6E, 0x00, 0x00, 0x00, 0x09, 0x00, 0x00, 0x00, 0x07, 0x00, 0x00, 0x00, 0x06, 0x00, 0x00, 0x00, 0x09, 0x00, 0x00, 0x00, 0x00, 0x00, 0x00, 0x00, 0x00, 0x00, 0x00, 0x01, 0x6F, 0x00, 0x00, 0x00, 0x09,
  0x00, 0x00, 0x00, 0x06, 0x00, 0x00, 0x00, 0x06, 0x00, 0x00, 0x00, 0x09, 0x00, 0x00, 0x00, 0x00, 0x00, 0x00, 0x00, 0x00, 0x00, 0x00, 0x01, 0x70, 0x00, 0x00, 0x00, 0x09, 0x00, 0x00, 0x00, 0x07, 0x00, 0x00, 0x00, 0x06, 0x00, 0x00, 0x00, 0x09,
  0x00, 0x00, 0x00, 0x00, 0x00, 0x00, 0x00, 0x00, 0x00, 0x00, 0x01, 0x71, 0x00, 0x00, 0x00, 0x08, 0x00, 0x00, 0x00, 0x06, 0x00, 0x00, 0x00, 0x06, 0x00, 0x00, 0x00, 0x08, 0x00, 0x00, 0x00, 0x00, 0x00, 0x00, 0x00, 0x00, 0x00, 0x00, 0x01, 0x78,
  0x00, 0x00, 0x00, 0x08, 0x00, 0x00, 0x00, 0x06, 0x00, 0x00, 0x00, 0x06, 0x00, 0x00, 0x00, 0x08, 0x00, 0x00, 0x00, 0x01, 0x00, 0x00, 0x00, 0x00, 0x00, 0x00, 0x01, 0x79, 0x00, 0x00, 0x00, 0x09, 0x00, 0x00, 0x00, 0x04, 0x00, 0x00, 0x00, 0x06,
  0x00, 0x00, 0x00, 0x09, 0x00, 0x00, 0x00, 0x01, 0x00, 0x00, 0x00, 0x00, 0x00, 0x00, 0x01, 0x7A, 0x00, 0x00, 0x00, 0x08, 0x00, 0x00, 0x00, 0x04, 0x00, 0x00, 0x00, 0x06, 0x00, 0x00, 0x00, 0x08, 0x00, 0x00, 0x00, 0x01, 0x00, 0x00, 0x00, 0x00,
  0x00, 0x00, 0x01, 0x7B, 0x00, 0x00, 0x00, 0x08, 0x00, 0x00, 0x00, 0x04, 0x00, 0x00, 0x00, 0x06, 0x00, 0x00, 0x00, 0x08, 0x00, 0x00, 0x00, 0x01, 0x00, 0x00, 0x00, 0x00, 0x00, 0x00, 0x01, 0x7C, 0x00, 0x00, 0x00, 0x07, 0x00, 0x00, 0x00, 0x04,
  0x00, 0x00, 0x00, 0x06, 0x00, 0x00, 0x00, 0x07, 0x00, 0x00, 0x00, 0x01, 0x00, 0x00, 0x00, 0x00, 0x00, 0x00, 0x01, 0x7D, 0x00, 0x00, 0x00, 0x09, 0x00, 0x00, 0x00, 0x05, 0x00, 0x00, 0x00, 0x06, 0x00, 0x00, 0x00, 0x09, 0x00, 0x00, 0x00, 0x00,
  0x00, 0x00, 0x00, 0x00, 0x00, 0x00, 0x01, 0x7E, 0x00, 0x00, 0x00, 0x08, 0x00, 0x00, 0x00, 0x05, 0x00, 0x00, 0x00, 0x06, 0x00, 0x00, 0x00, 0x08, 0x00, 0x00, 0x00, 0x00, 0x00, 0x00, 0x00, 0x00, 0x00, 0x00, 0x01, 0x92, 0x00, 0x00, 0x00, 0x08,
  0x00, 0x00, 0x00, 0x05, 0x00, 0x00, 0x00, 0x06, 0x00, 0x00, 0x00, 0x07, 0x00, 0x00, 0x00, 0x00, 0x00, 0x00, 0x00, 0x00, 0x00, 0x00, 0x02, 0xC6, 0x00, 0x00, 0x00, 0x02, 0x00, 0x00, 0x00, 0x05, 0x00, 0x00, 0x00, 0x06, 0x00, 0x00, 0x00, 0x08,
  0x00, 0x00, 0x00, 0x00, 0x00, 0x00, 0x00, 0x00, 0x00, 0x00, 0x02, 0xC7, 0x00, 0x00, 0x00, 0x02, 0x00, 0x00, 0x00, 0x05, 0x00, 0x00, 0x00, 0x06, 0x00, 0x00, 0x00, 0x08, 0x00, 0x00, 0x00, 0x00, 0x00, 0x00, 0x00, 0x00, 0x00, 0x00, 0x02, 0xD8,
  0x00, 0x00, 0x00, 0x02, 0x00, 0x00, 0x00, 0x05, 0x00, 0x00, 0x00, 0x06, 0x00, 0x00, 0x00, 0x08, 0x00, 0x00, 0x00, 0x00, 0x00, 0x00, 0x00, 0x00, 0x00, 0x00, 0x02, 0xD9, 0x00, 0x00, 0x00, 0x01, 0x00, 0x00, 0x00, 0x02, 0x00, 0x00, 0x00, 0x06,
  0x00, 0x00, 0x00, 0x07, 0x00, 0x00, 0x00, 0x02, 0x00, 0x00, 0x00, 0x00, 0x00, 0x00, 0x02, 0xDA, 0x00, 0x00, 0x00, 0x03, 0x00, 0x00, 0x00, 0x05, 0x00, 0x00, 0x00, 0x06, 0x00, 0x00, 0x00, 0x09, 0x00, 0x00, 0x00, 0x00, 0x00, 0x00, 0x00, 0x00,
  0x00, 0x00, 0x02, 0xDB, 0x00, 0x00, 0x00, 0x02, 0x00, 0x00, 0x00, 0x03, 0x00, 0x00, 0x00, 0x06, 0x00, 0x00, 0x00, 0x00, 0x00, 0x00, 0x00, 0x02, 0x00, 0x00, 0x00, 0x00, 0x00, 0x00, 0x02, 0xDC, 0x00, 0x00, 0x00, 0x02, 0x00, 0x00, 0x00, 0x04,
  0x00, 0x00, 0x00, 0x06, 0x00, 0x00, 0x00, 0x08, 0x00, 0x00, 0x00, 0x01, 0x00, 0x00, 0x00, 0x00, 0x00, 0x00, 0x02, 0xDD, 0x00, 0x00, 0x00, 0x02, 0x00, 0x00, 0x00, 0x06, 0x00, 0x00, 0x00, 0x06, 0x00, 0x00, 0x00, 0x08, 0x00, 0x00, 0x00, 0x00,
  0x00, 0x00, 0x00, 0x00, 0x00, 0x00, 0x03, 0xA9, 0x00, 0x00, 0x00, 0x06, 0x00, 0x00, 0x00, 0x06, 0x00, 0x00, 0x00, 0x06, 0x00, 0x00, 0x00, 0x06, 0x00, 0x00, 0x00, 0x00, 0x00, 0x00, 0x00, 0x00, 0x00, 0x00, 0x03, 0xC0, 0x00, 0x00, 0x00, 0x06,
  0x00, 0x00, 0x00, 0x05, 0x00, 0x00, 0x00, 0x06, 0x00, 0x00, 0x00, 0x05, 0x00, 0x00, 0x00, 0x00, 0x00, 0x00, 0x00, 0x00, 0x00, 0x00, 0x20, 0x13, 0x00, 0x00, 0x00, 0x01, 0x00, 0x00, 0x00, 0x04, 0x00, 0x00, 0x00, 0x06, 0x00, 0x00, 0x00, 0x03,
  0x00, 0x00, 0x00, 0x01, 0x00, 0x00, 0x00, 0x00, 0x00, 0x00, 0x20, 0x14, 0x00, 0x00, 0x00, 0x01, 0x00, 0x00, 0x00, 0x06, 0x00, 0x00, 0x00, 0x06, 0x00, 0x00, 0x00, 0x03, 0x00, 0x00, 0x00, 0x00, 0x00, 0x00, 0x00, 0x00, 0x00, 0x00, 0x20, 0x18,
  0x00, 0x00, 0x00, 0x03, 0x00, 0x00, 0x00, 0x04, 0x00, 0x00, 0x00, 0x06, 0x00, 0x00, 0x00, 0x07, 0x00, 0x00, 0x00, 0x02, 0x00, 0x00, 0x00, 0x00, 0x00, 0x00, 0x20, 0x19, 0x00, 0x00, 0x00, 0x03, 0x00, 0x00, 0x00, 0x04, 0x00, 0x00, 0x00, 0x06,
  0x00, 0x00, 0x00, 0x07, 0x00, 0x00, 0x00, 0x01, 0x00, 0x00, 0x00, 0x00, 0x00, 0x00, 0x20, 0x1A, 0x00, 0x00, 0x00, 0x04, 0x00, 0x00, 0x00, 0x04, 0x00, 0x00, 0x00, 0x06, 0x00, 0x00, 0x00, 0x02, 0x00, 0x00, 0x00, 0x01, 0x00, 0x00, 0x00, 0x00,
  0x00, 0x00, 0x20, 0x1C, 0x00, 0x00, 0x00, 0x03, 0x00, 0x00, 0x00, 0x06, 0x00, 0x00, 0x00, 0x06, 0x00, 0x00, 0x00, 0x07, 0x00, 0x00, 0x00, 0x00, 0x00, 0x00, 0x00, 0x00, 0x00, 0x00, 0x20, 0x1D, 0x00, 0x00, 0x00, 0x03, 0x00, 0x00, 0x00, 0x06,
  0x00, 0x00, 0x00, 0x06, 0x00, 0x00, 0x00, 0x07, 0xFF, 0xFF, 0xFF, 0xFF, 0x00, 0x00, 0x00, 0x00, 0x00, 0x00, 0x20, 0x1E, 0x00, 0x00, 0x00, 0x03, 0x00, 0x00, 0x00, 0x06, 0x00, 0x00, 0x00, 0x06, 0x00, 0x00, 0x00, 0x01, 0xFF, 0xFF, 0xFF, 0xFF,
  0x00, 0x00, 0x00, 0x00, 0x00, 0x00, 0x20, 0x20, 0x00, 0x00, 0x00, 0x06, 0x00, 0x00, 0x00, 0x04, 0x00, 0x00, 0x00, 0x06, 0x00, 0x00, 0x00, 0x07, 0x00, 0x00, 0x00, 0x02, 0x00, 0x00, 0x00, 0x00, 0x00, 0x00, 0x20, 0x21, 0x00, 0x00, 0x00, 0x07,
  0x00, 0x00, 0x00, 0x04, 0x00, 0x00, 0x00, 0x06, 0x00, 0x00, 0x00, 0x07, 0x00, 0x00, 0x00, 0x02, 0x00, 0x00, 0x00, 0x00, 0x00, 0x00, 0x20, 0x22, 0x00, 0x00, 0x00, 0x03, 0x00, 0x00, 0x00, 0x03, 0x00, 0x00, 0x00, 0x06, 0x00, 0x00, 0x00, 0x04,
  0x00, 0x00, 0x00, 0x01, 0x00, 0x00, 0x00, 0x00, 0x00, 0x00, 0x20, 0x26, 0x00, 0x00, 0x00, 0x01, 0x00, 0x00, 0x00, 0x06, 0x00, 0x00, 0x00, 0x06, 0x00, 0x00, 0x00, 0x01, 0x00, 0x00, 0x00, 0x00, 0x00, 0x00, 0x00, 0x00, 0x00, 0x00, 0x20, 0x30,
  0x00, 0x00, 0x00, 0x07, 0x00, 0x00, 0x00, 0x07, 0x00, 0x00, 0x00, 0x06, 0x00, 0x00, 0x00, 0x07, 0x00, 0x00, 0x00, 0x00, 0x00, 0x00, 0x00, 0x00, 0x00, 0x00, 0x20, 0x39, 0x00, 0x00, 0x00, 0x04, 0x00, 0x00, 0x00, 0x03, 0x00, 0x00, 0x00, 0x06,
  0x00, 0x00, 0x00, 0x04, 0x00, 0x00, 0x00, 0x00, 0x00, 0x00, 0x00, 0x00, 0x00, 0x00, 0x20, 0x3A, 0x00, 0x00, 0x00, 0x04, 0x00, 0x00, 0x00, 0x03, 0x00, 0x00, 0x00, 0x06, 0x00, 0x00, 0x00, 0x04, 0x00, 0x00, 0x00, 0x02, 0x00, 0x00, 0x00, 0x00,
  0x00, 0x00, 0x20, 0x44, 0x00, 0x00, 0x00, 0x07, 0x00, 0x00, 0x00, 0x06, 0x00, 0x00, 0x00, 0x06, 0x00, 0x00, 0x00, 0x07, 0x00, 0x00, 0x00, 0x00, 0x00, 0x00, 0x00, 0x00, 0x00, 0x00, 0x20, 0xAC, 0x00, 0x00, 0x00, 0x06, 0x00, 0x00, 0x00, 0x05,
  0x00, 0x00, 0x00, 0x06, 0x00, 0x00, 0x00, 0x06, 0x00, 0x00, 0x00, 0x00, 0x00, 0x00, 0x00, 0x00, 0x00, 0x00, 0x21, 0x22, 0x00, 0x00, 0x00, 0x03, 0x00, 0x00, 0x00, 0x08, 0x00, 0x00, 0x00, 0x06, 0x00, 0x00, 0x00, 0x06, 0xFF, 0xFF, 0xFF, 0xFE,
  0x00, 0x00, 0x00, 0x00, 0x00, 0x00, 0x22, 0x02, 0x00, 0x00, 0x00, 0x07, 0x00, 0x00, 0x00, 0x05, 0x00, 0x00, 0x00, 0x06, 0x00, 0x00, 0x00, 0x07, 0x00, 0x00, 0x00, 0x01, 0x00, 0x00, 0x00, 0x00, 0x00, 0x00, 0x22, 0x06, 0x00, 0x00, 0x00, 0x06,
  0x00, 0x00, 0x00, 0x06, 0x00, 0x00, 0x00, 0x06, 0x00, 0x00, 0x00, 0x06, 0x00, 0x00, 0x00, 0x00, 0x00, 0x00, 0x00, 0x00, 0x00, 0x00, 0x22, 0x0F, 0x00, 0x00, 0x00, 0x08, 0x00, 0x00, 0x00, 0x05, 0x00, 0x00, 0x00, 0x06, 0x00, 0x00, 0x00, 0x07,
  0x00, 0x00, 0x00, 0x00, 0x00, 0x00, 0x00, 0x00, 0x00, 0x00, 0x22, 0x11, 0x00, 0x00, 0x00, 0x08, 0x00, 0x00, 0x00, 0x04, 0x00, 0x00, 0x00, 0x06, 0x00, 0x00, 0x00, 0x07, 0x00, 0x00, 0x00, 0x01, 0x00, 0x00, 0x00, 0x00, 0x00, 0x00, 0x22, 0x1A,
  0x00, 0x00, 0x00, 0x07, 0x00, 0x00, 0x00, 0x05, 0x00, 0x00, 0x00, 0x06, 0x00, 0x00, 0x00, 0x07, 0x00, 0x00, 0x00, 0x00, 0x00, 0x00, 0x00, 0x00, 0x00, 0x00, 0x22, 0x1E, 0x00, 0x00, 0x00, 0x03, 0x00, 0x00, 0x00, 0x05, 0x00, 0x00, 0x00, 0x06,
  0x00, 0x00, 0x00, 0x04, 0x00, 0x00, 0x00, 0x00, 0x00, 0x00, 0x00, 0x00, 0x00, 0x00, 0x22, 0x2B, 0x00, 0x00, 0x00, 0x09, 0x00, 0x00, 0x00, 0x06, 0x00, 0x00, 0x00, 0x06, 0x00, 0x00, 0x00, 0x07, 0x00, 0x00, 0x00, 0x00, 0x00, 0x00, 0x00, 0x00,
  0x00, 0x00, 0x22, 0x48, 0x00, 0x00, 0x00, 0x05, 0x00, 0x00, 0x00, 0x04, 0x00, 0x00, 0x00, 0x06, 0x00, 0x00, 0x00, 0x05, 0x00, 0x00, 0x00, 0x01, 0x00, 0x00, 0x00, 0x00, 0x00, 0x00, 0x22, 0x60, 0x00, 0x00, 0x00, 0x05, 0x00, 0x00, 0x00, 0x04,
  0x00, 0x00, 0x00, 0x06, 0x00, 0x00, 0x00, 0x05, 0x00, 0x00, 0x00, 0x01, 0x00, 0x00, 0x00, 0x00, 0x00, 0x00, 0x22, 0x64, 0x00, 0x00, 0x00, 0x06, 0x00, 0x00, 0x00, 0x04, 0x00, 0x00, 0x00, 0x06, 0x00, 0x00, 0x00, 0x06, 0x00, 0x00, 0x00, 0x01,
  0x00, 0x00, 0x00, 0x00, 0x00, 0x00, 0x22, 0x65, 0x00, 0x00, 0x00, 0x06, 0x00, 0x00, 0x00, 0x04, 0x00, 0x00, 0x00, 0x06, 0x00, 0x00, 0x00, 0x06, 0x00, 0x00, 0x00, 0x01, 0x00, 0x00, 0x00, 0x00, 0x00, 0x00, 0x25, 0xCA, 0x00, 0x00, 0x00, 0x06,
  0x00, 0x00, 0x00, 0x06, 0x00, 0x00, 0x00, 0x06, 0x00, 0x00, 0x00, 0x06, 0x00, 0x00, 0x00, 0x00, 0x00, 0x00, 0x00, 0x00, 0x00, 0x00, 0xFB, 0x01, 0x00, 0x00, 0x00, 0x07, 0x00, 0x00, 0x00, 0x06, 0x00, 0x00, 0x00, 0x06, 0x00, 0x00, 0x00, 0x07,
  0x00, 0x00, 0x00, 0x00, 0x00, 0x00, 0x00, 0x00, 0x00, 0x00, 0xFB, 0x02, 0x00, 0x00, 0x00, 0x07, 0x00, 0x00, 0x00, 0x06, 0x00, 0x00, 0x00, 0x06, 0x00, 0x00, 0x00, 0x07, 0x00, 0x00, 0x00, 0x00, 0x00, 0x00, 0x00, 0x00, 0xFA, 0x76, 0xEF, 0x6D,
  0xE4, 0x63, 0xD9, 0x5A, 0xCE, 0x50, 0x00, 0x00, 0xCA, 0x91, 0x9F, 0xF1, 0x00, 0xF2, 0x9D, 0x82, 0xD5, 0x00, 0xD6, 0x81, 0x00, 0x10, 0xFF, 0xFF, 0x00, 0x00, 0x30, 0xFF, 0xCE, 0x00, 0xFF, 0xFF, 0xFF, 0xFF, 0xFF, 0x00, 0x7E, 0xFF, 0x81, 0x00,
  0xFF, 0xFF, 0xFF, 0xFF, 0xFF, 0x00, 0xDD, 0xFF, 0x35, 0x00, 0x00, 0xFF, 0xFF, 0x11, 0x00, 0x00, 0x00, 0xAB, 0x0C, 0x00, 0x5A, 0xDC, 0xFE, 0xFF, 0x00, 0xF0, 0x90, 0xB8, 0x00, 0x00, 0x87, 0xE6, 0xB6, 0x08, 0x00, 0x00, 0x58, 0xD5, 0xE1, 0x1F,
  0x00, 0x6A, 0x75, 0xFF, 0x5D, 0xFF, 0xFF, 0xF2, 0xA8, 0x0B, 0x00, 0xAF, 0x06, 0x00, 0x00, 0x82, 0xF3, 0xC7, 0x0C, 0x5B, 0x74, 0x00, 0xF4, 0x72, 0xFF, 0x5C, 0xAD, 0x01, 0x00, 0x91, 0xF6, 0xBF, 0xB9, 0x1A, 0x00, 0x00, 0x00, 0x00, 0x80, 0x50,
  0x00, 0x00, 0x00, 0x00, 0x3A, 0x94, 0x82, 0xF3, 0xC7, 0x0C, 0x0E, 0xB6, 0x0A, 0xF4, 0x73, 0xFF, 0x3B, 0x9E, 0x31, 0x00, 0x93, 0xF6, 0xBB, 0x08, 0x00, 0x6C, 0xF0, 0xC2, 0x0B, 0x00, 0x00, 0x00, 0xEF, 0x7B, 0xFF, 0x4C, 0x00, 0x00, 0x00, 0xE7,
  0x64, 0xFF, 0x2B, 0x00, 0x00, 0x00, 0xA7, 0xF7, 0x8A, 0x00, 0x00, 0x00, 0x9D, 0xBB, 0x83, 0xCE, 0xEE, 0x53, 0x00, 0xF0, 0x8B, 0x08, 0x98, 0xFF, 0x45, 0x00, 0x5D, 0xDE, 0xF9, 0xE0, 0x9D, 0xC4, 0x0F, 0xF3, 0x9D, 0xD9, 0x81, 0x00, 0x00, 0x3C,
  0xA8, 0x00, 0x2F, 0xEA, 0x24, 0x00, 0xCF, 0x7A, 0x00, 0x30, 0xFF, 0x22, 0x00, 0x4F, 0xFF, 0x07, 0x00, 0x33, 0xFF, 0x24, 0x00, 0x01, 0xD4, 0x7C, 0x00, 0x00, 0x35, 0xED, 0x27, 0x00, 0x00, 0x43, 0xAA, 0xAA, 0x41, 0x00, 0x00, 0x27, 0xEC, 0x33,
  0x00, 0x00, 0x7D, 0xD2, 0x00, 0x00, 0x25, 0xFF, 0x30, 0x00, 0x07, 0xFF, 0x4F, 0x00, 0x22, 0xFF, 0x2D, 0x00, 0x79, 0xCE, 0x00, 0x24, 0xEA, 0x2F, 0x00, 0xAA, 0x43, 0x00, 0x00, 0x00, 0x00, 0xF8, 0x1F, 0x00, 0x00, 0x6D, 0x6E, 0xF1, 0x77, 0x7F,
  0x04, 0x6D, 0x70, 0xF1, 0x74, 0x7A, 0x04, 0x00, 0x00, 0xF8, 0x1F, 0x00, 0x00, 0x00, 0x00, 0xD0, 0x28, 0x00, 0x00, 0x00, 0x00, 0xD0, 0x28, 0x00, 0x00, 0xFF, 0xFF, 0xFF, 0xFF, 0xFF, 0x58, 0x00, 0x00, 0xFF, 0x58, 0x00, 0x00, 0x00, 0x00, 0xFF,
  0x58, 0x00, 0x00, 0x00, 0xD3, 0xC0, 0x01, 0x00, 0xCB, 0xFF, 0x13, 0x0D, 0xB9, 0xD2, 0x00, 0xED, 0xB0, 0x22, 0x00, 0xFF, 0xFF, 0xFF, 0xC0, 0xD6, 0x07, 0xC2, 0xD8, 0x08, 0x00, 0x00, 0x30, 0x9F, 0x00, 0x00, 0x91, 0x3F, 0x00, 0x05, 0xC9, 0x01,
  0x00, 0x51, 0x7F, 0x00, 0x00, 0xAF, 0x21, 0x00, 0x15, 0xB9, 0x00, 0x00, 0x71, 0x5F, 0x00, 0x00, 0xC4, 0x0B, 0x00, 0x00, 0x18, 0xB2, 0xF1, 0xDA, 0x50, 0x00, 0xAA, 0xC3, 0x11, 0x7D, 0xF4, 0x15, 0xEE, 0x7B, 0x76, 0xDD, 0xFF, 0x46, 0xEE, 0xF3,
  0x9A, 0x3E, 0xFF, 0x45, 0xB4, 0xC3, 0x0F, 0x75, 0xF1, 0x12, 0x20, 0xBF, 0xF4, 0xD3, 0x46, 0x00, 0x3A, 0xAF, 0xFD, 0x70, 0xB2, 0x4D, 0xFF, 0x70, 0x00, 0x00, 0xFF, 0x70, 0x00, 0x00, 0xFF, 0x70, 0x00, 0x00, 0xFF, 0x70, 0xFF, 0xFF, 0xFF, 0xFF,
  0x52, 0xE7, 0xED, 0x6B, 0x94, 0x10, 0x96, 0xF1, 0x00, 0x00, 0x9D, 0xC6, 0x00, 0x59, 0xED, 0x2B, 0x68, 0xEF, 0x37, 0x00, 0xFF, 0xFF, 0xFF, 0xFF, 0xFF, 0xFE, 0xE8, 0x85, 0x00, 0x00, 0x03, 0x8C, 0xE4, 0x00, 0x00, 0xFF, 0xFF, 0x77, 0x00, 0x00,
  0x02, 0x4E, 0xFF, 0x3B, 0x00, 0x05, 0x45, 0xFE, 0x2E, 0xFF, 0xF9, 0xD8, 0x61, 0x00, 0x00, 0x00, 0xAA, 0xFF, 0x58, 0x00, 0x58, 0x8B, 0xFF, 0x58, 0x15, 0xC2, 0x08, 0xFF, 0x58, 0xA7, 0x35, 0x00, 0xFF, 0x58, 0xFF, 0xFF, 0xFF, 0xFF, 0xFF, 0x00,
  0x00, 0x00, 0xFF, 0x58, 0xFF, 0xFF, 0xFF, 0xFF, 0x00, 0xFF, 0x48, 0x00, 0x00, 0x00, 0xFF, 0xFF, 0xEE, 0x9E, 0x08, 0x00, 0x05, 0x47, 0xFF, 0x58, 0x00, 0x06, 0x5C, 0xFF, 0x3C, 0xFF, 0xF9, 0xD4, 0x60, 0x00, 0x01, 0x67, 0xCA, 0xF0, 0xFF, 0x00,
  0x7D, 0xDE, 0x47, 0x10, 0x00, 0x00, 0xE4, 0x98, 0xD9, 0xF1, 0x9B, 0x02, 0xF7, 0xC0, 0x16, 0x3C, 0xFF, 0x43, 0xC9, 0x8B, 0x06, 0x44, 0xFF, 0x2E, 0x32, 0xCA, 0xF6, 0xDE, 0x63, 0x00, 0xFF, 0xFF, 0xFF, 0xFF, 0x00, 0x00, 0x26, 0xBB, 0x00, 0x00,
  0xA7, 0x40, 0x00, 0x2D, 0xC0, 0x00, 0x00, 0xB1, 0x42, 0x00, 0x36, 0xC3, 0x00, 0x00, 0x81, 0xEE, 0xF2, 0x94, 0x00, 0xE9, 0x8B, 0x8C, 0xE2, 0x00, 0x3F, 0xFA, 0xFC, 0x4F, 0x00, 0xC1, 0xB6, 0x5A, 0xFA, 0x31, 0xF3, 0x8C, 0x1E, 0xFF, 0x5D, 0x6A,
  0xE9, 0xF4, 0xAA, 0x0A, 0x2D, 0xC0, 0xF4, 0xDC, 0x5B, 0x00, 0xD5, 0x98, 0x09, 0x3D, 0xFA, 0x1D, 0xEC, 0x89, 0x09, 0x79, 0xFF, 0x4C, 0x58, 0xE3, 0xF1, 0x7E, 0xFF, 0x3E, 0x00, 0x08, 0x23, 0x87, 0xCF, 0x04, 0xFF, 0xF6, 0xD6, 0x8B, 0x11, 0x00,
  0xC8, 0xA9, 0xC8, 0xAA, 0x00, 0x00, 0xC8, 0xA9, 0xC8, 0xAA, 0x00, 0xC8, 0xA9, 0x00, 0x00, 0xC8, 0xAA, 0x00, 0x00, 0x00, 0x00, 0x00, 0x00, 0xD3, 0xC0, 0x01, 0x00, 0xC8, 0xFF, 0x13, 0x0D, 0xB6, 0xD2, 0x00, 0xED, 0xB0, 0x22, 0x00, 0x00, 0x00,
  0x51, 0xA4, 0x09, 0x97, 0xC0, 0x12, 0xA8, 0xE8, 0x0D, 0x00, 0x09, 0x98, 0xC2, 0x12, 0x00, 0x00, 0x52, 0xA4, 0xFF, 0xFF, 0xFF, 0xFF, 0x00, 0x00, 0x00, 0x00, 0xFF, 0xFF, 0xFF, 0xFF, 0xA5, 0x4F, 0x00, 0x00, 0x14, 0xC4, 0x95, 0x08, 0x00, 0x0E,
  0xE8, 0xA7, 0x11, 0xBF, 0x96, 0x08, 0xA3, 0x50, 0x00, 0x00, 0xF7, 0xCB, 0x4E, 0x00, 0x0A, 0x68, 0xFD, 0x34, 0x01, 0x33, 0xFF, 0x61, 0xF9, 0xF6, 0xB3, 0x0E, 0xEB, 0x4F, 0x00, 0x00, 0x00, 0x00, 0x00, 0x00, 0xCB, 0x91, 0x00, 0x00, 0x00, 0x26,
  0xBB, 0xF3, 0xCC, 0x33, 0x00, 0x0F, 0xE1, 0x72, 0x0F, 0x86, 0xD6, 0x00, 0x7A, 0xB6, 0x00, 0x00, 0x15, 0xFF, 0x14, 0xC9, 0x5F, 0x88, 0xF1, 0x06, 0xFF, 0x1D, 0xF1, 0x34, 0xD0, 0xFF, 0x41, 0xF2, 0x04, 0xF6, 0x2F, 0xB4, 0xC9, 0xF1, 0x6E, 0x00,
  0xD6, 0x53, 0x00, 0x00, 0x00, 0x00, 0x00, 0x78, 0xCC, 0x1D, 0x00, 0x00, 0x00, 0x00, 0x05, 0x8D, 0xEA, 0xED, 0x64, 0x00, 0x00, 0x00, 0x00, 0x45, 0xC1, 0x52, 0x00, 0x00, 0x00, 0x00, 0xA4, 0x1E, 0xB0, 0x00, 0x00, 0x00, 0x19, 0xA4, 0x00, 0xAC,
  0x1F, 0x00, 0x00, 0x7D, 0x4D, 0x00, 0x55, 0x82, 0x00, 0x02, 0xE1, 0xFF, 0xFF, 0xFF, 0xE4, 0x03, 0x4C, 0x95, 0x00, 0x00, 0x00, 0xA2, 0x4D, 0xFF, 0xFF, 0xF0, 0x92, 0x00, 0xFF, 0x58, 0x7F, 0xE1, 0x00, 0xFF, 0xFF, 0xFF, 0x87, 0x00, 0xFF, 0x58,
  0x37, 0xFF, 0x3B, 0xFF, 0x58, 0x30, 0xFF, 0x37, 0xFF, 0xFF, 0xE8, 0x7B, 0x00, 0x09, 0x8B, 0xE1, 0xFE, 0xFF, 0x91, 0xEA, 0x3E, 0x04, 0x00, 0xE7, 0x86, 0x00, 0x00, 0x00, 0xEE, 0x83, 0x00, 0x00, 0x00, 0xA9, 0xE6, 0x36, 0x03, 0x00, 0x15, 0xA3,
  0xE9, 0xFF, 0xFF, 0xFF, 0xFC, 0xDB, 0x5F, 0x00, 0xFF, 0x59, 0x63, 0xFC, 0x27, 0xFF, 0x58, 0x0B, 0xFF, 0x60, 0xFF, 0x58, 0x0C, 0xFF, 0x60, 0xFF, 0x5A, 0x6C, 0xF9, 0x1F, 0xFF, 0xF9, 0xD2, 0x50, 0x00, 0xFF, 0xFF, 0xFF, 0xFF, 0xFF, 0x58, 0x00,
  0x00, 0xFF, 0xFF, 0xFF, 0xE0, 0xFF, 0x58, 0x00, 0x00, 0xFF, 0x58, 0x00, 0x00, 0xFF, 0xFF, 0xFF, 0xFF, 0xFF, 0xFF, 0xFF, 0xFF, 0xFF, 0x58, 0x00, 0x00, 0xFF, 0xFF, 0xFF, 0xD8, 0xFF, 0x58, 0x00, 0x00, 0xFF, 0x58, 0x00, 0x00, 0xFF, 0x58, 0x00,
  0x00, 0x04, 0x78, 0xD7, 0xFA, 0xFF, 0x58, 0x87, 0xF1, 0x4A, 0x09, 0x00, 0x00, 0xE4, 0x8A, 0x28, 0xFF, 0xFF, 0x58, 0xED, 0x7F, 0x00, 0x00, 0xFF, 0x58, 0xA3, 0xDD, 0x2A, 0x08, 0xFF, 0x58, 0x10, 0x97, 0xE5, 0xFC, 0xDA, 0x38, 0xFF, 0x58, 0x58,
  0xFF, 0xFF, 0x58, 0x58, 0xFF, 0xFF, 0xFF, 0xFF, 0xFF, 0xFF, 0x58, 0x58, 0xFF, 0xFF, 0x58, 0x58, 0xFF, 0xFF, 0x58, 0x58, 0xFF, 0xFF, 0xFF, 0xFF, 0x58, 0x00, 0xFF, 0x58, 0x00, 0x00, 0xFF, 0x58, 0x00, 0x00, 0xFF, 0x58, 0x00, 0x00, 0xFF, 0x58,
  0x00, 0xFF, 0xFF, 0xFF, 0x58, 0xFF, 0xFF, 0xFF, 0xFF, 0x58, 0x00, 0x00, 0x00, 0xFF, 0x58, 0x00, 0x00, 0x00, 0xFF, 0x58, 0x00, 0x00, 0x00, 0xFF, 0x58, 0x00, 0x01, 0x42, 0xFF, 0x40, 0xFF, 0xFF, 0xE9, 0x86, 0x00, 0xFF, 0x58, 0x40, 0xBB, 0x00,
  0xFF, 0x58, 0xBD, 0x29, 0x00, 0xFF, 0x9B, 0x8D, 0x00, 0x00, 0xFF, 0xBB, 0x78, 0x00, 0x00, 0xFF, 0x5B, 0xCC, 0x26, 0x00, 0xFF, 0x58, 0x48, 0xC2, 0x01, 0xFF, 0x58, 0x00, 0x00, 0xFF, 0x58, 0x00, 0x00, 0xFF, 0x58, 0x00, 0x00, 0xFF, 0x58, 0x00,
  0x00, 0xFF, 0x58, 0x00, 0x00, 0xFF, 0xFF, 0xFF, 0xFF, 0x33, 0xF7, 0x10, 0x0B, 0xF2, 0x45, 0x50, 0x93, 0x5A, 0x56, 0x78, 0x60, 0x6E, 0x4F, 0x7E, 0x71, 0x41, 0x7B, 0x8B, 0x38, 0x70, 0x61, 0x2E, 0x97, 0xA8, 0x21, 0x00, 0x00, 0x1C, 0xB2, 0xC5,
  0x0B, 0x00, 0x00, 0x09, 0xCE, 0xFF, 0x9D, 0x58, 0xFF, 0xFF, 0xBE, 0x58, 0xFF, 0xFF, 0xAA, 0x6D, 0xFF, 0xFF, 0x6F, 0xA8, 0xFF, 0xFF, 0x58, 0xBE, 0xFF, 0xFF, 0x58, 0x9E, 0xFF, 0x1B, 0xB9, 0xF3, 0xC7, 0x25, 0xAB, 0xBA, 0x13, 0xB6, 0xB7, 0xEC,
  0x63, 0x00, 0x63, 0xF0, 0xF2, 0x62, 0x00, 0x66, 0xEB, 0xBD, 0xB5, 0x11, 0xBB, 0xAB, 0x29, 0xC9, 0xF4, 0xBA, 0x1A, 0xFF, 0xFF, 0xED, 0x98, 0x05, 0xFF, 0x58, 0x3B, 0xFF, 0x57, 0xFF, 0x58, 0x3F, 0xFF, 0x4D, 0xFF, 0xFF, 0xED, 0x92, 0x01, 0xFF,
  0x58, 0x00, 0x00, 0x00, 0xFF, 0x58, 0x00, 0x00, 0x00, 0x13, 0xA9, 0xF1, 0xDE, 0x62, 0x00, 0xA2, 0xD3, 0x16, 0x71, 0xFC, 0x25, 0xE8, 0x7D, 0x00, 0x0E, 0xFF, 0x5F, 0xF4, 0x7B, 0x00, 0x0D, 0xFF, 0x5B, 0xBC, 0xCF, 0x13, 0x76, 0xF8, 0x1D, 0x24,
  0xCC, 0xFF, 0xE6, 0x52, 0x00, 0x00, 0x00, 0xE3, 0x86, 0x01, 0x00, 0x00, 0x00, 0x56, 0xE9, 0xFF, 0x43, 0xFF, 0xFF, 0xEF, 0xA6, 0x08, 0xFF, 0x58, 0x38, 0xFF, 0x5C, 0xFF, 0x58, 0x39, 0xFF, 0x4C, 0xFF, 0xFF, 0xFF, 0x9C, 0x01, 0xFF, 0x58, 0x34,
  0xF5, 0x0C, 0xFF, 0x58, 0x00, 0xB5, 0x4C, 0x50, 0xD1, 0xF7, 0xFF, 0x70, 0xEE, 0x98, 0x07, 0x00, 0x00, 0x94, 0xF0, 0x78, 0x11, 0x00, 0x00, 0x35, 0xB3, 0xEB, 0x24, 0x00, 0x00, 0x2C, 0xFF, 0x5D, 0xFF, 0xFF, 0xF0, 0xA7, 0x0C, 0xFF, 0xFF, 0xFF,
  0xFF, 0xFF, 0x58, 0x00, 0x00, 0xFF, 0x58, 0x00, 0x00, 0x00, 0x00, 0xFF, 0x58, 0x00, 0x00, 0x00, 0x00, 0xFF, 0x58, 0x00, 0x00, 0x00, 0x00, 0xFF, 0x58, 0x00, 0x00, 0x00, 0x00, 0xFF, 0x58, 0x00, 0x00, 0xFF, 0x58, 0x00, 0x00, 0xFF, 0x58, 0xFF,
  0x58, 0x00, 0x00, 0xFF, 0x58, 0xFF, 0x58, 0x00, 0x00, 0xFF, 0x58, 0xFF, 0x59, 0x00, 0x02, 0xFF, 0x57, 0xE7, 0x9B, 0x09, 0x52, 0xFF, 0x31, 0x4C, 0xD6, 0xF8, 0xE2, 0x71, 0x00, 0x4E, 0xAC, 0x00, 0x00, 0x00, 0xA3, 0x4B, 0x03, 0xDF, 0x15, 0x00,
  0x10, 0xD7, 0x02, 0x00, 0x83, 0x72, 0x00, 0x6C, 0x79, 0x00, 0x00, 0x20, 0xD3, 0x00, 0xCB, 0x17, 0x00, 0x00, 0x00, 0xB8, 0x6E, 0xA8, 0x00, 0x00, 0x00, 0x00, 0x53, 0xFA, 0x40, 0x00, 0x00, 0xFF, 0x51, 0x00, 0x40, 0xFF, 0xFF, 0x46, 0x00, 0x30,
  0xFF, 0xFF, 0x83, 0xA3, 0x1F, 0xFF, 0xFF, 0x97, 0xAD, 0x28, 0xFF, 0xFF, 0xA5, 0x4B, 0x82, 0xFC, 0xFF, 0xB6, 0x02, 0xDA, 0xFD, 0x97, 0x7F, 0x00, 0x55, 0xAB, 0x00, 0x05, 0xC0, 0x82, 0xD8, 0x17, 0x00, 0x00, 0x14, 0xF1, 0x81, 0x00, 0x00, 0x00,
  0x57, 0xC6, 0xE1, 0x20, 0x00, 0x15, 0xDC, 0x1C, 0x52, 0xCB, 0x08, 0xAB, 0x67, 0x00, 0x00, 0x80, 0x9C, 0xC0, 0xAE, 0x00, 0x52, 0xF9, 0x1E, 0x40, 0xFB, 0x18, 0xAC, 0x98, 0x00, 0x00, 0xC0, 0x87, 0xF2, 0x1E, 0x00, 0x00, 0x40, 0xFC, 0x99, 0x00,
  0x00, 0x00, 0x00, 0xFF, 0x58, 0x00, 0x00, 0x00, 0x00, 0xFF, 0x58, 0x00, 0x00, 0xFF, 0xFF, 0xFF, 0xE2, 0x00, 0x00, 0x64, 0x4C, 0x00, 0x16, 0x97, 0x00, 0x00, 0x95, 0x18, 0x00, 0x46, 0x64, 0x00, 0x00, 0xDD, 0xFF, 0xFF, 0xFF, 0x48, 0xFF, 0xFF,
  0xFF, 0x48, 0xFF, 0x00, 0x00, 0x48, 0xFF, 0x00, 0x00, 0x48, 0xFF, 0x00, 0x00, 0x48, 0xFF, 0x00, 0x00, 0x48, 0xFF, 0x00, 0x00, 0x48, 0xFF, 0x00, 0x00, 0x48, 0xFF, 0x00, 0x00, 0x48, 0xFF, 0xFF, 0xFF, 0xC4, 0x0B, 0x00, 0x00, 0x71, 0x5F, 0x00,
  0x00, 0x15, 0xB9, 0x00, 0x00, 0x00, 0xAF, 0x20, 0x00, 0x00, 0x51, 0x7F, 0x00, 0x00, 0x05, 0xC9, 0x01, 0x00, 0x00, 0x91, 0x3F, 0x00, 0x00, 0x30, 0x9F, 0xFF, 0xFF, 0xFF, 0x58, 0x00, 0x00, 0xFF, 0x58, 0x00, 0x00, 0xFF, 0x58, 0x00, 0x00, 0xFF,
  0x58, 0x00, 0x00, 0xFF, 0x58, 0x00, 0x00, 0xFF, 0x58, 0x00, 0x00, 0xFF, 0x58, 0x00, 0x00, 0xFF, 0x58, 0xFF, 0xFF, 0xFF, 0x58, 0x00, 0x1E, 0xE7, 0x24, 0x00, 0x00, 0xA6, 0x7F, 0xAB, 0x00, 0x38, 0xEA, 0x0A, 0xF4, 0x39, 0xFF, 0xFF, 0xFF, 0xFF,
  0xFF, 0xFF, 0x80, 0xF7, 0x33, 0x00, 0x00, 0x80, 0xE0, 0x13, 0xFF, 0xFF, 0xF2, 0xAA, 0x09, 0x00, 0x00, 0x29, 0xFF, 0x4D, 0x76, 0xED, 0xFF, 0xFF, 0x58, 0xF4, 0x92, 0x2E, 0xFF, 0x58, 0x9C, 0xF5, 0xBD, 0xED, 0x58, 0xFF, 0x58, 0x00, 0x00, 0x00,
  0xFF, 0x57, 0x00, 0x00, 0x00, 0xFF, 0xA8, 0xE9, 0xB5, 0x02, 0xFF, 0xA0, 0x33, 0xFF, 0x3A, 0xFF, 0x58, 0x06, 0xFF, 0x4E, 0xFF, 0x63, 0x47, 0xFC, 0x21, 0xCC, 0xF7, 0xE4, 0x63, 0x00, 0x23, 0xBD, 0xF8, 0xFF, 0xC0, 0xBA, 0x12, 0x00, 0xF5, 0x62,
  0x00, 0x00, 0xD0, 0xB0, 0x0E, 0x00, 0x35, 0xCE, 0xFA, 0xFF, 0x00, 0x00, 0x00, 0xFF, 0x58, 0x00, 0x00, 0x00, 0xFF, 0x58, 0x38, 0xD9, 0xF5, 0xFF, 0x58, 0xCC, 0x9C, 0x0E, 0xFF, 0x58, 0xF7, 0x5D, 0x00, 0xFF, 0x58, 0xE3, 0x86, 0x5B, 0xFF, 0x58,
  0x68, 0xEF, 0x9E, 0xE2, 0x58, 0x31, 0xD2, 0xEF, 0x87, 0x00, 0xCB, 0x89, 0x2B, 0xFF, 0x2D, 0xF7, 0xFF, 0xFF, 0xFF, 0x52, 0xD7, 0x92, 0x07, 0x00, 0x00, 0x41, 0xD8, 0xFD, 0xFF, 0x00, 0x00, 0x00, 0x61, 0xDE, 0xFB, 0xFF, 0x00, 0x00, 0xF2, 0x79,
  0x04, 0x00, 0xFF, 0xFF, 0xFF, 0xFF, 0xFF, 0x00, 0x00, 0x00, 0xFF, 0x58, 0x00, 0x00, 0x00, 0x00, 0xFF, 0x58, 0x00, 0x00, 0x00, 0x00, 0xFF, 0x58, 0x00, 0x00, 0x00, 0x00, 0xFF, 0x58, 0x00, 0x00, 0x55, 0xD2, 0xF7, 0xFF, 0xFF, 0xFF, 0x58, 0xF0,
  0x9A, 0x0A, 0x49, 0xFF, 0x3B, 0x00, 0xAA, 0xE7, 0xFA, 0xE8, 0x92, 0x06, 0x00, 0xEF, 0x70, 0x0C, 0x03, 0x00, 0x00, 0x00, 0xBB, 0xFE, 0xF6, 0xFC, 0xCD, 0x20, 0x00, 0xEE, 0x98, 0x04, 0x3F, 0xFF, 0x5C, 0x00, 0x81, 0xE5, 0xFA, 0xE6, 0x93, 0x06,
  0x00, 0xFF, 0x58, 0x00, 0x00, 0x00, 0xFF, 0x58, 0x00, 0x00, 0x00, 0xFF, 0xA6, 0xEC, 0xCF, 0x0D, 0xFF, 0xAD, 0x25, 0xFF, 0x4D, 0xFF, 0x58, 0x00, 0xFF, 0x58, 0xFF, 0x58, 0x00, 0xFF, 0x58, 0xFF, 0x58, 0x00, 0xFF, 0x58, 0x00, 0x00, 0xC8, 0xAA,
  0x00, 0x00, 0x00, 0x00, 0xFF, 0xFF, 0xFF, 0x58, 0x00, 0x00, 0xFF, 0x58, 0x00, 0x00, 0xFF, 0x58, 0x00, 0x00, 0xFF, 0x58, 0xFF, 0xFF, 0xFF, 0xFF, 0x00, 0xAC, 0xC6, 0x00, 0x00, 0x00, 0xFF, 0xFF, 0xFF, 0x00, 0x58, 0xFF, 0x00, 0x58, 0xFF, 0x00,
  0x58, 0xFF, 0x00, 0x58, 0xFF, 0x00, 0x7C, 0xE6, 0xFF, 0xEE, 0x5E, 0xFF, 0x58, 0x00, 0x00, 0x00, 0xFF, 0x58, 0x00, 0x00, 0x00, 0xFF, 0x58, 0x2A, 0xF0, 0x87, 0xFF, 0x6F, 0xE0, 0x96, 0x00, 0xFF, 0xD2, 0xF6, 0x12, 0x00, 0xFF, 0x64, 0xE2, 0xA4,
  0x00, 0xFF, 0x58, 0x4F, 0xFF, 0x53, 0xFF, 0xFF, 0xFF, 0x58, 0x00, 0x00, 0xFF, 0x58, 0x00, 0x00, 0xFF, 0x58, 0x00, 0x00, 0xFF, 0x58, 0x00, 0x00, 0xFF, 0x58, 0x00, 0x00, 0xFF, 0x58, 0xFF, 0xFF, 0xFF, 0xFF, 0xFF, 0xA6, 0xE3, 0x92, 0xEE, 0x25,
  0xFF, 0x8D, 0xFF, 0x8D, 0xFF, 0x55, 0xFF, 0x58, 0xFF, 0x58, 0xFF, 0x58, 0xFF, 0x58, 0xFF, 0x58, 0xFF, 0x58, 0xFF, 0x58, 0xFF, 0x58, 0xFF, 0x58, 0xFF, 0x9F, 0xF0, 0xCF, 0x0D, 0xFF, 0xAB, 0x24, 0xFF, 0x4D, 0xFF, 0x58, 0x00, 0xFF, 0x58, 0xFF,
  0x58, 0x00, 0xFF, 0x58, 0xFF, 0x58, 0x00, 0xFF, 0x58, 0x22, 0xB9, 0xF3, 0xDF, 0x64, 0x00, 0xC0, 0xB1, 0x0E, 0x5E, 0xFD, 0x24, 0xF5, 0x60, 0x00, 0x09, 0xFF, 0x4C, 0xCD, 0xAD, 0x0D, 0x62, 0xF9, 0x1E, 0x2F, 0xC8, 0xF6, 0xD7, 0x52, 0x00, 0xFF,
  0xA0, 0xEB, 0xB5, 0x02, 0xFF, 0xA0, 0x33, 0xFF, 0x3A, 0xFF, 0x58, 0x06, 0xFF, 0x4F, 0xFF, 0x63, 0x47, 0xFE, 0x25, 0xFF, 0xFD, 0xF0, 0x7B, 0x00, 0xFF, 0x58, 0x00, 0x00, 0x00, 0xFF, 0x58, 0x00, 0x00, 0x00, 0x36, 0xD3, 0xF4, 0xE1, 0x55, 0xCD,
  0x9C, 0x0E, 0xFF, 0x58, 0xF8, 0x5C, 0x00, 0xFF, 0x58, 0xE4, 0x84, 0x5A, 0xFF, 0x58, 0x6C, 0xEF, 0x94, 0xFC, 0x58, 0x00, 0x00, 0x00, 0xFF, 0x58, 0x00, 0x00, 0x00, 0xFF, 0x58, 0xFF, 0x89, 0xE2, 0xD0, 0x0D, 0xFF, 0xAA, 0x24, 0xFF, 0x4C, 0xFF,
  0x58, 0x00, 0x00, 0x00, 0xFF, 0x58, 0x00, 0x00, 0x00, 0xFF, 0x58, 0x00, 0x00, 0x00, 0x6F, 0xE2, 0xFD, 0xFF, 0x00, 0xEF, 0x90, 0x03, 0x00, 0x00, 0x47, 0xC2, 0xDF, 0x83, 0x04, 0x00, 0x00, 0x39, 0xFF, 0x48, 0xFF, 0xFF, 0xF4, 0xAB, 0x0C, 0x00,
  0x9C, 0x8B, 0x00, 0x00, 0xC4, 0x94, 0x00, 0xFF, 0xFF, 0xFF, 0xFF, 0x00, 0xC4, 0x94, 0x00, 0x00, 0xC4, 0x94, 0x00, 0x00, 0xBD, 0xB7, 0x04, 0x00, 0x5D, 0xF0, 0xFF, 0xFF, 0x58, 0x00, 0xFF, 0x58, 0xFF, 0x58, 0x00, 0xFF, 0x58, 0xFF, 0x58, 0x00,
  0xFF, 0x58, 0xF6, 0x77, 0x58, 0xFF, 0x58, 0x8F, 0xF8, 0xAA, 0xE8, 0x58, 0x5B, 0x93, 0x00, 0x8D, 0x58, 0x12, 0xC6, 0x00, 0xC0, 0x0F, 0x00, 0xBD, 0x0E, 0xB3, 0x00, 0x00, 0x77, 0x70, 0x6D, 0x00, 0x00, 0x2A, 0xD9, 0x1F, 0x00, 0x5D, 0x77, 0x00,
  0x00, 0x00, 0x5B, 0x74, 0x17, 0xBF, 0x00, 0xD4, 0x1A, 0x60, 0x5F, 0x00, 0xCB, 0x1D, 0x89, 0x93, 0x65, 0x49, 0x00, 0x8A, 0x8E, 0x29, 0xAB, 0x8C, 0x34, 0x00, 0x43, 0xF4, 0x03, 0x34, 0xFE, 0x1E, 0x83, 0x79, 0x00, 0x5F, 0x9B, 0x00, 0x00, 0x85,
  0x5D, 0xB8, 0x07, 0x00, 0x00, 0x1C, 0xB5, 0x86, 0x00, 0x00, 0x07, 0xBA, 0x1A, 0x50, 0x84, 0x00, 0x9B, 0x69, 0x00, 0x00, 0x85, 0x82, 0x5A, 0x94, 0x00, 0x92, 0x51, 0x11, 0xC9, 0x00, 0xC4, 0x07, 0x00, 0xBC, 0x24, 0x99, 0x00, 0x00, 0x73, 0x9E,
  0x40, 0x00, 0x00, 0x26, 0xED, 0x03, 0x00, 0x00, 0x55, 0x99, 0x00, 0x00, 0x7F, 0xD4, 0x1B, 0x00, 0x00, 0xFF, 0xFF, 0xFF, 0xE0, 0x00, 0x00, 0x66, 0x2E, 0x00, 0x45, 0x4E, 0x00, 0x26, 0x6C, 0x00, 0x00, 0xD9, 0xFF, 0xFF, 0xFF, 0x00, 0x83, 0xF6,
  0x00, 0xF6, 0x65, 0x00, 0xFF, 0x48, 0x22, 0xFF, 0x39, 0xFF, 0xCD, 0x04, 0x23, 0xFF, 0x3E, 0x00, 0xFF, 0x48, 0x00, 0xF9, 0x6B, 0x00, 0x91, 0xF8, 0xFF, 0x48, 0xFF, 0x48, 0xFF, 0x48, 0xFF, 0x48, 0xFF, 0x48, 0xFF, 0x48, 0xFF, 0x48, 0xFF, 0x48,
  0xFF, 0x48, 0xFF, 0x48, 0xF6, 0x82, 0x00, 0x65, 0xF4, 0x00, 0x48, 0xFF, 0x00, 0x3A, 0xFF, 0x24, 0x04, 0xCF, 0xFF, 0x3E, 0xFF, 0x1D, 0x48, 0xFF, 0x00, 0x6A, 0xF9, 0x00, 0xF7, 0x90, 0x00, 0x86, 0xF1, 0x83, 0x23, 0xFF, 0x39, 0xF4, 0x66, 0x57,
  0xE9, 0xC6, 0x05, 0x00, 0xCA, 0x91, 0x00, 0x00, 0xD5, 0x49, 0xDF, 0x54, 0xE8, 0x5F, 0xF2, 0x6A, 0xFB, 0x76, 0x00, 0x00, 0xBB, 0x00, 0x00, 0x00, 0xB9, 0x00, 0x45, 0xD8, 0xFE, 0xFF, 0xE2, 0x46, 0xB9, 0x00, 0xE7, 0x4C, 0xBB, 0x00, 0x44, 0xCE,
  0xFF, 0xFF, 0x00, 0x00, 0xB8, 0x00, 0x00, 0x00, 0xB8, 0x00, 0x00, 0x78, 0xE9, 0xF3, 0x98, 0x00, 0xFA, 0x77, 0x02, 0x00, 0xFF, 0xFF, 0xFF, 0xFF, 0x00, 0x00, 0xFF, 0x58, 0x00, 0x00, 0x00, 0xFF, 0x58, 0x00, 0x00, 0xFF, 0xFF, 0xFF, 0xFF, 0xFF,
  0x63, 0x7F, 0x00, 0x40, 0x9C, 0x07, 0x44, 0xD9, 0xF1, 0xF0, 0x66, 0x04, 0x00, 0xE9, 0x8B, 0xFF, 0x36, 0x00, 0x00, 0xF1, 0x8C, 0xFF, 0x31, 0x00, 0x3F, 0xDB, 0xF2, 0xEE, 0x6A, 0x05, 0x64, 0x80, 0x00, 0x42, 0x9C, 0x07, 0x7B, 0xD6, 0x0F, 0x7E,
  0xC4, 0x0E, 0x00, 0x71, 0xCD, 0xBB, 0x0B, 0x00, 0x00, 0xFF, 0xFF, 0xFF, 0xFF, 0x00, 0x00, 0x00, 0xFF, 0x58, 0x00, 0x00, 0x00, 0xFF, 0xFF, 0xFF, 0xFF, 0x00, 0x00, 0x00, 0xFF, 0x58, 0x00, 0x00, 0xFF, 0x48, 0xFF, 0x48, 0xFF, 0x48, 0xFF, 0x48,
  0x00, 0x00, 0x00, 0x00, 0xFF, 0x48, 0xFF, 0x48, 0xFF, 0x48, 0xFF, 0x48, 0x00, 0x7B, 0xEF, 0xFF, 0x00, 0x00, 0xF1, 0x79, 0x00, 0x00, 0x32, 0xCB, 0xF1, 0x49, 0x00, 0xE9, 0x63, 0x6F, 0xF8, 0x20, 0xA7, 0xC0, 0x16, 0xFF, 0x4D, 0x05, 0x7E, 0xE2,
  0xDF, 0x0D, 0x00, 0x02, 0x85, 0xEC, 0x00, 0xFF, 0xFE, 0xE1, 0x61, 0x00, 0xCD, 0x78, 0xCD, 0x78, 0x0B, 0x97, 0xE8, 0xE8, 0x96, 0x0B, 0x95, 0xCE, 0x1F, 0x22, 0xD2, 0x95, 0xE9, 0x5D, 0xBA, 0xFE, 0x5E, 0xE9, 0xEA, 0x5D, 0xC5, 0xFF, 0x5D, 0xE8,
  0x99, 0xD0, 0x1F, 0x1F, 0xCE, 0x97, 0x0D, 0x9A, 0xE9, 0xE9, 0x97, 0x0C, 0x00, 0xDF, 0xF9, 0xCA, 0x0F, 0x00, 0x00, 0x1E, 0xFF, 0x45, 0x1A, 0xD6, 0xFD, 0xFF, 0x48, 0x24, 0xE5, 0xD2, 0xF4, 0x48, 0x00, 0x00, 0x00, 0x00, 0x00, 0x48, 0xFF, 0xFF,
  0xFF, 0x48, 0x00, 0x74, 0xAC, 0x00, 0x21, 0xD5, 0x1D, 0x19, 0xF2, 0x4D, 0x00, 0xB3, 0xA7, 0x00, 0x19, 0xF2, 0x4D, 0x00, 0xB3, 0xA7, 0x00, 0x00, 0x73, 0xAD, 0x00, 0x21, 0xD6, 0x1D, 0xFF, 0xFF, 0xFF, 0xFF, 0x00, 0x00, 0x58, 0xFF, 0xFF, 0xFF,
  0xFF, 0x00, 0x29, 0xB3, 0xEE, 0xEF, 0xB2, 0x27, 0x00, 0x01, 0xE2, 0x69, 0x0E, 0x0E, 0x6A, 0xDF, 0x01, 0x01, 0xE3, 0x67, 0xFF, 0xD5, 0x6F, 0xE1, 0x01, 0x00, 0x2B, 0xB5, 0xEF, 0xEF, 0xB4, 0x29, 0x00, 0xFF, 0xFF, 0xFF, 0x03, 0x94, 0xED, 0xF2,
  0xA3, 0x06, 0x37, 0xFF, 0x33, 0x39, 0xFF, 0x36, 0x07, 0xA7, 0xF2, 0xEF, 0x94, 0x03, 0x00, 0x00, 0xFF, 0x58, 0x00, 0x00, 0xFF, 0xFF, 0xFF, 0xFF, 0xFF, 0x58, 0x00, 0x00, 0xFF, 0x58, 0x00, 0x00, 0x00, 0x00, 0xFF, 0x58, 0x00, 0x00, 0x00, 0x00,
  0x00, 0x00, 0x00, 0x00, 0xFF, 0xFF, 0xFF, 0xFF, 0xFF, 0x58, 0x40, 0xFF, 0x6B, 0xC0, 0xB3, 0x00, 0xFF, 0x58, 0x00, 0xFF, 0x58, 0x00, 0xFF, 0x58, 0x00, 0xFF, 0x58, 0x00, 0xFF, 0x58, 0x00, 0xFF, 0x58, 0x00, 0xFF, 0x78, 0x52, 0xFF, 0x6F, 0x00,
  0xFF, 0xEA, 0xC6, 0x9C, 0xFE, 0x58, 0xFF, 0x53, 0x00, 0x00, 0x03, 0x01, 0xFF, 0x58, 0x00, 0x00, 0x00, 0x00, 0x47, 0xD6, 0xFC, 0xFF, 0xE6, 0xA8, 0x58, 0xFF, 0xF1, 0xA8, 0x58, 0xFF, 0x7B, 0x9D, 0x58, 0xFF, 0x00, 0x00, 0x58, 0xFF, 0x00, 0x00,
  0x58, 0xFF, 0x00, 0x60, 0x82, 0xE7, 0x00, 0x8E, 0xEF, 0x6A, 0xC0, 0xD6, 0x07, 0xC1, 0xD6, 0x07, 0xF8, 0x58, 0x04, 0x99, 0xED, 0xF4, 0xAB, 0x07, 0x38, 0xFF, 0x39, 0x36, 0xFF, 0x37, 0x08, 0xAB, 0xF4, 0xF0, 0x9B, 0x04, 0x00, 0x00, 0x00, 0x00,
  0x00, 0x00, 0x48, 0xFF, 0xFF, 0xFF, 0xFF, 0x48, 0x1D, 0xDD, 0x23, 0x00, 0xB2, 0x76, 0x00, 0x00, 0xA6, 0xB3, 0x00, 0x4C, 0xF3, 0x19, 0x00, 0xA7, 0xB3, 0x00, 0x4B, 0xF3, 0x19, 0x1D, 0xDE, 0x23, 0x00, 0xB2, 0x76, 0x00, 0x00, 0x00, 0x94, 0xC8,
  0x00, 0x00, 0x00, 0x00, 0x00, 0x00, 0x50, 0xED, 0x0F, 0xB4, 0xF6, 0xF9, 0x62, 0xFF, 0x32, 0x01, 0x38, 0xFE, 0x68, 0x0A, 0x00, 0x51, 0xCD, 0xF7, 0x00, 0x00, 0xC0, 0xE9, 0x01, 0x00, 0x00, 0x00, 0x00, 0x40, 0xFF, 0x33, 0x00, 0x00, 0x00, 0x00,
  0x00, 0x00, 0x00, 0x00, 0x00, 0x00, 0x00, 0x45, 0xC1, 0x52, 0x00, 0x00, 0x00, 0x00, 0xA4, 0x1E, 0xB0, 0x00, 0x00, 0x00, 0x19, 0xA4, 0x00, 0xAC, 0x1F, 0x00, 0x00, 0x7D, 0x4D, 0x00, 0x55, 0x82, 0x00, 0x02, 0xE1, 0xFF, 0xFF, 0xFF, 0xE4, 0x03,
  0x4C, 0x95, 0x00, 0x00, 0x00, 0xA2, 0x4D, 0x00, 0x00, 0x00, 0x40, 0xFF, 0x6B, 0x00, 0x00, 0x00, 0x00, 0xC0, 0xB3, 0x00, 0x00, 0x00, 0x00, 0x00, 0x00, 0x00, 0x00, 0x00, 0x00, 0x00, 0x45, 0xC1, 0x52, 0x00, 0x00, 0x00, 0x00, 0xA4, 0x1E, 0xB0,
  0x00, 0x00, 0x00, 0x19, 0xA4, 0x00, 0xAC, 0x1F, 0x00, 0x00, 0x7D, 0x4D, 0x00, 0x55, 0x82, 0x00, 0x02, 0xE1, 0xFF, 0xFF, 0xFF, 0xE4, 0x03, 0x4C, 0x95, 0x00, 0x00, 0x00, 0xA2, 0x4D, 0x00, 0x00, 0x4F, 0xFD, 0x51, 0x00, 0x00, 0x00, 0x28, 0xED,
  0x69, 0xED, 0x28, 0x00, 0x00, 0x00, 0x00, 0x00, 0x00, 0x00, 0x00, 0x00, 0x00, 0x45, 0xC1, 0x52, 0x00, 0x00, 0x00, 0x00, 0xA4, 0x1E, 0xB0, 0x00, 0x00, 0x00, 0x19, 0xA4, 0x00, 0xAC, 0x1F, 0x00, 0x00, 0x7D, 0x4D, 0x00, 0x55, 0x82, 0x00, 0x02,
  0xE1, 0xFF, 0xFF, 0xFF, 0xE4, 0x03, 0x4C, 0x95, 0x00, 0x00, 0x00, 0xA2, 0x4D, 0x00, 0x00, 0x97, 0xE3, 0x39, 0x7A, 0x00, 0x00, 0x00, 0x78, 0x3A, 0xE3, 0x95, 0x00, 0x00, 0x00, 0x00, 0x00, 0x00, 0x00, 0x00, 0x00, 0x00, 0x45, 0xC1, 0x52, 0x00,
  0x00, 0x00, 0x00, 0xA4, 0x1E, 0xB0, 0x00, 0x00, 0x00, 0x19, 0xA4, 0x00, 0xAC, 0x1F, 0x00, 0x00, 0x7D, 0x4D, 0x00, 0x55, 0x82, 0x00, 0x02, 0xE1, 0xFF, 0xFF, 0xFF, 0xE4, 0x03, 0x4C, 0x95, 0x00, 0x00, 0x00, 0xA2, 0x4D, 0x00, 0x00, 0xCB, 0x4F,
  0xCC, 0x51, 0x00, 0x00, 0x00, 0x00, 0x00, 0x00, 0x00, 0x00, 0x00, 0x00, 0x45, 0xC1, 0x52, 0x00, 0x00, 0x00, 0x00, 0xA4, 0x1E, 0xB0, 0x00, 0x00, 0x00, 0x19, 0xA4, 0x00, 0xAC, 0x1F, 0x00, 0x00, 0x7D, 0x4D, 0x00, 0x55, 0x82, 0x00, 0x02, 0xE1,
  0xFF, 0xFF, 0xFF, 0xE4, 0x03, 0x4C, 0x95, 0x00, 0x00, 0x00, 0xA2, 0x4D, 0x00, 0x00, 0x98, 0xF4, 0x94, 0x00, 0x00, 0x00, 0x05, 0xFE, 0x48, 0xFD, 0x04, 0x00, 0x00, 0x00, 0x97, 0xF5, 0x93, 0x00, 0x00, 0x00, 0x00, 0x45, 0xC1, 0x52, 0x00, 0x00,
  0x00, 0x00, 0xA4, 0x1E, 0xB0, 0x00, 0x00, 0x00, 0x19, 0xA4, 0x00, 0xAC, 0x1F, 0x00, 0x00, 0x7D, 0x4D, 0x00, 0x55, 0x82, 0x00, 0x02, 0xE1, 0xFF, 0xFF, 0xFF, 0xE4, 0x03, 0x4C, 0x95, 0x00, 0x00, 0x00, 0xA2, 0x4D, 0x00, 0x00, 0xA7, 0xFF, 0xFF,
  0xFF, 0x00, 0x1D, 0xA0, 0xFF, 0x48, 0x00, 0x00, 0x87, 0x3D, 0xFF, 0xFF, 0xC8, 0x07, 0xC1, 0x00, 0xFF, 0x48, 0x00, 0x5F, 0xFF, 0xFF, 0xFF, 0x48, 0x00, 0xC4, 0x15, 0x00, 0xFF, 0xFF, 0xFF, 0x18, 0xB4, 0xF6, 0xFF, 0xA9, 0xDA, 0x1D, 0x00, 0xED,
  0x7F, 0x00, 0x00, 0xF3, 0x7D, 0x00, 0x00, 0xBB, 0xD3, 0x19, 0x00, 0x22, 0xBB, 0xFF, 0xFF, 0x00, 0x8B, 0xC1, 0x0E, 0xC0, 0xE9, 0x01, 0x00, 0x40, 0xFF, 0x33, 0x00, 0x00, 0x00, 0x00, 0x00, 0xFF, 0xFF, 0xFF, 0xFF, 0xFF, 0x58, 0x00, 0x00, 0xFF,
  0xFF, 0xFF, 0xE0, 0xFF, 0x58, 0x00, 0x00, 0xFF, 0x58, 0x00, 0x00, 0xFF, 0xFF, 0xFF, 0xFF, 0x00, 0x40, 0xFF, 0x6B, 0x00, 0xC0, 0xB3, 0x00, 0x00, 0x00, 0x00, 0x00, 0xFF, 0xFF, 0xFF, 0xFF, 0xFF, 0x58, 0x00, 0x00, 0xFF, 0xFF, 0xFF, 0xE0, 0xFF,
  0x58, 0x00, 0x00, 0xFF, 0x58, 0x00, 0x00, 0xFF, 0xFF, 0xFF, 0xFF, 0x00, 0x4F, 0xFD, 0x51, 0x00, 0x28, 0xED, 0x69, 0xED, 0x28, 0x00, 0x00, 0x00, 0x00, 0x00, 0x00, 0xFF, 0xFF, 0xFF, 0xFF, 0x00, 0xFF, 0x58, 0x00, 0x00, 0x00, 0xFF, 0xFF, 0xFF,
  0xE0, 0x00, 0xFF, 0x58, 0x00, 0x00, 0x00, 0xFF, 0x58, 0x00, 0x00, 0x00, 0xFF, 0xFF, 0xFF, 0xFF, 0xCB, 0x4F, 0xCC, 0x51, 0x00, 0x00, 0x00, 0x00, 0xFF, 0xFF, 0xFF, 0xFF, 0xFF, 0x58, 0x00, 0x00, 0xFF, 0xFF, 0xFF, 0xE0, 0xFF, 0x58, 0x00, 0x00,
  0xFF, 0x58, 0x00, 0x00, 0xFF, 0xFF, 0xFF, 0xFF, 0xC0, 0xE9, 0x01, 0x00, 0x40, 0xFF, 0x33, 0x00, 0x00, 0x00, 0x00, 0x00, 0xFF, 0xFF, 0xFF, 0x58, 0x00, 0xFF, 0x58, 0x00, 0x00, 0xFF, 0x58, 0x00, 0x00, 0xFF, 0x58, 0x00, 0x00, 0xFF, 0x58, 0x00,
  0xFF, 0xFF, 0xFF, 0x58, 0x00, 0x40, 0xFF, 0x6B, 0x00, 0xC0, 0xB3, 0x00, 0x00, 0x00, 0x00, 0x00, 0xFF, 0xFF, 0xFF, 0x58, 0x00, 0xFF, 0x58, 0x00, 0x00, 0xFF, 0x58, 0x00, 0x00, 0xFF, 0x58, 0x00, 0x00, 0xFF, 0x58, 0x00, 0xFF, 0xFF, 0xFF, 0x58,
  0x00, 0x4F, 0xFD, 0x51, 0x00, 0x28, 0xED, 0x69, 0xED, 0x28, 0x00, 0x00, 0x00, 0x00, 0x00, 0x00, 0xFF, 0xFF, 0xFF, 0x58, 0x00, 0x00, 0xFF, 0x58, 0x00, 0x00, 0x00, 0xFF, 0x58, 0x00, 0x00, 0x00, 0xFF, 0x58, 0x00, 0x00, 0x00, 0xFF, 0x58, 0x00,
  0x00, 0xFF, 0xFF, 0xFF, 0x58, 0xCB, 0x4F, 0xCC, 0x51, 0x00, 0x00, 0x00, 0x00, 0xFF, 0xFF, 0xFF, 0x58, 0x00, 0xFF, 0x58, 0x00, 0x00, 0xFF, 0x58, 0x00, 0x00, 0xFF, 0x58, 0x00, 0x00, 0xFF, 0x58, 0x00, 0xFF, 0xFF, 0xFF, 0x58, 0x97, 0xE3, 0x39,
  0x7A, 0x78, 0x3A, 0xE3, 0x95, 0x00, 0x00, 0x00, 0x00, 0xFF, 0x9D, 0x58, 0xFF, 0xFF, 0xBE, 0x58, 0xFF, 0xFF, 0xAA, 0x6D, 0xFF, 0xFF, 0x6F, 0xA8, 0xFF, 0xFF, 0x58, 0xBE, 0xFF, 0xFF, 0x58, 0x9E, 0xFF, 0x00, 0xC0, 0xE9, 0x01, 0x00, 0x00, 0x40,
  0xFF, 0x33, 0x00, 0x00, 0x00, 0x00, 0x00, 0x00, 0x1B, 0xB9, 0xF3, 0xC7, 0x25, 0xAB, 0xBA, 0x13, 0xB6, 0xB7, 0xEC, 0x63, 0x00, 0x63, 0xF0, 0xF2, 0x62, 0x00, 0x66, 0xEB, 0xBD, 0xB5, 0x11, 0xBB, 0xAB, 0x29, 0xC9, 0xF4, 0xBA, 0x1A, 0x00, 0x00,
  0x40, 0xFF, 0x6B, 0x00, 0x00, 0xC0, 0xB3, 0x00, 0x00, 0x00, 0x00, 0x00, 0x00, 0x1B, 0xB9, 0xF3, 0xC7, 0x25, 0xAB, 0xBA, 0x13, 0xB6, 0xB7, 0xEC, 0x63, 0x00, 0x63, 0xF0, 0xF2, 0x62, 0x00, 0x66, 0xEB, 0xBD, 0xB5, 0x11, 0xBB, 0xAB, 0x29, 0xC9,
  0xF4, 0xBA, 0x1A, 0x00, 0x4F, 0xFD, 0x51, 0x00, 0x28, 0xED, 0x69, 0xED, 0x28, 0x00, 0x00, 0x00, 0x00, 0x00, 0x1B, 0xB9, 0xF3, 0xC7, 0x25, 0xAB, 0xBA, 0x13, 0xB6, 0xB7, 0xEC, 0x63, 0x00, 0x63, 0xF0, 0xF2, 0x62, 0x00, 0x66, 0xEB, 0xBD, 0xB5,
  0x11, 0xBB, 0xAB, 0x29, 0xC9, 0xF4, 0xBA, 0x1A, 0x00, 0x97, 0xE3, 0x39, 0x7A, 0x00, 0x78, 0x3A, 0xE3, 0x95, 0x00, 0x00, 0x00, 0x00, 0x00, 0x1B, 0xB9, 0xF3, 0xC7, 0x25, 0xAB, 0xBA, 0x13, 0xB6, 0xB7, 0xEC, 0x63, 0x00, 0x63, 0xF0, 0xF2, 0x62,
  0x00, 0x66, 0xEB, 0xBD, 0xB5, 0x11, 0xBB, 0xAB, 0x29, 0xC9, 0xF4, 0xBA, 0x1A, 0x00, 0xCB, 0x4F, 0xCC, 0x51, 0x00, 0x00, 0x00, 0x00, 0x00, 0x1B, 0xB9, 0xF3, 0xC7, 0x25, 0xAB, 0xBA, 0x13, 0xB6, 0xB7, 0xEC, 0x63, 0x00, 0x63, 0xF0, 0xF2, 0x62,
  0x00, 0x66, 0xEB, 0xBD, 0xB5, 0x11, 0xBB, 0xAB, 0x29, 0xC9, 0xF4, 0xBA, 0x1A, 0x3C, 0xAF, 0x0A, 0x19, 0x98, 0x0A, 0xCD, 0xC5, 0x8C, 0x11, 0x00, 0x3F, 0xFA, 0xAB, 0x04, 0x23, 0xBA, 0x21, 0xBE, 0xA8, 0x1D, 0x1E, 0x00, 0x07, 0x3B, 0x00, 0x00,
  0x00, 0x04, 0xAE, 0x00, 0x0E, 0x9A, 0xE9, 0xFA, 0xC2, 0x06, 0x9C, 0xD5, 0x14, 0xB9, 0xFF, 0x4D, 0xE8, 0x7E, 0x25, 0x9A, 0xFF, 0x6A, 0xF4, 0x7E, 0x8D, 0x34, 0xFF, 0x5B, 0xB3, 0xD4, 0xAE, 0x76, 0xFB, 0x22, 0x1A, 0xCC, 0xFB, 0xE6, 0x61, 0x00,
  0x00, 0xB2, 0x04, 0x00, 0x00, 0x00, 0xC0, 0xE9, 0x01, 0x00, 0x00, 0x00, 0x40, 0xFF, 0x33, 0x00, 0x00, 0x00, 0x00, 0x00, 0x00, 0x00, 0x00, 0x00, 0xFF, 0x58, 0x00, 0x00, 0xFF, 0x58, 0xFF, 0x58, 0x00, 0x00, 0xFF, 0x58, 0xFF, 0x58, 0x00, 0x00,
  0xFF, 0x58, 0xFF, 0x59, 0x00, 0x02, 0xFF, 0x57, 0xE7, 0x9B, 0x09, 0x52, 0xFF, 0x31, 0x4C, 0xD6, 0xF8, 0xE2, 0x71, 0x00, 0x00, 0x40, 0xFF, 0x6B, 0x00, 0x00, 0x00, 0xC0, 0xB3, 0x00, 0x00, 0x00, 0x00, 0x00, 0x00, 0x00, 0x00, 0x00, 0xFF, 0x58,
  0x00, 0x00, 0xFF, 0x58, 0xFF, 0x58, 0x00, 0x00, 0xFF, 0x58, 0xFF, 0x58, 0x00, 0x00, 0xFF, 0x58, 0xFF, 0x59, 0x00, 0x02, 0xFF, 0x57, 0xE7, 0x9B, 0x09, 0x52, 0xFF, 0x31, 0x4C, 0xD6, 0xF8, 0xE2, 0x71, 0x00, 0x00, 0x4F, 0xFD, 0x51, 0x00, 0x00,
  0x00, 0x28, 0xED, 0x69, 0xED, 0x28, 0x00, 0x00, 0x00, 0x00, 0x00, 0x00, 0x00, 0x00, 0x00, 0x00, 0xFF, 0x58, 0x00, 0x00, 0xFF, 0x58, 0x00, 0xFF, 0x58, 0x00, 0x00, 0xFF, 0x58, 0x00, 0xFF, 0x58, 0x00, 0x00, 0xFF, 0x58, 0x00, 0xFF, 0x59, 0x00,
  0x02, 0xFF, 0x57, 0x00, 0xE7, 0x9B, 0x09, 0x52, 0xFF, 0x31, 0x00, 0x4C, 0xD6, 0xF8, 0xE2, 0x71, 0x00, 0xCB, 0x4F, 0xCC, 0x51, 0x00, 0x00, 0x00, 0x00, 0x00, 0x00, 0x00, 0x00, 0xFF, 0x58, 0x00, 0x00, 0xFF, 0x58, 0xFF, 0x58, 0x00, 0x00, 0xFF,
  0x58, 0xFF, 0x58, 0x00, 0x00, 0xFF, 0x58, 0xFF, 0x59, 0x00, 0x02, 0xFF, 0x57, 0xE7, 0x9B, 0x09, 0x52, 0xFF, 0x31, 0x4C, 0xD6, 0xF8, 0xE2, 0x71, 0x00, 0x00, 0x40, 0xFF, 0x6B, 0x00, 0x00, 0x00, 0xC0, 0xB3, 0x00, 0x00, 0x00, 0x00, 0x00, 0x00,
  0x00, 0x00, 0x00, 0xC0, 0xAE, 0x00, 0x52, 0xF9, 0x1E, 0x40, 0xFB, 0x18, 0xAC, 0x98, 0x00, 0x00, 0xC0, 0x87, 0xF2, 0x1E, 0x00, 0x00, 0x40, 0xFC, 0x99, 0x00, 0x00, 0x00, 0x00, 0xFF, 0x58, 0x00, 0x00, 0x00, 0x00, 0xFF, 0x58, 0x00, 0x00, 0x53,
  0xE2, 0xF4, 0x8B, 0x00, 0xE7, 0x82, 0x71, 0xF6, 0x00, 0xFF, 0x58, 0xC5, 0xA9, 0x00, 0xFF, 0x58, 0xF7, 0x6C, 0x00, 0xFF, 0x58, 0x97, 0xEA, 0x12, 0xFF, 0x58, 0x18, 0xFF, 0x4D, 0xFF, 0x58, 0xFE, 0xCC, 0x13, 0x80, 0xF7, 0x33, 0x00, 0x00, 0x00,
  0x80, 0xE0, 0x13, 0x00, 0x00, 0x00, 0x00, 0x00, 0x00, 0xFF, 0xFF, 0xF2, 0xAA, 0x09, 0x00, 0x00, 0x29, 0xFF, 0x4D, 0x76, 0xED, 0xFF, 0xFF, 0x58, 0xF4, 0x92, 0x2E, 0xFF, 0x58, 0x9C, 0xF5, 0xBD, 0xED, 0x58, 0x00, 0x40, 0xFF, 0x6B, 0x00, 0x00,
  0xC0, 0xB3, 0x00, 0x00, 0x00, 0x00, 0x00, 0x00, 0x00, 0xFF, 0xFF, 0xF2, 0xAA, 0x09, 0x00, 0x00, 0x29, 0xFF, 0x4D, 0x76, 0xED, 0xFF, 0xFF, 0x58, 0xF4, 0x92, 0x2E, 0xFF, 0x58, 0x9C, 0xF5, 0xBD, 0xED, 0x58, 0x00, 0x54, 0xFF, 0x59, 0x00, 0x00,
  0x28, 0xEE, 0x62, 0xEF, 0x29, 0x00, 0x00, 0x00, 0x00, 0x00, 0x00, 0x00, 0x00, 0xFF, 0xFF, 0xF2, 0xAA, 0x09, 0x00, 0x00, 0x00, 0x29, 0xFF, 0x4D, 0x00, 0x76, 0xED, 0xFF, 0xFF, 0x58, 0x00, 0xF4, 0x92, 0x2E, 0xFF, 0x58, 0x00, 0x9C, 0xF5, 0xBD,
  0xED, 0x58, 0x97, 0xE3, 0x39, 0x7A, 0x00, 0x78, 0x3A, 0xE3, 0x95, 0x00, 0x00, 0x00, 0x00, 0x00, 0x00, 0xFF, 0xFF, 0xF2, 0xAA, 0x09, 0x00, 0x00, 0x29, 0xFF, 0x4D, 0x76, 0xED, 0xFF, 0xFF, 0x58, 0xF4, 0x92, 0x2E, 0xFF, 0x58, 0x9C, 0xF5, 0xBD,
  0xED, 0x58, 0xCD, 0x78, 0xCD, 0x78, 0x00, 0x00, 0x00, 0x00, 0x00, 0x00, 0xFF, 0xFF, 0xF2, 0xAA, 0x09, 0x00, 0x00, 0x29, 0xFF, 0x4D, 0x76, 0xED, 0xFF, 0xFF, 0x58, 0xF4, 0x92, 0x2E, 0xFF, 0x58, 0x9C, 0xF5, 0xBD, 0xED, 0x58, 0x00, 0x8F, 0xF2,
  0x8E, 0x00, 0x00, 0x04, 0xFD, 0x40, 0xFD, 0x04, 0x00, 0x00, 0x92, 0xF5, 0x90, 0x00, 0x00, 0x00, 0x00, 0x00, 0x00, 0x00, 0x00, 0x00, 0xFF, 0xFF, 0xF2, 0xAA, 0x09, 0x00, 0x00, 0x00, 0x29, 0xFF, 0x4D, 0x00, 0x76, 0xED, 0xFF, 0xFF, 0x58, 0x00,
  0xF4, 0x92, 0x2E, 0xFF, 0x58, 0x00, 0x9C, 0xF5, 0xBD, 0xED, 0x58, 0xFF, 0xF9, 0xB0, 0xE5, 0x86, 0x00, 0x22, 0xFF, 0xA7, 0xE9, 0x9B, 0xFB, 0xFF, 0xFF, 0xFE, 0xF8, 0x72, 0xFF, 0x79, 0x00, 0xB2, 0xE1, 0x72, 0xEC, 0xFF, 0x21, 0xBD, 0xF8, 0xFF,
  0xBD, 0xBA, 0x12, 0x00, 0xF5, 0x62, 0x00, 0x00, 0xD6, 0xB0, 0x0E, 0x00, 0x43, 0xE8, 0xFF, 0xFF, 0x0A, 0xC5, 0x7F, 0x00, 0x80, 0xF7, 0x33, 0x00, 0x00, 0x00, 0x80, 0xE0, 0x13, 0x00, 0x00, 0x00, 0x00, 0x00, 0x00, 0x31, 0xD2, 0xEF, 0x87, 0x00,
  0xCB, 0x89, 0x2B, 0xFF, 0x2D, 0xF7, 0xFF, 0xFF, 0xFF, 0x52, 0xD7, 0x92, 0x07, 0x00, 0x00, 0x41, 0xD8, 0xFD, 0xFF, 0x00, 0x00, 0x40, 0xFF, 0x6B, 0x00, 0x00, 0xC0, 0xB3, 0x00, 0x00, 0x00, 0x00, 0x00, 0x00, 0x00, 0x31, 0xD2, 0xEF, 0x87, 0x00,
  0xCB, 0x89, 0x2B, 0xFF, 0x2D, 0xF7, 0xFF, 0xFF, 0xFF, 0x52, 0xD7, 0x92, 0x07, 0x00, 0x00, 0x41, 0xD8, 0xFD, 0xFF, 0x00, 0x00, 0x54, 0xFF, 0x59, 0x00, 0x00, 0x28, 0xEE, 0x62, 0xEF, 0x29, 0x00, 0x00, 0x00, 0x00, 0x00, 0x00, 0x00, 0x00, 0x31,
  0xD2, 0xEF, 0x87, 0x00, 0x00, 0xCB, 0x89, 0x2B, 0xFF, 0x2D, 0x00, 0xF7, 0xFF, 0xFF, 0xFF, 0x52, 0x00, 0xD7, 0x92, 0x07, 0x00, 0x00, 0x00, 0x41, 0xD8, 0xFD, 0xFF, 0x00, 0xCD, 0x78, 0xCD, 0x78, 0x00, 0x00, 0x00, 0x00, 0x00, 0x00, 0x31, 0xD2,
  0xEF, 0x87, 0x00, 0xCB, 0x89, 0x2B, 0xFF, 0x2D, 0xF7, 0xFF, 0xFF, 0xFF, 0x52, 0xD7, 0x92, 0x07, 0x00, 0x00, 0x41, 0xD8, 0xFD, 0xFF, 0x00, 0x80, 0xF7, 0x33, 0x00, 0x00, 0x80, 0xE0, 0x13, 0x00, 0x00, 0x00, 0x00, 0xFF, 0xFF, 0xFF, 0x58, 0x00,
  0x00, 0xFF, 0x58, 0x00, 0x00, 0xFF, 0x58, 0x00, 0x00, 0xFF, 0x58, 0xFF, 0xFF, 0xFF, 0xFF, 0x00, 0x40, 0xFF, 0x6B, 0x00, 0xC0, 0xB3, 0x00, 0x00, 0x00, 0x00, 0x00, 0xFF, 0xFF, 0xFF, 0x58, 0x00, 0x00, 0xFF, 0x58, 0x00, 0x00, 0xFF, 0x58, 0x00,
  0x00, 0xFF, 0x58, 0xFF, 0xFF, 0xFF, 0xFF, 0x00, 0x54, 0xFF, 0x59, 0x00, 0x28, 0xEE, 0x62, 0xEF, 0x29, 0x00, 0x00, 0x00, 0x00, 0x00, 0x00, 0xFF, 0xFF, 0xFF, 0x58, 0x00, 0x00, 0x00, 0xFF, 0x58, 0x00, 0x00, 0x00, 0xFF, 0x58, 0x00, 0x00, 0x00,
  0xFF, 0x58, 0x00, 0xFF, 0xFF, 0xFF, 0xFF, 0xCD, 0x78, 0xCD, 0x78, 0x00, 0x00, 0x00, 0x00, 0xFF, 0xFF, 0xFF, 0x58, 0x00, 0x00, 0xFF, 0x58, 0x00, 0x00, 0xFF, 0x58, 0x00, 0x00, 0xFF, 0x58, 0xFF, 0xFF, 0xFF, 0xFF, 0x97, 0xE3, 0x39, 0x7A, 0x00,
  0x78, 0x3A, 0xE3, 0x95, 0x00, 0x00, 0x00, 0x00, 0x00, 0x00, 0xFF, 0x9F, 0xF0, 0xCF, 0x0D, 0xFF, 0xAB, 0x24, 0xFF, 0x4D, 0xFF, 0x58, 0x00, 0xFF, 0x58, 0xFF, 0x58, 0x00, 0xFF, 0x58, 0xFF, 0x58, 0x00, 0xFF, 0x58, 0x00, 0x80, 0xF7, 0x33, 0x00,
  0x00, 0x00, 0x00, 0x80, 0xE0, 0x13, 0x00, 0x00, 0x00, 0x00, 0x00, 0x00, 0x00, 0x22, 0xB9, 0xF3, 0xDF, 0x64, 0x00, 0xC0, 0xB1, 0x0E, 0x5E, 0xFD, 0x24, 0xF5, 0x60, 0x00, 0x09, 0xFF, 0x4C, 0xCD, 0xAD, 0x0D, 0x62, 0xF9, 0x1E, 0x2F, 0xC8, 0xF6,
  0xD7, 0x52, 0x00, 0x00, 0x00, 0x40, 0xFF, 0x6B, 0x00, 0x00, 0x00, 0xC0, 0xB3, 0x00, 0x00, 0x00, 0x00, 0x00, 0x00, 0x00, 0x00, 0x22, 0xB9, 0xF3, 0xDF, 0x64, 0x00, 0xC0, 0xB1, 0x0E, 0x5E, 0xFD, 0x24, 0xF5, 0x60, 0x00, 0x09, 0xFF, 0x4C, 0xCD,
  0xAD, 0x0D, 0x62, 0xF9, 0x1E, 0x2F, 0xC8, 0xF6, 0xD7, 0x52, 0x00, 0x00, 0x54, 0xFF, 0x59, 0x00, 0x00, 0x28, 0xEE, 0x62, 0xEF, 0x29, 0x00, 0x00, 0x00, 0x00, 0x00, 0x00, 0x00, 0x22, 0xB9, 0xF3, 0xDF, 0x64, 0x00, 0xC0, 0xB1, 0x0E, 0x5E, 0xFD,
  0x24, 0xF5, 0x60, 0x00, 0x09, 0xFF, 0x4C, 0xCD, 0xAD, 0x0D, 0x62, 0xF9, 0x1E, 0x2F, 0xC8, 0xF6, 0xD7, 0x52, 0x00, 0x00, 0x97, 0xE3, 0x39, 0x7A, 0x00, 0x00, 0x78, 0x3A, 0xE3, 0x95, 0x00, 0x00, 0x00, 0x00, 0x00, 0x00, 0x00, 0x22, 0xB9, 0xF3,
  0xDF, 0x64, 0x00, 0xC0, 0xB1, 0x0E, 0x5E, 0xFD, 0x24, 0xF5, 0x60, 0x00, 0x09, 0xFF, 0x4C, 0xCD, 0xAD, 0x0D, 0x62, 0xF9, 0x1E, 0x2F, 0xC8, 0xF6, 0xD7, 0x52, 0x00, 0x00, 0xCD, 0x78, 0xCD, 0x78, 0x00, 0x00, 0x00, 0x00, 0x00, 0x00, 0x00, 0x22,
  0xB9, 0xF3, 0xDF, 0x64, 0x00, 0xC0, 0xB1, 0x0E, 0x5E, 0xFD, 0x24, 0xF5, 0x60, 0x00, 0x09, 0xFF, 0x4C, 0xCD, 0xAD, 0x0D, 0x62, 0xF9, 0x1E, 0x2F, 0xC8, 0xF6, 0xD7, 0x52, 0x00, 0x00, 0x00, 0xCA, 0x91, 0x00, 0x00, 0x00, 0x00, 0x00, 0x00, 0x00,
  0x00, 0xFF, 0xFF, 0xFF, 0xFF, 0xFF, 0xC8, 0x00, 0x00, 0x00, 0x00, 0x00, 0x00, 0x00, 0x00, 0xCA, 0x91, 0x00, 0x00, 0x00, 0x00, 0x01, 0xB6, 0x00, 0x00, 0x2A, 0xC4, 0xF8, 0xDF, 0x3A, 0x00, 0xC7, 0xAD, 0x93, 0x8F, 0xF5, 0x1B, 0xF6, 0x60, 0xB5,
  0x0A, 0xFF, 0x4B, 0xCD, 0xC2, 0x89, 0x5C, 0xF9, 0x1C, 0x2A, 0xDF, 0xF0, 0xD3, 0x51, 0x00, 0x00, 0xB3, 0x00, 0x00, 0x00, 0x00, 0x80, 0xF7, 0x33, 0x00, 0x00, 0x00, 0x80, 0xE0, 0x13, 0x00, 0x00, 0x00, 0x00, 0x00, 0x00, 0xFF, 0x58, 0x00, 0xFF,
  0x58, 0xFF, 0x58, 0x00, 0xFF, 0x58, 0xFF, 0x58, 0x00, 0xFF, 0x58, 0xF6, 0x77, 0x58, 0xFF, 0x58, 0x8F, 0xF8, 0xAA, 0xE8, 0x58, 0x00, 0x40, 0xFF, 0x6B, 0x00, 0x00, 0xC0, 0xB3, 0x00, 0x00, 0x00, 0x00, 0x00, 0x00, 0x00, 0xFF, 0x58, 0x00, 0xFF,
  0x58, 0xFF, 0x58, 0x00, 0xFF, 0x58, 0xFF, 0x58, 0x00, 0xFF, 0x58, 0xF6, 0x77, 0x58, 0xFF, 0x58, 0x8F, 0xF8, 0xAA, 0xE8, 0x58, 0x00, 0x54, 0xFF, 0x59, 0x00, 0x00, 0x28, 0xEE, 0x62, 0xEF, 0x29, 0x00, 0x00, 0x00, 0x00, 0x00, 0x00, 0x00, 0x00,
  0xFF, 0x58, 0x00, 0xFF, 0x58, 0x00, 0xFF, 0x58, 0x00, 0xFF, 0x58, 0x00, 0xFF, 0x58, 0x00, 0xFF, 0x58, 0x00, 0xF6, 0x77, 0x58, 0xFF, 0x58, 0x00, 0x8F, 0xF8, 0xAA, 0xE8, 0x58, 0xCD, 0x78, 0xCD, 0x78, 0x00, 0x00, 0x00, 0x00, 0x00, 0x00, 0xFF,
  0x58, 0x00, 0xFF, 0x58, 0xFF, 0x58, 0x00, 0xFF, 0x58, 0xFF, 0x58, 0x00, 0xFF, 0x58, 0xF6, 0x77, 0x58, 0xFF, 0x58, 0x8F, 0xF8, 0xAA, 0xE8, 0x58, 0x00, 0x40, 0xFF, 0x6B, 0x00, 0x00, 0xC0, 0xB3, 0x00, 0x00, 0x00, 0x00, 0x00, 0x00, 0x00, 0x5A,
  0x94, 0x00, 0x92, 0x51, 0x11, 0xC9, 0x00, 0xC4, 0x07, 0x00, 0xBC, 0x24, 0x99, 0x00, 0x00, 0x73, 0x9E, 0x40, 0x00, 0x00, 0x26, 0xED, 0x03, 0x00, 0x00, 0x55, 0x99, 0x00, 0x00, 0x7F, 0xD4, 0x1B, 0x00, 0x00, 0xCD, 0x78, 0xCD, 0x78, 0x00, 0x00,
  0x00, 0x00, 0x00, 0x00, 0x5A, 0x94, 0x00, 0x92, 0x51, 0x11, 0xC9, 0x00, 0xC4, 0x07, 0x00, 0xBC, 0x24, 0x99, 0x00, 0x00, 0x73, 0x9E, 0x40, 0x00, 0x00, 0x26, 0xED, 0x03, 0x00, 0x00, 0x55, 0x99, 0x00, 0x00, 0x7F, 0xD4, 0x1B, 0x00, 0x00, 0x00,
  0x16, 0xFF, 0x41, 0xFF, 0x13, 0x00, 0x00, 0x00, 0x93, 0xF5, 0x92, 0x00, 0x00, 0x00, 0x00, 0x00, 0x00, 0x00, 0x00, 0x00, 0x00, 0x00, 0x45, 0xC1, 0x52, 0x00, 0x00, 0x00, 0x00, 0xA4, 0x1E, 0xB0, 0x00, 0x00, 0x00, 0x19, 0xA4, 0x00, 0xAC, 0x1F,
  0x00, 0x00, 0x7D, 0x4D, 0x00, 0x55, 0x82, 0x00, 0x02, 0xE1, 0xFF, 0xFF, 0xFF, 0xE4, 0x03, 0x4C, 0x95, 0x00, 0x00, 0x00, 0xA2, 0x4D, 0x15, 0xFF, 0x39, 0xFF, 0x12, 0x00, 0x00, 0x90, 0xF4, 0x8D, 0x00, 0x00, 0x00, 0x00, 0x00, 0x00, 0x00, 0x00,
  0x00, 0xFF, 0xFF, 0xF2, 0xAA, 0x09, 0x00, 0x00, 0x00, 0x29, 0xFF, 0x4D, 0x00, 0x76, 0xED, 0xFF, 0xFF, 0x58, 0x00, 0xF4, 0x92, 0x2E, 0xFF, 0x58, 0x00, 0x9C, 0xF5, 0xBD, 0xED, 0x58, 0x00, 0x00, 0x45, 0xC1, 0x52, 0x00, 0x00, 0x00, 0x00, 0xA4,
  0x1E, 0xB0, 0x00, 0x00, 0x00, 0x19, 0xA4, 0x00, 0xAC, 0x1F, 0x00, 0x00, 0x7D, 0x4D, 0x00, 0x55, 0x82, 0x00, 0x02, 0xE1, 0xFF, 0xFF, 0xFF, 0xE4, 0x03, 0x4C, 0x95, 0x00, 0x00, 0x00, 0xA2, 0x4D, 0x00, 0x00, 0x00, 0x00, 0x55, 0xAA, 0x07, 0x00,
  0x00, 0x00, 0x00, 0x8B, 0xF9, 0x7A, 0xFF, 0xFF, 0xF2, 0xAA, 0x09, 0x00, 0x00, 0x29, 0xFF, 0x4D, 0x76, 0xED, 0xFF, 0xFF, 0x58, 0xF4, 0x92, 0x2E, 0xFF, 0x58, 0x9C, 0xF6, 0xBB, 0xEC, 0x58, 0x00, 0x00, 0x00, 0xF4, 0x4C, 0x00, 0x00, 0x00, 0xCD,
  0x54, 0x00, 0x00, 0x40, 0xFF, 0x6B, 0x00, 0x00, 0xC0, 0xB3, 0x00, 0x00, 0x00, 0x00, 0x00, 0x00, 0x09, 0x8B, 0xE1, 0xFE, 0xFF, 0x91, 0xEA, 0x3E, 0x04, 0x00, 0xE7, 0x86, 0x00, 0x00, 0x00, 0xEE, 0x83, 0x00, 0x00, 0x00, 0xA9, 0xE6, 0x36, 0x03,
  0x00, 0x15, 0xA3, 0xE9, 0xFF, 0xFF, 0x00, 0x40, 0xFF, 0x6B, 0x00, 0xC0, 0xB3, 0x00, 0x00, 0x00, 0x00, 0x00, 0x23, 0xBD, 0xF8, 0xFF, 0xC0, 0xBA, 0x12, 0x00, 0xF5, 0x62, 0x00, 0x00, 0xD0, 0xB0, 0x0E, 0x00, 0x35, 0xCE, 0xFA, 0xFF, 0x29, 0xED,
  0x66, 0xED, 0x27, 0x00, 0x52, 0xFD, 0x4F, 0x00, 0x00, 0x00, 0x00, 0x00, 0x00, 0x09, 0x8B, 0xE1, 0xFE, 0xFF, 0x91, 0xEA, 0x3E, 0x04, 0x00, 0xE7, 0x86, 0x00, 0x00, 0x00, 0xEE, 0x83, 0x00, 0x00, 0x00, 0xA9, 0xE6, 0x36, 0x03, 0x00, 0x15, 0xA3,
  0xE9, 0xFF, 0xFF, 0x28, 0xEC, 0x61, 0xEB, 0x26, 0x00, 0x4D, 0xFB, 0x47, 0x00, 0x00, 0x00, 0x00, 0x00, 0x00, 0x00, 0x23, 0xBD, 0xF8, 0xFF, 0x00, 0xC0, 0xBA, 0x12, 0x00, 0x00, 0xF5, 0x62, 0x00, 0x00, 0x00, 0xD0, 0xB0, 0x0E, 0x00, 0x00, 0x35,
  0xCE, 0xFA, 0xFF, 0x29, 0xED, 0x66, 0xED, 0x27, 0x00, 0x00, 0x52, 0xFD, 0x4F, 0x00, 0x00, 0x00, 0x00, 0x00, 0x00, 0x00, 0x00, 0x00, 0xFF, 0xFC, 0xDB, 0x5F, 0x00, 0x00, 0xFF, 0x59, 0x63, 0xFC, 0x27, 0x00, 0xFF, 0x58, 0x0B, 0xFF, 0x60, 0x00,
  0xFF, 0x58, 0x0C, 0xFF, 0x60, 0x00, 0xFF, 0x5A, 0x6C, 0xF9, 0x1F, 0x00, 0xFF, 0xF9, 0xD2, 0x50, 0x00, 0x00, 0x00, 0x00, 0x00, 0x40, 0xF2, 0x19, 0x00, 0x00, 0x00, 0xFF, 0xFF, 0x73, 0x00, 0x00, 0x00, 0x00, 0xFF, 0x58, 0x00, 0x00, 0x38, 0xD9,
  0xF5, 0xFF, 0x58, 0x00, 0x00, 0xCC, 0x9C, 0x0E, 0xFF, 0x58, 0x00, 0x00, 0xF7, 0x5D, 0x00, 0xFF, 0x58, 0x00, 0x00, 0xE3, 0x86, 0x5B, 0xFF, 0x58, 0x00, 0x00, 0x68, 0xEF, 0x9E, 0xE2, 0x58, 0x00, 0x00, 0x00, 0xFF, 0xFF, 0xED, 0xC1, 0x41, 0x00,
  0x00, 0xFF, 0x58, 0x10, 0x8F, 0xF5, 0x1E, 0xFF, 0xFF, 0xFF, 0x00, 0x11, 0xFF, 0x5C, 0x00, 0xFF, 0x58, 0x00, 0x13, 0xFF, 0x60, 0x00, 0xFF, 0x58, 0x16, 0x9D, 0xF1, 0x18, 0x00, 0xFF, 0xFD, 0xEB, 0xB4, 0x31, 0x00, 0x00, 0x00, 0xFF, 0xFF, 0xFF,
  0x58, 0x00, 0x00, 0x00, 0xFF, 0x58, 0x00, 0x39, 0xDA, 0xF1, 0xFF, 0x58, 0x00, 0xCC, 0x9A, 0x0E, 0xFF, 0x58, 0x00, 0xF7, 0x5C, 0x00, 0xFF, 0x58, 0x00, 0xE4, 0x85, 0x5E, 0xFF, 0x58, 0x00, 0x6C, 0xEF, 0x9B, 0xE5, 0x58, 0x00, 0xFF, 0xFF, 0xFF,
  0xFF, 0xFF, 0x58, 0x00, 0x00, 0xFF, 0xFF, 0xFF, 0xCC, 0xFF, 0x58, 0x00, 0x00, 0xFF, 0x58, 0x00, 0x00, 0xFF, 0xFF, 0xFF, 0xFF, 0x00, 0x11, 0xD0, 0x5C, 0x00, 0x22, 0xE3, 0xFA, 0x31, 0xD2, 0xEF, 0x87, 0x00, 0xCB, 0x89, 0x2B, 0xFF, 0x2D, 0xF7,
  0xFF, 0xFF, 0xFF, 0x52, 0xD7, 0x92, 0x07, 0x00, 0x00, 0x41, 0xD8, 0xFD, 0xFF, 0x00, 0x00, 0x00, 0xFF, 0x54, 0x00, 0x00, 0x00, 0xB0, 0xF5, 0x16, 0x29, 0xED, 0x66, 0xED, 0x27, 0x00, 0x52, 0xFD, 0x4F, 0x00, 0x00, 0x00, 0x00, 0x00, 0x00, 0x00,
  0xFF, 0xFF, 0xFF, 0xFF, 0x00, 0xFF, 0x58, 0x00, 0x00, 0x00, 0xFF, 0xFF, 0xFF, 0xE0, 0x00, 0xFF, 0x58, 0x00, 0x00, 0x00, 0xFF, 0x58, 0x00, 0x00, 0x00, 0xFF, 0xFF, 0xFF, 0xFF, 0x28, 0xEC, 0x61, 0xEB, 0x26, 0x00, 0x00, 0x4D, 0xFB, 0x47, 0x00,
  0x00, 0x00, 0x00, 0x00, 0x00, 0x00, 0x00, 0x00, 0x31, 0xD2, 0xEF, 0x87, 0x00, 0x00, 0xCB, 0x89, 0x2B, 0xFF, 0x2D, 0x00, 0xF7, 0xFF, 0xFF, 0xFF, 0x52, 0x00, 0xD7, 0x92, 0x07, 0x00, 0x00, 0x00, 0x41, 0xD8, 0xFD, 0xFF, 0x00, 0xFF, 0xFF, 0xFF,
  0x58, 0x00, 0x00, 0xFF, 0x58, 0x00, 0x00, 0xFF, 0x58, 0x00, 0x00, 0xFF, 0x58, 0xFF, 0xFF, 0xFF, 0xFF, 0x00, 0x40, 0xFF, 0x6B, 0x00, 0xC0, 0xB3, 0x00, 0x00, 0x00, 0x00, 0x00, 0xFF, 0x58, 0x00, 0x00, 0xFF, 0x58, 0x00, 0x00, 0xFF, 0x58, 0x00,
  0x00, 0xFF, 0x58, 0x00, 0x00, 0xFF, 0x58, 0x00, 0x00, 0xFF, 0xFF, 0xFF, 0xFF, 0x00, 0x40, 0xFF, 0x6B, 0x00, 0xC0, 0xB3, 0x00, 0xFF, 0xFF, 0xFF, 0x58, 0x00, 0x00, 0xFF, 0x58, 0x00, 0x00, 0xFF, 0x58, 0x00, 0x00, 0xFF, 0x58, 0x00, 0x00, 0xFF,
  0x58, 0x00, 0x00, 0xFF, 0x58, 0xFF, 0xFF, 0xFF, 0xFF, 0x00, 0x00, 0x00, 0x40, 0xF2, 0x19, 0x00, 0x00, 0x00, 0xC0, 0x73, 0x00, 0xFF, 0x58, 0x00, 0x00, 0x00, 0x00, 0xFF, 0x58, 0x00, 0x00, 0x00, 0x00, 0xFF, 0x58, 0x00, 0x00, 0x00, 0x00, 0xFF,
  0x58, 0x00, 0x00, 0x00, 0x00, 0xFF, 0x58, 0x00, 0x00, 0x00, 0x00, 0xFF, 0xFF, 0xFF, 0xFF, 0x00, 0x00, 0x00, 0x00, 0x00, 0x40, 0xF2, 0x19, 0xFF, 0xFF, 0xFF, 0xFF, 0x73, 0x00, 0x00, 0x00, 0xFF, 0x58, 0x00, 0x00, 0x00, 0x00, 0xFF, 0x58, 0x00,
  0x00, 0x00, 0x00, 0xFF, 0x58, 0x00, 0x00, 0x00, 0x00, 0xFF, 0x58, 0x00, 0x00, 0x00, 0x00, 0xFF, 0x58, 0x00, 0x00, 0xFF, 0xFF, 0xFF, 0xFF, 0x00, 0x00, 0x00, 0xFF, 0x58, 0x00, 0x00, 0x00, 0xFF, 0x7F, 0xB5, 0x00, 0x47, 0xFF, 0xDA, 0x4A, 0x00,
  0xB8, 0xFF, 0x58, 0x00, 0x00, 0x00, 0xFF, 0x58, 0x00, 0x00, 0x00, 0xFF, 0xFF, 0xFF, 0xFF, 0xFF, 0xFF, 0xFF, 0x58, 0x00, 0x00, 0x00, 0xFF, 0x58, 0x00, 0x17, 0x47, 0xFF, 0xDE, 0x00, 0xE7, 0xB6, 0xFF, 0x77, 0x00, 0x00, 0x00, 0xFF, 0x58, 0x00,
  0x00, 0x00, 0xFF, 0x58, 0x00, 0xFF, 0xFF, 0xFF, 0xFF, 0x58, 0x00, 0x40, 0xFF, 0x6B, 0x00, 0xC0, 0xB3, 0x00, 0x00, 0x00, 0x00, 0x00, 0xFF, 0x9D, 0x58, 0xFF, 0xFF, 0xBE, 0x58, 0xFF, 0xFF, 0xAA, 0x6D, 0xFF, 0xFF, 0x6F, 0xA8, 0xFF, 0xFF, 0x58,
  0xBE, 0xFF, 0xFF, 0x58, 0x9E, 0xFF, 0x00, 0x40, 0xFF, 0x6B, 0x00, 0x00, 0xC0, 0xB3, 0x00, 0x00, 0x00, 0x00, 0x00, 0x00, 0x00, 0xFF, 0x9F, 0xF0, 0xCF, 0x0D, 0xFF, 0xAB, 0x24, 0xFF, 0x4D, 0xFF, 0x58, 0x00, 0xFF, 0x58, 0xFF, 0x58, 0x00, 0xFF,
  0x58, 0xFF, 0x58, 0x00, 0xFF, 0x58, 0x29, 0xED, 0x66, 0xED, 0x27, 0x00, 0x52, 0xFD, 0x4F, 0x00, 0x00, 0x00, 0x00, 0x00, 0x00, 0x00, 0xFF, 0x9D, 0x58, 0xFF, 0x00, 0xFF, 0xBE, 0x58, 0xFF, 0x00, 0xFF, 0xAA, 0x6D, 0xFF, 0x00, 0xFF, 0x6F, 0xA8,
  0xFF, 0x00, 0xFF, 0x58, 0xBE, 0xFF, 0x00, 0xFF, 0x58, 0x9E, 0xFF, 0x28, 0xEC, 0x61, 0xEB, 0x26, 0x00, 0x00, 0x4D, 0xFB, 0x47, 0x00, 0x00, 0x00, 0x00, 0x00, 0x00, 0x00, 0x00, 0x00, 0xFF, 0x9F, 0xF0, 0xCF, 0x0D, 0x00, 0xFF, 0xAB, 0x24, 0xFF,
  0x4D, 0x00, 0xFF, 0x58, 0x00, 0xFF, 0x58, 0x00, 0xFF, 0x58, 0x00, 0xFF, 0x58, 0x00, 0xFF, 0x58, 0x00, 0xFF, 0x58, 0x00, 0xB4, 0xBF, 0x40, 0xFF, 0x56, 0x23, 0xFD, 0x3F, 0xC0, 0xAD, 0x00, 0x00, 0x00, 0x00, 0x00, 0x00, 0x00, 0x1B, 0xB9, 0xF3,
  0xC7, 0x25, 0x00, 0xAB, 0xBA, 0x13, 0xB6, 0xB7, 0x00, 0xEC, 0x63, 0x00, 0x63, 0xF0, 0x00, 0xF2, 0x62, 0x00, 0x66, 0xEB, 0x00, 0xBD, 0xB5, 0x11, 0xBB, 0xAB, 0x00, 0x29, 0xC9, 0xF4, 0xBA, 0x1A, 0x00, 0x00, 0xB4, 0xBF, 0x40, 0xFF, 0x56, 0x23,
  0xFD, 0x3F, 0xC0, 0xAD, 0x00, 0x00, 0x00, 0x00, 0x00, 0x00, 0x00, 0x22, 0xB9, 0xF3, 0xDF, 0x64, 0x00, 0xC0, 0xB1, 0x0E, 0x5E, 0xFD, 0x24, 0xF5, 0x60, 0x00, 0x09, 0xFF, 0x4C, 0xCD, 0xAD, 0x0D, 0x62, 0xF9, 0x1E, 0x2F, 0xC8, 0xF6, 0xD7, 0x52,
  0x00, 0x27, 0xCC, 0xFE, 0xFF, 0xFF, 0xB7, 0xC0, 0x0F, 0xFF, 0x58, 0xEF, 0x63, 0x00, 0xFF, 0xFF, 0xF4, 0x64, 0x00, 0xFF, 0x58, 0xC6, 0xBE, 0x0E, 0xFF, 0x58, 0x36, 0xD8, 0xFE, 0xFF, 0xFF, 0x63, 0xED, 0x8C, 0xE7, 0x7D, 0xDF, 0x78, 0xFF, 0xB4,
  0xE3, 0xFA, 0x4B, 0xFF, 0xFF, 0xFC, 0xE7, 0x76, 0xFF, 0x87, 0x00, 0x78, 0xEF, 0x7D, 0xE0, 0xFF, 0x00, 0x40, 0xFF, 0x6B, 0x00, 0x00, 0xC0, 0xB3, 0x00, 0x00, 0x00, 0x00, 0x00, 0x00, 0x00, 0xFF, 0xFF, 0xEF, 0xA6, 0x08, 0xFF, 0x58, 0x38, 0xFF,
  0x5C, 0xFF, 0x58, 0x39, 0xFF, 0x4C, 0xFF, 0xFF, 0xFF, 0x9C, 0x01, 0xFF, 0x58, 0x34, 0xF5, 0x0C, 0xFF, 0x58, 0x00, 0xB5, 0x4C, 0x00, 0x40, 0xFF, 0x6B, 0x00, 0x00, 0xC0, 0xB3, 0x00, 0x00, 0x00, 0x00, 0x00, 0x00, 0x00, 0xFF, 0x89, 0xE2, 0xD0,
  0x0D, 0xFF, 0xAA, 0x24, 0xFF, 0x4C, 0xFF, 0x58, 0x00, 0x00, 0x00, 0xFF, 0x58, 0x00, 0x00, 0x00, 0xFF, 0x58, 0x00, 0x00, 0x00, 0x29, 0xED, 0x66, 0xED, 0x27, 0x00, 0x00, 0x52, 0xFD, 0x4F, 0x00, 0x00, 0x00, 0x00, 0x00, 0x00, 0x00, 0x00, 0x00,
  0xFF, 0xFF, 0xEF, 0xA6, 0x08, 0x00, 0xFF, 0x58, 0x38, 0xFF, 0x5C, 0x00, 0xFF, 0x58, 0x39, 0xFF, 0x4C, 0x00, 0xFF, 0xFF, 0xFF, 0x9C, 0x01, 0x00, 0xFF, 0x58, 0x34, 0xF5, 0x0C, 0x00, 0xFF, 0x58, 0x00, 0xB5, 0x4C, 0x28, 0xEC, 0x61, 0xEB, 0x26,
  0x00, 0x00, 0x4D, 0xFB, 0x47, 0x00, 0x00, 0x00, 0x00, 0x00, 0x00, 0x00, 0x00, 0x00, 0xFF, 0x89, 0xE2, 0xD0, 0x0D, 0x00, 0xFF, 0xAA, 0x24, 0xFF, 0x4C, 0x00, 0xFF, 0x58, 0x00, 0x00, 0x00, 0x00, 0xFF, 0x58, 0x00, 0x00, 0x00, 0x00, 0xFF, 0x58,
  0x00, 0x00, 0x00, 0x00, 0x40, 0xFF, 0x6B, 0x00, 0x00, 0xC0, 0xB3, 0x00, 0x00, 0x00, 0x00, 0x00, 0x00, 0x00, 0x50, 0xD1, 0xF7, 0xFF, 0x70, 0xEE, 0x98, 0x07, 0x00, 0x00, 0x94, 0xF0, 0x78, 0x11, 0x00, 0x00, 0x35, 0xB3, 0xEB, 0x24, 0x00, 0x00,
  0x2C, 0xFF, 0x5D, 0xFF, 0xFF, 0xF0, 0xA7, 0x0C, 0x00, 0x40, 0xFF, 0x6B, 0x00, 0x00, 0xC0, 0xB3, 0x00, 0x00, 0x00, 0x00, 0x00, 0x00, 0x00, 0x6F, 0xE2, 0xFD, 0xFF, 0x00, 0xEF, 0x90, 0x03, 0x00, 0x00, 0x47, 0xC2, 0xDF, 0x83, 0x04, 0x00, 0x00,
  0x39, 0xFF, 0x48, 0xFF, 0xFF, 0xF4, 0xAB, 0x0C, 0x00, 0x50, 0xD1, 0xF7, 0xFF, 0x70, 0x00, 0xEE, 0x98, 0x07, 0x00, 0x00, 0x00, 0x94, 0xF0, 0x75, 0x0F, 0x00, 0x00, 0x00, 0x35, 0xB3, 0xE9, 0x22, 0x00, 0x00, 0x00, 0x2C, 0xFF, 0x5E, 0x00, 0xFF,
  0xFF, 0xF0, 0xB1, 0x0F, 0x0A, 0xC5, 0x7F, 0x00, 0x00, 0x00, 0x00, 0x6F, 0xE2, 0xFD, 0xFF, 0x00, 0x00, 0xEF, 0x90, 0x02, 0x00, 0x00, 0x00, 0x49, 0xC4, 0xDF, 0x82, 0x03, 0x00, 0x00, 0x00, 0x39, 0xFF, 0x48, 0x00, 0xFF, 0xFF, 0xF5, 0xB7, 0x0F,
  0x0A, 0xC5, 0x7F, 0x00, 0x00, 0x00, 0x29, 0xED, 0x66, 0xED, 0x27, 0x00, 0x00, 0x52, 0xFD, 0x4F, 0x00, 0x00, 0x00, 0x00, 0x00, 0x00, 0x00, 0x00, 0x00, 0x50, 0xD1, 0xF7, 0xFF, 0x70, 0x00, 0xEE, 0x98, 0x07, 0x00, 0x00, 0x00, 0x94, 0xF0, 0x78,
  0x11, 0x00, 0x00, 0x00, 0x35, 0xB3, 0xEB, 0x24, 0x00, 0x00, 0x00, 0x2C, 0xFF, 0x5D, 0x00, 0xFF, 0xFF, 0xF0, 0xA7, 0x0C, 0x28, 0xEC, 0x61, 0xEB, 0x26, 0x00, 0x00, 0x4D, 0xFB, 0x47, 0x00, 0x00, 0x00, 0x00, 0x00, 0x00, 0x00, 0x00, 0x00, 0x6F,
  0xE2, 0xFD, 0xFF, 0x00, 0x00, 0xEF, 0x90, 0x03, 0x00, 0x00, 0x00, 0x47, 0xC2, 0xDF, 0x83, 0x04, 0x00, 0x00, 0x00, 0x39, 0xFF, 0x48, 0x00, 0xFF, 0xFF, 0xF4, 0xAB, 0x0C, 0xFF, 0xFF, 0xFF, 0xFF, 0xFF, 0x58, 0x00, 0x00, 0xFF, 0x58, 0x00, 0x00,
  0x00, 0x00, 0xFF, 0x58, 0x00, 0x00, 0x00, 0x00, 0xFF, 0x58, 0x00, 0x00, 0x00, 0x00, 0xFF, 0x58, 0x00, 0x00, 0x00, 0x00, 0xFF, 0x58, 0x00, 0x00, 0x00, 0x00, 0xF8, 0x58, 0x00, 0x00, 0x00, 0x9C, 0x8B, 0x00, 0x00, 0xC4, 0x94, 0x00, 0xFF, 0xFF,
  0xFF, 0xFF, 0x00, 0xC4, 0x94, 0x00, 0x00, 0xC4, 0x94, 0x00, 0x00, 0xBD, 0xB7, 0x04, 0x00, 0x5D, 0xF0, 0xFF, 0x00, 0x00, 0xF8, 0x58, 0x29, 0xED, 0x66, 0xED, 0x27, 0x00, 0x00, 0x52, 0xFD, 0x4F, 0x00, 0x00, 0x00, 0x00, 0x00, 0x00, 0x00, 0x00,
  0xFF, 0xFF, 0xFF, 0xFF, 0xFF, 0x58, 0x00, 0x00, 0xFF, 0x58, 0x00, 0x00, 0x00, 0x00, 0xFF, 0x58, 0x00, 0x00, 0x00, 0x00, 0xFF, 0x58, 0x00, 0x00, 0x00, 0x00, 0xFF, 0x58, 0x00, 0x00, 0x00, 0x00, 0xFF, 0x58, 0x00, 0x00, 0x00, 0x00, 0x00, 0x00,
  0x40, 0xF2, 0x19, 0x00, 0x9C, 0x8B, 0x00, 0xC0, 0x73, 0x00, 0x00, 0xC4, 0x94, 0x00, 0x00, 0x00, 0x00, 0xFF, 0xFF, 0xFF, 0xFF, 0x00, 0x00, 0x00, 0x00, 0xC4, 0x94, 0x00, 0x00, 0x00, 0x00, 0x00, 0xC4, 0x94, 0x00, 0x00, 0x00, 0x00, 0x00, 0xBD,
  0xB7, 0x04, 0x00, 0x00, 0x00, 0x00, 0x5D, 0xF0, 0xFF, 0x00, 0x00, 0x00, 0x00, 0x98, 0xF4, 0x94, 0x00, 0x00, 0x00, 0x05, 0xFE, 0x48, 0xFD, 0x04, 0x00, 0x00, 0x00, 0x97, 0xF5, 0x93, 0x00, 0x00, 0x00, 0x00, 0xFF, 0x58, 0x00, 0x00, 0xFF, 0x58,
  0x00, 0xFF, 0x58, 0x00, 0x00, 0xFF, 0x58, 0x00, 0xFF, 0x58, 0x00, 0x00, 0xFF, 0x58, 0x00, 0xFF, 0x59, 0x00, 0x02, 0xFF, 0x57, 0x00, 0xE7, 0x9B, 0x09, 0x52, 0xFF, 0x31, 0x00, 0x4C, 0xD6, 0xF8, 0xE2, 0x71, 0x00, 0x00, 0x8F, 0xF2, 0x8E, 0x00,
  0x00, 0x04, 0xFD, 0x40, 0xFD, 0x04, 0x00, 0x00, 0x92, 0xF5, 0x90, 0x00, 0x00, 0x00, 0x00, 0x00, 0x00, 0x00, 0x00, 0x00, 0xFF, 0x58, 0x00, 0xFF, 0x58, 0x00, 0xFF, 0x58, 0x00, 0xFF, 0x58, 0x00, 0xFF, 0x58, 0x00, 0xFF, 0x58, 0x00, 0xF6, 0x77,
  0x58, 0xFF, 0x58, 0x00, 0x8F, 0xF8, 0xAA, 0xE8, 0x58, 0x00, 0xB4, 0xBF, 0x40, 0xFF, 0x56, 0x00, 0x23, 0xFD, 0x3F, 0xC0, 0xAD, 0x00, 0x00, 0x00, 0x00, 0x00, 0x00, 0x00, 0x00, 0x00, 0x00, 0xFF, 0x58, 0x00, 0x00, 0xFF, 0x58, 0x00, 0xFF, 0x58,
  0x00, 0x00, 0xFF, 0x58, 0x00, 0xFF, 0x58, 0x00, 0x00, 0xFF, 0x58, 0x00, 0xFF, 0x59, 0x00, 0x02, 0xFF, 0x57, 0x00, 0xE7, 0x9B, 0x09, 0x52, 0xFF, 0x31, 0x00, 0x4C, 0xD6, 0xF8, 0xE2, 0x71, 0x00, 0x00, 0xB4, 0xBF, 0x40, 0xFF, 0x56, 0x23, 0xFD,
  0x3F, 0xC0, 0xAD, 0x00, 0x00, 0x00, 0x00, 0x00, 0x00, 0x00, 0x00, 0xFF, 0x58, 0x00, 0xFF, 0x58, 0x00, 0xFF, 0x58, 0x00, 0xFF, 0x58, 0x00, 0xFF, 0x58, 0x00, 0xFF, 0x58, 0x00, 0xF6, 0x77, 0x58, 0xFF, 0x58, 0x00, 0x8F, 0xF8, 0xAA, 0xE8, 0x58,
  0xCB, 0x4F, 0xCC, 0x51, 0x00, 0x00, 0x00, 0x00, 0x00, 0x00, 0x00, 0x00, 0xC0, 0xAE, 0x00, 0x52, 0xF9, 0x1E, 0x40, 0xFB, 0x18, 0xAC, 0x98, 0x00, 0x00, 0xC0, 0x87, 0xF2, 0x1E, 0x00, 0x00, 0x40, 0xFC, 0x99, 0x00, 0x00, 0x00, 0x00, 0xFF, 0x58,
  0x00, 0x00, 0x00, 0x00, 0xFF, 0x58, 0x00, 0x00, 0x00, 0x40, 0xFF, 0x6B, 0x00, 0xC0, 0xB3, 0x00, 0x00, 0x00, 0x00, 0x00, 0xFF, 0xFF, 0xFF, 0xE2, 0x00, 0x00, 0x64, 0x4C, 0x00, 0x16, 0x97, 0x00, 0x00, 0x95, 0x18, 0x00, 0x46, 0x64, 0x00, 0x00,
  0xDD, 0xFF, 0xFF, 0xFF, 0x00, 0x40, 0xFF, 0x6B, 0x00, 0xC0, 0xB3, 0x00, 0x00, 0x00, 0x00, 0x00, 0xFF, 0xFF, 0xFF, 0xE0, 0x00, 0x00, 0x66, 0x2E, 0x00, 0x45, 0x4E, 0x00, 0x26, 0x6C, 0x00, 0x00, 0xD9, 0xFF, 0xFF, 0xFF, 0x00, 0xCB, 0x91, 0x00,
  0x00, 0x00, 0x00, 0x00, 0xFF, 0xFF, 0xFF, 0xE2, 0x00, 0x00, 0x64, 0x4C, 0x00, 0x16, 0x97, 0x00, 0x00, 0x95, 0x18, 0x00, 0x46, 0x64, 0x00, 0x00, 0xDD, 0xFF, 0xFF, 0xFF, 0x00, 0xCB, 0x91, 0x00, 0x00, 0x00, 0x00, 0x00, 0xFF, 0xFF, 0xFF, 0xE0,
  0x00, 0x00, 0x66, 0x2E, 0x00, 0x45, 0x4E, 0x00, 0x26, 0x6C, 0x00, 0x00, 0xD9, 0xFF, 0xFF, 0xFF, 0x29, 0xED, 0x66, 0xED, 0x27, 0x00, 0x52, 0xFD, 0x4F, 0x00, 0x00, 0x00, 0x00, 0x00, 0x00, 0x00, 0xFF, 0xFF, 0xFF, 0xE2, 0x00, 0x00, 0x00, 0x64,
  0x4C, 0x00, 0x00, 0x16, 0x97, 0x00, 0x00, 0x00, 0x95, 0x18, 0x00, 0x00, 0x46, 0x64, 0x00, 0x00, 0x00, 0xDD, 0xFF, 0xFF, 0xFF, 0x28, 0xEC, 0x61, 0xEB, 0x26, 0x00, 0x4D, 0xFB, 0x47, 0x00, 0x00, 0x00, 0x00, 0x00, 0x00, 0x00, 0xFF, 0xFF, 0xFF,
  0xE0, 0x00, 0x00, 0x00, 0x66, 0x2E, 0x00, 0x00, 0x45, 0x4E, 0x00, 0x00, 0x26, 0x6C, 0x00, 0x00, 0x00, 0xD9, 0xFF, 0xFF, 0xFF, 0x00, 0x00, 0x40, 0xE1, 0xFF, 0x00, 0x00, 0xC9, 0x32, 0x00, 0x00, 0x04, 0xE3, 0x00, 0x00, 0xFF, 0xFF, 0xFF, 0xFF,
  0xFF, 0x00, 0x57, 0x91, 0x00, 0x00, 0x00, 0x83, 0x66, 0x00, 0x00, 0x01, 0xB6, 0x36, 0x00, 0x00, 0xFD, 0xBB, 0x02, 0x00, 0x00, 0x00, 0x54, 0xFF, 0x59, 0x00, 0x28, 0xEE, 0x62, 0xEF, 0x29, 0x28, 0xEC, 0x61, 0xEB, 0x26, 0x00, 0x4D, 0xFB, 0x47,
  0x00, 0x15, 0xFF, 0x39, 0xFF, 0x12, 0x00, 0x90, 0xF4, 0x8D, 0x00, 0xCB, 0x91, 0x00, 0x8F, 0xF2, 0x8E, 0x00, 0x04, 0xFD, 0x40, 0xFD, 0x04, 0x00, 0x92, 0xF5, 0x90, 0x00, 0x11, 0xD0, 0x4D, 0x22, 0xE3, 0xFA, 0x97, 0xE3, 0x39, 0x7A, 0x78, 0x3A,
  0xE3, 0x95, 0x00, 0xB4, 0xBF, 0x40, 0xFF, 0x56, 0x23, 0xFD, 0x3F, 0xC0, 0xAD, 0x00, 0x1C, 0xB3, 0xF2, 0xDF, 0x6C, 0x00, 0xB5, 0xD0, 0x16, 0x6C, 0xFF, 0x31, 0xF2, 0x7B, 0x00, 0x0A, 0xFF, 0x64, 0xEA, 0x79, 0x00, 0x12, 0xFF, 0x49, 0x9E, 0xB7,
  0x00, 0x79, 0xCF, 0x09, 0xFF, 0xFF, 0x00, 0xFF, 0xFF, 0x70, 0xFF, 0xFF, 0xFF, 0xFF, 0xFF, 0x03, 0xFF, 0x53, 0xFF, 0x58, 0x1A, 0xFF, 0x3F, 0xFF, 0x58, 0x54, 0xFC, 0x0F, 0xFA, 0x63, 0xBE, 0xAC, 0x00, 0xAD, 0xFB, 0x00, 0x00, 0x00, 0x00, 0x0A,
  0xFF, 0xFF, 0xFF, 0xFF, 0xFF, 0xFF, 0xFF, 0xFF, 0xFF, 0xFF, 0x2F, 0xB9, 0xED, 0x1F, 0xDF, 0xCB, 0x12, 0x00, 0xBB, 0xEB, 0x0A, 0x00, 0x00, 0xD8, 0xD1, 0x06, 0x0B, 0xB5, 0xF5, 0x09, 0xF1, 0xC3, 0x41, 0x00, 0x00, 0xD3, 0xC0, 0x01, 0x00, 0xCB,
  0xFF, 0x13, 0x0D, 0xB9, 0xD2, 0x00, 0xED, 0xB0, 0x22, 0x00, 0x26, 0xB7, 0xEF, 0x35, 0xC1, 0xD7, 0xC5, 0xBC, 0x0D, 0xE1, 0xA3, 0x0A, 0xA7, 0xDB, 0x00, 0xC3, 0xC0, 0x00, 0x00, 0xC0, 0xBD, 0x00, 0xDB, 0xA1, 0x08, 0xA4, 0xE1, 0x0B, 0xBC, 0xC4,
  0xD7, 0xC1, 0x35, 0xF0, 0xB6, 0x25, 0x00, 0xC0, 0xBD, 0x00, 0xDB, 0xA1, 0x08, 0xA4, 0xE0, 0x0B, 0xBC, 0xC4, 0xD7, 0xC1, 0x34, 0xF0, 0xB6, 0x24, 0x00, 0xFF, 0x58, 0x00, 0xFF, 0xFF, 0xFF, 0x58, 0x00, 0xFF, 0x58, 0x00, 0x00, 0xFF, 0x58, 0x00,
  0x00, 0xFF, 0x58, 0x00, 0x00, 0xFF, 0x58, 0x00, 0x00, 0xFF, 0x58, 0x00, 0xFF, 0xFF, 0xFF, 0x58, 0x00, 0xFF, 0x58, 0x00, 0x00, 0xFF, 0x58, 0x00, 0x00, 0xFF, 0x58, 0x00, 0xFF, 0xFF, 0xFF, 0x58, 0x00, 0xFF, 0x58, 0x00, 0x86, 0xF2, 0x84, 0xF4,
  0xFF, 0xF2, 0x88, 0xF4, 0x86, 0xCE, 0x7B, 0xCE, 0x7B, 0xCE, 0x7B, 0xA9, 0xF8, 0xCF, 0x0C, 0x00, 0x00, 0x00, 0xB7, 0xF9, 0xC5, 0x09, 0x00, 0x00, 0x00, 0x17, 0x45, 0x74, 0xA2, 0xD1, 0x7A, 0x00, 0xE9, 0xBA, 0x8C, 0x5D, 0x2F, 0x05, 0x00, 0x88,
  0xF5, 0xB6, 0x8B, 0xF5, 0xB6, 0x03, 0xF5, 0x5F, 0xFF, 0xFF, 0x5F, 0xFF, 0x1B, 0x97, 0xF6, 0xA8, 0x98, 0xF6, 0xA8, 0x01, 0x00, 0x7C, 0xA5, 0x2D, 0xF9, 0x51, 0x2D, 0xF9, 0x51, 0x00, 0x7C, 0xA6, 0xA6, 0x7A, 0x00, 0x52, 0xF9, 0x2D, 0x51, 0xF9,
  0x2C, 0xA6, 0x7B, 0x00, 0x00, 0x00, 0x00, 0x00, 0x5B, 0x74, 0x00, 0x00, 0x00, 0x20, 0xAD, 0x01, 0x00, 0x00, 0x03, 0xB1, 0x1A, 0x00, 0x00, 0x00, 0x80, 0x50, 0x00, 0x00, 0x00, 0x3A, 0x94, 0x00, 0x00, 0x00, 0x0E, 0xB6, 0x0A, 0x00, 0x00, 0x00,
  0x9E, 0x31, 0x00, 0x00, 0x00, 0x00, 0x00, 0x16, 0xB8, 0xF8, 0xFF, 0x00, 0xAB, 0xD8, 0x15, 0x00, 0xFF, 0xFF, 0xFF, 0xFF, 0x00, 0x00, 0xFE, 0x70, 0x00, 0x00, 0xFF, 0xFF, 0xFF, 0xFF, 0x00, 0x00, 0x72, 0xE4, 0xFD, 0xFF, 0x28, 0xFF, 0xFF, 0xFF,
  0xB7, 0x3B, 0xFA, 0x1B, 0x00, 0x28, 0xFF, 0x00, 0xD4, 0xB5, 0xDA, 0x43, 0x00, 0x28, 0xFF, 0x00, 0xF1, 0xD3, 0xB2, 0x6B, 0x00, 0xF7, 0xD0, 0x34, 0x00, 0x00, 0x09, 0xA8, 0xE3, 0x05, 0x00, 0x00, 0x2E, 0xFF, 0x42, 0x5B, 0xEA, 0xE1, 0xFF, 0x63,
  0xE9, 0x83, 0x0A, 0xFB, 0x5E, 0xE7, 0x82, 0x37, 0xFE, 0x2A, 0x55, 0xE5, 0xEB, 0x79, 0x00, 0x00, 0x31, 0xFA, 0x5B, 0x00, 0x00, 0x00, 0x7A, 0x78, 0xD0, 0x01, 0x00, 0x00, 0xC2, 0x13, 0xAD, 0x4C, 0x00, 0x10, 0xCE, 0x00, 0x35, 0xC3, 0x00, 0x57,
  0x93, 0x00, 0x00, 0xBC, 0x3C, 0x7F, 0xFF, 0xFF, 0xFF, 0xFF, 0x7F, 0xFF, 0xFF, 0xFF, 0xFF, 0xFF, 0x00, 0xFF, 0xB0, 0xFF, 0x00, 0x00, 0xFF, 0xB0, 0xFF, 0x00, 0x00, 0xFF, 0xB0, 0xFF, 0x00, 0x00, 0xFF, 0xB0, 0xFF, 0x00, 0x00, 0xFF, 0xB0, 0xFF,
  0x00, 0x00, 0xFF, 0xB0, 0xFF, 0x00, 0x00, 0xFF, 0xB0, 0xFF, 0x00, 0xFF, 0xFF, 0xFF, 0xFF, 0x9D, 0xCD, 0x05, 0x00, 0x0F, 0xE2, 0x81, 0x00, 0x00, 0x47, 0xFB, 0x31, 0x00, 0x5E, 0xF0, 0x19, 0x11, 0xE9, 0x6A, 0x00, 0x99, 0xC9, 0x02, 0x00, 0xFE,
  0xFF, 0xFF, 0xFF, 0x00, 0x00, 0x00, 0x20, 0xC9, 0x00, 0x00, 0x00, 0x61, 0x84, 0x00, 0x00, 0x00, 0xA1, 0x40, 0x98, 0x3F, 0x00, 0xD6, 0x06, 0x4A, 0xBD, 0x21, 0xB7, 0x00, 0x00, 0xC5, 0x97, 0x72, 0x00, 0x00, 0x42, 0xFE, 0x2E, 0x00, 0x9F, 0xE1,
  0x4A, 0xDC, 0xAB, 0xF7, 0x78, 0xF7, 0x7B, 0xF7, 0xAB, 0xDD, 0x4B, 0xE3, 0xA6, 0x00, 0x00, 0x62, 0xE4, 0xFA, 0x50, 0x00, 0x00, 0xF0, 0x85, 0x04, 0x00, 0x00, 0x00, 0xFF, 0x58, 0x00, 0x00, 0x00, 0x00, 0xFF, 0x58, 0x00, 0x00, 0x00, 0x00, 0xFF,
  0x58, 0x00, 0x00, 0x00, 0x00, 0xFF, 0x58, 0x00, 0x00, 0x00, 0x00, 0xFF, 0x58, 0x00, 0x00, 0x00, 0x2F, 0xFF, 0x48, 0x00, 0x00, 0xF3, 0xF3, 0xA6, 0x05, 0x00, 0x00, 0x9A, 0xD5, 0x32, 0x6C, 0x6D, 0x33, 0xD7, 0x9C, 0x00, 0x00, 0x00, 0x00, 0x9D,
  0xD5, 0x32, 0x6D, 0x6B, 0x33, 0xD7, 0x9C, 0x00, 0x00, 0xC7, 0x00, 0xFF, 0xFF, 0xFF, 0xFF, 0x00, 0x64, 0x63, 0x00, 0xFF, 0xFF, 0xFF, 0xFF, 0x00, 0xC8, 0x00, 0x00, 0x00, 0x00, 0x4B, 0xAA, 0x08, 0x93, 0xCB, 0x1D, 0x8B, 0xEC, 0x27, 0x00, 0x00,
  0x27, 0x8E, 0x77, 0x00, 0x00, 0x00, 0x00, 0xFF, 0xFF, 0xFF, 0xFF, 0xAB, 0x4B, 0x00, 0x00, 0x1D, 0xCB, 0x93, 0x08, 0x00, 0x27, 0xEC, 0x8A, 0x77, 0x8E, 0x26, 0x00, 0x00, 0x00, 0x00, 0x00, 0xFF, 0xFF, 0xFF, 0xFF, 0x00, 0x2D, 0xF1, 0x93, 0x00,
  0x00, 0x0C, 0xD8, 0x56, 0xDE, 0x54, 0x00, 0xA5, 0xBC, 0x00, 0x53, 0xF1, 0x23, 0x9A, 0xCC, 0x01, 0x40, 0xF5, 0x2B, 0x08, 0xD0, 0x64, 0xD0, 0x60, 0x00, 0x00, 0x26, 0xED, 0xA0, 0x00, 0x00, 0x00, 0x52, 0xD4, 0xF8, 0xFF, 0x58, 0x00, 0xED, 0x82,
  0x07, 0x00, 0x00, 0xCC, 0xFF, 0xFF, 0xFF, 0xFF, 0x58, 0x00, 0xFF, 0x58, 0x00, 0xFF, 0x58, 0x00, 0xFF, 0x58, 0x00, 0xFF, 0x58, 0x00, 0xFF, 0x58, 0x00, 0xFF, 0x58, 0x00, 0xFF, 0x58, 0x00, 0xFF, 0x58, 0x00, 0x55, 0xD8, 0xF9, 0xF3, 0x4D, 0x00,
  0xEE, 0x79, 0x04, 0xFF, 0x58, 0xCC, 0xFF, 0xFF, 0x00, 0xFF, 0x58, 0x00, 0xFF, 0x58, 0x00, 0xFF, 0x58, 0x00, 0xFF, 0x58, 0x00, 0xFF, 0x58, 0x00, 0xFF, 0x58, 0x00, 0xFF, 0x58, 0x00, 0xFF, 0x58, 0x00, 0xFF, 0x58, 0x00, 0x08, 0x43, 0x6F, 0x6E,
  0x73, 0x6F, 0x6C, 0x61, 0x73, 0x00, 0x08, 0x43, 0x6F, 0x6E, 0x73, 0x6F, 0x6C, 0x61, 0x73, 0x01, 0x00
};

/*************************** End of file ****************************/
