/*
  C-file generated by Bin2C
  Compiled:    Jun 11 2019 at 16:50:55

  Copyright (C) 2018
  Segger Microcontroller GmbH
  www.segger.com

  The Embedded Experts
*/

static const unsigned char _acConsolas12[20487UL + 1] = {
  0x00, 0x00, 0x01, 0x17, 0x00, 0x00, 0x00, 0x0B, 0x00, 0x00, 0x00, 0x0C, 0x00, 0x00, 0x00, 0x00, 0x00, 0x00, 0x00, 0x08, 0x00, 0x00, 0x00, 0x02, 0x00, 0x00, 0x00, 0x21, 0x00, 0x00, 0x00, 0x08, 0x00, 0x00, 0x00, 0x02, 0x00, 0x00, 0x00, 0x07,
  0x00, 0x00, 0x00, 0x08, 0x00, 0x00, 0x00, 0x03, 0x00, 0x00, 0x00, 0x00, 0x00, 0x00, 0x00, 0x22, 0x00, 0x00, 0x00, 0x03, 0x00, 0x00, 0x00, 0x05, 0x00, 0x00, 0x00, 0x07, 0x00, 0x00, 0x00, 0x08, 0x00, 0x00, 0x00, 0x01, 0x00, 0x00, 0x00, 0x00,
  0x00, 0x00, 0x00, 0x23, 0x00, 0x00, 0x00, 0x08, 0x00, 0x00, 0x00, 0x06, 0x00, 0x00, 0x00, 0x07, 0x00, 0x00, 0x00, 0x08, 0x00, 0x00, 0x00, 0x00, 0x00, 0x00, 0x00, 0x00, 0x00, 0x00, 0x00, 0x24, 0x00, 0x00, 0x00, 0x0A, 0x00, 0x00, 0x00, 0x06,
  0x00, 0x00, 0x00, 0x07, 0x00, 0x00, 0x00, 0x09, 0x00, 0x00, 0x00, 0x01, 0x00, 0x00, 0x00, 0x00, 0x00, 0x00, 0x00, 0x25, 0x00, 0x00, 0x00, 0x08, 0x00, 0x00, 0x00, 0x07, 0x00, 0x00, 0x00, 0x07, 0x00, 0x00, 0x00, 0x08, 0x00, 0x00, 0x00, 0x00,
  0x00, 0x00, 0x00, 0x00, 0x00, 0x00, 0x00, 0x26, 0x00, 0x00, 0x00, 0x08, 0x00, 0x00, 0x00, 0x08, 0x00, 0x00, 0x00, 0x07, 0x00, 0x00, 0x00, 0x08, 0x00, 0x00, 0x00, 0x00, 0x00, 0x00, 0x00, 0x00, 0x00, 0x00, 0x00, 0x27, 0x00, 0x00, 0x00, 0x03,
  0x00, 0x00, 0x00, 0x02, 0x00, 0x00, 0x00, 0x07, 0x00, 0x00, 0x00, 0x08, 0x00, 0x00, 0x00, 0x03, 0x00, 0x00, 0x00, 0x00, 0x00, 0x00, 0x00, 0x28, 0x00, 0x00, 0x00, 0x0B, 0x00, 0x00, 0x00, 0x04, 0x00, 0x00, 0x00, 0x07, 0x00, 0x00, 0x00, 0x09,
  0x00, 0x00, 0x00, 0x01, 0x00, 0x00, 0x00, 0x00, 0x00, 0x00, 0x00, 0x29, 0x00, 0x00, 0x00, 0x0B, 0x00, 0x00, 0x00, 0x04, 0x00, 0x00, 0x00, 0x07, 0x00, 0x00, 0x00, 0x09, 0x00, 0x00, 0x00, 0x02, 0x00, 0x00, 0x00, 0x00, 0x00, 0x00, 0x00, 0x2A,
  0x00, 0x00, 0x00, 0x05, 0x00, 0x00, 0x00, 0x06, 0x00, 0x00, 0x00, 0x07, 0x00, 0x00, 0x00, 0x08, 0x00, 0x00, 0x00, 0x01, 0x00, 0x00, 0x00, 0x00, 0x00, 0x00, 0x00, 0x2B, 0x00, 0x00, 0x00, 0x05, 0x00, 0x00, 0x00, 0x06, 0x00, 0x00, 0x00, 0x07,
  0x00, 0x00, 0x00, 0x06, 0x00, 0x00, 0x00, 0x01, 0x00, 0x00, 0x00, 0x00, 0x00, 0x00, 0x00, 0x2C, 0x00, 0x00, 0x00, 0x04, 0x00, 0x00, 0x00, 0x04, 0x00, 0x00, 0x00, 0x07, 0x00, 0x00, 0x00, 0x02, 0x00, 0x00, 0x00, 0x01, 0x00, 0x00, 0x00, 0x00,
  0x00, 0x00, 0x00, 0x2D, 0x00, 0x00, 0x00, 0x01, 0x00, 0x00, 0x00, 0x04, 0x00, 0x00, 0x00, 0x07, 0x00, 0x00, 0x00, 0x04, 0x00, 0x00, 0x00, 0x02, 0x00, 0x00, 0x00, 0x00, 0x00, 0x00, 0x00, 0x2E, 0x00, 0x00, 0x00, 0x02, 0x00, 0x00, 0x00, 0x03,
  0x00, 0x00, 0x00, 0x07, 0x00, 0x00, 0x00, 0x02, 0x00, 0x00, 0x00, 0x02, 0x00, 0x00, 0x00, 0x00, 0x00, 0x00, 0x00, 0x2F, 0x00, 0x00, 0x00, 0x09, 0x00, 0x00, 0x00, 0x05, 0x00, 0x00, 0x00, 0x07, 0x00, 0x00, 0x00, 0x08, 0x00, 0x00, 0x00, 0x01,
  0x00, 0x00, 0x00, 0x00, 0x00, 0x00, 0x00, 0x30, 0x00, 0x00, 0x00, 0x08, 0x00, 0x00, 0x00, 0x07, 0x00, 0x00, 0x00, 0x07, 0x00, 0x00, 0x00, 0x08, 0x00, 0x00, 0x00, 0x01, 0x00, 0x00, 0x00, 0x00, 0x00, 0x00, 0x00, 0x31, 0x00, 0x00, 0x00, 0x08,
  0x00, 0x00, 0x00, 0x05, 0x00, 0x00, 0x00, 0x07, 0x00, 0x00, 0x00, 0x08, 0x00, 0x00, 0x00, 0x01, 0x00, 0x00, 0x00, 0x00, 0x00, 0x00, 0x00, 0x32, 0x00, 0x00, 0x00, 0x08, 0x00, 0x00, 0x00, 0x05, 0x00, 0x00, 0x00, 0x07, 0x00, 0x00, 0x00, 0x08,
  0x00, 0x00, 0x00, 0x01, 0x00, 0x00, 0x00, 0x00, 0x00, 0x00, 0x00, 0x33, 0x00, 0x00, 0x00, 0x08, 0x00, 0x00, 0x00, 0x06, 0x00, 0x00, 0x00, 0x07, 0x00, 0x00, 0x00, 0x08, 0x00, 0x00, 0x00, 0x01, 0x00, 0x00, 0x00, 0x00, 0x00, 0x00, 0x00, 0x34,
  0x00, 0x00, 0x00, 0x08, 0x00, 0x00, 0x00, 0x06, 0x00, 0x00, 0x00, 0x07, 0x00, 0x00, 0x00, 0x08, 0x00, 0x00, 0x00, 0x00, 0x00, 0x00, 0x00, 0x00, 0x00, 0x00, 0x00, 0x35, 0x00, 0x00, 0x00, 0x08, 0x00, 0x00, 0x00, 0x06, 0x00, 0x00, 0x00, 0x07,
  0x00, 0x00, 0x00, 0x08, 0x00, 0x00, 0x00, 0x01, 0x00, 0x00, 0x00, 0x00, 0x00, 0x00, 0x00, 0x36, 0x00, 0x00, 0x00, 0x08, 0x00, 0x00, 0x00, 0x06, 0x00, 0x00, 0x00, 0x07, 0x00, 0x00, 0x00, 0x08, 0x00, 0x00, 0x00, 0x01, 0x00, 0x00, 0x00, 0x00,
  0x00, 0x00, 0x00, 0x37, 0x00, 0x00, 0x00, 0x08, 0x00, 0x00, 0x00, 0x05, 0x00, 0x00, 0x00, 0x07, 0x00, 0x00, 0x00, 0x08, 0x00, 0x00, 0x00, 0x01, 0x00, 0x00, 0x00, 0x00, 0x00, 0x00, 0x00, 0x38, 0x00, 0x00, 0x00, 0x08, 0x00, 0x00, 0x00, 0x06,
  0x00, 0x00, 0x00, 0x07, 0x00, 0x00, 0x00, 0x08, 0x00, 0x00, 0x00, 0x01, 0x00, 0x00, 0x00, 0x00, 0x00, 0x00, 0x00, 0x39, 0x00, 0x00, 0x00, 0x08, 0x00, 0x00, 0x00, 0x06, 0x00, 0x00, 0x00, 0x07, 0x00, 0x00, 0x00, 0x08, 0x00, 0x00, 0x00, 0x01,
  0x00, 0x00, 0x00, 0x00, 0x00, 0x00, 0x00, 0x3A, 0x00, 0x00, 0x00, 0x06, 0x00, 0x00, 0x00, 0x03, 0x00, 0x00, 0x00, 0x07, 0x00, 0x00, 0x00, 0x06, 0x00, 0x00, 0x00, 0x02, 0x00, 0x00, 0x00, 0x00, 0x00, 0x00, 0x00, 0x3B, 0x00, 0x00, 0x00, 0x08,
  0x00, 0x00, 0x00, 0x04, 0x00, 0x00, 0x00, 0x07, 0x00, 0x00, 0x00, 0x06, 0x00, 0x00, 0x00, 0x01, 0x00, 0x00, 0x00, 0x00, 0x00, 0x00, 0x00, 0x3C, 0x00, 0x00, 0x00, 0x07, 0x00, 0x00, 0x00, 0x05, 0x00, 0x00, 0x00, 0x07, 0x00, 0x00, 0x00, 0x07,
  0x00, 0x00, 0x00, 0x01, 0x00, 0x00, 0x00, 0x00, 0x00, 0x00, 0x00, 0x3D, 0x00, 0x00, 0x00, 0x03, 0x00, 0x00, 0x00, 0x05, 0x00, 0x00, 0x00, 0x07, 0x00, 0x00, 0x00, 0x05, 0x00, 0x00, 0x00, 0x01, 0x00, 0x00, 0x00, 0x00, 0x00, 0x00, 0x00, 0x3E,
  0x00, 0x00, 0x00, 0x07, 0x00, 0x00, 0x00, 0x05, 0x00, 0x00, 0x00, 0x07, 0x00, 0x00, 0x00, 0x07, 0x00, 0x00, 0x00, 0x01, 0x00, 0x00, 0x00, 0x00, 0x00, 0x00, 0x00, 0x3F, 0x00, 0x00, 0x00, 0x08, 0x00, 0x00, 0x00, 0x05, 0x00, 0x00, 0x00, 0x07,
  0x00, 0x00, 0x00, 0x08, 0x00, 0x00, 0x00, 0x02, 0x00, 0x00, 0x00, 0x00, 0x00, 0x00, 0x00, 0x40, 0x00, 0x00, 0x00, 0x0A, 0x00, 0x00, 0x00, 0x08, 0x00, 0x00, 0x00, 0x07, 0x00, 0x00, 0x00, 0x08, 0x00, 0x00, 0x00, 0x00, 0x00, 0x00, 0x00, 0x00,
  0x00, 0x00, 0x00, 0x41, 0x00, 0x00, 0x00, 0x08, 0x00, 0x00, 0x00, 0x07, 0x00, 0x00, 0x00, 0x07, 0x00, 0x00, 0x00, 0x08, 0x00, 0x00, 0x00, 0x00, 0x00, 0x00, 0x00, 0x00, 0x00, 0x00, 0x00, 0x42, 0x00, 0x00, 0x00, 0x08, 0x00, 0x00, 0x00, 0x06,
  0x00, 0x00, 0x00, 0x07, 0x00, 0x00, 0x00, 0x08, 0x00, 0x00, 0x00, 0x01, 0x00, 0x00, 0x00, 0x00, 0x00, 0x00, 0x00, 0x43, 0x00, 0x00, 0x00, 0x08, 0x00, 0x00, 0x00, 0x05, 0x00, 0x00, 0x00, 0x07, 0x00, 0x00, 0x00, 0x08, 0x00, 0x00, 0x00, 0x01,
  0x00, 0x00, 0x00, 0x00, 0x00, 0x00, 0x00, 0x44, 0x00, 0x00, 0x00, 0x08, 0x00, 0x00, 0x00, 0x06, 0x00, 0x00, 0x00, 0x07, 0x00, 0x00, 0x00, 0x08, 0x00, 0x00, 0x00, 0x01, 0x00, 0x00, 0x00, 0x00, 0x00, 0x00, 0x00, 0x45, 0x00, 0x00, 0x00, 0x08,
  0x00, 0x00, 0x00, 0x04, 0x00, 0x00, 0x00, 0x07, 0x00, 0x00, 0x00, 0x08, 0x00, 0x00, 0x00, 0x01, 0x00, 0x00, 0x00, 0x00, 0x00, 0x00, 0x00, 0x46, 0x00, 0x00, 0x00, 0x08, 0x00, 0x00, 0x00, 0x04, 0x00, 0x00, 0x00, 0x07, 0x00, 0x00, 0x00, 0x08,
  0x00, 0x00, 0x00, 0x01, 0x00, 0x00, 0x00, 0x00, 0x00, 0x00, 0x00, 0x47, 0x00, 0x00, 0x00, 0x08, 0x00, 0x00, 0x00, 0x07, 0x00, 0x00, 0x00, 0x07, 0x00, 0x00, 0x00, 0x08, 0x00, 0x00, 0x00, 0x00, 0x00, 0x00, 0x00, 0x00, 0x00, 0x00, 0x00, 0x48,
  0x00, 0x00, 0x00, 0x08, 0x00, 0x00, 0x00, 0x05, 0x00, 0x00, 0x00, 0x07, 0x00, 0x00, 0x00, 0x08, 0x00, 0x00, 0x00, 0x01, 0x00, 0x00, 0x00, 0x00, 0x00, 0x00, 0x00, 0x49, 0x00, 0x00, 0x00, 0x08, 0x00, 0x00, 0x00, 0x06, 0x00, 0x00, 0x00, 0x07,
  0x00, 0x00, 0x00, 0x08, 0x00, 0x00, 0x00, 0x01, 0x00, 0x00, 0x00, 0x00, 0x00, 0x00, 0x00, 0x4A, 0x00, 0x00, 0x00, 0x08, 0x00, 0x00, 0x00, 0x05, 0x00, 0x00, 0x00, 0x07, 0x00, 0x00, 0x00, 0x08, 0x00, 0x00, 0x00, 0x01, 0x00, 0x00, 0x00, 0x00,
  0x00, 0x00, 0x00, 0x4B, 0x00, 0x00, 0x00, 0x08, 0x00, 0x00, 0x00, 0x06, 0x00, 0x00, 0x00, 0x07, 0x00, 0x00, 0x00, 0x08, 0x00, 0x00, 0x00, 0x01, 0x00, 0x00, 0x00, 0x00, 0x00, 0x00, 0x00, 0x4C, 0x00, 0x00, 0x00, 0x08, 0x00, 0x00, 0x00, 0x04,
  0x00, 0x00, 0x00, 0x07, 0x00, 0x00, 0x00, 0x08, 0x00, 0x00, 0x00, 0x01, 0x00, 0x00, 0x00, 0x00, 0x00, 0x00, 0x00, 0x4D, 0x00, 0x00, 0x00, 0x08, 0x00, 0x00, 0x00, 0x07, 0x00, 0x00, 0x00, 0x07, 0x00, 0x00, 0x00, 0x08, 0x00, 0x00, 0x00, 0x00,
  0x00, 0x00, 0x00, 0x00, 0x00, 0x00, 0x00, 0x4E, 0x00, 0x00, 0x00, 0x08, 0x00, 0x00, 0x00, 0x05, 0x00, 0x00, 0x00, 0x07, 0x00, 0x00, 0x00, 0x08, 0x00, 0x00, 0x00, 0x01, 0x00, 0x00, 0x00, 0x00, 0x00, 0x00, 0x00, 0x4F, 0x00, 0x00, 0x00, 0x08,
  0x00, 0x00, 0x00, 0x06, 0x00, 0x00, 0x00, 0x07, 0x00, 0x00, 0x00, 0x08, 0x00, 0x00, 0x00, 0x00, 0x00, 0x00, 0x00, 0x00, 0x00, 0x00, 0x00, 0x50, 0x00, 0x00, 0x00, 0x08, 0x00, 0x00, 0x00, 0x06, 0x00, 0x00, 0x00, 0x07, 0x00, 0x00, 0x00, 0x08,
  0x00, 0x00, 0x00, 0x01, 0x00, 0x00, 0x00, 0x00, 0x00, 0x00, 0x00, 0x51, 0x00, 0x00, 0x00, 0x0A, 0x00, 0x00, 0x00, 0x07, 0x00, 0x00, 0x00, 0x07, 0x00, 0x00, 0x00, 0x08, 0x00, 0x00, 0x00, 0x00, 0x00, 0x00, 0x00, 0x00, 0x00, 0x00, 0x00, 0x52,
  0x00, 0x00, 0x00, 0x08, 0x00, 0x00, 0x00, 0x07, 0x00, 0x00, 0x00, 0x07, 0x00, 0x00, 0x00, 0x08, 0x00, 0x00, 0x00, 0x01, 0x00, 0x00, 0x00, 0x00, 0x00, 0x00, 0x00, 0x53, 0x00, 0x00, 0x00, 0x08, 0x00, 0x00, 0x00, 0x06, 0x00, 0x00, 0x00, 0x07,
  0x00, 0x00, 0x00, 0x08, 0x00, 0x00, 0x00, 0x01, 0x00, 0x00, 0x00, 0x00, 0x00, 0x00, 0x00, 0x54, 0x00, 0x00, 0x00, 0x08, 0x00, 0x00, 0x00, 0x06, 0x00, 0x00, 0x00, 0x07, 0x00, 0x00, 0x00, 0x08, 0x00, 0x00, 0x00, 0x01, 0x00, 0x00, 0x00, 0x00,
  0x00, 0x00, 0x00, 0x55, 0x00, 0x00, 0x00, 0x08, 0x00, 0x00, 0x00, 0x06, 0x00, 0x00, 0x00, 0x07, 0x00, 0x00, 0x00, 0x08, 0x00, 0x00, 0x00, 0x01, 0x00, 0x00, 0x00, 0x00, 0x00, 0x00, 0x00, 0x56, 0x00, 0x00, 0x00, 0x08, 0x00, 0x00, 0x00, 0x07,
  0x00, 0x00, 0x00, 0x07, 0x00, 0x00, 0x00, 0x08, 0x00, 0x00, 0x00, 0x00, 0x00, 0x00, 0x00, 0x00, 0x00, 0x00, 0x00, 0x57, 0x00, 0x00, 0x00, 0x08, 0x00, 0x00, 0x00, 0x07, 0x00, 0x00, 0x00, 0x07, 0x00, 0x00, 0x00, 0x08, 0x00, 0x00, 0x00, 0x00,
  0x00, 0x00, 0x00, 0x00, 0x00, 0x00, 0x00, 0x58, 0x00, 0x00, 0x00, 0x08, 0x00, 0x00, 0x00, 0x07, 0x00, 0x00, 0x00, 0x07, 0x00, 0x00, 0x00, 0x08, 0x00, 0x00, 0x00, 0x00, 0x00, 0x00, 0x00, 0x00, 0x00, 0x00, 0x00, 0x59, 0x00, 0x00, 0x00, 0x08,
  0x00, 0x00, 0x00, 0x08, 0x00, 0x00, 0x00, 0x07, 0x00, 0x00, 0x00, 0x08, 0x00, 0x00, 0x00, 0x00, 0x00, 0x00, 0x00, 0x00, 0x00, 0x00, 0x00, 0x5A, 0x00, 0x00, 0x00, 0x08, 0x00, 0x00, 0x00, 0x05, 0x00, 0x00, 0x00, 0x07, 0x00, 0x00, 0x00, 0x08,
  0x00, 0x00, 0x00, 0x01, 0x00, 0x00, 0x00, 0x00, 0x00, 0x00, 0x00, 0x5B, 0x00, 0x00, 0x00, 0x0A, 0x00, 0x00, 0x00, 0x04, 0x00, 0x00, 0x00, 0x07, 0x00, 0x00, 0x00, 0x08, 0x00, 0x00, 0x00, 0x01, 0x00, 0x00, 0x00, 0x00, 0x00, 0x00, 0x00, 0x5C,
  0x00, 0x00, 0x00, 0x09, 0x00, 0x00, 0x00, 0x05, 0x00, 0x00, 0x00, 0x07, 0x00, 0x00, 0x00, 0x08, 0x00, 0x00, 0x00, 0x01, 0x00, 0x00, 0x00, 0x00, 0x00, 0x00, 0x00, 0x5D, 0x00, 0x00, 0x00, 0x0A, 0x00, 0x00, 0x00, 0x04, 0x00, 0x00, 0x00, 0x07,
  0x00, 0x00, 0x00, 0x08, 0x00, 0x00, 0x00, 0x02, 0x00, 0x00, 0x00, 0x00, 0x00, 0x00, 0x00, 0x5E, 0x00, 0x00, 0x00, 0x04, 0x00, 0x00, 0x00, 0x07, 0x00, 0x00, 0x00, 0x07, 0x00, 0x00, 0x00, 0x08, 0x00, 0x00, 0x00, 0x00, 0x00, 0x00, 0x00, 0x00,
  0x00, 0x00, 0x00, 0x5F, 0x00, 0x00, 0x00, 0x01, 0x00, 0x00, 0x00, 0x07, 0x00, 0x00, 0x00, 0x07, 0xFF, 0xFF, 0xFF, 0xFF, 0x00, 0x00, 0x00, 0x00, 0x00, 0x00, 0x00, 0x00, 0x00, 0x00, 0x00, 0x60, 0x00, 0x00, 0x00, 0x02, 0x00, 0x00, 0x00, 0x04,
  0x00, 0x00, 0x00, 0x07, 0x00, 0x00, 0x00, 0x09, 0x00, 0x00, 0x00, 0x01, 0x00, 0x00, 0x00, 0x00, 0x00, 0x00, 0x00, 0x61, 0x00, 0x00, 0x00, 0x06, 0x00, 0x00, 0x00, 0x06, 0x00, 0x00, 0x00, 0x07, 0x00, 0x00, 0x00, 0x06, 0x00, 0x00, 0x00, 0x01,
  0x00, 0x00, 0x00, 0x00, 0x00, 0x00, 0x00, 0x62, 0x00, 0x00, 0x00, 0x08, 0x00, 0x00, 0x00, 0x06, 0x00, 0x00, 0x00, 0x07, 0x00, 0x00, 0x00, 0x08, 0x00, 0x00, 0x00, 0x01, 0x00, 0x00, 0x00, 0x00, 0x00, 0x00, 0x00, 0x63, 0x00, 0x00, 0x00, 0x06,
  0x00, 0x00, 0x00, 0x05, 0x00, 0x00, 0x00, 0x07, 0x00, 0x00, 0x00, 0x06, 0x00, 0x00, 0x00, 0x01, 0x00, 0x00, 0x00, 0x00, 0x00, 0x00, 0x00, 0x64, 0x00, 0x00, 0x00, 0x08, 0x00, 0x00, 0x00, 0x06, 0x00, 0x00, 0x00, 0x07, 0x00, 0x00, 0x00, 0x08,
  0x00, 0x00, 0x00, 0x01, 0x00, 0x00, 0x00, 0x00, 0x00, 0x00, 0x00, 0x65, 0x00, 0x00, 0x00, 0x06, 0x00, 0x00, 0x00, 0x06, 0x00, 0x00, 0x00, 0x07, 0x00, 0x00, 0x00, 0x06, 0x00, 0x00, 0x00, 0x01, 0x00, 0x00, 0x00, 0x00, 0x00, 0x00, 0x00, 0x66,
  0x00, 0x00, 0x00, 0x08, 0x00, 0x00, 0x00, 0x07, 0x00, 0x00, 0x00, 0x07, 0x00, 0x00, 0x00, 0x08, 0x00, 0x00, 0x00, 0x00, 0x00, 0x00, 0x00, 0x00, 0x00, 0x00, 0x00, 0x67, 0x00, 0x00, 0x00, 0x08, 0x00, 0x00, 0x00, 0x07, 0x00, 0x00, 0x00, 0x07,
  0x00, 0x00, 0x00, 0x06, 0x00, 0x00, 0x00, 0x01, 0x00, 0x00, 0x00, 0x00, 0x00, 0x00, 0x00, 0x68, 0x00, 0x00, 0x00, 0x08, 0x00, 0x00, 0x00, 0x06, 0x00, 0x00, 0x00, 0x07, 0x00, 0x00, 0x00, 0x08, 0x00, 0x00, 0x00, 0x01, 0x00, 0x00, 0x00, 0x00,
  0x00, 0x00, 0x00, 0x69, 0x00, 0x00, 0x00, 0x09, 0x00, 0x00, 0x00, 0x05, 0x00, 0x00, 0x00, 0x07, 0x00, 0x00, 0x00, 0x09, 0x00, 0x00, 0x00, 0x01, 0x00, 0x00, 0x00, 0x00, 0x00, 0x00, 0x00, 0x6A, 0x00, 0x00, 0x00, 0x0B, 0x00, 0x00, 0x00, 0x04,
  0x00, 0x00, 0x00, 0x07, 0x00, 0x00, 0x00, 0x09, 0x00, 0x00, 0x00, 0x01, 0x00, 0x00, 0x00, 0x00, 0x00, 0x00, 0x00, 0x6B, 0x00, 0x00, 0x00, 0x08, 0x00, 0x00, 0x00, 0x06, 0x00, 0x00, 0x00, 0x07, 0x00, 0x00, 0x00, 0x08, 0x00, 0x00, 0x00, 0x01,
  0x00, 0x00, 0x00, 0x00, 0x00, 0x00, 0x00, 0x6C, 0x00, 0x00, 0x00, 0x08, 0x00, 0x00, 0x00, 0x05, 0x00, 0x00, 0x00, 0x07, 0x00, 0x00, 0x00, 0x08, 0x00, 0x00, 0x00, 0x01, 0x00, 0x00, 0x00, 0x00, 0x00, 0x00, 0x00, 0x6D, 0x00, 0x00, 0x00, 0x06,
  0x00, 0x00, 0x00, 0x06, 0x00, 0x00, 0x00, 0x07, 0x00, 0x00, 0x00, 0x06, 0x00, 0x00, 0x00, 0x01, 0x00, 0x00, 0x00, 0x00, 0x00, 0x00, 0x00, 0x6E, 0x00, 0x00, 0x00, 0x06, 0x00, 0x00, 0x00, 0x06, 0x00, 0x00, 0x00, 0x07, 0x00, 0x00, 0x00, 0x06,
  0x00, 0x00, 0x00, 0x01, 0x00, 0x00, 0x00, 0x00, 0x00, 0x00, 0x00, 0x6F, 0x00, 0x00, 0x00, 0x06, 0x00, 0x00, 0x00, 0x06, 0x00, 0x00, 0x00, 0x07, 0x00, 0x00, 0x00, 0x06, 0x00, 0x00, 0x00, 0x01, 0x00, 0x00, 0x00, 0x00, 0x00, 0x00, 0x00, 0x70,
  0x00, 0x00, 0x00, 0x08, 0x00, 0x00, 0x00, 0x06, 0x00, 0x00, 0x00, 0x07, 0x00, 0x00, 0x00, 0x06, 0x00, 0x00, 0x00, 0x01, 0x00, 0x00, 0x00, 0x00, 0x00, 0x00, 0x00, 0x71, 0x00, 0x00, 0x00, 0x08, 0x00, 0x00, 0x00, 0x06, 0x00, 0x00, 0x00, 0x07,
  0x00, 0x00, 0x00, 0x06, 0x00, 0x00, 0x00, 0x01, 0x00, 0x00, 0x00, 0x00, 0x00, 0x00, 0x00, 0x72, 0x00, 0x00, 0x00, 0x06, 0x00, 0x00, 0x00, 0x06, 0x00, 0x00, 0x00, 0x07, 0x00, 0x00, 0x00, 0x06, 0x00, 0x00, 0x00, 0x01, 0x00, 0x00, 0x00, 0x00,
  0x00, 0x00, 0x00, 0x73, 0x00, 0x00, 0x00, 0x06, 0x00, 0x00, 0x00, 0x05, 0x00, 0x00, 0x00, 0x07, 0x00, 0x00, 0x00, 0x06, 0x00, 0x00, 0x00, 0x01, 0x00, 0x00, 0x00, 0x00, 0x00, 0x00, 0x00, 0x74, 0x00, 0x00, 0x00, 0x08, 0x00, 0x00, 0x00, 0x05,
  0x00, 0x00, 0x00, 0x07, 0x00, 0x00, 0x00, 0x08, 0x00, 0x00, 0x00, 0x00, 0x00, 0x00, 0x00, 0x00, 0x00, 0x00, 0x00, 0x75, 0x00, 0x00, 0x00, 0x06, 0x00, 0x00, 0x00, 0x06, 0x00, 0x00, 0x00, 0x07, 0x00, 0x00, 0x00, 0x06, 0x00, 0x00, 0x00, 0x01,
  0x00, 0x00, 0x00, 0x00, 0x00, 0x00, 0x00, 0x76, 0x00, 0x00, 0x00, 0x06, 0x00, 0x00, 0x00, 0x07, 0x00, 0x00, 0x00, 0x07, 0x00, 0x00, 0x00, 0x06, 0x00, 0x00, 0x00, 0x00, 0x00, 0x00, 0x00, 0x00, 0x00, 0x00, 0x00, 0x77, 0x00, 0x00, 0x00, 0x06,
  0x00, 0x00, 0x00, 0x07, 0x00, 0x00, 0x00, 0x07, 0x00, 0x00, 0x00, 0x06, 0x00, 0x00, 0x00, 0x00, 0x00, 0x00, 0x00, 0x00, 0x00, 0x00, 0x00, 0x78, 0x00, 0x00, 0x00, 0x06, 0x00, 0x00, 0x00, 0x07, 0x00, 0x00, 0x00, 0x07, 0x00, 0x00, 0x00, 0x06,
  0x00, 0x00, 0x00, 0x00, 0x00, 0x00, 0x00, 0x00, 0x00, 0x00, 0x00, 0x79, 0x00, 0x00, 0x00, 0x08, 0x00, 0x00, 0x00, 0x07, 0x00, 0x00, 0x00, 0x07, 0x00, 0x00, 0x00, 0x06, 0x00, 0x00, 0x00, 0x00, 0x00, 0x00, 0x00, 0x00, 0x00, 0x00, 0x00, 0x7A,
  0x00, 0x00, 0x00, 0x06, 0x00, 0x00, 0x00, 0x05, 0x00, 0x00, 0x00, 0x07, 0x00, 0x00, 0x00, 0x06, 0x00, 0x00, 0x00, 0x01, 0x00, 0x00, 0x00, 0x00, 0x00, 0x00, 0x00, 0x7B, 0x00, 0x00, 0x00, 0x0A, 0x00, 0x00, 0x00, 0x05, 0x00, 0x00, 0x00, 0x07,
  0x00, 0x00, 0x00, 0x08, 0x00, 0x00, 0x00, 0x01, 0x00, 0x00, 0x00, 0x00, 0x00, 0x00, 0x00, 0x7C, 0x00, 0x00, 0x00, 0x0C, 0x00, 0x00, 0x00, 0x02, 0x00, 0x00, 0x00, 0x07, 0x00, 0x00, 0x00, 0x0A, 0x00, 0x00, 0x00, 0x03, 0x00, 0x00, 0x00, 0x00,
  0x00, 0x00, 0x00, 0x7D, 0x00, 0x00, 0x00, 0x0A, 0x00, 0x00, 0x00, 0x05, 0x00, 0x00, 0x00, 0x07, 0x00, 0x00, 0x00, 0x08, 0x00, 0x00, 0x00, 0x01, 0x00, 0x00, 0x00, 0x00, 0x00, 0x00, 0x00, 0x7E, 0x00, 0x00, 0x00, 0x02, 0x00, 0x00, 0x00, 0x07,
  0x00, 0x00, 0x00, 0x07, 0x00, 0x00, 0x00, 0x04, 0x00, 0x00, 0x00, 0x00, 0x00, 0x00, 0x00, 0x00, 0x00, 0x00, 0x00, 0xA0, 0x00, 0x00, 0x00, 0x01, 0x00, 0x00, 0x00, 0x01, 0x00, 0x00, 0x00, 0x07, 0x00, 0x00, 0x00, 0x18, 0xFF, 0xFF, 0xFF, 0xF4,
  0x00, 0x00, 0x00, 0x00, 0x00, 0x00, 0x00, 0xA1, 0x00, 0x00, 0x00, 0x08, 0x00, 0x00, 0x00, 0x02, 0x00, 0x00, 0x00, 0x07, 0x00, 0x00, 0x00, 0x06, 0x00, 0x00, 0x00, 0x03, 0x00, 0x00, 0x00, 0x00, 0x00, 0x00, 0x00, 0xA2, 0x00, 0x00, 0x00, 0x0A,
  0x00, 0x00, 0x00, 0x05, 0x00, 0x00, 0x00, 0x07, 0x00, 0x00, 0x00, 0x09, 0x00, 0x00, 0x00, 0x01, 0x00, 0x00, 0x00, 0x00, 0x00, 0x00, 0x00, 0xA3, 0x00, 0x00, 0x00, 0x08, 0x00, 0x00, 0x00, 0x05, 0x00, 0x00, 0x00, 0x07, 0x00, 0x00, 0x00, 0x08,
  0x00, 0x00, 0x00, 0x01, 0x00, 0x00, 0x00, 0x00, 0x00, 0x00, 0x00, 0xA4, 0x00, 0x00, 0x00, 0x07, 0x00, 0x00, 0x00, 0x07, 0x00, 0x00, 0x00, 0x07, 0x00, 0x00, 0x00, 0x07, 0x00, 0x00, 0x00, 0x01, 0x00, 0x00, 0x00, 0x00, 0x00, 0x00, 0x00, 0xA5,
  0x00, 0x00, 0x00, 0x08, 0x00, 0x00, 0x00, 0x06, 0x00, 0x00, 0x00, 0x07, 0x00, 0x00, 0x00, 0x08, 0x00, 0x00, 0x00, 0x01, 0x00, 0x00, 0x00, 0x00, 0x00, 0x00, 0x00, 0xA6, 0x00, 0x00, 0x00, 0x0C, 0x00, 0x00, 0x00, 0x02, 0x00, 0x00, 0x00, 0x07,
  0x00, 0x00, 0x00, 0x0A, 0x00, 0x00, 0x00, 0x03, 0x00, 0x00, 0x00, 0x00, 0x00, 0x00, 0x00, 0xA7, 0x00, 0x00, 0x00, 0x0A, 0x00, 0x00, 0x00, 0x06, 0x00, 0x00, 0x00, 0x07, 0x00, 0x00, 0x00, 0x08, 0x00, 0x00, 0x00, 0x01, 0x00, 0x00, 0x00, 0x00,
  0x00, 0x00, 0x00, 0xA8, 0x00, 0x00, 0x00, 0x01, 0x00, 0x00, 0x00, 0x05, 0x00, 0x00, 0x00, 0x07, 0x00, 0x00, 0x00, 0x08, 0x00, 0x00, 0x00, 0x01, 0x00, 0x00, 0x00, 0x00, 0x00, 0x00, 0x00, 0xA9, 0x00, 0x00, 0x00, 0x08, 0x00, 0x00, 0x00, 0x07,
  0x00, 0x00, 0x00, 0x07, 0x00, 0x00, 0x00, 0x08, 0x00, 0x00, 0x00, 0x00, 0x00, 0x00, 0x00, 0x00, 0x00, 0x00, 0x00, 0xAA, 0x00, 0x00, 0x00, 0x06, 0x00, 0x00, 0x00, 0x06, 0x00, 0x00, 0x00, 0x07, 0x00, 0x00, 0x00, 0x08, 0x00, 0x00, 0x00, 0x01,
  0x00, 0x00, 0x00, 0x00, 0x00, 0x00, 0x00, 0xAB, 0x00, 0x00, 0x00, 0x05, 0x00, 0x00, 0x00, 0x07, 0x00, 0x00, 0x00, 0x07, 0x00, 0x00, 0x00, 0x06, 0x00, 0x00, 0x00, 0x00, 0x00, 0x00, 0x00, 0x00, 0x00, 0x00, 0x00, 0xAC, 0x00, 0x00, 0x00, 0x03,
  0x00, 0x00, 0x00, 0x05, 0x00, 0x00, 0x00, 0x07, 0x00, 0x00, 0x00, 0x04, 0x00, 0x00, 0x00, 0x01, 0x00, 0x00, 0x00, 0x00, 0x00, 0x00, 0x00, 0xAD, 0x00, 0x00, 0x00, 0x01, 0x00, 0x00, 0x00, 0x04, 0x00, 0x00, 0x00, 0x07, 0x00, 0x00, 0x00, 0x04,
  0x00, 0x00, 0x00, 0x02, 0x00, 0x00, 0x00, 0x00, 0x00, 0x00, 0x00, 0xAE, 0x00, 0x00, 0x00, 0x05, 0x00, 0x00, 0x00, 0x09, 0x00, 0x00, 0x00, 0x07, 0x00, 0x00, 0x00, 0x08, 0xFF, 0xFF, 0xFF, 0xFF, 0x00, 0x00, 0x00, 0x00, 0x00, 0x00, 0x00, 0xAF,
  0x00, 0x00, 0x00, 0x01, 0x00, 0x00, 0x00, 0x03, 0x00, 0x00, 0x00, 0x07, 0x00, 0x00, 0x00, 0x08, 0x00, 0x00, 0x00, 0x02, 0x00, 0x00, 0x00, 0x00, 0x00, 0x00, 0x00, 0xB0, 0x00, 0x00, 0x00, 0x04, 0x00, 0x00, 0x00, 0x06, 0x00, 0x00, 0x00, 0x07,
  0x00, 0x00, 0x00, 0x08, 0x00, 0x00, 0x00, 0x00, 0x00, 0x00, 0x00, 0x00, 0x00, 0x00, 0x00, 0xB1, 0x00, 0x00, 0x00, 0x07, 0x00, 0x00, 0x00, 0x06, 0x00, 0x00, 0x00, 0x07, 0x00, 0x00, 0x00, 0x07, 0x00, 0x00, 0x00, 0x01, 0x00, 0x00, 0x00, 0x00,
  0x00, 0x00, 0x00, 0xB4, 0x00, 0x00, 0x00, 0x02, 0x00, 0x00, 0x00, 0x03, 0x00, 0x00, 0x00, 0x07, 0x00, 0x00, 0x00, 0x09, 0x00, 0x00, 0x00, 0x03, 0x00, 0x00, 0x00, 0x00, 0x00, 0x00, 0x00, 0xB5, 0x00, 0x00, 0x00, 0x08, 0x00, 0x00, 0x00, 0x07,
  0x00, 0x00, 0x00, 0x07, 0x00, 0x00, 0x00, 0x06, 0x00, 0x00, 0x00, 0x01, 0x00, 0x00, 0x00, 0x00, 0x00, 0x00, 0x00, 0xB6, 0x00, 0x00, 0x00, 0x0A, 0x00, 0x00, 0x00, 0x05, 0x00, 0x00, 0x00, 0x07, 0x00, 0x00, 0x00, 0x08, 0x00, 0x00, 0x00, 0x01,
  0x00, 0x00, 0x00, 0x00, 0x00, 0x00, 0x00, 0xB7, 0x00, 0x00, 0x00, 0x02, 0x00, 0x00, 0x00, 0x03, 0x00, 0x00, 0x00, 0x07, 0x00, 0x00, 0x00, 0x04, 0x00, 0x00, 0x00, 0x02, 0x00, 0x00, 0x00, 0x00, 0x00, 0x00, 0x00, 0xB8, 0x00, 0x00, 0x00, 0x02,
  0x00, 0x00, 0x00, 0x03, 0x00, 0x00, 0x00, 0x07, 0x00, 0x00, 0x00, 0x00, 0x00, 0x00, 0x00, 0x02, 0x00, 0x00, 0x00, 0x00, 0x00, 0x00, 0x00, 0xBA, 0x00, 0x00, 0x00, 0x06, 0x00, 0x00, 0x00, 0x06, 0x00, 0x00, 0x00, 0x07, 0x00, 0x00, 0x00, 0x08,
  0x00, 0x00, 0x00, 0x00, 0x00, 0x00, 0x00, 0x00, 0x00, 0x00, 0x00, 0xBB, 0x00, 0x00, 0x00, 0x05, 0x00, 0x00, 0x00, 0x07, 0x00, 0x00, 0x00, 0x07, 0x00, 0x00, 0x00, 0x06, 0xFF, 0xFF, 0xFF, 0xFF, 0x00, 0x00, 0x00, 0x00, 0x00, 0x00, 0x00, 0xBF,
  0x00, 0x00, 0x00, 0x08, 0x00, 0x00, 0x00, 0x05, 0x00, 0x00, 0x00, 0x07, 0x00, 0x00, 0x00, 0x06, 0x00, 0x00, 0x00, 0x00, 0x00, 0x00, 0x00, 0x00, 0x00, 0x00, 0x00, 0xC0, 0x00, 0x00, 0x00, 0x0B, 0x00, 0x00, 0x00, 0x07, 0x00, 0x00, 0x00, 0x07,
  0x00, 0x00, 0x00, 0x0B, 0x00, 0x00, 0x00, 0x00, 0x00, 0x00, 0x00, 0x00, 0x00, 0x00, 0x00, 0xC1, 0x00, 0x00, 0x00, 0x0B, 0x00, 0x00, 0x00, 0x07, 0x00, 0x00, 0x00, 0x07, 0x00, 0x00, 0x00, 0x0B, 0x00, 0x00, 0x00, 0x00, 0x00, 0x00, 0x00, 0x00,
  0x00, 0x00, 0x00, 0xC2, 0x00, 0x00, 0x00, 0x0B, 0x00, 0x00, 0x00, 0x07, 0x00, 0x00, 0x00, 0x07, 0x00, 0x00, 0x00, 0x0B, 0x00, 0x00, 0x00, 0x00, 0x00, 0x00, 0x00, 0x00, 0x00, 0x00, 0x00, 0xC3, 0x00, 0x00, 0x00, 0x0B, 0x00, 0x00, 0x00, 0x07,
  0x00, 0x00, 0x00, 0x07, 0x00, 0x00, 0x00, 0x0B, 0x00, 0x00, 0x00, 0x00, 0x00, 0x00, 0x00, 0x00, 0x00, 0x00, 0x00, 0xC4, 0x00, 0x00, 0x00, 0x0A, 0x00, 0x00, 0x00, 0x07, 0x00, 0x00, 0x00, 0x07, 0x00, 0x00, 0x00, 0x0A, 0x00, 0x00, 0x00, 0x00,
  0x00, 0x00, 0x00, 0x00, 0x00, 0x00, 0x00, 0xC5, 0x00, 0x00, 0x00, 0x0B, 0x00, 0x00, 0x00, 0x07, 0x00, 0x00, 0x00, 0x07, 0x00, 0x00, 0x00, 0x0B, 0x00, 0x00, 0x00, 0x00, 0x00, 0x00, 0x00, 0x00, 0x00, 0x00, 0x00, 0xC6, 0x00, 0x00, 0x00, 0x08,
  0x00, 0x00, 0x00, 0x08, 0x00, 0x00, 0x00, 0x07, 0x00, 0x00, 0x00, 0x08, 0xFF, 0xFF, 0xFF, 0xFF, 0x00, 0x00, 0x00, 0x00, 0x00, 0x00, 0x00, 0xC7, 0x00, 0x00, 0x00, 0x0A, 0x00, 0x00, 0x00, 0x05, 0x00, 0x00, 0x00, 0x07, 0x00, 0x00, 0x00, 0x08,
  0x00, 0x00, 0x00, 0x01, 0x00, 0x00, 0x00, 0x00, 0x00, 0x00, 0x00, 0xC8, 0x00, 0x00, 0x00, 0x0B, 0x00, 0x00, 0x00, 0x04, 0x00, 0x00, 0x00, 0x07, 0x00, 0x00, 0x00, 0x0B, 0x00, 0x00, 0x00, 0x01, 0x00, 0x00, 0x00, 0x00, 0x00, 0x00, 0x00, 0xC9,
  0x00, 0x00, 0x00, 0x0B, 0x00, 0x00, 0x00, 0x05, 0x00, 0x00, 0x00, 0x07, 0x00, 0x00, 0x00, 0x0B, 0x00, 0x00, 0x00, 0x01, 0x00, 0x00, 0x00, 0x00, 0x00, 0x00, 0x00, 0xCA, 0x00, 0x00, 0x00, 0x0B, 0x00, 0x00, 0x00, 0x05, 0x00, 0x00, 0x00, 0x07,
  0x00, 0x00, 0x00, 0x0B, 0x00, 0x00, 0x00, 0x01, 0x00, 0x00, 0x00, 0x00, 0x00, 0x00, 0x00, 0xCB, 0x00, 0x00, 0x00, 0x0A, 0x00, 0x00, 0x00, 0x05, 0x00, 0x00, 0x00, 0x07, 0x00, 0x00, 0x00, 0x0A, 0x00, 0x00, 0x00, 0x01, 0x00, 0x00, 0x00, 0x00,
  0x00, 0x00, 0x00, 0xCC, 0x00, 0x00, 0x00, 0x0B, 0x00, 0x00, 0x00, 0x06, 0x00, 0x00, 0x00, 0x07, 0x00, 0x00, 0x00, 0x0B, 0x00, 0x00, 0x00, 0x01, 0x00, 0x00, 0x00, 0x00, 0x00, 0x00, 0x00, 0xCD, 0x00, 0x00, 0x00, 0x0B, 0x00, 0x00, 0x00, 0x06,
  0x00, 0x00, 0x00, 0x07, 0x00, 0x00, 0x00, 0x0B, 0x00, 0x00, 0x00, 0x01, 0x00, 0x00, 0x00, 0x00, 0x00, 0x00, 0x00, 0xCE, 0x00, 0x00, 0x00, 0x0B, 0x00, 0x00, 0x00, 0x06, 0x00, 0x00, 0x00, 0x07, 0x00, 0x00, 0x00, 0x0B, 0x00, 0x00, 0x00, 0x01,
  0x00, 0x00, 0x00, 0x00, 0x00, 0x00, 0x00, 0xCF, 0x00, 0x00, 0x00, 0x0A, 0x00, 0x00, 0x00, 0x06, 0x00, 0x00, 0x00, 0x07, 0x00, 0x00, 0x00, 0x0A, 0x00, 0x00, 0x00, 0x01, 0x00, 0x00, 0x00, 0x00, 0x00, 0x00, 0x00, 0xD1, 0x00, 0x00, 0x00, 0x0B,
  0x00, 0x00, 0x00, 0x05, 0x00, 0x00, 0x00, 0x07, 0x00, 0x00, 0x00, 0x0B, 0x00, 0x00, 0x00, 0x01, 0x00, 0x00, 0x00, 0x00, 0x00, 0x00, 0x00, 0xD2, 0x00, 0x00, 0x00, 0x0B, 0x00, 0x00, 0x00, 0x06, 0x00, 0x00, 0x00, 0x07, 0x00, 0x00, 0x00, 0x0B,
  0x00, 0x00, 0x00, 0x00, 0x00, 0x00, 0x00, 0x00, 0x00, 0x00, 0x00, 0xD3, 0x00, 0x00, 0x00, 0x0B, 0x00, 0x00, 0x00, 0x06, 0x00, 0x00, 0x00, 0x07, 0x00, 0x00, 0x00, 0x0B, 0x00, 0x00, 0x00, 0x00, 0x00, 0x00, 0x00, 0x00, 0x00, 0x00, 0x00, 0xD4,
  0x00, 0x00, 0x00, 0x0B, 0x00, 0x00, 0x00, 0x06, 0x00, 0x00, 0x00, 0x07, 0x00, 0x00, 0x00, 0x0B, 0x00, 0x00, 0x00, 0x00, 0x00, 0x00, 0x00, 0x00, 0x00, 0x00, 0x00, 0xD5, 0x00, 0x00, 0x00, 0x0B, 0x00, 0x00, 0x00, 0x06, 0x00, 0x00, 0x00, 0x07,
  0x00, 0x00, 0x00, 0x0B, 0x00, 0x00, 0x00, 0x00, 0x00, 0x00, 0x00, 0x00, 0x00, 0x00, 0x00, 0xD6, 0x00, 0x00, 0x00, 0x0A, 0x00, 0x00, 0x00, 0x06, 0x00, 0x00, 0x00, 0x07, 0x00, 0x00, 0x00, 0x0A, 0x00, 0x00, 0x00, 0x00, 0x00, 0x00, 0x00, 0x00,
  0x00, 0x00, 0x00, 0xD7, 0x00, 0x00, 0x00, 0x05, 0x00, 0x00, 0x00, 0x05, 0x00, 0x00, 0x00, 0x07, 0x00, 0x00, 0x00, 0x06, 0x00, 0x00, 0x00, 0x01, 0x00, 0x00, 0x00, 0x00, 0x00, 0x00, 0x00, 0xD8, 0x00, 0x00, 0x00, 0x0A, 0x00, 0x00, 0x00, 0x07,
  0x00, 0x00, 0x00, 0x07, 0x00, 0x00, 0x00, 0x09, 0x00, 0x00, 0x00, 0x00, 0x00, 0x00, 0x00, 0x00, 0x00, 0x00, 0x00, 0xD9, 0x00, 0x00, 0x00, 0x0B, 0x00, 0x00, 0x00, 0x06, 0x00, 0x00, 0x00, 0x07, 0x00, 0x00, 0x00, 0x0B, 0x00, 0x00, 0x00, 0x01,
  0x00, 0x00, 0x00, 0x00, 0x00, 0x00, 0x00, 0xDA, 0x00, 0x00, 0x00, 0x0B, 0x00, 0x00, 0x00, 0x06, 0x00, 0x00, 0x00, 0x07, 0x00, 0x00, 0x00, 0x0B, 0x00, 0x00, 0x00, 0x01, 0x00, 0x00, 0x00, 0x00, 0x00, 0x00, 0x00, 0xDB, 0x00, 0x00, 0x00, 0x0B,
  0x00, 0x00, 0x00, 0x06, 0x00, 0x00, 0x00, 0x07, 0x00, 0x00, 0x00, 0x0B, 0x00, 0x00, 0x00, 0x01, 0x00, 0x00, 0x00, 0x00, 0x00, 0x00, 0x00, 0xDC, 0x00, 0x00, 0x00, 0x0A, 0x00, 0x00, 0x00, 0x06, 0x00, 0x00, 0x00, 0x07, 0x00, 0x00, 0x00, 0x0A,
  0x00, 0x00, 0x00, 0x01, 0x00, 0x00, 0x00, 0x00, 0x00, 0x00, 0x00, 0xDD, 0x00, 0x00, 0x00, 0x0B, 0x00, 0x00, 0x00, 0x08, 0x00, 0x00, 0x00, 0x07, 0x00, 0x00, 0x00, 0x0B, 0x00, 0x00, 0x00, 0x00, 0x00, 0x00, 0x00, 0x00, 0x00, 0x00, 0x00, 0xDF,
  0x00, 0x00, 0x00, 0x08, 0x00, 0x00, 0x00, 0x06, 0x00, 0x00, 0x00, 0x07, 0x00, 0x00, 0x00, 0x08, 0x00, 0x00, 0x00, 0x01, 0x00, 0x00, 0x00, 0x00, 0x00, 0x00, 0x00, 0xE0, 0x00, 0x00, 0x00, 0x09, 0x00, 0x00, 0x00, 0x06, 0x00, 0x00, 0x00, 0x07,
  0x00, 0x00, 0x00, 0x09, 0x00, 0x00, 0x00, 0x01, 0x00, 0x00, 0x00, 0x00, 0x00, 0x00, 0x00, 0xE1, 0x00, 0x00, 0x00, 0x09, 0x00, 0x00, 0x00, 0x06, 0x00, 0x00, 0x00, 0x07, 0x00, 0x00, 0x00, 0x09, 0x00, 0x00, 0x00, 0x01, 0x00, 0x00, 0x00, 0x00,
  0x00, 0x00, 0x00, 0xE2, 0x00, 0x00, 0x00, 0x09, 0x00, 0x00, 0x00, 0x06, 0x00, 0x00, 0x00, 0x07, 0x00, 0x00, 0x00, 0x09, 0x00, 0x00, 0x00, 0x01, 0x00, 0x00, 0x00, 0x00, 0x00, 0x00, 0x00, 0xE3, 0x00, 0x00, 0x00, 0x09, 0x00, 0x00, 0x00, 0x06,
  0x00, 0x00, 0x00, 0x07, 0x00, 0x00, 0x00, 0x09, 0x00, 0x00, 0x00, 0x01, 0x00, 0x00, 0x00, 0x00, 0x00, 0x00, 0x00, 0xE4, 0x00, 0x00, 0x00, 0x08, 0x00, 0x00, 0x00, 0x06, 0x00, 0x00, 0x00, 0x07, 0x00, 0x00, 0x00, 0x08, 0x00, 0x00, 0x00, 0x01,
  0x00, 0x00, 0x00, 0x00, 0x00, 0x00, 0x00, 0xE5, 0x00, 0x00, 0x00, 0x0A, 0x00, 0x00, 0x00, 0x06, 0x00, 0x00, 0x00, 0x07, 0x00, 0x00, 0x00, 0x0A, 0x00, 0x00, 0x00, 0x01, 0x00, 0x00, 0x00, 0x00, 0x00, 0x00, 0x00, 0xE6, 0x00, 0x00, 0x00, 0x06,
  0x00, 0x00, 0x00, 0x06, 0x00, 0x00, 0x00, 0x07, 0x00, 0x00, 0x00, 0x06, 0x00, 0x00, 0x00, 0x00, 0x00, 0x00, 0x00, 0x00, 0x00, 0x00, 0x00, 0xE7, 0x00, 0x00, 0x00, 0x08, 0x00, 0x00, 0x00, 0x05, 0x00, 0x00, 0x00, 0x07, 0x00, 0x00, 0x00, 0x06,
  0x00, 0x00, 0x00, 0x01, 0x00, 0x00, 0x00, 0x00, 0x00, 0x00, 0x00, 0xE8, 0x00, 0x00, 0x00, 0x09, 0x00, 0x00, 0x00, 0x06, 0x00, 0x00, 0x00, 0x07, 0x00, 0x00, 0x00, 0x09, 0x00, 0x00, 0x00, 0x01, 0x00, 0x00, 0x00, 0x00, 0x00, 0x00, 0x00, 0xE9,
  0x00, 0x00, 0x00, 0x09, 0x00, 0x00, 0x00, 0x06, 0x00, 0x00, 0x00, 0x07, 0x00, 0x00, 0x00, 0x09, 0x00, 0x00, 0x00, 0x01, 0x00, 0x00, 0x00, 0x00, 0x00, 0x00, 0x00, 0xEA, 0x00, 0x00, 0x00, 0x09, 0x00, 0x00, 0x00, 0x06, 0x00, 0x00, 0x00, 0x07,
  0x00, 0x00, 0x00, 0x09, 0x00, 0x00, 0x00, 0x01, 0x00, 0x00, 0x00, 0x00, 0x00, 0x00, 0x00, 0xEB, 0x00, 0x00, 0x00, 0x08, 0x00, 0x00, 0x00, 0x06, 0x00, 0x00, 0x00, 0x07, 0x00, 0x00, 0x00, 0x08, 0x00, 0x00, 0x00, 0x01, 0x00, 0x00, 0x00, 0x00,
  0x00, 0x00, 0x00, 0xEC, 0x00, 0x00, 0x00, 0x09, 0x00, 0x00, 0x00, 0x05, 0x00, 0x00, 0x00, 0x07, 0x00, 0x00, 0x00, 0x09, 0x00, 0x00, 0x00, 0x01, 0x00, 0x00, 0x00, 0x00, 0x00, 0x00, 0x00, 0xED, 0x00, 0x00, 0x00, 0x09, 0x00, 0x00, 0x00, 0x05,
  0x00, 0x00, 0x00, 0x07, 0x00, 0x00, 0x00, 0x09, 0x00, 0x00, 0x00, 0x01, 0x00, 0x00, 0x00, 0x00, 0x00, 0x00, 0x00, 0xEE, 0x00, 0x00, 0x00, 0x09, 0x00, 0x00, 0x00, 0x05, 0x00, 0x00, 0x00, 0x07, 0x00, 0x00, 0x00, 0x09, 0x00, 0x00, 0x00, 0x01,
  0x00, 0x00, 0x00, 0x00, 0x00, 0x00, 0x00, 0xEF, 0x00, 0x00, 0x00, 0x08, 0x00, 0x00, 0x00, 0x05, 0x00, 0x00, 0x00, 0x07, 0x00, 0x00, 0x00, 0x08, 0x00, 0x00, 0x00, 0x01, 0x00, 0x00, 0x00, 0x00, 0x00, 0x00, 0x00, 0xF1, 0x00, 0x00, 0x00, 0x09,
  0x00, 0x00, 0x00, 0x06, 0x00, 0x00, 0x00, 0x07, 0x00, 0x00, 0x00, 0x09, 0x00, 0x00, 0x00, 0x01, 0x00, 0x00, 0x00, 0x00, 0x00, 0x00, 0x00, 0xF2, 0x00, 0x00, 0x00, 0x09, 0x00, 0x00, 0x00, 0x06, 0x00, 0x00, 0x00, 0x07, 0x00, 0x00, 0x00, 0x09,
  0x00, 0x00, 0x00, 0x01, 0x00, 0x00, 0x00, 0x00, 0x00, 0x00, 0x00, 0xF3, 0x00, 0x00, 0x00, 0x09, 0x00, 0x00, 0x00, 0x06, 0x00, 0x00, 0x00, 0x07, 0x00, 0x00, 0x00, 0x09, 0x00, 0x00, 0x00, 0x01, 0x00, 0x00, 0x00, 0x00, 0x00, 0x00, 0x00, 0xF4,
  0x00, 0x00, 0x00, 0x09, 0x00, 0x00, 0x00, 0x06, 0x00, 0x00, 0x00, 0x07, 0x00, 0x00, 0x00, 0x09, 0x00, 0x00, 0x00, 0x01, 0x00, 0x00, 0x00, 0x00, 0x00, 0x00, 0x00, 0xF5, 0x00, 0x00, 0x00, 0x09, 0x00, 0x00, 0x00, 0x06, 0x00, 0x00, 0x00, 0x07,
  0x00, 0x00, 0x00, 0x09, 0x00, 0x00, 0x00, 0x01, 0x00, 0x00, 0x00, 0x00, 0x00, 0x00, 0x00, 0xF6, 0x00, 0x00, 0x00, 0x08, 0x00, 0x00, 0x00, 0x06, 0x00, 0x00, 0x00, 0x07, 0x00, 0x00, 0x00, 0x08, 0x00, 0x00, 0x00, 0x01, 0x00, 0x00, 0x00, 0x00,
  0x00, 0x00, 0x00, 0xF7, 0x00, 0x00, 0x00, 0x07, 0x00, 0x00, 0x00, 0x07, 0x00, 0x00, 0x00, 0x07, 0x00, 0x00, 0x00, 0x07, 0x00, 0x00, 0x00, 0x01, 0x00, 0x00, 0x00, 0x00, 0x00, 0x00, 0x00, 0xF8, 0x00, 0x00, 0x00, 0x08, 0x00, 0x00, 0x00, 0x07,
  0x00, 0x00, 0x00, 0x07, 0x00, 0x00, 0x00, 0x07, 0x00, 0x00, 0x00, 0x01, 0x00, 0x00, 0x00, 0x00, 0x00, 0x00, 0x00, 0xF9, 0x00, 0x00, 0x00, 0x09, 0x00, 0x00, 0x00, 0x06, 0x00, 0x00, 0x00, 0x07, 0x00, 0x00, 0x00, 0x09, 0x00, 0x00, 0x00, 0x01,
  0x00, 0x00, 0x00, 0x00, 0x00, 0x00, 0x00, 0xFA, 0x00, 0x00, 0x00, 0x09, 0x00, 0x00, 0x00, 0x06, 0x00, 0x00, 0x00, 0x07, 0x00, 0x00, 0x00, 0x09, 0x00, 0x00, 0x00, 0x01, 0x00, 0x00, 0x00, 0x00, 0x00, 0x00, 0x00, 0xFB, 0x00, 0x00, 0x00, 0x09,
  0x00, 0x00, 0x00, 0x06, 0x00, 0x00, 0x00, 0x07, 0x00, 0x00, 0x00, 0x09, 0x00, 0x00, 0x00, 0x01, 0x00, 0x00, 0x00, 0x00, 0x00, 0x00, 0x00, 0xFC, 0x00, 0x00, 0x00, 0x08, 0x00, 0x00, 0x00, 0x06, 0x00, 0x00, 0x00, 0x07, 0x00, 0x00, 0x00, 0x08,
  0x00, 0x00, 0x00, 0x01, 0x00, 0x00, 0x00, 0x00, 0x00, 0x00, 0x00, 0xFD, 0x00, 0x00, 0x00, 0x0B, 0x00, 0x00, 0x00, 0x07, 0x00, 0x00, 0x00, 0x07, 0x00, 0x00, 0x00, 0x09, 0x00, 0x00, 0x00, 0x00, 0x00, 0x00, 0x00, 0x00, 0x00, 0x00, 0x00, 0xFF,
  0x00, 0x00, 0x00, 0x0A, 0x00, 0x00, 0x00, 0x07, 0x00, 0x00, 0x00, 0x07, 0x00, 0x00, 0x00, 0x08, 0x00, 0x00, 0x00, 0x00, 0x00, 0x00, 0x00, 0x00, 0x00, 0x00, 0x01, 0x02, 0x00, 0x00, 0x00, 0x0B, 0x00, 0x00, 0x00, 0x07, 0x00, 0x00, 0x00, 0x07,
  0x00, 0x00, 0x00, 0x0B, 0x00, 0x00, 0x00, 0x00, 0x00, 0x00, 0x00, 0x00, 0x00, 0x00, 0x01, 0x03, 0x00, 0x00, 0x00, 0x09, 0x00, 0x00, 0x00, 0x06, 0x00, 0x00, 0x00, 0x07, 0x00, 0x00, 0x00, 0x09, 0x00, 0x00, 0x00, 0x01, 0x00, 0x00, 0x00, 0x00,
  0x00, 0x00, 0x01, 0x04, 0x00, 0x00, 0x00, 0x0A, 0x00, 0x00, 0x00, 0x07, 0x00, 0x00, 0x00, 0x07, 0x00, 0x00, 0x00, 0x08, 0x00, 0x00, 0x00, 0x00, 0x00, 0x00, 0x00, 0x00, 0x00, 0x00, 0x01, 0x05, 0x00, 0x00, 0x00, 0x08, 0x00, 0x00, 0x00, 0x06,
  0x00, 0x00, 0x00, 0x07, 0x00, 0x00, 0x00, 0x06, 0x00, 0x00, 0x00, 0x01, 0x00, 0x00, 0x00, 0x00, 0x00, 0x00, 0x01, 0x06, 0x00, 0x00, 0x00, 0x0B, 0x00, 0x00, 0x00, 0x05, 0x00, 0x00, 0x00, 0x07, 0x00, 0x00, 0x00, 0x0B, 0x00, 0x00, 0x00, 0x01,
  0x00, 0x00, 0x00, 0x00, 0x00, 0x00, 0x01, 0x07, 0x00, 0x00, 0x00, 0x09, 0x00, 0x00, 0x00, 0x05, 0x00, 0x00, 0x00, 0x07, 0x00, 0x00, 0x00, 0x09, 0x00, 0x00, 0x00, 0x01, 0x00, 0x00, 0x00, 0x00, 0x00, 0x00, 0x01, 0x0C, 0x00, 0x00, 0x00, 0x0B,
  0x00, 0x00, 0x00, 0x05, 0x00, 0x00, 0x00, 0x07, 0x00, 0x00, 0x00, 0x0B, 0x00, 0x00, 0x00, 0x01, 0x00, 0x00, 0x00, 0x00, 0x00, 0x00, 0x01, 0x0D, 0x00, 0x00, 0x00, 0x09, 0x00, 0x00, 0x00, 0x05, 0x00, 0x00, 0x00, 0x07, 0x00, 0x00, 0x00, 0x09,
  0x00, 0x00, 0x00, 0x01, 0x00, 0x00, 0x00, 0x00, 0x00, 0x00, 0x01, 0x0E, 0x00, 0x00, 0x00, 0x0B, 0x00, 0x00, 0x00, 0x06, 0x00, 0x00, 0x00, 0x07, 0x00, 0x00, 0x00, 0x0B, 0x00, 0x00, 0x00, 0x01, 0x00, 0x00, 0x00, 0x00, 0x00, 0x00, 0x01, 0x0F,
  0x00, 0x00, 0x00, 0x09, 0x00, 0x00, 0x00, 0x08, 0x00, 0x00, 0x00, 0x07, 0x00, 0x00, 0x00, 0x09, 0x00, 0x00, 0x00, 0x01, 0x00, 0x00, 0x00, 0x00, 0x00, 0x00, 0x01, 0x10, 0x00, 0x00, 0x00, 0x08, 0x00, 0x00, 0x00, 0x07, 0x00, 0x00, 0x00, 0x07,
  0x00, 0x00, 0x00, 0x08, 0x00, 0x00, 0x00, 0x00, 0x00, 0x00, 0x00, 0x00, 0x00, 0x00, 0x01, 0x11, 0x00, 0x00, 0x00, 0x08, 0x00, 0x00, 0x00, 0x07, 0x00, 0x00, 0x00, 0x07, 0x00, 0x00, 0x00, 0x08, 0x00, 0x00, 0x00, 0x01, 0x00, 0x00, 0x00, 0x00,
  0x00, 0x00, 0x01, 0x18, 0x00, 0x00, 0x00, 0x0A, 0x00, 0x00, 0x00, 0x04, 0x00, 0x00, 0x00, 0x07, 0x00, 0x00, 0x00, 0x08, 0x00, 0x00, 0x00, 0x01, 0x00, 0x00, 0x00, 0x00, 0x00, 0x00, 0x01, 0x19, 0x00, 0x00, 0x00, 0x08, 0x00, 0x00, 0x00, 0x06,
  0x00, 0x00, 0x00, 0x07, 0x00, 0x00, 0x00, 0x06, 0x00, 0x00, 0x00, 0x01, 0x00, 0x00, 0x00, 0x00, 0x00, 0x00, 0x01, 0x1A, 0x00, 0x00, 0x00, 0x0B, 0x00, 0x00, 0x00, 0x05, 0x00, 0x00, 0x00, 0x07, 0x00, 0x00, 0x00, 0x0B, 0x00, 0x00, 0x00, 0x01,
  0x00, 0x00, 0x00, 0x00, 0x00, 0x00, 0x01, 0x1B, 0x00, 0x00, 0x00, 0x09, 0x00, 0x00, 0x00, 0x06, 0x00, 0x00, 0x00, 0x07, 0x00, 0x00, 0x00, 0x09, 0x00, 0x00, 0x00, 0x01, 0x00, 0x00, 0x00, 0x00, 0x00, 0x00, 0x01, 0x31, 0x00, 0x00, 0x00, 0x06,
  0x00, 0x00, 0x00, 0x05, 0x00, 0x00, 0x00, 0x07, 0x00, 0x00, 0x00, 0x06, 0x00, 0x00, 0x00, 0x01, 0x00, 0x00, 0x00, 0x00, 0x00, 0x00, 0x01, 0x39, 0x00, 0x00, 0x00, 0x0B, 0x00, 0x00, 0x00, 0x05, 0x00, 0x00, 0x00, 0x07, 0x00, 0x00, 0x00, 0x0B,
  0x00, 0x00, 0x00, 0x01, 0x00, 0x00, 0x00, 0x00, 0x00, 0x00, 0x01, 0x3A, 0x00, 0x00, 0x00, 0x0B, 0x00, 0x00, 0x00, 0x05, 0x00, 0x00, 0x00, 0x07, 0x00, 0x00, 0x00, 0x0B, 0x00, 0x00, 0x00, 0x01, 0x00, 0x00, 0x00, 0x00, 0x00, 0x00, 0x01, 0x3D,
  0x00, 0x00, 0x00, 0x09, 0x00, 0x00, 0x00, 0x07, 0x00, 0x00, 0x00, 0x07, 0x00, 0x00, 0x00, 0x09, 0x00, 0x00, 0x00, 0x01, 0x00, 0x00, 0x00, 0x00, 0x00, 0x00, 0x01, 0x3E, 0x00, 0x00, 0x00, 0x09, 0x00, 0x00, 0x00, 0x07, 0x00, 0x00, 0x00, 0x07,
  0x00, 0x00, 0x00, 0x09, 0x00, 0x00, 0x00, 0x01, 0x00, 0x00, 0x00, 0x00, 0x00, 0x00, 0x01, 0x41, 0x00, 0x00, 0x00, 0x08, 0x00, 0x00, 0x00, 0x05, 0x00, 0x00, 0x00, 0x07, 0x00, 0x00, 0x00, 0x08, 0x00, 0x00, 0x00, 0x00, 0x00, 0x00, 0x00, 0x00,
  0x00, 0x00, 0x01, 0x42, 0x00, 0x00, 0x00, 0x08, 0x00, 0x00, 0x00, 0x06, 0x00, 0x00, 0x00, 0x07, 0x00, 0x00, 0x00, 0x08, 0x00, 0x00, 0x00, 0x01, 0x00, 0x00, 0x00, 0x00, 0x00, 0x00, 0x01, 0x43, 0x00, 0x00, 0x00, 0x0B, 0x00, 0x00, 0x00, 0x05,
  0x00, 0x00, 0x00, 0x07, 0x00, 0x00, 0x00, 0x0B, 0x00, 0x00, 0x00, 0x01, 0x00, 0x00, 0x00, 0x00, 0x00, 0x00, 0x01, 0x44, 0x00, 0x00, 0x00, 0x09, 0x00, 0x00, 0x00, 0x06, 0x00, 0x00, 0x00, 0x07, 0x00, 0x00, 0x00, 0x09, 0x00, 0x00, 0x00, 0x01,
  0x00, 0x00, 0x00, 0x00, 0x00, 0x00, 0x01, 0x47, 0x00, 0x00, 0x00, 0x0B, 0x00, 0x00, 0x00, 0x05, 0x00, 0x00, 0x00, 0x07, 0x00, 0x00, 0x00, 0x0B, 0x00, 0x00, 0x00, 0x01, 0x00, 0x00, 0x00, 0x00, 0x00, 0x00, 0x01, 0x48, 0x00, 0x00, 0x00, 0x09,
  0x00, 0x00, 0x00, 0x06, 0x00, 0x00, 0x00, 0x07, 0x00, 0x00, 0x00, 0x09, 0x00, 0x00, 0x00, 0x01, 0x00, 0x00, 0x00, 0x00, 0x00, 0x00, 0x01, 0x50, 0x00, 0x00, 0x00, 0x0B, 0x00, 0x00, 0x00, 0x07, 0x00, 0x00, 0x00, 0x07, 0x00, 0x00, 0x00, 0x0B,
  0x00, 0x00, 0x00, 0x00, 0x00, 0x00, 0x00, 0x00, 0x00, 0x00, 0x01, 0x51, 0x00, 0x00, 0x00, 0x09, 0x00, 0x00, 0x00, 0x06, 0x00, 0x00, 0x00, 0x07, 0x00, 0x00, 0x00, 0x09, 0x00, 0x00, 0x00, 0x01, 0x00, 0x00, 0x00, 0x00, 0x00, 0x00, 0x01, 0x52,
  0x00, 0x00, 0x00, 0x08, 0x00, 0x00, 0x00, 0x06, 0x00, 0x00, 0x00, 0x07, 0x00, 0x00, 0x00, 0x08, 0x00, 0x00, 0x00, 0x00, 0x00, 0x00, 0x00, 0x00, 0x00, 0x00, 0x01, 0x53, 0x00, 0x00, 0x00, 0x06, 0x00, 0x00, 0x00, 0x06, 0x00, 0x00, 0x00, 0x07,
  0x00, 0x00, 0x00, 0x06, 0x00, 0x00, 0x00, 0x00, 0x00, 0x00, 0x00, 0x00, 0x00, 0x00, 0x01, 0x54, 0x00, 0x00, 0x00, 0x0B, 0x00, 0x00, 0x00, 0x07, 0x00, 0x00, 0x00, 0x07, 0x00, 0x00, 0x00, 0x0B, 0x00, 0x00, 0x00, 0x01, 0x00, 0x00, 0x00, 0x00,
  0x00, 0x00, 0x01, 0x55, 0x00, 0x00, 0x00, 0x09, 0x00, 0x00, 0x00, 0x06, 0x00, 0x00, 0x00, 0x07, 0x00, 0x00, 0x00, 0x09, 0x00, 0x00, 0x00, 0x01, 0x00, 0x00, 0x00, 0x00, 0x00, 0x00, 0x01, 0x58, 0x00, 0x00, 0x00, 0x0B, 0x00, 0x00, 0x00, 0x07,
  0x00, 0x00, 0x00, 0x07, 0x00, 0x00, 0x00, 0x0B, 0x00, 0x00, 0x00, 0x01, 0x00, 0x00, 0x00, 0x00, 0x00, 0x00, 0x01, 0x59, 0x00, 0x00, 0x00, 0x09, 0x00, 0x00, 0x00, 0x06, 0x00, 0x00, 0x00, 0x07, 0x00, 0x00, 0x00, 0x09, 0x00, 0x00, 0x00, 0x01,
  0x00, 0x00, 0x00, 0x00, 0x00, 0x00, 0x01, 0x5A, 0x00, 0x00, 0x00, 0x0B, 0x00, 0x00, 0x00, 0x06, 0x00, 0x00, 0x00, 0x07, 0x00, 0x00, 0x00, 0x0B, 0x00, 0x00, 0x00, 0x01, 0x00, 0x00, 0x00, 0x00, 0x00, 0x00, 0x01, 0x5B, 0x00, 0x00, 0x00, 0x09,
  0x00, 0x00, 0x00, 0x05, 0x00, 0x00, 0x00, 0x07, 0x00, 0x00, 0x00, 0x09, 0x00, 0x00, 0x00, 0x01, 0x00, 0x00, 0x00, 0x00, 0x00, 0x00, 0x01, 0x5E, 0x00, 0x00, 0x00, 0x0A, 0x00, 0x00, 0x00, 0x06, 0x00, 0x00, 0x00, 0x07, 0x00, 0x00, 0x00, 0x08,
  0x00, 0x00, 0x00, 0x01, 0x00, 0x00, 0x00, 0x00, 0x00, 0x00, 0x01, 0x5F, 0x00, 0x00, 0x00, 0x08, 0x00, 0x00, 0x00, 0x06, 0x00, 0x00, 0x00, 0x07, 0x00, 0x00, 0x00, 0x06, 0x00, 0x00, 0x00, 0x00, 0x00, 0x00, 0x00, 0x00, 0x00, 0x00, 0x01, 0x60,
  0x00, 0x00, 0x00, 0x0B, 0x00, 0x00, 0x00, 0x06, 0x00, 0x00, 0x00, 0x07, 0x00, 0x00, 0x00, 0x0B, 0x00, 0x00, 0x00, 0x01, 0x00, 0x00, 0x00, 0x00, 0x00, 0x00, 0x01, 0x61, 0x00, 0x00, 0x00, 0x09, 0x00, 0x00, 0x00, 0x05, 0x00, 0x00, 0x00, 0x07,
  0x00, 0x00, 0x00, 0x09, 0x00, 0x00, 0x00, 0x01, 0x00, 0x00, 0x00, 0x00, 0x00, 0x00, 0x01, 0x62, 0x00, 0x00, 0x00, 0x0A, 0x00, 0x00, 0x00, 0x06, 0x00, 0x00, 0x00, 0x07, 0x00, 0x00, 0x00, 0x08, 0x00, 0x00, 0x00, 0x01, 0x00, 0x00, 0x00, 0x00,
  0x00, 0x00, 0x01, 0x63, 0x00, 0x00, 0x00, 0x0A, 0x00, 0x00, 0x00, 0x06, 0x00, 0x00, 0x00, 0x07, 0x00, 0x00, 0x00, 0x08, 0x00, 0x00, 0x00, 0x00, 0x00, 0x00, 0x00, 0x00, 0x00, 0x00, 0x01, 0x64, 0x00, 0x00, 0x00, 0x0B, 0x00, 0x00, 0x00, 0x06,
  0x00, 0x00, 0x00, 0x07, 0x00, 0x00, 0x00, 0x0B, 0x00, 0x00, 0x00, 0x01, 0x00, 0x00, 0x00, 0x00, 0x00, 0x00, 0x01, 0x65, 0x00, 0x00, 0x00, 0x09, 0x00, 0x00, 0x00, 0x08, 0x00, 0x00, 0x00, 0x07, 0x00, 0x00, 0x00, 0x09, 0x00, 0x00, 0x00, 0x00,
  0x00, 0x00, 0x00, 0x00, 0x00, 0x00, 0x01, 0x6E, 0x00, 0x00, 0x00, 0x0B, 0x00, 0x00, 0x00, 0x06, 0x00, 0x00, 0x00, 0x07, 0x00, 0x00, 0x00, 0x0B, 0x00, 0x00, 0x00, 0x01, 0x00, 0x00, 0x00, 0x00, 0x00, 0x00, 0x01, 0x6F, 0x00, 0x00, 0x00, 0x0A,
  0x00, 0x00, 0x00, 0x06, 0x00, 0x00, 0x00, 0x07, 0x00, 0x00, 0x00, 0x0A, 0x00, 0x00, 0x00, 0x01, 0x00, 0x00, 0x00, 0x00, 0x00, 0x00, 0x01, 0x70, 0x00, 0x00, 0x00, 0x0B, 0x00, 0x00, 0x00, 0x06, 0x00, 0x00, 0x00, 0x07, 0x00, 0x00, 0x00, 0x0B,
  0x00, 0x00, 0x00, 0x01, 0x00, 0x00, 0x00, 0x00, 0x00, 0x00, 0x01, 0x71, 0x00, 0x00, 0x00, 0x09, 0x00, 0x00, 0x00, 0x06, 0x00, 0x00, 0x00, 0x07, 0x00, 0x00, 0x00, 0x09, 0x00, 0x00, 0x00, 0x01, 0x00, 0x00, 0x00, 0x00, 0x00, 0x00, 0x01, 0x78,
  0x00, 0x00, 0x00, 0x0A, 0x00, 0x00, 0x00, 0x08, 0x00, 0x00, 0x00, 0x07, 0x00, 0x00, 0x00, 0x0A, 0x00, 0x00, 0x00, 0x00, 0x00, 0x00, 0x00, 0x00, 0x00, 0x00, 0x01, 0x79, 0x00, 0x00, 0x00, 0x0B, 0x00, 0x00, 0x00, 0x05, 0x00, 0x00, 0x00, 0x07,
  0x00, 0x00, 0x00, 0x0B, 0x00, 0x00, 0x00, 0x01, 0x00, 0x00, 0x00, 0x00, 0x00, 0x00, 0x01, 0x7A, 0x00, 0x00, 0x00, 0x09, 0x00, 0x00, 0x00, 0x05, 0x00, 0x00, 0x00, 0x07, 0x00, 0x00, 0x00, 0x09, 0x00, 0x00, 0x00, 0x01, 0x00, 0x00, 0x00, 0x00,
  0x00, 0x00, 0x01, 0x7B, 0x00, 0x00, 0x00, 0x0B, 0x00, 0x00, 0x00, 0x05, 0x00, 0x00, 0x00, 0x07, 0x00, 0x00, 0x00, 0x0B, 0x00, 0x00, 0x00, 0x01, 0x00, 0x00, 0x00, 0x00, 0x00, 0x00, 0x01, 0x7C, 0x00, 0x00, 0x00, 0x09, 0x00, 0x00, 0x00, 0x05,
  0x00, 0x00, 0x00, 0x07, 0x00, 0x00, 0x00, 0x09, 0x00, 0x00, 0x00, 0x01, 0x00, 0x00, 0x00, 0x00, 0x00, 0x00, 0x01, 0x7D, 0x00, 0x00, 0x00, 0x0B, 0x00, 0x00, 0x00, 0x05, 0x00, 0x00, 0x00, 0x07, 0x00, 0x00, 0x00, 0x0B, 0x00, 0x00, 0x00, 0x01,
  0x00, 0x00, 0x00, 0x00, 0x00, 0x00, 0x01, 0x7E, 0x00, 0x00, 0x00, 0x09, 0x00, 0x00, 0x00, 0x05, 0x00, 0x00, 0x00, 0x07, 0x00, 0x00, 0x00, 0x09, 0x00, 0x00, 0x00, 0x01, 0x00, 0x00, 0x00, 0x00, 0x00, 0x00, 0x01, 0x92, 0x00, 0x00, 0x00, 0x0A,
  0x00, 0x00, 0x00, 0x06, 0x00, 0x00, 0x00, 0x07, 0x00, 0x00, 0x00, 0x08, 0x00, 0x00, 0x00, 0x00, 0x00, 0x00, 0x00, 0x00, 0x00, 0x00, 0x02, 0xC6, 0x00, 0x00, 0x00, 0x02, 0x00, 0x00, 0x00, 0x05, 0x00, 0x00, 0x00, 0x07, 0x00, 0x00, 0x00, 0x09,
  0x00, 0x00, 0x00, 0x01, 0x00, 0x00, 0x00, 0x00, 0x00, 0x00, 0x02, 0xC7, 0x00, 0x00, 0x00, 0x02, 0x00, 0x00, 0x00, 0x05, 0x00, 0x00, 0x00, 0x07, 0x00, 0x00, 0x00, 0x09, 0x00, 0x00, 0x00, 0x01, 0x00, 0x00, 0x00, 0x00, 0x00, 0x00, 0x02, 0xD8,
  0x00, 0x00, 0x00, 0x02, 0x00, 0x00, 0x00, 0x05, 0x00, 0x00, 0x00, 0x07, 0x00, 0x00, 0x00, 0x09, 0x00, 0x00, 0x00, 0x01, 0x00, 0x00, 0x00, 0x00, 0x00, 0x00, 0x02, 0xD9, 0x00, 0x00, 0x00, 0x02, 0x00, 0x00, 0x00, 0x02, 0x00, 0x00, 0x00, 0x07,
  0x00, 0x00, 0x00, 0x09, 0x00, 0x00, 0x00, 0x03, 0x00, 0x00, 0x00, 0x00, 0x00, 0x00, 0x02, 0xDA, 0x00, 0x00, 0x00, 0x03, 0x00, 0x00, 0x00, 0x05, 0x00, 0x00, 0x00, 0x07, 0x00, 0x00, 0x00, 0x0A, 0x00, 0x00, 0x00, 0x01, 0x00, 0x00, 0x00, 0x00,
  0x00, 0x00, 0x02, 0xDB, 0x00, 0x00, 0x00, 0x02, 0x00, 0x00, 0x00, 0x03, 0x00, 0x00, 0x00, 0x07, 0x00, 0x00, 0x00, 0x00, 0x00, 0x00, 0x00, 0x03, 0x00, 0x00, 0x00, 0x00, 0x00, 0x00, 0x02, 0xDC, 0x00, 0x00, 0x00, 0x02, 0x00, 0x00, 0x00, 0x04,
  0x00, 0x00, 0x00, 0x07, 0x00, 0x00, 0x00, 0x09, 0x00, 0x00, 0x00, 0x01, 0x00, 0x00, 0x00, 0x00, 0x00, 0x00, 0x02, 0xDD, 0x00, 0x00, 0x00, 0x02, 0x00, 0x00, 0x00, 0x06, 0x00, 0x00, 0x00, 0x07, 0x00, 0x00, 0x00, 0x09, 0x00, 0x00, 0x00, 0x01,
  0x00, 0x00, 0x00, 0x00, 0x00, 0x00, 0x03, 0xA9, 0x00, 0x00, 0x00, 0x08, 0x00, 0x00, 0x00, 0x07, 0x00, 0x00, 0x00, 0x07, 0x00, 0x00, 0x00, 0x08, 0x00, 0x00, 0x00, 0x00, 0x00, 0x00, 0x00, 0x00, 0x00, 0x00, 0x03, 0xC0, 0x00, 0x00, 0x00, 0x07,
  0x00, 0x00, 0x00, 0x06, 0x00, 0x00, 0x00, 0x07, 0x00, 0x00, 0x00, 0x06, 0x00, 0x00, 0x00, 0x00, 0x00, 0x00, 0x00, 0x00, 0x00, 0x00, 0x20, 0x13, 0x00, 0x00, 0x00, 0x01, 0x00, 0x00, 0x00, 0x05, 0x00, 0x00, 0x00, 0x07, 0x00, 0x00, 0x00, 0x04,
  0x00, 0x00, 0x00, 0x01, 0x00, 0x00, 0x00, 0x00, 0x00, 0x00, 0x20, 0x14, 0x00, 0x00, 0x00, 0x01, 0x00, 0x00, 0x00, 0x07, 0x00, 0x00, 0x00, 0x07, 0x00, 0x00, 0x00, 0x04, 0x00, 0x00, 0x00, 0x00, 0x00, 0x00, 0x00, 0x00, 0x00, 0x00, 0x20, 0x18,
  0x00, 0x00, 0x00, 0x04, 0x00, 0x00, 0x00, 0x04, 0x00, 0x00, 0x00, 0x07, 0x00, 0x00, 0x00, 0x08, 0x00, 0x00, 0x00, 0x02, 0x00, 0x00, 0x00, 0x00, 0x00, 0x00, 0x20, 0x19, 0x00, 0x00, 0x00, 0x04, 0x00, 0x00, 0x00, 0x04, 0x00, 0x00, 0x00, 0x07,
  0x00, 0x00, 0x00, 0x08, 0x00, 0x00, 0x00, 0x01, 0x00, 0x00, 0x00, 0x00, 0x00, 0x00, 0x20, 0x1A, 0x00, 0x00, 0x00, 0x04, 0x00, 0x00, 0x00, 0x04, 0x00, 0x00, 0x00, 0x07, 0x00, 0x00, 0x00, 0x02, 0x00, 0x00, 0x00, 0x01, 0x00, 0x00, 0x00, 0x00,
  0x00, 0x00, 0x20, 0x1C, 0x00, 0x00, 0x00, 0x04, 0x00, 0x00, 0x00, 0x09, 0x00, 0x00, 0x00, 0x07, 0x00, 0x00, 0x00, 0x08, 0xFF, 0xFF, 0xFF, 0xFF, 0x00, 0x00, 0x00, 0x00, 0x00, 0x00, 0x20, 0x1D, 0x00, 0x00, 0x00, 0x04, 0x00, 0x00, 0x00, 0x09,
  0x00, 0x00, 0x00, 0x07, 0x00, 0x00, 0x00, 0x08, 0xFF, 0xFF, 0xFF, 0xFF, 0x00, 0x00, 0x00, 0x00, 0x00, 0x00, 0x20, 0x1E, 0x00, 0x00, 0x00, 0x04, 0x00, 0x00, 0x00, 0x09, 0x00, 0x00, 0x00, 0x07, 0x00, 0x00, 0x00, 0x02, 0xFF, 0xFF, 0xFF, 0xFF,
  0x00, 0x00, 0x00, 0x00, 0x00, 0x00, 0x20, 0x20, 0x00, 0x00, 0x00, 0x07, 0x00, 0x00, 0x00, 0x06, 0x00, 0x00, 0x00, 0x07, 0x00, 0x00, 0x00, 0x08, 0x00, 0x00, 0x00, 0x01, 0x00, 0x00, 0x00, 0x00, 0x00, 0x00, 0x20, 0x21, 0x00, 0x00, 0x00, 0x08,
  0x00, 0x00, 0x00, 0x06, 0x00, 0x00, 0x00, 0x07, 0x00, 0x00, 0x00, 0x08, 0x00, 0x00, 0x00, 0x01, 0x00, 0x00, 0x00, 0x00, 0x00, 0x00, 0x20, 0x22, 0x00, 0x00, 0x00, 0x04, 0x00, 0x00, 0x00, 0x04, 0x00, 0x00, 0x00, 0x07, 0x00, 0x00, 0x00, 0x06,
  0x00, 0x00, 0x00, 0x02, 0x00, 0x00, 0x00, 0x00, 0x00, 0x00, 0x20, 0x26, 0x00, 0x00, 0x00, 0x02, 0x00, 0x00, 0x00, 0x06, 0x00, 0x00, 0x00, 0x07, 0x00, 0x00, 0x00, 0x02, 0x00, 0x00, 0x00, 0x00, 0x00, 0x00, 0x00, 0x00, 0x00, 0x00, 0x20, 0x30,
  0x00, 0x00, 0x00, 0x08, 0x00, 0x00, 0x00, 0x08, 0x00, 0x00, 0x00, 0x07, 0x00, 0x00, 0x00, 0x08, 0x00, 0x00, 0x00, 0x00, 0x00, 0x00, 0x00, 0x00, 0x00, 0x00, 0x20, 0x39, 0x00, 0x00, 0x00, 0x05, 0x00, 0x00, 0x00, 0x04, 0x00, 0x00, 0x00, 0x07,
  0x00, 0x00, 0x00, 0x06, 0x00, 0x00, 0x00, 0x01, 0x00, 0x00, 0x00, 0x00, 0x00, 0x00, 0x20, 0x3A, 0x00, 0x00, 0x00, 0x05, 0x00, 0x00, 0x00, 0x04, 0x00, 0x00, 0x00, 0x07, 0x00, 0x00, 0x00, 0x06, 0x00, 0x00, 0x00, 0x02, 0x00, 0x00, 0x00, 0x00,
  0x00, 0x00, 0x20, 0x44, 0x00, 0x00, 0x00, 0x08, 0x00, 0x00, 0x00, 0x07, 0x00, 0x00, 0x00, 0x07, 0x00, 0x00, 0x00, 0x08, 0x00, 0x00, 0x00, 0x00, 0x00, 0x00, 0x00, 0x00, 0x00, 0x00, 0x20, 0xAC, 0x00, 0x00, 0x00, 0x08, 0x00, 0x00, 0x00, 0x06,
  0x00, 0x00, 0x00, 0x07, 0x00, 0x00, 0x00, 0x08, 0x00, 0x00, 0x00, 0x00, 0x00, 0x00, 0x00, 0x00, 0x00, 0x00, 0x21, 0x22, 0x00, 0x00, 0x00, 0x03, 0x00, 0x00, 0x00, 0x08, 0x00, 0x00, 0x00, 0x07, 0x00, 0x00, 0x00, 0x08, 0xFF, 0xFF, 0xFF, 0xFF,
  0x00, 0x00, 0x00, 0x00, 0x00, 0x00, 0x22, 0x02, 0x00, 0x00, 0x00, 0x08, 0x00, 0x00, 0x00, 0x06, 0x00, 0x00, 0x00, 0x07, 0x00, 0x00, 0x00, 0x08, 0x00, 0x00, 0x00, 0x01, 0x00, 0x00, 0x00, 0x00, 0x00, 0x00, 0x22, 0x06, 0x00, 0x00, 0x00, 0x08,
  0x00, 0x00, 0x00, 0x07, 0x00, 0x00, 0x00, 0x07, 0x00, 0x00, 0x00, 0x08, 0x00, 0x00, 0x00, 0x00, 0x00, 0x00, 0x00, 0x00, 0x00, 0x00, 0x22, 0x0F, 0x00, 0x00, 0x00, 0x09, 0x00, 0x00, 0x00, 0x06, 0x00, 0x00, 0x00, 0x07, 0x00, 0x00, 0x00, 0x08,
  0x00, 0x00, 0x00, 0x00, 0x00, 0x00, 0x00, 0x00, 0x00, 0x00, 0x22, 0x11, 0x00, 0x00, 0x00, 0x09, 0x00, 0x00, 0x00, 0x05, 0x00, 0x00, 0x00, 0x07, 0x00, 0x00, 0x00, 0x08, 0x00, 0x00, 0x00, 0x01, 0x00, 0x00, 0x00, 0x00, 0x00, 0x00, 0x22, 0x1A,
  0x00, 0x00, 0x00, 0x08, 0x00, 0x00, 0x00, 0x07, 0x00, 0x00, 0x00, 0x07, 0x00, 0x00, 0x00, 0x08, 0x00, 0x00, 0x00, 0x00, 0x00, 0x00, 0x00, 0x00, 0x00, 0x00, 0x22, 0x1E, 0x00, 0x00, 0x00, 0x04, 0x00, 0x00, 0x00, 0x06, 0x00, 0x00, 0x00, 0x07,
  0x00, 0x00, 0x00, 0x05, 0x00, 0x00, 0x00, 0x00, 0x00, 0x00, 0x00, 0x00, 0x00, 0x00, 0x22, 0x2B, 0x00, 0x00, 0x00, 0x0A, 0x00, 0x00, 0x00, 0x06, 0x00, 0x00, 0x00, 0x07, 0x00, 0x00, 0x00, 0x08, 0x00, 0x00, 0x00, 0x01, 0x00, 0x00, 0x00, 0x00,
  0x00, 0x00, 0x22, 0x48, 0x00, 0x00, 0x00, 0x05, 0x00, 0x00, 0x00, 0x05, 0x00, 0x00, 0x00, 0x07, 0x00, 0x00, 0x00, 0x06, 0x00, 0x00, 0x00, 0x01, 0x00, 0x00, 0x00, 0x00, 0x00, 0x00, 0x22, 0x60, 0x00, 0x00, 0x00, 0x06, 0x00, 0x00, 0x00, 0x05,
  0x00, 0x00, 0x00, 0x07, 0x00, 0x00, 0x00, 0x06, 0x00, 0x00, 0x00, 0x01, 0x00, 0x00, 0x00, 0x00, 0x00, 0x00, 0x22, 0x64, 0x00, 0x00, 0x00, 0x07, 0x00, 0x00, 0x00, 0x05, 0x00, 0x00, 0x00, 0x07, 0x00, 0x00, 0x00, 0x07, 0x00, 0x00, 0x00, 0x01,
  0x00, 0x00, 0x00, 0x00, 0x00, 0x00, 0x22, 0x65, 0x00, 0x00, 0x00, 0x07, 0x00, 0x00, 0x00, 0x05, 0x00, 0x00, 0x00, 0x07, 0x00, 0x00, 0x00, 0x07, 0x00, 0x00, 0x00, 0x01, 0x00, 0x00, 0x00, 0x00, 0x00, 0x00, 0x25, 0xCA, 0x00, 0x00, 0x00, 0x08,
  0x00, 0x00, 0x00, 0x06, 0x00, 0x00, 0x00, 0x07, 0x00, 0x00, 0x00, 0x08, 0x00, 0x00, 0x00, 0x00, 0x00, 0x00, 0x00, 0x00, 0x00, 0x00, 0xFB, 0x01, 0x00, 0x00, 0x00, 0x08, 0x00, 0x00, 0x00, 0x06, 0x00, 0x00, 0x00, 0x07, 0x00, 0x00, 0x00, 0x08,
  0x00, 0x00, 0x00, 0x00, 0x00, 0x00, 0x00, 0x00, 0x00, 0x00, 0xFB, 0x02, 0x00, 0x00, 0x00, 0x08, 0x00, 0x00, 0x00, 0x06, 0x00, 0x00, 0x00, 0x07, 0x00, 0x00, 0x00, 0x08, 0x00, 0x00, 0x00, 0x00, 0x00, 0x00, 0x00, 0x00, 0xFA, 0xA9, 0xEF, 0x9E,
  0xE3, 0x93, 0xD7, 0x88, 0xCA, 0x7D, 0x00, 0x00, 0xC2, 0xC9, 0xC4, 0xCB, 0xDE, 0xF5, 0x00, 0xF5, 0xDD, 0xC8, 0xE1, 0x00, 0xE0, 0xC9, 0xB3, 0xCD, 0x00, 0xCB, 0xB5, 0x00, 0x10, 0xFF, 0xBA, 0xEE, 0x00, 0x00, 0x30, 0xFF, 0xBE, 0xCC, 0x00, 0xFF,
  0xFF, 0xFF, 0xFF, 0xFF, 0xFF, 0x00, 0x6E, 0xED, 0xDD, 0x92, 0x00, 0x00, 0x8F, 0xD3, 0xFA, 0x70, 0x00, 0xFF, 0xFF, 0xFF, 0xFF, 0xFF, 0xFF, 0x00, 0xCB, 0xD7, 0xFF, 0x35, 0x00, 0x00, 0xEE, 0xDD, 0xFF, 0x11, 0x00, 0x00, 0x00, 0x03, 0xCF, 0x00,
  0x00, 0x23, 0xAD, 0xEB, 0xFF, 0xFF, 0x00, 0xCF, 0xD0, 0x61, 0x88, 0x00, 0x00, 0xE7, 0xC8, 0x76, 0x63, 0x00, 0x00, 0x4C, 0xED, 0xF7, 0x79, 0x04, 0x00, 0x00, 0x0C, 0xD6, 0xE2, 0xD4, 0x1A, 0x00, 0x00, 0xE1, 0x1C, 0xFF, 0x89, 0x00, 0x10, 0xD4,
  0x4E, 0xFF, 0x6E, 0xFF, 0xFF, 0xFD, 0xDC, 0x80, 0x02, 0x00, 0x60, 0x81, 0x00, 0x00, 0x00, 0x5F, 0xEF, 0xC7, 0x0D, 0x00, 0x60, 0x97, 0xE8, 0x8E, 0xFF, 0x5D, 0x2A, 0xC4, 0x07, 0xF0, 0x8F, 0xFF, 0x63, 0xC7, 0x24, 0x00, 0x73, 0xF2, 0xB9, 0xA8,
  0x56, 0x00, 0x00, 0x00, 0x00, 0x60, 0xF4, 0xEF, 0xC8, 0x0E, 0x00, 0x2A, 0xC3, 0xEF, 0x8E, 0xFF, 0x5D, 0x0A, 0xC6, 0x23, 0xF0, 0x8D, 0xFF, 0x58, 0xA0, 0x54, 0x00, 0x73, 0xF2, 0xB9, 0x08, 0x00, 0x4C, 0xDB, 0xF5, 0xB9, 0x14, 0x00, 0x00, 0x00,
  0xE9, 0xA7, 0x2E, 0xFF, 0x73, 0x00, 0x00, 0x00, 0xDC, 0x8A, 0x55, 0xFC, 0x38, 0x00, 0x00, 0x00, 0x71, 0xF6, 0xD1, 0x39, 0x00, 0x00, 0x00, 0x64, 0xEF, 0x85, 0xE9, 0x2F, 0xF8, 0x77, 0x00, 0xEC, 0x92, 0x00, 0x56, 0xE7, 0xF3, 0x54, 0x00, 0xD9,
  0xD0, 0x1F, 0x10, 0xB1, 0xFF, 0x33, 0x00, 0x30, 0xBE, 0xF2, 0xEF, 0xBA, 0x7D, 0xE0, 0x23, 0xF6, 0xDD, 0xE3, 0xC9, 0xCE, 0xB5, 0x00, 0x00, 0x2F, 0xAD, 0x00, 0x1B, 0xEB, 0x4F, 0x00, 0xB0, 0xB8, 0x00, 0x23, 0xFF, 0x53, 0x00, 0x67, 0xFF, 0x18,
  0x00, 0x7D, 0xFF, 0x05, 0x00, 0x67, 0xFF, 0x19, 0x00, 0x28, 0xFF, 0x55, 0x00, 0x00, 0xB8, 0xBB, 0x00, 0x00, 0x1F, 0xF0, 0x53, 0x00, 0x00, 0x37, 0xAE, 0xAE, 0x35, 0x00, 0x00, 0x52, 0xEF, 0x1E, 0x00, 0x00, 0xBB, 0xB6, 0x00, 0x00, 0x56, 0xFF,
  0x26, 0x00, 0x1A, 0xFF, 0x65, 0x00, 0x06, 0xFF, 0x7C, 0x00, 0x18, 0xFF, 0x65, 0x00, 0x52, 0xFF, 0x20, 0x00, 0xB7, 0xAD, 0x00, 0x4F, 0xEC, 0x1B, 0x00, 0xAF, 0x37, 0x00, 0x00, 0x00, 0x00, 0xF7, 0x3E, 0x00, 0x00, 0xA1, 0x55, 0xE6, 0x5A, 0xB7,
  0x15, 0x06, 0xA8, 0xFF, 0xD7, 0x21, 0x00, 0xA0, 0x58, 0xE9, 0x60, 0xB4, 0x14, 0x00, 0x00, 0xF8, 0x40, 0x00, 0x00, 0x00, 0x00, 0xBC, 0x40, 0x00, 0x00, 0x00, 0x00, 0xBC, 0x40, 0x00, 0x00, 0xFF, 0xFF, 0xFF, 0xFF, 0xFF, 0x84, 0x00, 0x00, 0xFF,
  0x84, 0x00, 0x00, 0x00, 0x00, 0xFF, 0x84, 0x00, 0x00, 0x00, 0xCC, 0xE2, 0x25, 0x00, 0xC0, 0xFF, 0x66, 0x0C, 0xA9, 0xF7, 0x27, 0xEF, 0xC0, 0x3E, 0x00, 0xFF, 0xFF, 0xFF, 0xFF, 0xB6, 0xED, 0x3A, 0xB9, 0xEE, 0x3D, 0x00, 0x00, 0x00, 0x38, 0xC2,
  0x00, 0x00, 0x00, 0xAB, 0x50, 0x00, 0x00, 0x20, 0xD8, 0x02, 0x00, 0x00, 0x8F, 0x6C, 0x00, 0x00, 0x0E, 0xE0, 0x0B, 0x00, 0x00, 0x72, 0x87, 0x00, 0x00, 0x03, 0xDA, 0x1A, 0x00, 0x00, 0x56, 0xA3, 0x00, 0x00, 0x00, 0xC7, 0x31, 0x00, 0x00, 0x00,
  0x00, 0x68, 0xE2, 0xF3, 0xC2, 0x34, 0x00, 0x5C, 0xFC, 0x4F, 0x0E, 0x9B, 0xE9, 0x0C, 0xC9, 0xB9, 0x00, 0x0B, 0xBA, 0xFF, 0x56, 0xF0, 0x8F, 0x12, 0xC6, 0x71, 0xFF, 0x7C, 0xF8, 0x9E, 0xCF, 0x5C, 0x0B, 0xFF, 0x73, 0xD5, 0xF7, 0x4D, 0x00, 0x34,
  0xFF, 0x4E, 0x6A, 0xEF, 0x32, 0x13, 0xB7, 0xDD, 0x04, 0x03, 0x7E, 0xE1, 0xF7, 0xBB, 0x20, 0x00, 0x39, 0xAB, 0xFC, 0xA0, 0x00, 0xB2, 0x4D, 0xFF, 0xA0, 0x00, 0x00, 0x00, 0xFF, 0xA0, 0x00, 0x00, 0x00, 0xFF, 0xA0, 0x00, 0x00, 0x00, 0xFF, 0xA0,
  0x00, 0x00, 0x00, 0xFF, 0xA0, 0x00, 0x00, 0x00, 0xFF, 0xA0, 0x00, 0xFF, 0xFF, 0xFF, 0xFF, 0xFF, 0x3A, 0xD1, 0xF7, 0xCB, 0x31, 0xA6, 0x2E, 0x1B, 0xDE, 0xD0, 0x00, 0x00, 0x00, 0xA8, 0xF5, 0x00, 0x00, 0x0A, 0xE4, 0xBC, 0x00, 0x01, 0xA5, 0xF6,
  0x2D, 0x00, 0x8C, 0xFC, 0x4F, 0x00, 0x7D, 0xFE, 0x60, 0x00, 0x00, 0xFF, 0xFF, 0xFF, 0xFF, 0xFF, 0xFF, 0xFF, 0xF4, 0xCC, 0x49, 0x00, 0x00, 0x00, 0x14, 0xB9, 0xEC, 0x00, 0x00, 0x00, 0x17, 0xC3, 0xB8, 0x00, 0x00, 0xFF, 0xFF, 0xED, 0x49, 0x00,
  0x00, 0x00, 0x12, 0x82, 0xFE, 0x3F, 0x00, 0x00, 0x00, 0x0E, 0xFF, 0x73, 0x00, 0x01, 0x17, 0x8B, 0xF6, 0x29, 0xFF, 0xFE, 0xE8, 0xB6, 0x38, 0x00, 0x00, 0x00, 0x03, 0xC4, 0xFF, 0x84, 0x00, 0x00, 0x7F, 0x9D, 0xFF, 0x84, 0x00, 0x39, 0xD1, 0x0A,
  0xFF, 0x84, 0x0E, 0xD4, 0x2B, 0x00, 0xFF, 0x84, 0xA4, 0x63, 0x00, 0x00, 0xFF, 0x84, 0xFF, 0xFF, 0xFF, 0xFF, 0xFF, 0xFF, 0x00, 0x00, 0x00, 0x00, 0xFF, 0x84, 0x00, 0x00, 0x00, 0x00, 0xFF, 0x84, 0xFF, 0xFF, 0xFF, 0xFF, 0xFF, 0x00, 0xFF, 0x70,
  0x00, 0x00, 0x00, 0x00, 0xFF, 0x70, 0x00, 0x00, 0x00, 0x00, 0xFF, 0xFF, 0xF8, 0xD9, 0x7B, 0x01, 0x00, 0x01, 0x14, 0x7C, 0xFF, 0x70, 0x00, 0x00, 0x00, 0x0F, 0xFF, 0x95, 0x00, 0x00, 0x1A, 0x98, 0xF7, 0x37, 0xFF, 0xFF, 0xE9, 0xB3, 0x38, 0x00,
  0x00, 0x3C, 0xB8, 0xEB, 0xFF, 0x00, 0x39, 0xF9, 0x83, 0x1B, 0x00, 0x00, 0xB4, 0xBD, 0x00, 0x00, 0x00, 0x00, 0xEC, 0xA3, 0xC5, 0xF2, 0xA0, 0x04, 0xFA, 0xD9, 0x20, 0x51, 0xFF, 0x59, 0xE4, 0x8D, 0x00, 0x09, 0xFF, 0x77, 0x9D, 0xD4, 0x13, 0x5E,
  0xFE, 0x37, 0x16, 0xB3, 0xF3, 0xDB, 0x5F, 0x00, 0xFF, 0xFF, 0xFF, 0xFF, 0xFF, 0x00, 0x00, 0x00, 0x44, 0xC6, 0x00, 0x00, 0x00, 0xBA, 0x55, 0x00, 0x00, 0x30, 0xE0, 0x03, 0x00, 0x00, 0xA6, 0x73, 0x00, 0x00, 0x20, 0xEF, 0x0F, 0x00, 0x00, 0x93,
  0x91, 0x00, 0x00, 0x13, 0xF2, 0x23, 0x00, 0x00, 0x49, 0xD3, 0xF7, 0xDC, 0x5E, 0x00, 0xEB, 0xAA, 0x10, 0xA9, 0xF0, 0x00, 0xC2, 0xD5, 0x2E, 0xD6, 0xB2, 0x00, 0x10, 0xD9, 0xFF, 0xE1, 0x1D, 0x00, 0x8B, 0xF6, 0x43, 0xA4, 0xEA, 0x28, 0xF1, 0xAC,
  0x00, 0x11, 0xFF, 0x8E, 0xDC, 0xD6, 0x14, 0x46, 0xFF, 0x6E, 0x35, 0xC6, 0xF5, 0xE8, 0x8D, 0x03, 0x17, 0xAC, 0xF0, 0xDB, 0x51, 0x00, 0xB0, 0xD1, 0x14, 0x66, 0xFA, 0x20, 0xF3, 0x8B, 0x00, 0x0C, 0xFF, 0x68, 0xD6, 0xC6, 0x0F, 0x71, 0xFF, 0x7F,
  0x40, 0xDC, 0xF1, 0x7C, 0xFF, 0x70, 0x00, 0x00, 0x00, 0x3B, 0xFF, 0x34, 0x00, 0x13, 0x4D, 0xDD, 0xAA, 0x00, 0xFF, 0xF4, 0xCD, 0x73, 0x04, 0x00, 0xBF, 0xDA, 0x0D, 0xC0, 0xDB, 0x0D, 0x00, 0x00, 0x00, 0x00, 0x00, 0x00, 0xBF, 0xDA, 0x0D, 0xC0,
  0xDB, 0x0D, 0x00, 0xBF, 0xDA, 0x0D, 0x00, 0xC0, 0xDB, 0x0D, 0x00, 0x00, 0x00, 0x00, 0x00, 0x00, 0x00, 0x00, 0x00, 0xCC, 0xE2, 0x25, 0x00, 0xC0, 0xFF, 0x66, 0x0C, 0xAA, 0xF7, 0x27, 0xEF, 0xC0, 0x3E, 0x00, 0x00, 0x00, 0x00, 0x5A, 0xAA, 0x00,
  0x02, 0x89, 0xE7, 0x31, 0x0F, 0xB6, 0xDB, 0x22, 0x00, 0xB1, 0xFD, 0x30, 0x00, 0x00, 0x0F, 0xB6, 0xDF, 0x25, 0x00, 0x00, 0x02, 0x8A, 0xE9, 0x32, 0x00, 0x00, 0x00, 0x5B, 0xAB, 0xFF, 0xFF, 0xFF, 0xFF, 0xFF, 0x00, 0x00, 0x00, 0x00, 0x00, 0xFF,
  0xFF, 0xFF, 0xFF, 0xFF, 0xAB, 0x57, 0x00, 0x00, 0x00, 0x33, 0xE9, 0x87, 0x02, 0x00, 0x00, 0x25, 0xDF, 0xB4, 0x0F, 0x00, 0x00, 0x30, 0xFD, 0xB1, 0x00, 0x22, 0xDB, 0xB5, 0x0F, 0x31, 0xE7, 0x88, 0x02, 0x00, 0xAB, 0x58, 0x00, 0x00, 0x00, 0xF8,
  0xDD, 0x96, 0x1E, 0x00, 0x09, 0x38, 0xC1, 0xEC, 0x22, 0x00, 0x00, 0x1A, 0xFF, 0x8C, 0x00, 0x09, 0x5D, 0xFF, 0x74, 0xF2, 0xFC, 0xDD, 0x89, 0x05, 0x00, 0x00, 0x00, 0x00, 0x00, 0xC2, 0xCA, 0x00, 0x00, 0x00, 0xC4, 0xCC, 0x00, 0x00, 0x00, 0x00,
  0x04, 0x7A, 0xDD, 0xF0, 0xB7, 0x21, 0x00, 0x00, 0x9D, 0xCD, 0x2A, 0x16, 0xB0, 0xCB, 0x00, 0x3F, 0xF7, 0x1C, 0x00, 0x00, 0x2B, 0xFF, 0x22, 0xA5, 0xA3, 0x28, 0xE6, 0xEA, 0x07, 0xFF, 0x3F, 0xE2, 0x66, 0x92, 0xD0, 0xFF, 0x0D, 0xFF, 0x34, 0xF8,
  0x4E, 0xB3, 0xBE, 0xF5, 0x4C, 0xF7, 0x0E, 0xEA, 0x59, 0x7B, 0xEC, 0xB0, 0xF1, 0x72, 0x00, 0xC1, 0x8D, 0x00, 0x00, 0x00, 0x00, 0x00, 0x00, 0x4D, 0xF2, 0x4C, 0x05, 0x00, 0x00, 0x00, 0x00, 0x00, 0x69, 0xDF, 0xFA, 0xDC, 0x3E, 0x00, 0x00, 0x00,
  0x00, 0x52, 0xE5, 0x63, 0x00, 0x00, 0x00, 0x00, 0x9C, 0x6F, 0xAB, 0x00, 0x00, 0x00, 0x00, 0xD8, 0x09, 0xE5, 0x03, 0x00, 0x00, 0x31, 0xB7, 0x00, 0xBD, 0x3B, 0x00, 0x00, 0x7C, 0x77, 0x00, 0x7F, 0x83, 0x00, 0x00, 0xC6, 0xFF, 0xFF, 0xFF, 0xCB,
  0x00, 0x13, 0xED, 0x03, 0x00, 0x08, 0xF7, 0x15, 0x5B, 0xB3, 0x00, 0x00, 0x00, 0xC3, 0x5B, 0xFF, 0xFF, 0xFA, 0xD9, 0x59, 0x00, 0xFF, 0x84, 0x08, 0xB0, 0xEE, 0x00, 0xFF, 0x84, 0x0A, 0xB8, 0xC7, 0x00, 0xFF, 0xFF, 0xFF, 0xF5, 0x58, 0x00, 0xFF,
  0x84, 0x07, 0x6E, 0xFF, 0x41, 0xFF, 0x84, 0x00, 0x0A, 0xFF, 0x75, 0xFF, 0x84, 0x05, 0x66, 0xFD, 0x37, 0xFF, 0xFF, 0xF6, 0xCD, 0x55, 0x00, 0x00, 0x63, 0xE3, 0xFF, 0xFF, 0x52, 0xFF, 0x75, 0x08, 0x00, 0xC4, 0xDA, 0x00, 0x00, 0x00, 0xED, 0xAC,
  0x00, 0x00, 0x00, 0xF3, 0xAB, 0x00, 0x00, 0x00, 0xD2, 0xD5, 0x00, 0x00, 0x00, 0x71, 0xFF, 0x6C, 0x08, 0x00, 0x04, 0x83, 0xE1, 0xFF, 0xFF, 0xFF, 0xFF, 0xEC, 0xBB, 0x30, 0x00, 0xFF, 0x84, 0x10, 0xA9, 0xF3, 0x1D, 0xFF, 0x84, 0x00, 0x2B, 0xFF,
  0x76, 0xFF, 0x84, 0x00, 0x0A, 0xFF, 0x99, 0xFF, 0x84, 0x00, 0x0B, 0xFF, 0x92, 0xFF, 0x84, 0x00, 0x34, 0xFF, 0x66, 0xFF, 0x84, 0x18, 0xBA, 0xE4, 0x0E, 0xFF, 0xFE, 0xE9, 0xA8, 0x20, 0x00, 0xFF, 0xFF, 0xFF, 0xFF, 0xFF, 0x84, 0x00, 0x00, 0xFF,
  0x84, 0x00, 0x00, 0xFF, 0xFF, 0xFF, 0xE0, 0xFF, 0x84, 0x00, 0x00, 0xFF, 0x84, 0x00, 0x00, 0xFF, 0x84, 0x00, 0x00, 0xFF, 0xFF, 0xFF, 0xFF, 0xFF, 0xFF, 0xFF, 0xFF, 0xFF, 0x84, 0x00, 0x00, 0xFF, 0x84, 0x00, 0x00, 0xFF, 0xFF, 0xFF, 0xD8, 0xFF,
  0x84, 0x00, 0x00, 0xFF, 0x84, 0x00, 0x00, 0xFF, 0x84, 0x00, 0x00, 0xFF, 0x84, 0x00, 0x00, 0x00, 0x2E, 0xAD, 0xEC, 0xFF, 0xFF, 0x84, 0x23, 0xF4, 0xBD, 0x30, 0x04, 0x00, 0x00, 0xB2, 0xEC, 0x0F, 0x00, 0x00, 0x00, 0x00, 0xF2, 0xB3, 0x00, 0x88,
  0xFF, 0xFF, 0x84, 0xF7, 0xAD, 0x00, 0x00, 0x00, 0xFF, 0x84, 0xC9, 0xDF, 0x02, 0x00, 0x00, 0xFF, 0x84, 0x42, 0xFF, 0x90, 0x19, 0x0F, 0xFF, 0x84, 0x00, 0x43, 0xC0, 0xED, 0xF8, 0xCF, 0x4B, 0xFF, 0x84, 0x00, 0x84, 0xFF, 0xFF, 0x84, 0x00, 0x84,
  0xFF, 0xFF, 0x84, 0x00, 0x84, 0xFF, 0xFF, 0xFF, 0xFF, 0xFF, 0xFF, 0xFF, 0x84, 0x00, 0x84, 0xFF, 0xFF, 0x84, 0x00, 0x84, 0xFF, 0xFF, 0x84, 0x00, 0x84, 0xFF, 0xFF, 0x84, 0x00, 0x84, 0xFF, 0xFF, 0xFF, 0xFF, 0xFF, 0xFF, 0x84, 0x00, 0x00, 0xFF,
  0x84, 0x00, 0x00, 0x00, 0x00, 0xFF, 0x84, 0x00, 0x00, 0x00, 0x00, 0xFF, 0x84, 0x00, 0x00, 0x00, 0x00, 0xFF, 0x84, 0x00, 0x00, 0x00, 0x00, 0xFF, 0x84, 0x00, 0x00, 0x00, 0x00, 0xFF, 0x84, 0x00, 0x00, 0xFF, 0xFF, 0xFF, 0xFF, 0xFF, 0x84, 0xFF,
  0xFF, 0xFF, 0xFF, 0x84, 0x00, 0x00, 0x00, 0xFF, 0x84, 0x00, 0x00, 0x00, 0xFF, 0x84, 0x00, 0x00, 0x00, 0xFF, 0x84, 0x00, 0x00, 0x00, 0xFF, 0x84, 0x00, 0x00, 0x04, 0xFF, 0x7E, 0x8C, 0x0D, 0x5E, 0xFF, 0x46, 0x77, 0xEE, 0xE4, 0x7C, 0x00, 0xFF,
  0x84, 0x00, 0x4B, 0xDC, 0x0A, 0xFF, 0x84, 0x06, 0xD9, 0x3E, 0x00, 0xFF, 0x84, 0x79, 0x92, 0x00, 0x00, 0xFF, 0x9F, 0xD1, 0x0B, 0x00, 0x00, 0xFF, 0xB9, 0xD3, 0x08, 0x00, 0x00, 0xFF, 0x84, 0x96, 0x8F, 0x00, 0x00, 0xFF, 0x84, 0x0E, 0xE3, 0x44,
  0x00, 0xFF, 0x84, 0x00, 0x51, 0xE4, 0x11, 0xFF, 0x84, 0x00, 0x00, 0xFF, 0x84, 0x00, 0x00, 0xFF, 0x84, 0x00, 0x00, 0xFF, 0x84, 0x00, 0x00, 0xFF, 0x84, 0x00, 0x00, 0xFF, 0x84, 0x00, 0x00, 0xFF, 0x84, 0x00, 0x00, 0xFF, 0xFF, 0xFF, 0xFF, 0x4C,
  0xFF, 0x25, 0x00, 0x1B, 0xFD, 0x5D, 0x52, 0xC1, 0x7F, 0x00, 0x79, 0xB6, 0x62, 0x59, 0x80, 0xB1, 0x00, 0xA0, 0x80, 0x67, 0x5F, 0x80, 0x78, 0x6B, 0x65, 0x80, 0x6C, 0x66, 0x80, 0x1B, 0xE7, 0x0E, 0x80, 0x71, 0x6C, 0x80, 0x00, 0x00, 0x00, 0x80,
  0x76, 0x73, 0x80, 0x00, 0x00, 0x00, 0x80, 0x7B, 0x79, 0x80, 0x00, 0x00, 0x00, 0x80, 0x81, 0xFF, 0xDB, 0x00, 0x84, 0xFF, 0xFF, 0xE3, 0x1D, 0x84, 0xFF, 0xFF, 0xA7, 0x5D, 0x84, 0xFF, 0xFF, 0x84, 0x82, 0x84, 0xFF, 0xFF, 0x84, 0x83, 0x84, 0xFF,
  0xFF, 0x84, 0x62, 0xA3, 0xFF, 0xFF, 0x84, 0x21, 0xE1, 0xFF, 0xFF, 0x84, 0x00, 0xE0, 0xFF, 0x01, 0x82, 0xE1, 0xF2, 0x8E, 0x03, 0x6B, 0xF7, 0x3A, 0x37, 0xF6, 0x75, 0xD0, 0xB0, 0x00, 0x00, 0xAF, 0xD1, 0xF7, 0x8C, 0x00, 0x00, 0x8D, 0xF2, 0xF3,
  0x8C, 0x00, 0x00, 0x8E, 0xF6, 0xD5, 0xAD, 0x00, 0x00, 0xB3, 0xCC, 0x7A, 0xF5, 0x35, 0x3C, 0xF8, 0x5D, 0x05, 0x97, 0xF3, 0xE3, 0x77, 0x01, 0xFF, 0xFF, 0xFB, 0xDD, 0x7A, 0x01, 0xFF, 0x84, 0x06, 0x6A, 0xFF, 0x6A, 0xFF, 0x84, 0x00, 0x0A, 0xFF,
  0x94, 0xFF, 0x84, 0x07, 0x6F, 0xFF, 0x4C, 0xFF, 0xFF, 0xFB, 0xD8, 0x66, 0x00, 0xFF, 0x84, 0x00, 0x00, 0x00, 0x00, 0xFF, 0x84, 0x00, 0x00, 0x00, 0x00, 0xFF, 0x84, 0x00, 0x00, 0x00, 0x00, 0x00, 0x68, 0xD4, 0xF7, 0xCD, 0x34, 0x00, 0x59, 0xFF,
  0x63, 0x15, 0xAF, 0xF3, 0x13, 0xC7, 0xD2, 0x00, 0x00, 0x31, 0xFF, 0x6E, 0xF5, 0xA8, 0x00, 0x00, 0x0B, 0xFF, 0x91, 0xF5, 0xAA, 0x00, 0x00, 0x0B, 0xFF, 0x8C, 0xD5, 0xD1, 0x00, 0x00, 0x36, 0xFF, 0x64, 0x75, 0xFF, 0x5B, 0x16, 0xB5, 0xE8, 0x0B,
  0x02, 0x8A, 0xEA, 0xFF, 0xD8, 0x27, 0x00, 0x00, 0x00, 0x00, 0xE3, 0xAB, 0x04, 0x00, 0x00, 0x00, 0x00, 0x51, 0xE5, 0xFF, 0x73, 0xFF, 0xFF, 0xFC, 0xE0, 0x88, 0x03, 0x00, 0xFF, 0x84, 0x04, 0x62, 0xFF, 0x69, 0x00, 0xFF, 0x84, 0x00, 0x0B, 0xFF,
  0x94, 0x00, 0xFF, 0x84, 0x06, 0x74, 0xFF, 0x4F, 0x00, 0xFF, 0xFF, 0xFF, 0xFA, 0x77, 0x00, 0x00, 0xFF, 0x84, 0x0B, 0x8B, 0xFD, 0x30, 0x00, 0xFF, 0x84, 0x00, 0x01, 0xB4, 0xC0, 0x00, 0xFF, 0x84, 0x00, 0x00, 0x11, 0xDE, 0x55, 0x2D, 0xBD, 0xF2,
  0xFF, 0xA0, 0x00, 0xD6, 0xD2, 0x19, 0x00, 0x00, 0x00, 0xEA, 0xCF, 0x08, 0x00, 0x00, 0x00, 0x58, 0xF6, 0xDE, 0x6F, 0x0C, 0x00, 0x00, 0x17, 0x7F, 0xED, 0xE3, 0x24, 0x00, 0x00, 0x00, 0x28, 0xFF, 0x8D, 0x00, 0x00, 0x07, 0x5A, 0xFF, 0x6B, 0xFF,
  0xFF, 0xFA, 0xDC, 0x81, 0x02, 0xFF, 0xFF, 0xFF, 0xFF, 0xFF, 0x84, 0x00, 0x00, 0xFF, 0x84, 0x00, 0x00, 0x00, 0x00, 0xFF, 0x84, 0x00, 0x00, 0x00, 0x00, 0xFF, 0x84, 0x00, 0x00, 0x00, 0x00, 0xFF, 0x84, 0x00, 0x00, 0x00, 0x00, 0xFF, 0x84, 0x00,
  0x00, 0x00, 0x00, 0xFF, 0x84, 0x00, 0x00, 0x00, 0x00, 0xFF, 0x84, 0x00, 0x00, 0xFF, 0x84, 0x00, 0x00, 0xFF, 0x84, 0xFF, 0x84, 0x00, 0x00, 0xFF, 0x84, 0xFF, 0x84, 0x00, 0x00, 0xFF, 0x84, 0xFF, 0x84, 0x00, 0x00, 0xFF, 0x84, 0xFF, 0x84, 0x00,
  0x00, 0xFF, 0x84, 0xF8, 0x8B, 0x00, 0x09, 0xFF, 0x74, 0xC6, 0xCF, 0x11, 0x66, 0xFE, 0x34, 0x2A, 0xC3, 0xF4, 0xDD, 0x65, 0x00, 0x5D, 0xCD, 0x00, 0x00, 0x00, 0xBF, 0x59, 0x16, 0xFC, 0x13, 0x00, 0x0B, 0xF5, 0x12, 0x00, 0xCE, 0x54, 0x00, 0x4B,
  0xC2, 0x00, 0x00, 0x86, 0x98, 0x00, 0x91, 0x77, 0x00, 0x00, 0x3F, 0xDB, 0x00, 0xD6, 0x2B, 0x00, 0x00, 0x05, 0xF2, 0x3A, 0xDF, 0x00, 0x00, 0x00, 0x00, 0xB0, 0xC1, 0x94, 0x00, 0x00, 0x00, 0x00, 0x68, 0xFF, 0x49, 0x00, 0x00, 0x79, 0xFF, 0x07,
  0x00, 0x00, 0xF2, 0x77, 0x69, 0xFF, 0x0E, 0x00, 0x00, 0xF6, 0x67, 0x59, 0xFF, 0x15, 0x00, 0x00, 0xF9, 0x57, 0x49, 0xFF, 0x1C, 0xC9, 0x01, 0xFD, 0x47, 0x39, 0xFF, 0x37, 0xDA, 0x2E, 0xFF, 0x37, 0x29, 0xFF, 0x76, 0x93, 0x70, 0xFF, 0x27, 0x19,
  0xFF, 0xC4, 0x45, 0xBD, 0xFF, 0x17, 0x08, 0xFF, 0xF8, 0x05, 0xF8, 0xFF, 0x07, 0xA5, 0x90, 0x00, 0x00, 0x81, 0xB4, 0x00, 0x0E, 0xDD, 0x3C, 0x21, 0xF0, 0x24, 0x00, 0x00, 0x3B, 0xD6, 0xB6, 0x87, 0x00, 0x00, 0x00, 0x00, 0x94, 0xF0, 0x0C, 0x00,
  0x00, 0x00, 0x08, 0xDD, 0xE8, 0x5C, 0x00, 0x00, 0x00, 0x80, 0xC3, 0x25, 0xE8, 0x29, 0x00, 0x22, 0xF4, 0x30, 0x00, 0x62, 0xD4, 0x0A, 0xB3, 0x97, 0x00, 0x00, 0x00, 0xAB, 0x9F, 0xB3, 0xE8, 0x0C, 0x00, 0x00, 0x6D, 0xFE, 0x38, 0x22, 0xF7, 0x81,
  0x00, 0x08, 0xE5, 0x9E, 0x00, 0x00, 0x80, 0xF4, 0x18, 0x6F, 0xF0, 0x16, 0x00, 0x00, 0x08, 0xDE, 0x9A, 0xE6, 0x6D, 0x00, 0x00, 0x00, 0x00, 0x4D, 0xFF, 0xD1, 0x03, 0x00, 0x00, 0x00, 0x00, 0x00, 0xFF, 0x84, 0x00, 0x00, 0x00, 0x00, 0x00, 0x00,
  0xFF, 0x84, 0x00, 0x00, 0x00, 0x00, 0x00, 0x00, 0xFF, 0x84, 0x00, 0x00, 0x00, 0xFF, 0xFF, 0xFF, 0xFF, 0xE2, 0x00, 0x00, 0x00, 0x90, 0x5C, 0x00, 0x00, 0x23, 0xC6, 0x01, 0x00, 0x00, 0xAC, 0x40, 0x00, 0x00, 0x3A, 0xAF, 0x00, 0x00, 0x00, 0xC2,
  0x26, 0x00, 0x00, 0x57, 0x93, 0x00, 0x00, 0x00, 0xDE, 0xFF, 0xFF, 0xFF, 0xFF, 0x70, 0xFF, 0xFF, 0xFF, 0x70, 0xFF, 0x00, 0x00, 0x70, 0xFF, 0x00, 0x00, 0x70, 0xFF, 0x00, 0x00, 0x70, 0xFF, 0x00, 0x00, 0x70, 0xFF, 0x00, 0x00, 0x70, 0xFF, 0x00,
  0x00, 0x70, 0xFF, 0x00, 0x00, 0x70, 0xFF, 0x00, 0x00, 0x70, 0xFF, 0xFF, 0xFF, 0xC7, 0x31, 0x00, 0x00, 0x00, 0x56, 0xA3, 0x00, 0x00, 0x00, 0x03, 0xDA, 0x1A, 0x00, 0x00, 0x00, 0x72, 0x87, 0x00, 0x00, 0x00, 0x0E, 0xE0, 0x0B, 0x00, 0x00, 0x00,
  0x8F, 0x6C, 0x00, 0x00, 0x00, 0x20, 0xD8, 0x02, 0x00, 0x00, 0x00, 0xAB, 0x50, 0x00, 0x00, 0x00, 0x39, 0xC2, 0xFF, 0xFF, 0xFF, 0x84, 0x00, 0x00, 0xFF, 0x84, 0x00, 0x00, 0xFF, 0x84, 0x00, 0x00, 0xFF, 0x84, 0x00, 0x00, 0xFF, 0x84, 0x00, 0x00,
  0xFF, 0x84, 0x00, 0x00, 0xFF, 0x84, 0x00, 0x00, 0xFF, 0x84, 0x00, 0x00, 0xFF, 0x84, 0xFF, 0xFF, 0xFF, 0x84, 0x00, 0x00, 0x46, 0xFD, 0x4F, 0x00, 0x00, 0x00, 0x0A, 0xDD, 0x62, 0xE2, 0x0C, 0x00, 0x00, 0x8C, 0xAE, 0x00, 0xB9, 0x8F, 0x00, 0x32,
  0xFB, 0x30, 0x00, 0x40, 0xFC, 0x33, 0xFF, 0xFF, 0xFF, 0xFF, 0xFF, 0xFF, 0xFF, 0x80, 0xFF, 0x66, 0x00, 0x00, 0x80, 0xF6, 0x2D, 0x00, 0xFF, 0xFF, 0xF3, 0xAF, 0x0C, 0x00, 0x00, 0x00, 0x29, 0xFF, 0x6D, 0x3B, 0xCC, 0xF8, 0xFF, 0xFF, 0x84, 0xDD,
  0xD0, 0x13, 0x00, 0xFF, 0x84, 0xEF, 0xC0, 0x10, 0x7B, 0xFF, 0x84, 0x65, 0xEB, 0xE8, 0x86, 0xE1, 0x84, 0xFF, 0x84, 0x00, 0x00, 0x00, 0x00, 0xFF, 0x84, 0x00, 0x00, 0x00, 0x00, 0xFF, 0x9D, 0xBC, 0xF0, 0x9C, 0x02, 0xFF, 0xE8, 0x30, 0x58, 0xFF,
  0x48, 0xFF, 0x85, 0x00, 0x09, 0xFF, 0x78, 0xFF, 0x84, 0x00, 0x13, 0xFF, 0x6A, 0xFF, 0x96, 0x09, 0x7E, 0xF6, 0x22, 0xB8, 0xEE, 0xF6, 0xCB, 0x44, 0x00, 0x07, 0x85, 0xE0, 0xFE, 0xFF, 0x8D, 0xF6, 0x4A, 0x04, 0x00, 0xE6, 0x9C, 0x00, 0x00, 0x00,
  0xEE, 0x96, 0x00, 0x00, 0x00, 0xA8, 0xEE, 0x3C, 0x03, 0x00, 0x13, 0xA0, 0xE8, 0xFF, 0xFF, 0x00, 0x00, 0x00, 0x00, 0xFF, 0x84, 0x00, 0x00, 0x00, 0x00, 0xFF, 0x84, 0x11, 0xA3, 0xED, 0xF1, 0xFF, 0x84, 0x9E, 0xE4, 0x25, 0x15, 0xFF, 0x84, 0xE8,
  0x93, 0x00, 0x00, 0xFF, 0x84, 0xF5, 0x8D, 0x00, 0x06, 0xFF, 0x84, 0xC6, 0xD0, 0x12, 0x9E, 0xFB, 0x84, 0x36, 0xDC, 0xED, 0x71, 0xD7, 0x84, 0x0D, 0x9E, 0xEC, 0xE5, 0x81, 0x00, 0x9A, 0xC0, 0x10, 0x3D, 0xFF, 0x4C, 0xEB, 0xFF, 0xFF, 0xFF, 0xFF,
  0x7D, 0xEF, 0x95, 0x00, 0x00, 0x00, 0x00, 0xB1, 0xEB, 0x35, 0x01, 0x00, 0x00, 0x1D, 0xB2, 0xEF, 0xFF, 0xFF, 0x00, 0x00, 0x00, 0x2D, 0xB9, 0xED, 0xFF, 0xFF, 0x00, 0x00, 0xD3, 0xC7, 0x1C, 0x00, 0x00, 0x00, 0x00, 0xFE, 0x84, 0x00, 0x00, 0x00,
  0xFF, 0xFF, 0xFF, 0xFF, 0xFF, 0xFF, 0x00, 0x00, 0x00, 0xFF, 0x84, 0x00, 0x00, 0x00, 0x00, 0x00, 0xFF, 0x84, 0x00, 0x00, 0x00, 0x00, 0x00, 0xFF, 0x84, 0x00, 0x00, 0x00, 0x00, 0x00, 0xFF, 0x84, 0x00, 0x00, 0x00, 0x2F, 0xBC, 0xF2, 0xFF, 0xFF,
  0xFF, 0x84, 0xDB, 0xBC, 0x10, 0x46, 0xFF, 0x5F, 0x00, 0xE8, 0xBA, 0x0D, 0x45, 0xFF, 0x60, 0x00, 0xA4, 0xE5, 0xF8, 0xE7, 0x8A, 0x02, 0x00, 0xF3, 0x94, 0x11, 0x05, 0x00, 0x00, 0x00, 0xB8, 0xFF, 0xF1, 0xFD, 0xDC, 0x3E, 0x00, 0xEE, 0xC1, 0x0A,
  0x38, 0xFF, 0x8C, 0x00, 0x7E, 0xE3, 0xFA, 0xEA, 0xA7, 0x15, 0x00, 0xFF, 0x84, 0x00, 0x00, 0x00, 0x00, 0xFF, 0x84, 0x00, 0x00, 0x00, 0x00, 0xFF, 0x9D, 0xBC, 0xF7, 0xBE, 0x0F, 0xFF, 0xEF, 0x3B, 0x39, 0xFF, 0x6A, 0xFF, 0x87, 0x00, 0x01, 0xFF,
  0x83, 0xFF, 0x84, 0x00, 0x00, 0xFF, 0x84, 0xFF, 0x84, 0x00, 0x00, 0xFF, 0x84, 0xFF, 0x84, 0x00, 0x00, 0xFF, 0x84, 0x00, 0x00, 0xC0, 0xDC, 0x0D, 0x00, 0x00, 0xC0, 0xDC, 0x0D, 0x00, 0x00, 0x00, 0x00, 0x00, 0xFF, 0xFF, 0xFF, 0x84, 0x00, 0x00,
  0x00, 0xFF, 0x84, 0x00, 0x00, 0x00, 0xFF, 0x84, 0x00, 0x00, 0x00, 0xFF, 0x84, 0x00, 0x00, 0x00, 0xFF, 0x84, 0x00, 0xFF, 0xFF, 0xFF, 0xFF, 0xFF, 0x00, 0x0E, 0xDC, 0xBD, 0x00, 0x0F, 0xDD, 0xBE, 0x00, 0x00, 0x00, 0x00, 0xFF, 0xFF, 0xFF, 0xFF,
  0x00, 0x00, 0x84, 0xFF, 0x00, 0x00, 0x84, 0xFF, 0x00, 0x00, 0x84, 0xFF, 0x00, 0x00, 0x84, 0xFF, 0x00, 0x00, 0x84, 0xFB, 0x00, 0x0C, 0xB1, 0xCD, 0xFF, 0xFB, 0xCF, 0x33, 0xFF, 0x84, 0x00, 0x00, 0x00, 0x00, 0xFF, 0x84, 0x00, 0x00, 0x00, 0x00,
  0xFF, 0x84, 0x00, 0x59, 0xFE, 0x85, 0xFF, 0x84, 0x41, 0xF9, 0x91, 0x00, 0xFF, 0xAF, 0xF0, 0x9E, 0x01, 0x00, 0xFF, 0xA3, 0xEA, 0xAF, 0x02, 0x00, 0xFF, 0x84, 0x3E, 0xFA, 0x94, 0x00, 0xFF, 0x84, 0x00, 0x68, 0xFF, 0x77, 0xFF, 0xFF, 0xFF, 0x84,
  0x00, 0x00, 0x00, 0xFF, 0x84, 0x00, 0x00, 0x00, 0xFF, 0x84, 0x00, 0x00, 0x00, 0xFF, 0x84, 0x00, 0x00, 0x00, 0xFF, 0x84, 0x00, 0x00, 0x00, 0xFF, 0x84, 0x00, 0x00, 0x00, 0xFF, 0x84, 0x00, 0xFF, 0xFF, 0xFF, 0xFF, 0xFF, 0xFF, 0x98, 0xEF, 0x73,
  0xF0, 0x3D, 0xFF, 0xB1, 0xFF, 0xB1, 0xFF, 0x7E, 0xFF, 0x86, 0xFF, 0x86, 0xFF, 0x84, 0xFF, 0x84, 0xFF, 0x84, 0xFF, 0x84, 0xFF, 0x84, 0xFF, 0x84, 0xFF, 0x84, 0xFF, 0x84, 0xFF, 0x84, 0xFF, 0x84, 0xFF, 0x8C, 0xC8, 0xF8, 0xBE, 0x0F, 0xFF, 0xEE,
  0x37, 0x3A, 0xFF, 0x6A, 0xFF, 0x87, 0x00, 0x01, 0xFF, 0x83, 0xFF, 0x84, 0x00, 0x00, 0xFF, 0x84, 0xFF, 0x84, 0x00, 0x00, 0xFF, 0x84, 0xFF, 0x84, 0x00, 0x00, 0xFF, 0x84, 0x11, 0xA7, 0xEF, 0xE0, 0x69, 0x00, 0xA0, 0xDE, 0x1B, 0x70, 0xFE, 0x33,
  0xEB, 0x90, 0x00, 0x0E, 0xFF, 0x72, 0xEE, 0x8F, 0x00, 0x0E, 0xFF, 0x6C, 0xAF, 0xDB, 0x18, 0x72, 0xFB, 0x25, 0x1C, 0xB8, 0xF3, 0xD9, 0x55, 0x00, 0xFF, 0x8E, 0xC1, 0xF0, 0x9B, 0x01, 0xFF, 0xE8, 0x30, 0x58, 0xFF, 0x45, 0xFF, 0x85, 0x00, 0x09,
  0xFF, 0x77, 0xFF, 0x84, 0x00, 0x10, 0xFF, 0x6B, 0xFF, 0x96, 0x0A, 0x81, 0xFA, 0x27, 0xFF, 0xFA, 0xFB, 0xD9, 0x54, 0x00, 0xFF, 0x84, 0x00, 0x00, 0x00, 0x00, 0xFF, 0x84, 0x00, 0x00, 0x00, 0x00, 0x0D, 0x9F, 0xEA, 0xF1, 0xDC, 0x7F, 0x99, 0xE5,
  0x26, 0x15, 0xFF, 0x84, 0xE9, 0x94, 0x00, 0x00, 0xFF, 0x84, 0xF5, 0x8D, 0x00, 0x06, 0xFF, 0x84, 0xC6, 0xD0, 0x12, 0x9E, 0xFF, 0x84, 0x39, 0xDE, 0xED, 0x70, 0xFA, 0x84, 0x00, 0x00, 0x00, 0x00, 0xFF, 0x84, 0x00, 0x00, 0x00, 0x00, 0xFF, 0x84,
  0xFF, 0x8B, 0xBA, 0xF3, 0xCA, 0x18, 0xFF, 0xD7, 0x31, 0x2C, 0xFF, 0x74, 0xFF, 0x84, 0x00, 0x00, 0x00, 0x00, 0xFF, 0x84, 0x00, 0x00, 0x00, 0x00, 0xFF, 0x84, 0x00, 0x00, 0x00, 0x00, 0xFF, 0x84, 0x00, 0x00, 0x00, 0x00, 0x5A, 0xDB, 0xFD, 0xFF,
  0x00, 0xF0, 0xA4, 0x05, 0x00, 0x00, 0xAC, 0xF4, 0x8A, 0x23, 0x00, 0x02, 0x4F, 0xBD, 0xFA, 0x40, 0x00, 0x00, 0x28, 0xFF, 0x75, 0xFF, 0xFF, 0xF6, 0xB1, 0x12, 0x00, 0x58, 0xE5, 0x0F, 0x00, 0x00, 0x74, 0xFF, 0x10, 0x00, 0xFF, 0xFF, 0xFF, 0xFF,
  0xFF, 0x00, 0x74, 0xFF, 0x10, 0x00, 0x00, 0x74, 0xFF, 0x10, 0x00, 0x00, 0x74, 0xFF, 0x10, 0x00, 0x00, 0x61, 0xFF, 0x47, 0x00, 0x00, 0x0D, 0xBD, 0xF9, 0xFF, 0xFF, 0x84, 0x00, 0x00, 0xFF, 0x84, 0xFF, 0x84, 0x00, 0x00, 0xFF, 0x84, 0xFF, 0x84,
  0x00, 0x00, 0xFF, 0x84, 0xFF, 0x85, 0x00, 0x03, 0xFF, 0x84, 0xE7, 0xB8, 0x0D, 0x99, 0xFF, 0x84, 0x60, 0xEB, 0xEE, 0x82, 0xE0, 0x84, 0x4E, 0xD1, 0x00, 0x00, 0x00, 0xCC, 0x4B, 0x03, 0xE4, 0x26, 0x00, 0x21, 0xE0, 0x02, 0x00, 0x82, 0x7B, 0x00,
  0x78, 0x7B, 0x00, 0x00, 0x1E, 0xCD, 0x00, 0xC8, 0x18, 0x00, 0x00, 0x00, 0xB5, 0x47, 0xAA, 0x00, 0x00, 0x00, 0x00, 0x4F, 0xDB, 0x43, 0x00, 0x00, 0x66, 0x99, 0x00, 0x00, 0x00, 0x81, 0x79, 0x30, 0xCE, 0x00, 0xE5, 0x17, 0x7B, 0x6C, 0x04, 0xF1,
  0x0F, 0xC8, 0x78, 0x74, 0x5F, 0x00, 0xC6, 0x5B, 0x57, 0xCE, 0x6F, 0x53, 0x00, 0x90, 0xBC, 0x29, 0x9B, 0xBE, 0x46, 0x00, 0x5B, 0xFD, 0x07, 0x39, 0xFF, 0x3A, 0x00, 0x9C, 0x9F, 0x00, 0x93, 0x9B, 0x00, 0x00, 0x08, 0xCC, 0x78, 0xC9, 0x07, 0x00,
  0x00, 0x00, 0x59, 0xF2, 0x5D, 0x00, 0x00, 0x00, 0x1C, 0xD1, 0x26, 0xD5, 0x1F, 0x00, 0x07, 0xC8, 0x52, 0x00, 0x55, 0xCB, 0x07, 0x9B, 0xA8, 0x00, 0x00, 0x00, 0xAC, 0x9C, 0x4D, 0xD3, 0x00, 0x00, 0x00, 0xD0, 0x3F, 0x03, 0xE3, 0x2B, 0x00, 0x32,
  0xBF, 0x00, 0x00, 0x80, 0x83, 0x00, 0x93, 0x3F, 0x00, 0x00, 0x1C, 0xD7, 0x07, 0xAC, 0x00, 0x00, 0x00, 0x00, 0xB2, 0x95, 0x48, 0x00, 0x00, 0x00, 0x00, 0x4B, 0xE3, 0x03, 0x00, 0x00, 0x00, 0x0E, 0x92, 0x64, 0x00, 0x00, 0x00, 0x80, 0xEC, 0x92,
  0x01, 0x00, 0x00, 0x00, 0xFF, 0xFF, 0xFF, 0xFF, 0xDF, 0x00, 0x00, 0x00, 0x98, 0x2E, 0x00, 0x00, 0x73, 0x52, 0x00, 0x00, 0x48, 0x7D, 0x00, 0x00, 0x25, 0x9E, 0x01, 0x00, 0x00, 0xD7, 0xFF, 0xFF, 0xFF, 0xFF, 0x00, 0x00, 0x5C, 0xDF, 0xFC, 0x00,
  0x00, 0xF1, 0xA8, 0x08, 0x00, 0x00, 0xFF, 0x70, 0x00, 0x04, 0x3E, 0xFF, 0x5E, 0x00, 0xFF, 0xFF, 0xD0, 0x0A, 0x00, 0x05, 0x4E, 0xFF, 0x5A, 0x00, 0x00, 0x00, 0xFF, 0x70, 0x00, 0x00, 0x00, 0xFF, 0x70, 0x00, 0x00, 0x00, 0xE9, 0xAE, 0x09, 0x00,
  0x00, 0x55, 0xDC, 0xFC, 0xFF, 0x70, 0xFF, 0x70, 0xFF, 0x70, 0xFF, 0x70, 0xFF, 0x70, 0xFF, 0x70, 0xFF, 0x70, 0xFF, 0x70, 0xFF, 0x70, 0xFF, 0x70, 0xFF, 0x70, 0xFF, 0x70, 0xFC, 0xDE, 0x5B, 0x00, 0x00, 0x08, 0xA8, 0xEF, 0x00, 0x00, 0x00, 0x70,
  0xFF, 0x00, 0x00, 0x00, 0x5F, 0xFF, 0x45, 0x04, 0x00, 0x0A, 0xCF, 0xFF, 0xFF, 0x00, 0x59, 0xFF, 0x43, 0x04, 0x00, 0x70, 0xFF, 0x00, 0x00, 0x00, 0x70, 0xFF, 0x00, 0x00, 0x08, 0xAD, 0xE8, 0x00, 0x00, 0xFC, 0xDB, 0x53, 0x00, 0x00, 0x6F, 0xF1,
  0xD2, 0x4C, 0x27, 0xFF, 0x5C, 0xEF, 0x95, 0x1F, 0xA4, 0xF6, 0xC7, 0x0D, 0x00, 0xC3, 0xCA, 0xC3, 0xCA, 0x00, 0x00, 0xD2, 0x75, 0xDC, 0x82, 0xE6, 0x8F, 0xF1, 0x9C, 0xFB, 0xA9, 0x00, 0x00, 0x00, 0xE0, 0x00, 0x00, 0x00, 0x0D, 0xD2, 0x00, 0x0A,
  0x91, 0xE8, 0xFF, 0xFF, 0x95, 0xAA, 0x5B, 0x98, 0x00, 0xE9, 0x18, 0x64, 0x7A, 0x00, 0xF1, 0x10, 0x81, 0x5C, 0x00, 0xAC, 0x93, 0xA4, 0x3E, 0x00, 0x13, 0xA4, 0xF8, 0xFF, 0xFF, 0x00, 0x00, 0xD3, 0x06, 0x00, 0x00, 0x00, 0xD8, 0x00, 0x00, 0x00,
  0x4A, 0xDE, 0xF1, 0x68, 0x00, 0xE2, 0xB8, 0x0E, 0x86, 0x00, 0xFF, 0x84, 0x00, 0x00, 0xFF, 0xFF, 0xFF, 0xFF, 0x00, 0x00, 0xFF, 0x84, 0x00, 0x00, 0x00, 0xFF, 0x84, 0x00, 0x00, 0x00, 0xFF, 0x84, 0x00, 0x00, 0xFF, 0xFF, 0xFF, 0xFF, 0xFF, 0x59,
  0xAE, 0x00, 0x00, 0x50, 0xA6, 0x10, 0x4D, 0xE1, 0xE1, 0xEE, 0xF0, 0x89, 0x0D, 0x00, 0xC8, 0xB8, 0x49, 0xFF, 0x42, 0x00, 0x00, 0xF7, 0x88, 0x19, 0xFF, 0x66, 0x00, 0x00, 0xD7, 0xB4, 0x50, 0xFF, 0x38, 0x00, 0x48, 0xDF, 0xE1, 0xF2, 0xEE, 0x8F,
  0x0E, 0x59, 0xAE, 0x00, 0x00, 0x52, 0xA7, 0x10, 0xBD, 0xDE, 0x01, 0x4A, 0xFF, 0x40, 0x38, 0xFF, 0x42, 0xA4, 0xBB, 0x00, 0x00, 0xB3, 0xAB, 0xF3, 0x37, 0x00, 0x00, 0x2F, 0xFF, 0xB3, 0x00, 0x00, 0x00, 0xFF, 0xFF, 0xFF, 0xFF, 0x00, 0x00, 0x00,
  0xFF, 0x84, 0x00, 0x00, 0x00, 0xFF, 0xFF, 0xFF, 0xFF, 0x00, 0x00, 0x00, 0xFF, 0x84, 0x00, 0x00, 0xFF, 0x70, 0xFF, 0x70, 0xFF, 0x70, 0xFF, 0x70, 0xFF, 0x70, 0x00, 0x00, 0x00, 0x00, 0xFF, 0x70, 0xFF, 0x70, 0xFF, 0x70, 0xFF, 0x70, 0xFF, 0x70,
  0x00, 0x46, 0xD0, 0xF9, 0xFF, 0x00, 0x00, 0xE9, 0xAB, 0x08, 0x00, 0x00, 0x00, 0xCC, 0xE1, 0x2C, 0x00, 0x00, 0x6E, 0xDE, 0xA6, 0xF7, 0x64, 0x00, 0xF1, 0x92, 0x00, 0x82, 0xFE, 0x3B, 0xA9, 0xE9, 0x24, 0x0F, 0xFF, 0x79, 0x08, 0x97, 0xED, 0xA3,
  0xF8, 0x2F, 0x00, 0x00, 0x32, 0xE0, 0xC9, 0x00, 0x00, 0x00, 0x11, 0xB5, 0xE6, 0x00, 0xFF, 0xFF, 0xF4, 0xBD, 0x30, 0x00, 0xC6, 0xAC, 0x00, 0xC6, 0xAC, 0x00, 0x4A, 0xD6, 0xF9, 0xD6, 0x49, 0x00, 0x41, 0xFC, 0x67, 0x11, 0x6E, 0xFD, 0x41, 0xBC,
  0xB5, 0x59, 0xEB, 0xFF, 0xBA, 0xBC, 0xEC, 0x7E, 0xE7, 0xA0, 0x01, 0x7F, 0xEC, 0xED, 0x7E, 0xEF, 0x99, 0x04, 0x81, 0xEB, 0xBE, 0xB8, 0x6E, 0xF0, 0xFF, 0xB7, 0xBD, 0x44, 0xFD, 0x68, 0x0F, 0x63, 0xFC, 0x40, 0x00, 0x4F, 0xD9, 0xFA, 0xD7, 0x4B,
  0x00, 0x00, 0xD9, 0xF7, 0xF6, 0xC4, 0x1D, 0x00, 0x00, 0x00, 0x26, 0xFF, 0x6C, 0x29, 0xC9, 0xF5, 0xFF, 0xFF, 0x70, 0x39, 0xE6, 0xFD, 0xAF, 0xF2, 0x70, 0x00, 0x00, 0x00, 0x00, 0x00, 0x00, 0x70, 0xFF, 0xFF, 0xFF, 0xFF, 0x70, 0x00, 0x85, 0xA8,
  0x00, 0x10, 0xD0, 0x3F, 0x13, 0xF3, 0x7A, 0x00, 0x81, 0xF0, 0x10, 0x64, 0xFF, 0x1E, 0x00, 0xE0, 0xA3, 0x00, 0x12, 0xF2, 0x7C, 0x00, 0x7F, 0xF1, 0x11, 0x00, 0x83, 0xA8, 0x00, 0x0F, 0xCC, 0x3F, 0xFF, 0xFF, 0xFF, 0xFF, 0xFF, 0x00, 0x00, 0x00,
  0x84, 0xFF, 0x00, 0x00, 0x00, 0x84, 0xFF, 0xFF, 0xFF, 0xFF, 0xFF, 0x00, 0x10, 0x89, 0xDB, 0xF6, 0xDA, 0x88, 0x0F, 0x00, 0x02, 0xC9, 0xA7, 0x29, 0x08, 0x2A, 0xAA, 0xC7, 0x02, 0x23, 0xFF, 0x14, 0xB8, 0xFF, 0xA3, 0x16, 0xFF, 0x22, 0x03, 0xC9,
  0xA6, 0x26, 0x07, 0x26, 0xA8, 0xC7, 0x02, 0x00, 0x10, 0x8C, 0xDE, 0xF8, 0xDE, 0x8B, 0x0F, 0x00, 0xFF, 0xFF, 0xFF, 0x00, 0x86, 0xEA, 0xEF, 0x9B, 0x03, 0x4E, 0xFF, 0x36, 0x34, 0xFF, 0x56, 0x56, 0xFF, 0x31, 0x34, 0xFF, 0x4C, 0x04, 0x9E, 0xF0,
  0xEA, 0x88, 0x00, 0x00, 0x00, 0xFF, 0x84, 0x00, 0x00, 0x00, 0x00, 0xFF, 0x84, 0x00, 0x00, 0xFF, 0xFF, 0xFF, 0xFF, 0xFF, 0x84, 0x00, 0x00, 0xFF, 0x84, 0x00, 0x00, 0x00, 0x00, 0xFF, 0x84, 0x00, 0x00, 0x00, 0x00, 0x00, 0x00, 0x00, 0x00, 0xFF,
  0xFF, 0xFF, 0xFF, 0xFF, 0x84, 0x40, 0xFF, 0xA6, 0xC0, 0xD8, 0x0C, 0xFF, 0x84, 0x00, 0x00, 0xFF, 0x84, 0x00, 0xFF, 0x84, 0x00, 0x00, 0xFF, 0x84, 0x00, 0xFF, 0x84, 0x00, 0x00, 0xFF, 0x84, 0x00, 0xFF, 0x85, 0x00, 0x02, 0xFF, 0x84, 0x00, 0xFF,
  0xB9, 0x0C, 0x92, 0xFF, 0xA1, 0x01, 0xFF, 0xDF, 0xF5, 0x98, 0x7C, 0xFC, 0x84, 0xFF, 0x7F, 0x00, 0x00, 0x00, 0x04, 0x03, 0xFF, 0x84, 0x00, 0x00, 0x00, 0x00, 0x00, 0x1D, 0xAB, 0xEA, 0xFF, 0xFF, 0xC1, 0xFF, 0x7C, 0x84, 0xFF, 0xF6, 0xFF, 0x7C,
  0x84, 0xFF, 0xD1, 0xFF, 0x7C, 0x84, 0xFF, 0x38, 0xD2, 0x77, 0x84, 0xFF, 0x00, 0x00, 0x00, 0x84, 0xFF, 0x00, 0x00, 0x00, 0x84, 0xFF, 0x00, 0x00, 0x00, 0x89, 0xF8, 0x00, 0x88, 0x12, 0xCB, 0xC9, 0x00, 0x76, 0xEA, 0xD7, 0x36, 0xB6, 0xED, 0x3A,
  0xB7, 0xEE, 0x3B, 0x3B, 0xFF, 0x43, 0xB1, 0xC4, 0x00, 0x01, 0x8C, 0xEA, 0xF2, 0xA2, 0x04, 0x50, 0xFF, 0x35, 0x39, 0xFF, 0x56, 0x58, 0xFF, 0x39, 0x35, 0xFF, 0x4E, 0x06, 0xA1, 0xF1, 0xEC, 0x8B, 0x01, 0x00, 0x00, 0x00, 0x00, 0x00, 0x00, 0x70,
  0xFF, 0xFF, 0xFF, 0xFF, 0x70, 0x41, 0xD6, 0x11, 0x00, 0xAE, 0x87, 0x00, 0x10, 0xF1, 0x81, 0x00, 0x7B, 0xF3, 0x13, 0x00, 0xA3, 0xE0, 0x00, 0x1E, 0xFF, 0x64, 0x10, 0xF0, 0x81, 0x00, 0x7A, 0xF4, 0x13, 0x41, 0xD7, 0x11, 0x00, 0xB1, 0x8A, 0x00,
  0x00, 0x00, 0x00, 0xCB, 0xC3, 0x00, 0x00, 0x00, 0xCB, 0xC3, 0x00, 0x00, 0x00, 0x00, 0x00, 0x04, 0x85, 0xDB, 0xFB, 0xF1, 0x74, 0xFF, 0x5C, 0x09, 0x00, 0x8F, 0xFF, 0x18, 0x00, 0x00, 0x25, 0xED, 0xBF, 0x37, 0x09, 0x00, 0x1F, 0x9B, 0xE0, 0xF9,
  0x00, 0x80, 0xFF, 0x66, 0x00, 0x00, 0x00, 0x00, 0x00, 0x80, 0xF6, 0x2D, 0x00, 0x00, 0x00, 0x00, 0x00, 0x00, 0x00, 0x00, 0x00, 0x00, 0x00, 0x52, 0xE5, 0x63, 0x00, 0x00, 0x00, 0x00, 0x9C, 0x6F, 0xAB, 0x00, 0x00, 0x00, 0x00, 0xD8, 0x09, 0xE5,
  0x03, 0x00, 0x00, 0x31, 0xB7, 0x00, 0xBD, 0x3B, 0x00, 0x00, 0x7C, 0x77, 0x00, 0x7F, 0x83, 0x00, 0x00, 0xC6, 0xFF, 0xFF, 0xFF, 0xCB, 0x00, 0x13, 0xED, 0x03, 0x00, 0x08, 0xF7, 0x15, 0x5B, 0xB3, 0x00, 0x00, 0x00, 0xC3, 0x5B, 0x00, 0x00, 0x00,
  0x40, 0xFF, 0xA6, 0x00, 0x00, 0x00, 0x00, 0xC0, 0xD8, 0x0C, 0x00, 0x00, 0x00, 0x00, 0x00, 0x00, 0x00, 0x00, 0x00, 0x00, 0x52, 0xE5, 0x63, 0x00, 0x00, 0x00, 0x00, 0x9C, 0x6F, 0xAB, 0x00, 0x00, 0x00, 0x00, 0xD8, 0x09, 0xE5, 0x03, 0x00, 0x00,
  0x31, 0xB7, 0x00, 0xBD, 0x3B, 0x00, 0x00, 0x7C, 0x77, 0x00, 0x7F, 0x83, 0x00, 0x00, 0xC6, 0xFF, 0xFF, 0xFF, 0xCB, 0x00, 0x13, 0xED, 0x03, 0x00, 0x08, 0xF7, 0x15, 0x5B, 0xB3, 0x00, 0x00, 0x00, 0xC3, 0x5B, 0x00, 0x00, 0x97, 0xFF, 0x9B, 0x00,
  0x00, 0x00, 0x34, 0xFD, 0x89, 0xFD, 0x35, 0x00, 0x00, 0x00, 0x00, 0x00, 0x00, 0x00, 0x00, 0x00, 0x00, 0x52, 0xE5, 0x63, 0x00, 0x00, 0x00, 0x00, 0x9C, 0x6F, 0xAB, 0x00, 0x00, 0x00, 0x00, 0xD8, 0x09, 0xE5, 0x03, 0x00, 0x00, 0x31, 0xB7, 0x00,
  0xBD, 0x3B, 0x00, 0x00, 0x7C, 0x77, 0x00, 0x7F, 0x83, 0x00, 0x00, 0xC6, 0xFF, 0xFF, 0xFF, 0xCB, 0x00, 0x13, 0xED, 0x03, 0x00, 0x08, 0xF7, 0x15, 0x5B, 0xB3, 0x00, 0x00, 0x00, 0xC3, 0x5B, 0x00, 0x97, 0xE3, 0x39, 0x7A, 0x00, 0x00, 0x00, 0x78,
  0x3A, 0xE3, 0x95, 0x00, 0x00, 0x00, 0x00, 0x00, 0x00, 0x00, 0x00, 0x00, 0x00, 0x00, 0x52, 0xE5, 0x63, 0x00, 0x00, 0x00, 0x00, 0x9C, 0x6F, 0xAB, 0x00, 0x00, 0x00, 0x00, 0xD8, 0x09, 0xE5, 0x03, 0x00, 0x00, 0x31, 0xB7, 0x00, 0xBD, 0x3B, 0x00,
  0x00, 0x7C, 0x77, 0x00, 0x7F, 0x83, 0x00, 0x00, 0xC6, 0xFF, 0xFF, 0xFF, 0xCB, 0x00, 0x13, 0xED, 0x03, 0x00, 0x08, 0xF7, 0x15, 0x5B, 0xB3, 0x00, 0x00, 0x00, 0xC3, 0x5B, 0x00, 0xC6, 0x7C, 0x00, 0xC6, 0x7C, 0x00, 0x00, 0x00, 0x00, 0x00, 0x00,
  0x00, 0x00, 0x00, 0x00, 0x52, 0xE5, 0x63, 0x00, 0x00, 0x00, 0x00, 0x9C, 0x6F, 0xAB, 0x00, 0x00, 0x00, 0x00, 0xD8, 0x09, 0xE5, 0x03, 0x00, 0x00, 0x31, 0xB7, 0x00, 0xBD, 0x3B, 0x00, 0x00, 0x7C, 0x77, 0x00, 0x7F, 0x83, 0x00, 0x00, 0xC6, 0xFF,
  0xFF, 0xFF, 0xCB, 0x00, 0x13, 0xED, 0x03, 0x00, 0x08, 0xF7, 0x15, 0x5B, 0xB3, 0x00, 0x00, 0x00, 0xC3, 0x5B, 0x00, 0x01, 0xA6, 0xF5, 0xA5, 0x01, 0x00, 0x00, 0x1E, 0xFF, 0x48, 0xFF, 0x1E, 0x00, 0x00, 0x01, 0xA6, 0xF5, 0xA5, 0x01, 0x00, 0x00,
  0x00, 0x52, 0xE5, 0x63, 0x00, 0x00, 0x00, 0x00, 0x9C, 0x6F, 0xAB, 0x00, 0x00, 0x00, 0x00, 0xD8, 0x09, 0xE5, 0x03, 0x00, 0x00, 0x31, 0xB7, 0x00, 0xBD, 0x3B, 0x00, 0x00, 0x7C, 0x77, 0x00, 0x7F, 0x83, 0x00, 0x00, 0xC6, 0xFF, 0xFF, 0xFF, 0xCB,
  0x00, 0x13, 0xED, 0x03, 0x00, 0x08, 0xF7, 0x15, 0x5B, 0xB3, 0x00, 0x00, 0x00, 0xC3, 0x5B, 0x00, 0x00, 0x00, 0xC0, 0xFF, 0xFF, 0xFF, 0x00, 0x00, 0x00, 0x35, 0xA3, 0xFF, 0x70, 0x00, 0x00, 0x00, 0x00, 0xA4, 0x3C, 0xFF, 0x70, 0x00, 0x00, 0x00,
  0x17, 0xCF, 0x00, 0xFF, 0xFF, 0xFF, 0x3C, 0x00, 0x80, 0x6F, 0x00, 0xFF, 0x70, 0x00, 0x00, 0x05, 0xE7, 0xFF, 0xFF, 0xFF, 0x70, 0x00, 0x00, 0x5C, 0xA0, 0x00, 0x00, 0xFF, 0x70, 0x00, 0x00, 0xC9, 0x3A, 0x00, 0x00, 0xFF, 0xFF, 0xFF, 0x00, 0x00,
  0x63, 0xE3, 0xFF, 0xFF, 0x52, 0xFF, 0x75, 0x08, 0x00, 0xC4, 0xDA, 0x00, 0x00, 0x00, 0xED, 0xAC, 0x00, 0x00, 0x00, 0xF5, 0xAB, 0x00, 0x00, 0x00, 0xD3, 0xD6, 0x00, 0x00, 0x00, 0x75, 0xFF, 0x6E, 0x08, 0x00, 0x03, 0x72, 0xCE, 0xFF, 0xFF, 0x00,
  0x00, 0x49, 0xFF, 0x3E, 0x00, 0x00, 0xC3, 0xB4, 0x00, 0x80, 0xFF, 0x66, 0x00, 0x00, 0x80, 0xF6, 0x2D, 0x00, 0x00, 0x00, 0x00, 0xFF, 0xFF, 0xFF, 0xFF, 0xFF, 0x84, 0x00, 0x00, 0xFF, 0x84, 0x00, 0x00, 0xFF, 0xFF, 0xFF, 0xE0, 0xFF, 0x84, 0x00,
  0x00, 0xFF, 0x84, 0x00, 0x00, 0xFF, 0x84, 0x00, 0x00, 0xFF, 0xFF, 0xFF, 0xFF, 0x00, 0x00, 0x40, 0xFF, 0xA6, 0x00, 0x00, 0xC0, 0xD8, 0x0C, 0x00, 0x00, 0x00, 0x00, 0x00, 0xFF, 0xFF, 0xFF, 0xFF, 0x00, 0xFF, 0x84, 0x00, 0x00, 0x00, 0xFF, 0x84,
  0x00, 0x00, 0x00, 0xFF, 0xFF, 0xFF, 0xE0, 0x00, 0xFF, 0x84, 0x00, 0x00, 0x00, 0xFF, 0x84, 0x00, 0x00, 0x00, 0xFF, 0x84, 0x00, 0x00, 0x00, 0xFF, 0xFF, 0xFF, 0xFF, 0x00, 0x00, 0x97, 0xFF, 0x9B, 0x00, 0x34, 0xFD, 0x89, 0xFD, 0x35, 0x00, 0x00,
  0x00, 0x00, 0x00, 0xFF, 0xFF, 0xFF, 0xFF, 0x00, 0xFF, 0x84, 0x00, 0x00, 0x00, 0xFF, 0x84, 0x00, 0x00, 0x00, 0xFF, 0xFF, 0xFF, 0xE0, 0x00, 0xFF, 0x84, 0x00, 0x00, 0x00, 0xFF, 0x84, 0x00, 0x00, 0x00, 0xFF, 0x84, 0x00, 0x00, 0x00, 0xFF, 0xFF,
  0xFF, 0xFF, 0x00, 0xC6, 0x7C, 0x00, 0xC6, 0x7C, 0x00, 0x00, 0x00, 0x00, 0x00, 0xFF, 0xFF, 0xFF, 0xFF, 0x00, 0xFF, 0x84, 0x00, 0x00, 0x00, 0xFF, 0x84, 0x00, 0x00, 0x00, 0xFF, 0xFF, 0xFF, 0xE0, 0x00, 0xFF, 0x84, 0x00, 0x00, 0x00, 0xFF, 0x84,
  0x00, 0x00, 0x00, 0xFF, 0x84, 0x00, 0x00, 0x00, 0xFF, 0xFF, 0xFF, 0xFF, 0x00, 0x80, 0xFF, 0x66, 0x00, 0x00, 0x00, 0x00, 0x80, 0xF6, 0x2D, 0x00, 0x00, 0x00, 0x00, 0x00, 0x00, 0x00, 0x00, 0xFF, 0xFF, 0xFF, 0xFF, 0xFF, 0x84, 0x00, 0x00, 0xFF,
  0x84, 0x00, 0x00, 0x00, 0x00, 0xFF, 0x84, 0x00, 0x00, 0x00, 0x00, 0xFF, 0x84, 0x00, 0x00, 0x00, 0x00, 0xFF, 0x84, 0x00, 0x00, 0x00, 0x00, 0xFF, 0x84, 0x00, 0x00, 0x00, 0x00, 0xFF, 0x84, 0x00, 0x00, 0xFF, 0xFF, 0xFF, 0xFF, 0xFF, 0x84, 0x00,
  0x00, 0x40, 0xFF, 0xA6, 0x00, 0x00, 0x00, 0xC0, 0xD8, 0x0C, 0x00, 0x00, 0x00, 0x00, 0x00, 0x00, 0x00, 0xFF, 0xFF, 0xFF, 0xFF, 0xFF, 0x84, 0x00, 0x00, 0xFF, 0x84, 0x00, 0x00, 0x00, 0x00, 0xFF, 0x84, 0x00, 0x00, 0x00, 0x00, 0xFF, 0x84, 0x00,
  0x00, 0x00, 0x00, 0xFF, 0x84, 0x00, 0x00, 0x00, 0x00, 0xFF, 0x84, 0x00, 0x00, 0x00, 0x00, 0xFF, 0x84, 0x00, 0x00, 0xFF, 0xFF, 0xFF, 0xFF, 0xFF, 0x84, 0x00, 0x97, 0xFF, 0x9B, 0x00, 0x00, 0x34, 0xFD, 0x89, 0xFD, 0x35, 0x00, 0x00, 0x00, 0x00,
  0x00, 0x00, 0x00, 0xFF, 0xFF, 0xFF, 0xFF, 0xFF, 0x84, 0x00, 0x00, 0xFF, 0x84, 0x00, 0x00, 0x00, 0x00, 0xFF, 0x84, 0x00, 0x00, 0x00, 0x00, 0xFF, 0x84, 0x00, 0x00, 0x00, 0x00, 0xFF, 0x84, 0x00, 0x00, 0x00, 0x00, 0xFF, 0x84, 0x00, 0x00, 0x00,
  0x00, 0xFF, 0x84, 0x00, 0x00, 0xFF, 0xFF, 0xFF, 0xFF, 0xFF, 0x84, 0xC6, 0x7C, 0x00, 0xC6, 0x7C, 0x00, 0x00, 0x00, 0x00, 0x00, 0x00, 0x00, 0xFF, 0xFF, 0xFF, 0xFF, 0xFF, 0x84, 0x00, 0x00, 0xFF, 0x84, 0x00, 0x00, 0x00, 0x00, 0xFF, 0x84, 0x00,
  0x00, 0x00, 0x00, 0xFF, 0x84, 0x00, 0x00, 0x00, 0x00, 0xFF, 0x84, 0x00, 0x00, 0x00, 0x00, 0xFF, 0x84, 0x00, 0x00, 0x00, 0x00, 0xFF, 0x84, 0x00, 0x00, 0xFF, 0xFF, 0xFF, 0xFF, 0xFF, 0x84, 0x97, 0xE3, 0x39, 0x7A, 0x00, 0x78, 0x3A, 0xE3, 0x95,
  0x00, 0x00, 0x00, 0x00, 0x00, 0x00, 0xFF, 0xDB, 0x00, 0x84, 0xFF, 0xFF, 0xE3, 0x1D, 0x84, 0xFF, 0xFF, 0xA7, 0x5D, 0x84, 0xFF, 0xFF, 0x84, 0x82, 0x84, 0xFF, 0xFF, 0x84, 0x83, 0x84, 0xFF, 0xFF, 0x84, 0x62, 0xA3, 0xFF, 0xFF, 0x84, 0x21, 0xE1,
  0xFF, 0xFF, 0x84, 0x00, 0xE0, 0xFF, 0x00, 0x80, 0xFF, 0x66, 0x00, 0x00, 0x00, 0x00, 0x80, 0xF6, 0x2D, 0x00, 0x00, 0x00, 0x00, 0x00, 0x00, 0x00, 0x01, 0x82, 0xE1, 0xF2, 0x8E, 0x03, 0x6B, 0xF7, 0x3A, 0x37, 0xF6, 0x75, 0xD0, 0xB0, 0x00, 0x00,
  0xAF, 0xD1, 0xF7, 0x8C, 0x00, 0x00, 0x8D, 0xF2, 0xF3, 0x8C, 0x00, 0x00, 0x8E, 0xF6, 0xD5, 0xAD, 0x00, 0x00, 0xB3, 0xCC, 0x7A, 0xF5, 0x35, 0x3C, 0xF8, 0x5D, 0x05, 0x97, 0xF3, 0xE3, 0x77, 0x01, 0x00, 0x00, 0x00, 0x40, 0xFF, 0xA6, 0x00, 0x00,
  0x00, 0xC0, 0xD8, 0x0C, 0x00, 0x00, 0x00, 0x00, 0x00, 0x00, 0x01, 0x82, 0xE1, 0xF2, 0x8E, 0x03, 0x6B, 0xF7, 0x3A, 0x37, 0xF6, 0x75, 0xD0, 0xB0, 0x00, 0x00, 0xAF, 0xD1, 0xF7, 0x8C, 0x00, 0x00, 0x8D, 0xF2, 0xF3, 0x8C, 0x00, 0x00, 0x8E, 0xF6,
  0xD5, 0xAD, 0x00, 0x00, 0xB3, 0xCC, 0x7A, 0xF5, 0x35, 0x3C, 0xF8, 0x5D, 0x05, 0x97, 0xF3, 0xE3, 0x77, 0x01, 0x00, 0x00, 0x97, 0xFF, 0x9B, 0x00, 0x00, 0x34, 0xFD, 0x89, 0xFD, 0x35, 0x00, 0x00, 0x00, 0x00, 0x00, 0x00, 0x01, 0x82, 0xE1, 0xF2,
  0x8E, 0x03, 0x6B, 0xF7, 0x3A, 0x37, 0xF6, 0x75, 0xD0, 0xB0, 0x00, 0x00, 0xAF, 0xD1, 0xF7, 0x8C, 0x00, 0x00, 0x8D, 0xF2, 0xF3, 0x8C, 0x00, 0x00, 0x8E, 0xF6, 0xD5, 0xAD, 0x00, 0x00, 0xB3, 0xCC, 0x7A, 0xF5, 0x35, 0x3C, 0xF8, 0x5D, 0x05, 0x97,
  0xF3, 0xE3, 0x77, 0x01, 0x00, 0x97, 0xE3, 0x39, 0x7A, 0x00, 0x00, 0x78, 0x3A, 0xE3, 0x95, 0x00, 0x00, 0x00, 0x00, 0x00, 0x00, 0x00, 0x01, 0x82, 0xE1, 0xF2, 0x8E, 0x03, 0x6B, 0xF7, 0x3A, 0x37, 0xF6, 0x75, 0xD0, 0xB0, 0x00, 0x00, 0xAF, 0xD1,
  0xF7, 0x8C, 0x00, 0x00, 0x8D, 0xF2, 0xF3, 0x8C, 0x00, 0x00, 0x8E, 0xF6, 0xD5, 0xAD, 0x00, 0x00, 0xB3, 0xCC, 0x7A, 0xF5, 0x35, 0x3C, 0xF8, 0x5D, 0x05, 0x97, 0xF3, 0xE3, 0x77, 0x01, 0x00, 0xC6, 0x7C, 0x00, 0xC6, 0x7C, 0x00, 0x00, 0x00, 0x00,
  0x00, 0x00, 0x01, 0x82, 0xE1, 0xF2, 0x8E, 0x03, 0x6B, 0xF7, 0x3A, 0x37, 0xF6, 0x75, 0xD0, 0xB0, 0x00, 0x00, 0xAF, 0xD1, 0xF7, 0x8C, 0x00, 0x00, 0x8D, 0xF2, 0xF3, 0x8C, 0x00, 0x00, 0x8E, 0xF6, 0xD5, 0xAD, 0x00, 0x00, 0xB3, 0xCC, 0x7A, 0xF5,
  0x35, 0x3C, 0xF8, 0x5D, 0x05, 0x97, 0xF3, 0xE3, 0x77, 0x01, 0x3C, 0xAF, 0x0A, 0x19, 0x98, 0x0A, 0xCD, 0xC5, 0x8C, 0x11, 0x00, 0x3F, 0xFA, 0xAB, 0x04, 0x23, 0xBA, 0x21, 0xBE, 0xA8, 0x1D, 0x1E, 0x00, 0x07, 0x3B, 0x00, 0x00, 0x00, 0x00, 0x15,
  0xC3, 0x00, 0x00, 0x5B, 0xCC, 0xF6, 0xF5, 0xAC, 0x01, 0x51, 0xFF, 0x63, 0x07, 0xDE, 0xFF, 0x47, 0xC7, 0xD4, 0x00, 0x4A, 0xB2, 0xFF, 0x84, 0xF6, 0xA9, 0x00, 0xB3, 0x31, 0xFF, 0x9A, 0xF7, 0xAC, 0x22, 0xB3, 0x0B, 0xFF, 0x96, 0xD8, 0xC9, 0x8B,
  0x4A, 0x36, 0xFF, 0x69, 0x82, 0xFA, 0xCE, 0x14, 0xB6, 0xE8, 0x0C, 0x07, 0xB6, 0xF9, 0xF7, 0xC3, 0x2D, 0x00, 0x00, 0xC3, 0x15, 0x00, 0x00, 0x00, 0x00, 0x80, 0xFF, 0x66, 0x00, 0x00, 0x00, 0x00, 0x80, 0xF6, 0x2D, 0x00, 0x00, 0x00, 0x00, 0x00,
  0x00, 0x00, 0x00, 0xFF, 0x84, 0x00, 0x00, 0xFF, 0x84, 0xFF, 0x84, 0x00, 0x00, 0xFF, 0x84, 0xFF, 0x84, 0x00, 0x00, 0xFF, 0x84, 0xFF, 0x84, 0x00, 0x00, 0xFF, 0x84, 0xFF, 0x84, 0x00, 0x00, 0xFF, 0x84, 0xF8, 0x8B, 0x00, 0x09, 0xFF, 0x74, 0xC6,
  0xCF, 0x11, 0x66, 0xFE, 0x34, 0x2A, 0xC3, 0xF4, 0xDD, 0x65, 0x00, 0x00, 0x00, 0x40, 0xFF, 0xA6, 0x00, 0x00, 0x00, 0xC0, 0xD8, 0x0C, 0x00, 0x00, 0x00, 0x00, 0x00, 0x00, 0x00, 0xFF, 0x84, 0x00, 0x00, 0xFF, 0x84, 0xFF, 0x84, 0x00, 0x00, 0xFF,
  0x84, 0xFF, 0x84, 0x00, 0x00, 0xFF, 0x84, 0xFF, 0x84, 0x00, 0x00, 0xFF, 0x84, 0xFF, 0x84, 0x00, 0x00, 0xFF, 0x84, 0xF8, 0x8B, 0x00, 0x09, 0xFF, 0x74, 0xC6, 0xCF, 0x11, 0x66, 0xFE, 0x34, 0x2A, 0xC3, 0xF4, 0xDD, 0x65, 0x00, 0x00, 0x97, 0xFF,
  0x9B, 0x00, 0x00, 0x34, 0xFD, 0x89, 0xFD, 0x35, 0x00, 0x00, 0x00, 0x00, 0x00, 0x00, 0x00, 0xFF, 0x84, 0x00, 0x00, 0xFF, 0x84, 0xFF, 0x84, 0x00, 0x00, 0xFF, 0x84, 0xFF, 0x84, 0x00, 0x00, 0xFF, 0x84, 0xFF, 0x84, 0x00, 0x00, 0xFF, 0x84, 0xFF,
  0x84, 0x00, 0x00, 0xFF, 0x84, 0xF8, 0x8B, 0x00, 0x09, 0xFF, 0x74, 0xC6, 0xCF, 0x11, 0x66, 0xFE, 0x34, 0x2A, 0xC3, 0xF4, 0xDD, 0x65, 0x00, 0xC6, 0x7C, 0x00, 0xC6, 0x7C, 0x00, 0x00, 0x00, 0x00, 0x00, 0x00, 0x00, 0xFF, 0x84, 0x00, 0x00, 0xFF,
  0x84, 0xFF, 0x84, 0x00, 0x00, 0xFF, 0x84, 0xFF, 0x84, 0x00, 0x00, 0xFF, 0x84, 0xFF, 0x84, 0x00, 0x00, 0xFF, 0x84, 0xFF, 0x84, 0x00, 0x00, 0xFF, 0x84, 0xF8, 0x8B, 0x00, 0x09, 0xFF, 0x74, 0xC6, 0xCF, 0x11, 0x66, 0xFE, 0x34, 0x2A, 0xC3, 0xF4,
  0xDD, 0x65, 0x00, 0x00, 0x00, 0x00, 0x40, 0xFF, 0xA6, 0x00, 0x00, 0x00, 0x00, 0x00, 0xC0, 0xD8, 0x0C, 0x00, 0x00, 0x00, 0x00, 0x00, 0x00, 0x00, 0x00, 0x00, 0x00, 0xB3, 0xE8, 0x0C, 0x00, 0x00, 0x6D, 0xFE, 0x38, 0x22, 0xF7, 0x81, 0x00, 0x08,
  0xE5, 0x9E, 0x00, 0x00, 0x80, 0xF4, 0x18, 0x6F, 0xF0, 0x16, 0x00, 0x00, 0x08, 0xDE, 0x9A, 0xE6, 0x6D, 0x00, 0x00, 0x00, 0x00, 0x4D, 0xFF, 0xD1, 0x03, 0x00, 0x00, 0x00, 0x00, 0x00, 0xFF, 0x84, 0x00, 0x00, 0x00, 0x00, 0x00, 0x00, 0xFF, 0x84,
  0x00, 0x00, 0x00, 0x00, 0x00, 0x00, 0xFF, 0x84, 0x00, 0x00, 0x00, 0x2E, 0xC3, 0xF5, 0xE4, 0x67, 0x00, 0xCF, 0xC4, 0x0E, 0xA8, 0xF0, 0x00, 0xFD, 0x87, 0x3B, 0xEA, 0x99, 0x00, 0xFF, 0x84, 0xE8, 0xAB, 0x00, 0x00, 0xFF, 0x84, 0xC2, 0xE3, 0x2E,
  0x00, 0xFF, 0x84, 0x0F, 0xB3, 0xF5, 0x2F, 0xFF, 0x84, 0x00, 0x28, 0xFF, 0x74, 0xFF, 0x84, 0xFF, 0xF2, 0xB4, 0x14, 0x80, 0xFF, 0x66, 0x00, 0x00, 0x00, 0x00, 0x80, 0xF6, 0x2D, 0x00, 0x00, 0x00, 0x00, 0x00, 0x00, 0x00, 0x00, 0x00, 0xFF, 0xFF,
  0xF3, 0xAF, 0x0C, 0x00, 0x00, 0x00, 0x29, 0xFF, 0x6D, 0x3B, 0xCC, 0xF8, 0xFF, 0xFF, 0x84, 0xDD, 0xD0, 0x13, 0x00, 0xFF, 0x84, 0xEF, 0xC0, 0x10, 0x7B, 0xFF, 0x84, 0x65, 0xEB, 0xE8, 0x86, 0xE1, 0x84, 0x00, 0x00, 0x40, 0xFF, 0xA6, 0x00, 0x00,
  0x00, 0xC0, 0xD8, 0x0C, 0x00, 0x00, 0x00, 0x00, 0x00, 0x00, 0x00, 0x00, 0xFF, 0xFF, 0xF3, 0xAF, 0x0C, 0x00, 0x00, 0x00, 0x29, 0xFF, 0x6D, 0x3B, 0xCC, 0xF8, 0xFF, 0xFF, 0x84, 0xDD, 0xD0, 0x13, 0x00, 0xFF, 0x84, 0xEF, 0xC0, 0x10, 0x7B, 0xFF,
  0x84, 0x65, 0xEB, 0xE8, 0x86, 0xE1, 0x84, 0x00, 0x54, 0xFF, 0x59, 0x00, 0x00, 0x28, 0xF3, 0x84, 0xF4, 0x29, 0x00, 0x00, 0x00, 0x00, 0x00, 0x00, 0x00, 0x00, 0xFF, 0xFF, 0xF3, 0xAF, 0x0C, 0x00, 0x00, 0x00, 0x29, 0xFF, 0x6D, 0x3B, 0xCC, 0xF8,
  0xFF, 0xFF, 0x84, 0xDD, 0xD0, 0x13, 0x00, 0xFF, 0x84, 0xEF, 0xC0, 0x10, 0x7B, 0xFF, 0x84, 0x65, 0xEB, 0xE8, 0x86, 0xE1, 0x84, 0x97, 0xE3, 0x39, 0x7A, 0x00, 0x00, 0x78, 0x3A, 0xE3, 0x95, 0x00, 0x00, 0x00, 0x00, 0x00, 0x00, 0x00, 0x00, 0x00,
  0xFF, 0xFF, 0xF3, 0xAF, 0x0C, 0x00, 0x00, 0x00, 0x29, 0xFF, 0x6D, 0x3B, 0xCC, 0xF8, 0xFF, 0xFF, 0x84, 0xDD, 0xD0, 0x13, 0x00, 0xFF, 0x84, 0xEF, 0xC0, 0x10, 0x7B, 0xFF, 0x84, 0x65, 0xEB, 0xE8, 0x86, 0xE1, 0x84, 0xC6, 0xAC, 0x00, 0xC6, 0xAC,
  0x00, 0x00, 0x00, 0x00, 0x00, 0x00, 0x00, 0x00, 0xFF, 0xFF, 0xF3, 0xAF, 0x0C, 0x00, 0x00, 0x00, 0x29, 0xFF, 0x6D, 0x3B, 0xCC, 0xF8, 0xFF, 0xFF, 0x84, 0xDD, 0xD0, 0x13, 0x00, 0xFF, 0x84, 0xEF, 0xC0, 0x10, 0x7B, 0xFF, 0x84, 0x65, 0xEB, 0xE8,
  0x86, 0xE1, 0x84, 0x01, 0xA1, 0xF3, 0x9E, 0x00, 0x00, 0x1E, 0xFF, 0x40, 0xFF, 0x1C, 0x00, 0x01, 0xA3, 0xF5, 0xA0, 0x01, 0x00, 0x00, 0x00, 0x00, 0x00, 0x00, 0x00, 0x00, 0xFF, 0xFF, 0xF3, 0xAF, 0x0C, 0x00, 0x00, 0x00, 0x29, 0xFF, 0x6D, 0x3B,
  0xCC, 0xF8, 0xFF, 0xFF, 0x84, 0xDD, 0xD0, 0x13, 0x00, 0xFF, 0x84, 0xEF, 0xC0, 0x10, 0x7B, 0xFF, 0x84, 0x65, 0xEB, 0xE8, 0x86, 0xE1, 0x84, 0xFF, 0xFF, 0xED, 0xA2, 0xD8, 0x89, 0x00, 0x00, 0x26, 0xFF, 0xE5, 0xEA, 0x57, 0xE3, 0xFF, 0xFF, 0xFF,
  0xFE, 0xE7, 0xA4, 0x02, 0xFF, 0x76, 0x00, 0xF2, 0x8F, 0x57, 0xFF, 0xAD, 0x01, 0x7B, 0xF4, 0xC4, 0x52, 0xEF, 0xFF, 0x07, 0x85, 0xE0, 0xFE, 0xFF, 0x8A, 0xF6, 0x4A, 0x04, 0x00, 0xE4, 0x9C, 0x00, 0x00, 0x00, 0xF2, 0x96, 0x00, 0x00, 0x00, 0xB3,
  0xEE, 0x3C, 0x03, 0x00, 0x22, 0xE6, 0xFF, 0xFF, 0xFF, 0x00, 0xC0, 0xBF, 0x00, 0x00, 0x34, 0xFF, 0x3F, 0x00, 0x00, 0x80, 0xFF, 0x66, 0x00, 0x00, 0x00, 0x00, 0x80, 0xF6, 0x2D, 0x00, 0x00, 0x00, 0x00, 0x00, 0x00, 0x00, 0x00, 0x0D, 0x9E, 0xEC,
  0xE5, 0x81, 0x00, 0x9A, 0xC0, 0x10, 0x3D, 0xFF, 0x4C, 0xEB, 0xFF, 0xFF, 0xFF, 0xFF, 0x7D, 0xEF, 0x95, 0x00, 0x00, 0x00, 0x00, 0xB1, 0xEB, 0x35, 0x01, 0x00, 0x00, 0x1D, 0xB2, 0xEF, 0xFF, 0xFF, 0x00, 0x00, 0x00, 0x40, 0xFF, 0xA6, 0x00, 0x00,
  0x00, 0xC0, 0xD8, 0x0C, 0x00, 0x00, 0x00, 0x00, 0x00, 0x00, 0x00, 0x0D, 0x9E, 0xEC, 0xE5, 0x81, 0x00, 0x9A, 0xC0, 0x10, 0x3D, 0xFF, 0x4C, 0xEB, 0xFF, 0xFF, 0xFF, 0xFF, 0x7D, 0xEF, 0x95, 0x00, 0x00, 0x00, 0x00, 0xB1, 0xEB, 0x35, 0x01, 0x00,
  0x00, 0x1D, 0xB2, 0xEF, 0xFF, 0xFF, 0x00, 0x00, 0x54, 0xFF, 0x59, 0x00, 0x00, 0x28, 0xF3, 0x84, 0xF4, 0x29, 0x00, 0x00, 0x00, 0x00, 0x00, 0x00, 0x00, 0x0D, 0x9E, 0xEC, 0xE5, 0x81, 0x00, 0x9A, 0xC0, 0x10, 0x3D, 0xFF, 0x4C, 0xEB, 0xFF, 0xFF,
  0xFF, 0xFF, 0x7D, 0xEF, 0x95, 0x00, 0x00, 0x00, 0x00, 0xB1, 0xEB, 0x35, 0x01, 0x00, 0x00, 0x1D, 0xB2, 0xEF, 0xFF, 0xFF, 0x00, 0xC6, 0xAC, 0x00, 0xC6, 0xAC, 0x00, 0x00, 0x00, 0x00, 0x00, 0x00, 0x00, 0x0D, 0x9E, 0xEC, 0xE5, 0x81, 0x00, 0x9A,
  0xC0, 0x10, 0x3D, 0xFF, 0x4C, 0xEB, 0xFF, 0xFF, 0xFF, 0xFF, 0x7D, 0xEF, 0x95, 0x00, 0x00, 0x00, 0x00, 0xB1, 0xEB, 0x35, 0x01, 0x00, 0x00, 0x1D, 0xB2, 0xEF, 0xFF, 0xFF, 0x00, 0x80, 0xFF, 0x66, 0x00, 0x00, 0x00, 0x80, 0xF6, 0x2D, 0x00, 0x00,
  0x00, 0x00, 0x00, 0x00, 0xFF, 0xFF, 0xFF, 0x84, 0x00, 0x00, 0x00, 0xFF, 0x84, 0x00, 0x00, 0x00, 0xFF, 0x84, 0x00, 0x00, 0x00, 0xFF, 0x84, 0x00, 0x00, 0x00, 0xFF, 0x84, 0x00, 0xFF, 0xFF, 0xFF, 0xFF, 0xFF, 0x00, 0x00, 0x40, 0xFF, 0xA6, 0x00,
  0x00, 0xC0, 0xD8, 0x0C, 0x00, 0x00, 0x00, 0x00, 0x00, 0xFF, 0xFF, 0xFF, 0x84, 0x00, 0x00, 0x00, 0xFF, 0x84, 0x00, 0x00, 0x00, 0xFF, 0x84, 0x00, 0x00, 0x00, 0xFF, 0x84, 0x00, 0x00, 0x00, 0xFF, 0x84, 0x00, 0xFF, 0xFF, 0xFF, 0xFF, 0xFF, 0x00,
  0x54, 0xFF, 0x59, 0x00, 0x28, 0xF3, 0x84, 0xF4, 0x29, 0x00, 0x00, 0x00, 0x00, 0x00, 0xFF, 0xFF, 0xFF, 0x84, 0x00, 0x00, 0x00, 0xFF, 0x84, 0x00, 0x00, 0x00, 0xFF, 0x84, 0x00, 0x00, 0x00, 0xFF, 0x84, 0x00, 0x00, 0x00, 0xFF, 0x84, 0x00, 0xFF,
  0xFF, 0xFF, 0xFF, 0xFF, 0xC6, 0xAC, 0x00, 0xC6, 0xAC, 0x00, 0x00, 0x00, 0x00, 0x00, 0xFF, 0xFF, 0xFF, 0x84, 0x00, 0x00, 0x00, 0xFF, 0x84, 0x00, 0x00, 0x00, 0xFF, 0x84, 0x00, 0x00, 0x00, 0xFF, 0x84, 0x00, 0x00, 0x00, 0xFF, 0x84, 0x00, 0xFF,
  0xFF, 0xFF, 0xFF, 0xFF, 0x97, 0xE3, 0x39, 0x7A, 0x00, 0x00, 0x78, 0x3A, 0xE3, 0x95, 0x00, 0x00, 0x00, 0x00, 0x00, 0x00, 0x00, 0x00, 0xFF, 0x8C, 0xC8, 0xF8, 0xBE, 0x0F, 0xFF, 0xEE, 0x37, 0x3A, 0xFF, 0x6A, 0xFF, 0x87, 0x00, 0x01, 0xFF, 0x83,
  0xFF, 0x84, 0x00, 0x00, 0xFF, 0x84, 0xFF, 0x84, 0x00, 0x00, 0xFF, 0x84, 0xFF, 0x84, 0x00, 0x00, 0xFF, 0x84, 0x80, 0xFF, 0x66, 0x00, 0x00, 0x00, 0x00, 0x80, 0xF6, 0x2D, 0x00, 0x00, 0x00, 0x00, 0x00, 0x00, 0x00, 0x00, 0x11, 0xA7, 0xEF, 0xE0,
  0x69, 0x00, 0xA0, 0xDE, 0x1B, 0x70, 0xFE, 0x33, 0xEB, 0x90, 0x00, 0x0E, 0xFF, 0x72, 0xEE, 0x8F, 0x00, 0x0E, 0xFF, 0x6C, 0xAF, 0xDB, 0x18, 0x72, 0xFB, 0x25, 0x1C, 0xB8, 0xF3, 0xD9, 0x55, 0x00, 0x00, 0x00, 0x40, 0xFF, 0xA6, 0x00, 0x00, 0x00,
  0xC0, 0xD8, 0x0C, 0x00, 0x00, 0x00, 0x00, 0x00, 0x00, 0x00, 0x11, 0xA7, 0xEF, 0xE0, 0x69, 0x00, 0xA0, 0xDE, 0x1B, 0x70, 0xFE, 0x33, 0xEB, 0x90, 0x00, 0x0E, 0xFF, 0x72, 0xEE, 0x8F, 0x00, 0x0E, 0xFF, 0x6C, 0xAF, 0xDB, 0x18, 0x72, 0xFB, 0x25,
  0x1C, 0xB8, 0xF3, 0xD9, 0x55, 0x00, 0x00, 0x54, 0xFF, 0x59, 0x00, 0x00, 0x28, 0xF3, 0x84, 0xF4, 0x29, 0x00, 0x00, 0x00, 0x00, 0x00, 0x00, 0x00, 0x11, 0xA7, 0xEF, 0xE0, 0x69, 0x00, 0xA0, 0xDE, 0x1B, 0x70, 0xFE, 0x33, 0xEB, 0x90, 0x00, 0x0E,
  0xFF, 0x72, 0xEE, 0x8F, 0x00, 0x0E, 0xFF, 0x6C, 0xAF, 0xDB, 0x18, 0x72, 0xFB, 0x25, 0x1C, 0xB8, 0xF3, 0xD9, 0x55, 0x00, 0x97, 0xE3, 0x39, 0x7A, 0x00, 0x00, 0x78, 0x3A, 0xE3, 0x95, 0x00, 0x00, 0x00, 0x00, 0x00, 0x00, 0x00, 0x00, 0x11, 0xA7,
  0xEF, 0xE0, 0x69, 0x00, 0xA0, 0xDE, 0x1B, 0x70, 0xFE, 0x33, 0xEB, 0x90, 0x00, 0x0E, 0xFF, 0x72, 0xEE, 0x8F, 0x00, 0x0E, 0xFF, 0x6C, 0xAF, 0xDB, 0x18, 0x72, 0xFB, 0x25, 0x1C, 0xB8, 0xF3, 0xD9, 0x55, 0x00, 0xC6, 0xAC, 0x00, 0xC6, 0xAC, 0x00,
  0x00, 0x00, 0x00, 0x00, 0x00, 0x00, 0x11, 0xA7, 0xEF, 0xE0, 0x69, 0x00, 0xA0, 0xDE, 0x1B, 0x70, 0xFE, 0x33, 0xEB, 0x90, 0x00, 0x0E, 0xFF, 0x72, 0xEE, 0x8F, 0x00, 0x0E, 0xFF, 0x6C, 0xAF, 0xDB, 0x18, 0x72, 0xFB, 0x25, 0x1C, 0xB8, 0xF3, 0xD9,
  0x55, 0x00, 0x00, 0x00, 0xC2, 0xCA, 0x00, 0x00, 0x00, 0x00, 0x00, 0xC3, 0xCA, 0x00, 0x00, 0x00, 0x00, 0x00, 0x00, 0x00, 0x00, 0x00, 0x00, 0xFF, 0xFF, 0xFF, 0xFF, 0xFF, 0xFF, 0x08, 0x00, 0x00, 0x00, 0x00, 0x00, 0x00, 0x00, 0x00, 0x00, 0xC2,
  0xC9, 0x00, 0x00, 0x00, 0x00, 0x00, 0xC4, 0xCB, 0x00, 0x00, 0x00, 0x00, 0x00, 0x00, 0x14, 0xC6, 0x00, 0x00, 0x0E, 0x99, 0xE7, 0xFD, 0xD0, 0x29, 0x00, 0x9C, 0xEC, 0x38, 0xCE, 0xA5, 0xEE, 0x1A, 0xEA, 0x96, 0x3C, 0x9C, 0x18, 0xFF, 0x71, 0xF3,
  0x98, 0xA0, 0x38, 0x12, 0xFF, 0x68, 0xB1, 0xDC, 0xC9, 0x0C, 0x93, 0xEF, 0x1C, 0x18, 0xCF, 0xEA, 0xE8, 0xB9, 0x34, 0x00, 0x00, 0xC7, 0x12, 0x00, 0x00, 0x00, 0x00, 0x80, 0xFF, 0x66, 0x00, 0x00, 0x00, 0x00, 0x80, 0xF6, 0x2D, 0x00, 0x00, 0x00,
  0x00, 0x00, 0x00, 0x00, 0x00, 0xFF, 0x84, 0x00, 0x00, 0xFF, 0x84, 0xFF, 0x84, 0x00, 0x00, 0xFF, 0x84, 0xFF, 0x84, 0x00, 0x00, 0xFF, 0x84, 0xFF, 0x85, 0x00, 0x03, 0xFF, 0x84, 0xE7, 0xB8, 0x0D, 0x99, 0xFF, 0x84, 0x60, 0xEB, 0xEE, 0x82, 0xE0,
  0x84, 0x00, 0x00, 0x40, 0xFF, 0xA6, 0x00, 0x00, 0x00, 0xC0, 0xD8, 0x0C, 0x00, 0x00, 0x00, 0x00, 0x00, 0x00, 0x00, 0xFF, 0x84, 0x00, 0x00, 0xFF, 0x84, 0xFF, 0x84, 0x00, 0x00, 0xFF, 0x84, 0xFF, 0x84, 0x00, 0x00, 0xFF, 0x84, 0xFF, 0x85, 0x00,
  0x03, 0xFF, 0x84, 0xE7, 0xB8, 0x0D, 0x99, 0xFF, 0x84, 0x60, 0xEB, 0xEE, 0x82, 0xE0, 0x84, 0x00, 0x54, 0xFF, 0x59, 0x00, 0x00, 0x28, 0xF3, 0x84, 0xF4, 0x29, 0x00, 0x00, 0x00, 0x00, 0x00, 0x00, 0x00, 0xFF, 0x84, 0x00, 0x00, 0xFF, 0x84, 0xFF,
  0x84, 0x00, 0x00, 0xFF, 0x84, 0xFF, 0x84, 0x00, 0x00, 0xFF, 0x84, 0xFF, 0x85, 0x00, 0x03, 0xFF, 0x84, 0xE7, 0xB8, 0x0D, 0x99, 0xFF, 0x84, 0x60, 0xEB, 0xEE, 0x82, 0xE0, 0x84, 0xC6, 0xAC, 0x00, 0xC6, 0xAC, 0x00, 0x00, 0x00, 0x00, 0x00, 0x00,
  0x00, 0xFF, 0x84, 0x00, 0x00, 0xFF, 0x84, 0xFF, 0x84, 0x00, 0x00, 0xFF, 0x84, 0xFF, 0x84, 0x00, 0x00, 0xFF, 0x84, 0xFF, 0x85, 0x00, 0x03, 0xFF, 0x84, 0xE7, 0xB8, 0x0D, 0x99, 0xFF, 0x84, 0x60, 0xEB, 0xEE, 0x82, 0xE0, 0x84, 0x00, 0x00, 0x00,
  0x40, 0xFF, 0xA6, 0x00, 0x00, 0x00, 0x00, 0xC0, 0xD8, 0x0C, 0x00, 0x00, 0x00, 0x00, 0x00, 0x00, 0x00, 0x00, 0x4D, 0xD3, 0x00, 0x00, 0x00, 0xD0, 0x3F, 0x03, 0xE3, 0x2B, 0x00, 0x32, 0xBF, 0x00, 0x00, 0x80, 0x83, 0x00, 0x93, 0x3F, 0x00, 0x00,
  0x1C, 0xD7, 0x07, 0xAC, 0x00, 0x00, 0x00, 0x00, 0xB2, 0x95, 0x48, 0x00, 0x00, 0x00, 0x00, 0x4B, 0xE3, 0x03, 0x00, 0x00, 0x00, 0x0E, 0x92, 0x64, 0x00, 0x00, 0x00, 0x80, 0xEC, 0x92, 0x01, 0x00, 0x00, 0x00, 0x00, 0xC6, 0xAC, 0x00, 0xC6, 0xAC,
  0x00, 0x00, 0x00, 0x00, 0x00, 0x00, 0x00, 0x00, 0x4D, 0xD3, 0x00, 0x00, 0x00, 0xD0, 0x3F, 0x03, 0xE3, 0x2B, 0x00, 0x32, 0xBF, 0x00, 0x00, 0x80, 0x83, 0x00, 0x93, 0x3F, 0x00, 0x00, 0x1C, 0xD7, 0x07, 0xAC, 0x00, 0x00, 0x00, 0x00, 0xB2, 0x95,
  0x48, 0x00, 0x00, 0x00, 0x00, 0x4B, 0xE3, 0x03, 0x00, 0x00, 0x00, 0x0E, 0x92, 0x64, 0x00, 0x00, 0x00, 0x80, 0xEC, 0x92, 0x01, 0x00, 0x00, 0x00, 0x00, 0x2D, 0xFF, 0x40, 0x39, 0xFF, 0x2C, 0x00, 0x00, 0x84, 0xEF, 0xEE, 0x84, 0x00, 0x00, 0x00,
  0x00, 0x00, 0x00, 0x00, 0x00, 0x00, 0x00, 0x52, 0xE5, 0x63, 0x00, 0x00, 0x00, 0x00, 0x9C, 0x6F, 0xAB, 0x00, 0x00, 0x00, 0x00, 0xD8, 0x09, 0xE5, 0x03, 0x00, 0x00, 0x31, 0xB7, 0x00, 0xBD, 0x3B, 0x00, 0x00, 0x7C, 0x77, 0x00, 0x7F, 0x83, 0x00,
  0x00, 0xC6, 0xFF, 0xFF, 0xFF, 0xCB, 0x00, 0x13, 0xED, 0x03, 0x00, 0x08, 0xF7, 0x15, 0x5B, 0xB3, 0x00, 0x00, 0x00, 0xC3, 0x5B, 0x33, 0xFF, 0x39, 0xFF, 0x32, 0x00, 0x00, 0xA2, 0xF4, 0xA1, 0x00, 0x00, 0x00, 0x00, 0x00, 0x00, 0x00, 0x00, 0x00,
  0xFF, 0xFF, 0xF3, 0xAF, 0x0C, 0x00, 0x00, 0x00, 0x29, 0xFF, 0x6D, 0x3B, 0xCC, 0xF8, 0xFF, 0xFF, 0x84, 0xDD, 0xD0, 0x13, 0x00, 0xFF, 0x84, 0xEF, 0xC0, 0x10, 0x7B, 0xFF, 0x84, 0x65, 0xEB, 0xE8, 0x86, 0xE1, 0x84, 0x00, 0x00, 0x52, 0xE5, 0x63,
  0x00, 0x00, 0x00, 0x00, 0x9C, 0x6F, 0xAB, 0x00, 0x00, 0x00, 0x00, 0xD8, 0x09, 0xE5, 0x03, 0x00, 0x00, 0x31, 0xB7, 0x00, 0xBD, 0x3B, 0x00, 0x00, 0x7C, 0x77, 0x00, 0x7F, 0x83, 0x00, 0x00, 0xC6, 0xFF, 0xFF, 0xFF, 0xCB, 0x00, 0x13, 0xED, 0x03,
  0x00, 0x08, 0xF7, 0x15, 0x5B, 0xB3, 0x00, 0x00, 0x00, 0xC3, 0x5B, 0x00, 0x00, 0x00, 0x00, 0x75, 0xB5, 0x07, 0x00, 0x00, 0x00, 0x00, 0xAD, 0xFA, 0x7A, 0x00, 0xFF, 0xFF, 0xF3, 0xAF, 0x0C, 0x00, 0x00, 0x00, 0x29, 0xFF, 0x6D, 0x3B, 0xCC, 0xF8,
  0xFF, 0xFF, 0x84, 0xDD, 0xD0, 0x13, 0x00, 0xFF, 0x84, 0xEF, 0xC0, 0x10, 0x7B, 0xFF, 0x84, 0x65, 0xEB, 0xEE, 0xA2, 0xE4, 0x84, 0x00, 0x00, 0x00, 0x00, 0xF2, 0x75, 0x00, 0x00, 0x00, 0x00, 0xC6, 0x80, 0x00, 0x00, 0x40, 0xFF, 0xA6, 0x00, 0x00,
  0xC0, 0xD8, 0x0C, 0x00, 0x00, 0x00, 0x00, 0x00, 0x00, 0x63, 0xE3, 0xFF, 0xFF, 0x52, 0xFF, 0x75, 0x08, 0x00, 0xC4, 0xDA, 0x00, 0x00, 0x00, 0xED, 0xAC, 0x00, 0x00, 0x00, 0xF3, 0xAB, 0x00, 0x00, 0x00, 0xD2, 0xD5, 0x00, 0x00, 0x00, 0x71, 0xFF,
  0x6C, 0x08, 0x00, 0x04, 0x83, 0xE1, 0xFF, 0xFF, 0x00, 0x00, 0x40, 0xFF, 0xA6, 0x00, 0x00, 0xC0, 0xD8, 0x0C, 0x00, 0x00, 0x00, 0x00, 0x00, 0x07, 0x85, 0xE0, 0xFE, 0xFF, 0x8D, 0xF6, 0x4A, 0x04, 0x00, 0xE6, 0x9C, 0x00, 0x00, 0x00, 0xEE, 0x96,
  0x00, 0x00, 0x00, 0xA8, 0xEE, 0x3C, 0x03, 0x00, 0x13, 0xA0, 0xE8, 0xFF, 0xFF, 0x36, 0xFE, 0x87, 0xFD, 0x34, 0x00, 0x9C, 0xFF, 0x98, 0x00, 0x00, 0x00, 0x00, 0x00, 0x00, 0x00, 0x63, 0xE3, 0xFF, 0xFF, 0x52, 0xFF, 0x75, 0x08, 0x00, 0xC4, 0xDA,
  0x00, 0x00, 0x00, 0xED, 0xAC, 0x00, 0x00, 0x00, 0xF3, 0xAB, 0x00, 0x00, 0x00, 0xD2, 0xD5, 0x00, 0x00, 0x00, 0x71, 0xFF, 0x6C, 0x08, 0x00, 0x04, 0x83, 0xE1, 0xFF, 0xFF, 0x34, 0xFD, 0x84, 0xFC, 0x32, 0x00, 0x93, 0xFF, 0x8F, 0x00, 0x00, 0x00,
  0x00, 0x00, 0x00, 0x07, 0x85, 0xE0, 0xFE, 0xFF, 0x8D, 0xF6, 0x4A, 0x04, 0x00, 0xE6, 0x9C, 0x00, 0x00, 0x00, 0xEE, 0x96, 0x00, 0x00, 0x00, 0xA8, 0xEE, 0x3C, 0x03, 0x00, 0x13, 0xA0, 0xE8, 0xFF, 0xFF, 0x36, 0xFE, 0x87, 0xFD, 0x34, 0x00, 0x00,
  0x9C, 0xFF, 0x98, 0x00, 0x00, 0x00, 0x00, 0x00, 0x00, 0x00, 0x00, 0xFF, 0xFF, 0xEC, 0xBB, 0x30, 0x00, 0xFF, 0x84, 0x10, 0xA9, 0xF3, 0x1D, 0xFF, 0x84, 0x00, 0x2B, 0xFF, 0x76, 0xFF, 0x84, 0x00, 0x0A, 0xFF, 0x99, 0xFF, 0x84, 0x00, 0x0B, 0xFF,
  0x92, 0xFF, 0x84, 0x00, 0x34, 0xFF, 0x66, 0xFF, 0x84, 0x18, 0xBA, 0xE4, 0x0E, 0xFF, 0xFE, 0xE9, 0xA8, 0x20, 0x00, 0x00, 0x00, 0x00, 0x00, 0x00, 0x40, 0xFD, 0x36, 0x00, 0x00, 0x00, 0x00, 0xFF, 0xFF, 0x96, 0x00, 0x00, 0x00, 0x00, 0x00, 0xFF,
  0x84, 0x00, 0x00, 0x11, 0xA3, 0xED, 0xF1, 0xFF, 0x84, 0x00, 0x00, 0x9E, 0xE4, 0x25, 0x15, 0xFF, 0x84, 0x00, 0x00, 0xE8, 0x93, 0x00, 0x00, 0xFF, 0x84, 0x00, 0x00, 0xF5, 0x8D, 0x00, 0x06, 0xFF, 0x84, 0x00, 0x00, 0xC6, 0xD0, 0x12, 0x9E, 0xFB,
  0x84, 0x00, 0x00, 0x36, 0xDC, 0xED, 0x71, 0xD7, 0x84, 0x00, 0x00, 0x00, 0xFF, 0xFF, 0xEB, 0xB9, 0x2F, 0x00, 0x00, 0xFF, 0x84, 0x12, 0xAB, 0xF3, 0x1D, 0x00, 0xFF, 0x84, 0x00, 0x2B, 0xFF, 0x76, 0xFF, 0xFF, 0xFF, 0xFF, 0x0A, 0xFF, 0x99, 0x00,
  0xFF, 0x84, 0x00, 0x0B, 0xFF, 0x92, 0x00, 0xFF, 0x84, 0x00, 0x35, 0xFF, 0x66, 0x00, 0xFF, 0x84, 0x1A, 0xBC, 0xE4, 0x0E, 0x00, 0xFF, 0xFD, 0xE8, 0xA7, 0x20, 0x00, 0x00, 0x00, 0xFF, 0xFF, 0xFF, 0xFF, 0x84, 0x00, 0x00, 0x00, 0x00, 0xFF, 0x84,
  0x00, 0x11, 0xA5, 0xEE, 0xEB, 0xFF, 0x84, 0x00, 0x9E, 0xE2, 0x23, 0x15, 0xFF, 0x84, 0x00, 0xE8, 0x93, 0x00, 0x00, 0xFF, 0x84, 0x00, 0xF5, 0x8C, 0x00, 0x06, 0xFF, 0x84, 0x00, 0xC7, 0xCD, 0x11, 0xA0, 0xFF, 0x84, 0x00, 0x39, 0xDF, 0xEE, 0x7A,
  0xDE, 0x84, 0x00, 0xFF, 0xFF, 0xFF, 0xFF, 0xFF, 0x84, 0x00, 0x00, 0xFF, 0x84, 0x00, 0x00, 0xFF, 0xFF, 0xFF, 0xCC, 0xFF, 0x84, 0x00, 0x00, 0xFF, 0x84, 0x00, 0x00, 0xFF, 0x84, 0x00, 0x00, 0xFF, 0xFF, 0xFF, 0xFF, 0x00, 0x26, 0xE3, 0x5C, 0x00,
  0x3E, 0xEA, 0xFA, 0x0D, 0x9E, 0xEC, 0xE5, 0x81, 0x00, 0x9A, 0xC0, 0x10, 0x3D, 0xFF, 0x4C, 0xEB, 0xFF, 0xFF, 0xFF, 0xFF, 0x7D, 0xEF, 0x95, 0x00, 0x00, 0x00, 0x00, 0xB1, 0xEB, 0x35, 0x01, 0x00, 0x00, 0x1C, 0xB1, 0xEF, 0xFF, 0xFF, 0x00, 0x00,
  0x00, 0x00, 0xFF, 0x7E, 0x00, 0x00, 0x00, 0x00, 0xAF, 0xF9, 0x63, 0x36, 0xFE, 0x87, 0xFD, 0x34, 0x00, 0x9C, 0xFF, 0x98, 0x00, 0x00, 0x00, 0x00, 0x00, 0x00, 0xFF, 0xFF, 0xFF, 0xFF, 0x00, 0xFF, 0x84, 0x00, 0x00, 0x00, 0xFF, 0x84, 0x00, 0x00,
  0x00, 0xFF, 0xFF, 0xFF, 0xE0, 0x00, 0xFF, 0x84, 0x00, 0x00, 0x00, 0xFF, 0x84, 0x00, 0x00, 0x00, 0xFF, 0x84, 0x00, 0x00, 0x00, 0xFF, 0xFF, 0xFF, 0xFF, 0x00, 0x34, 0xFD, 0x84, 0xFC, 0x32, 0x00, 0x00, 0x93, 0xFF, 0x8F, 0x00, 0x00, 0x00, 0x00,
  0x00, 0x00, 0x00, 0x00, 0x0D, 0x9E, 0xEC, 0xE5, 0x81, 0x00, 0x9A, 0xC0, 0x10, 0x3D, 0xFF, 0x4C, 0xEB, 0xFF, 0xFF, 0xFF, 0xFF, 0x7D, 0xEF, 0x95, 0x00, 0x00, 0x00, 0x00, 0xB1, 0xEB, 0x35, 0x01, 0x00, 0x00, 0x1D, 0xB2, 0xEF, 0xFF, 0xFF, 0x00,
  0xFF, 0xFF, 0xFF, 0x84, 0x00, 0x00, 0x00, 0xFF, 0x84, 0x00, 0x00, 0x00, 0xFF, 0x84, 0x00, 0x00, 0x00, 0xFF, 0x84, 0x00, 0x00, 0x00, 0xFF, 0x84, 0x00, 0xFF, 0xFF, 0xFF, 0xFF, 0xFF, 0x00, 0x00, 0x40, 0xFF, 0xA6, 0x00, 0x00, 0xC0, 0xD8, 0x0C,
  0x00, 0x00, 0x00, 0x00, 0x00, 0xFF, 0x84, 0x00, 0x00, 0x00, 0xFF, 0x84, 0x00, 0x00, 0x00, 0xFF, 0x84, 0x00, 0x00, 0x00, 0xFF, 0x84, 0x00, 0x00, 0x00, 0xFF, 0x84, 0x00, 0x00, 0x00, 0xFF, 0x84, 0x00, 0x00, 0x00, 0xFF, 0x84, 0x00, 0x00, 0x00,
  0xFF, 0xFF, 0xFF, 0xFF, 0x00, 0x00, 0x00, 0x40, 0xFF, 0xA6, 0x00, 0x00, 0xC0, 0xD8, 0x0C, 0x00, 0x00, 0x00, 0x00, 0x00, 0xFF, 0xFF, 0xFF, 0x84, 0x00, 0x00, 0x00, 0xFF, 0x84, 0x00, 0x00, 0x00, 0xFF, 0x84, 0x00, 0x00, 0x00, 0xFF, 0x84, 0x00,
  0x00, 0x00, 0xFF, 0x84, 0x00, 0x00, 0x00, 0xFF, 0x84, 0x00, 0x00, 0x00, 0xFF, 0x84, 0x00, 0xFF, 0xFF, 0xFF, 0xFF, 0xFF, 0x00, 0x00, 0x00, 0x00, 0x40, 0xFD, 0x36, 0xFF, 0x84, 0x00, 0x00, 0xC0, 0x96, 0x00, 0xFF, 0x84, 0x00, 0x00, 0x00, 0x00,
  0x00, 0xFF, 0x84, 0x00, 0x00, 0x00, 0x00, 0x00, 0xFF, 0x84, 0x00, 0x00, 0x00, 0x00, 0x00, 0xFF, 0x84, 0x00, 0x00, 0x00, 0x00, 0x00, 0xFF, 0x84, 0x00, 0x00, 0x00, 0x00, 0x00, 0xFF, 0x84, 0x00, 0x00, 0x00, 0x00, 0x00, 0xFF, 0xFF, 0xFF, 0xFF,
  0x00, 0x00, 0x00, 0x00, 0x00, 0x00, 0x00, 0x40, 0xFD, 0x36, 0xFF, 0xFF, 0xFF, 0x84, 0xC0, 0x96, 0x00, 0x00, 0x00, 0xFF, 0x84, 0x00, 0x00, 0x00, 0x00, 0x00, 0xFF, 0x84, 0x00, 0x00, 0x00, 0x00, 0x00, 0xFF, 0x84, 0x00, 0x00, 0x00, 0x00, 0x00,
  0xFF, 0x84, 0x00, 0x00, 0x00, 0x00, 0x00, 0xFF, 0x84, 0x00, 0x00, 0x00, 0x00, 0x00, 0xFF, 0x84, 0x00, 0x00, 0x00, 0xFF, 0xFF, 0xFF, 0xFF, 0xFF, 0x00, 0x00, 0x00, 0xFF, 0x84, 0x00, 0x00, 0x00, 0xFF, 0x84, 0x00, 0x00, 0x00, 0xFF, 0x9C, 0xAD,
  0x00, 0x47, 0xFF, 0xE8, 0x53, 0x00, 0xB8, 0xFF, 0x84, 0x00, 0x00, 0x00, 0xFF, 0x84, 0x00, 0x00, 0x00, 0xFF, 0x84, 0x00, 0x00, 0x00, 0xFF, 0xFF, 0xFF, 0xFF, 0xFF, 0xFF, 0xFF, 0x84, 0x00, 0x00, 0x00, 0x00, 0xFF, 0x84, 0x00, 0x00, 0x00, 0x00,
  0xFF, 0xB0, 0xBD, 0x00, 0x30, 0x92, 0xFF, 0xD3, 0x42, 0x00, 0xCF, 0x6E, 0xFF, 0x84, 0x00, 0x00, 0x00, 0x00, 0xFF, 0x84, 0x00, 0x00, 0x00, 0x00, 0xFF, 0x84, 0x00, 0x00, 0xFF, 0xFF, 0xFF, 0xFF, 0xFF, 0x84, 0x00, 0x00, 0x40, 0xFF, 0xA6, 0x00,
  0x00, 0xC0, 0xD8, 0x0C, 0x00, 0x00, 0x00, 0x00, 0x00, 0xFF, 0xDB, 0x00, 0x84, 0xFF, 0xFF, 0xE3, 0x1D, 0x84, 0xFF, 0xFF, 0xA7, 0x5D, 0x84, 0xFF, 0xFF, 0x84, 0x82, 0x84, 0xFF, 0xFF, 0x84, 0x83, 0x84, 0xFF, 0xFF, 0x84, 0x62, 0xA3, 0xFF, 0xFF,
  0x84, 0x21, 0xE1, 0xFF, 0xFF, 0x84, 0x00, 0xE0, 0xFF, 0x00, 0x00, 0x40, 0xFF, 0xA6, 0x00, 0x00, 0x00, 0xC0, 0xD8, 0x0C, 0x00, 0x00, 0x00, 0x00, 0x00, 0x00, 0x00, 0xFF, 0x8C, 0xC8, 0xF8, 0xBE, 0x0F, 0xFF, 0xEE, 0x37, 0x3A, 0xFF, 0x6A, 0xFF,
  0x87, 0x00, 0x01, 0xFF, 0x83, 0xFF, 0x84, 0x00, 0x00, 0xFF, 0x84, 0xFF, 0x84, 0x00, 0x00, 0xFF, 0x84, 0xFF, 0x84, 0x00, 0x00, 0xFF, 0x84, 0x36, 0xFE, 0x87, 0xFD, 0x34, 0x00, 0x9C, 0xFF, 0x98, 0x00, 0x00, 0x00, 0x00, 0x00, 0x00, 0xFF, 0xDB,
  0x00, 0x84, 0xFF, 0xFF, 0xE3, 0x1D, 0x84, 0xFF, 0xFF, 0xA7, 0x5D, 0x84, 0xFF, 0xFF, 0x84, 0x82, 0x84, 0xFF, 0xFF, 0x84, 0x83, 0x84, 0xFF, 0xFF, 0x84, 0x62, 0xA3, 0xFF, 0xFF, 0x84, 0x21, 0xE1, 0xFF, 0xFF, 0x84, 0x00, 0xE0, 0xFF, 0x34, 0xFD,
  0x84, 0xFC, 0x32, 0x00, 0x00, 0x93, 0xFF, 0x8F, 0x00, 0x00, 0x00, 0x00, 0x00, 0x00, 0x00, 0x00, 0xFF, 0x8C, 0xC8, 0xF8, 0xBE, 0x0F, 0xFF, 0xEE, 0x37, 0x3A, 0xFF, 0x6A, 0xFF, 0x87, 0x00, 0x01, 0xFF, 0x83, 0xFF, 0x84, 0x00, 0x00, 0xFF, 0x84,
  0xFF, 0x84, 0x00, 0x00, 0xFF, 0x84, 0xFF, 0x84, 0x00, 0x00, 0xFF, 0x84, 0x00, 0x03, 0xE2, 0xBF, 0x40, 0xFF, 0x8E, 0x00, 0x4F, 0xFF, 0x3F, 0xC0, 0xD4, 0x08, 0x00, 0x00, 0x00, 0x00, 0x00, 0x00, 0x00, 0x01, 0x82, 0xE1, 0xF2, 0x8E, 0x03, 0x00,
  0x6B, 0xF7, 0x3A, 0x37, 0xF6, 0x75, 0x00, 0xD0, 0xB0, 0x00, 0x00, 0xAF, 0xD1, 0x00, 0xF7, 0x8C, 0x00, 0x00, 0x8D, 0xF2, 0x00, 0xF3, 0x8C, 0x00, 0x00, 0x8E, 0xF6, 0x00, 0xD5, 0xAD, 0x00, 0x00, 0xB3, 0xCC, 0x00, 0x7A, 0xF5, 0x35, 0x3C, 0xF8,
  0x5D, 0x00, 0x05, 0x97, 0xF3, 0xE3, 0x77, 0x01, 0x00, 0x03, 0xE2, 0xBF, 0x40, 0xFF, 0x8E, 0x4F, 0xFF, 0x3F, 0xC0, 0xD4, 0x08, 0x00, 0x00, 0x00, 0x00, 0x00, 0x00, 0x11, 0xA7, 0xEF, 0xE0, 0x69, 0x00, 0xA0, 0xDE, 0x1B, 0x70, 0xFE, 0x33, 0xEB,
  0x90, 0x00, 0x0E, 0xFF, 0x72, 0xEE, 0x8F, 0x00, 0x0E, 0xFF, 0x6C, 0xAF, 0xDB, 0x18, 0x72, 0xFB, 0x25, 0x1C, 0xB8, 0xF3, 0xD9, 0x55, 0x00, 0x06, 0x9D, 0xF0, 0xFF, 0xFF, 0xFF, 0x7B, 0xEE, 0x20, 0xFF, 0x84, 0x00, 0xD4, 0xA6, 0x00, 0xFF, 0x84,
  0x00, 0xF8, 0x8A, 0x00, 0xFF, 0xFF, 0xFF, 0xF5, 0x8A, 0x00, 0xFF, 0x84, 0x00, 0xDB, 0xA5, 0x00, 0xFF, 0x84, 0x00, 0x89, 0xEB, 0x1E, 0xFF, 0x84, 0x00, 0x0C, 0xAB, 0xF3, 0xFF, 0xFF, 0xFF, 0x2C, 0xD0, 0xE9, 0x70, 0xDC, 0x81, 0xBB, 0xB1, 0x44,
  0xFF, 0xF6, 0xE7, 0xF1, 0x76, 0x09, 0xFF, 0xFF, 0xFD, 0xF5, 0x76, 0x07, 0xFF, 0x8A, 0x00, 0xCD, 0xAB, 0x44, 0xFF, 0xBD, 0x02, 0x44, 0xE3, 0xEC, 0x54, 0xD4, 0xFF, 0x00, 0x00, 0x40, 0xFF, 0xA6, 0x00, 0x00, 0x00, 0x00, 0xC0, 0xD8, 0x0C, 0x00,
  0x00, 0x00, 0x00, 0x00, 0x00, 0x00, 0x00, 0x00, 0xFF, 0xFF, 0xFC, 0xE0, 0x88, 0x03, 0x00, 0xFF, 0x84, 0x04, 0x62, 0xFF, 0x69, 0x00, 0xFF, 0x84, 0x00, 0x0B, 0xFF, 0x94, 0x00, 0xFF, 0x84, 0x06, 0x74, 0xFF, 0x4F, 0x00, 0xFF, 0xFF, 0xFF, 0xFA,
  0x77, 0x00, 0x00, 0xFF, 0x84, 0x0B, 0x8B, 0xFD, 0x30, 0x00, 0xFF, 0x84, 0x00, 0x01, 0xB4, 0xC0, 0x00, 0xFF, 0x84, 0x00, 0x00, 0x11, 0xDE, 0x55, 0x00, 0x00, 0x40, 0xFF, 0xA6, 0x00, 0x00, 0x00, 0xC0, 0xD8, 0x0C, 0x00, 0x00, 0x00, 0x00, 0x00,
  0x00, 0x00, 0xFF, 0x8B, 0xBA, 0xF3, 0xCA, 0x18, 0xFF, 0xD7, 0x31, 0x2C, 0xFF, 0x74, 0xFF, 0x84, 0x00, 0x00, 0x00, 0x00, 0xFF, 0x84, 0x00, 0x00, 0x00, 0x00, 0xFF, 0x84, 0x00, 0x00, 0x00, 0x00, 0xFF, 0x84, 0x00, 0x00, 0x00, 0x00, 0x36, 0xFE,
  0x87, 0xFD, 0x34, 0x00, 0x00, 0x00, 0x9C, 0xFF, 0x98, 0x00, 0x00, 0x00, 0x00, 0x00, 0x00, 0x00, 0x00, 0x00, 0x00, 0xFF, 0xFF, 0xFC, 0xE0, 0x88, 0x03, 0x00, 0xFF, 0x84, 0x04, 0x62, 0xFF, 0x69, 0x00, 0xFF, 0x84, 0x00, 0x0B, 0xFF, 0x94, 0x00,
  0xFF, 0x84, 0x06, 0x74, 0xFF, 0x4F, 0x00, 0xFF, 0xFF, 0xFF, 0xFA, 0x77, 0x00, 0x00, 0xFF, 0x84, 0x0B, 0x8B, 0xFD, 0x30, 0x00, 0xFF, 0x84, 0x00, 0x01, 0xB4, 0xC0, 0x00, 0xFF, 0x84, 0x00, 0x00, 0x11, 0xDE, 0x55, 0x34, 0xFD, 0x84, 0xFC, 0x32,
  0x00, 0x00, 0x93, 0xFF, 0x8F, 0x00, 0x00, 0x00, 0x00, 0x00, 0x00, 0x00, 0x00, 0xFF, 0x8B, 0xBA, 0xF3, 0xCA, 0x18, 0xFF, 0xD7, 0x31, 0x2C, 0xFF, 0x74, 0xFF, 0x84, 0x00, 0x00, 0x00, 0x00, 0xFF, 0x84, 0x00, 0x00, 0x00, 0x00, 0xFF, 0x84, 0x00,
  0x00, 0x00, 0x00, 0xFF, 0x84, 0x00, 0x00, 0x00, 0x00, 0x00, 0x00, 0x40, 0xFF, 0xA6, 0x00, 0x00, 0x00, 0xC0, 0xD8, 0x0C, 0x00, 0x00, 0x00, 0x00, 0x00, 0x00, 0x00, 0x2D, 0xBD, 0xF2, 0xFF, 0xA0, 0x00, 0xD6, 0xD2, 0x19, 0x00, 0x00, 0x00, 0xEA,
  0xCF, 0x08, 0x00, 0x00, 0x00, 0x58, 0xF6, 0xDE, 0x6F, 0x0C, 0x00, 0x00, 0x17, 0x7F, 0xED, 0xE3, 0x24, 0x00, 0x00, 0x00, 0x28, 0xFF, 0x8D, 0x00, 0x00, 0x07, 0x5A, 0xFF, 0x6B, 0xFF, 0xFF, 0xFA, 0xDC, 0x81, 0x02, 0x00, 0x00, 0x40, 0xFF, 0xA6,
  0x00, 0x00, 0xC0, 0xD8, 0x0C, 0x00, 0x00, 0x00, 0x00, 0x00, 0x5A, 0xDB, 0xFD, 0xFF, 0x00, 0xF0, 0xA4, 0x05, 0x00, 0x00, 0xAC, 0xF4, 0x8A, 0x23, 0x00, 0x02, 0x4F, 0xBD, 0xFA, 0x40, 0x00, 0x00, 0x28, 0xFF, 0x75, 0xFF, 0xFF, 0xF6, 0xB1, 0x12,
  0x2D, 0xBD, 0xF2, 0xFF, 0xA0, 0x00, 0xD6, 0xD2, 0x19, 0x00, 0x00, 0x00, 0xEA, 0xCF, 0x07, 0x00, 0x00, 0x00, 0x58, 0xF6, 0xDB, 0x6B, 0x0A, 0x00, 0x00, 0x17, 0x7F, 0xED, 0xDF, 0x20, 0x00, 0x00, 0x00, 0x28, 0xFF, 0x8C, 0x00, 0x00, 0x07, 0x5A,
  0xFF, 0x71, 0xFF, 0xFF, 0xFF, 0xE9, 0x98, 0x08, 0x00, 0xC0, 0xBF, 0x00, 0x00, 0x00, 0x34, 0xFF, 0x3F, 0x00, 0x00, 0x00, 0x00, 0x5A, 0xDB, 0xFD, 0xFF, 0x00, 0x00, 0xF0, 0xA3, 0x05, 0x00, 0x00, 0x00, 0xAE, 0xF2, 0x86, 0x20, 0x00, 0x00, 0x03,
  0x53, 0xC1, 0xF8, 0x3C, 0x00, 0x00, 0x00, 0x28, 0xFF, 0x73, 0x00, 0xFF, 0xFF, 0xF3, 0xB2, 0x11, 0x00, 0xC0, 0xBF, 0x00, 0x00, 0x00, 0x34, 0xFF, 0x3F, 0x00, 0x00, 0x00, 0x36, 0xFE, 0x87, 0xFD, 0x34, 0x00, 0x00, 0x9C, 0xFF, 0x98, 0x00, 0x00,
  0x00, 0x00, 0x00, 0x00, 0x00, 0x00, 0x2D, 0xBD, 0xF2, 0xFF, 0xA0, 0x00, 0xD6, 0xD2, 0x19, 0x00, 0x00, 0x00, 0xEA, 0xCF, 0x08, 0x00, 0x00, 0x00, 0x58, 0xF6, 0xDE, 0x6F, 0x0C, 0x00, 0x00, 0x17, 0x7F, 0xED, 0xE3, 0x24, 0x00, 0x00, 0x00, 0x28,
  0xFF, 0x8D, 0x00, 0x00, 0x07, 0x5A, 0xFF, 0x6B, 0xFF, 0xFF, 0xFA, 0xDC, 0x81, 0x02, 0x34, 0xFD, 0x84, 0xFC, 0x32, 0x00, 0x93, 0xFF, 0x8F, 0x00, 0x00, 0x00, 0x00, 0x00, 0x00, 0x5A, 0xDB, 0xFD, 0xFF, 0x00, 0xF0, 0xA4, 0x05, 0x00, 0x00, 0xAC,
  0xF4, 0x8A, 0x23, 0x00, 0x02, 0x4F, 0xBD, 0xFA, 0x40, 0x00, 0x00, 0x28, 0xFF, 0x75, 0xFF, 0xFF, 0xF6, 0xB1, 0x12, 0xFF, 0xFF, 0xFF, 0xFF, 0xFF, 0x84, 0x00, 0x00, 0xFF, 0x84, 0x00, 0x00, 0x00, 0x00, 0xFF, 0x84, 0x00, 0x00, 0x00, 0x00, 0xFF,
  0x84, 0x00, 0x00, 0x00, 0x00, 0xFF, 0x84, 0x00, 0x00, 0x00, 0x00, 0xFF, 0x84, 0x00, 0x00, 0x00, 0x00, 0xFF, 0x84, 0x00, 0x00, 0x00, 0x00, 0xFF, 0x84, 0x00, 0x00, 0x00, 0x3B, 0xFF, 0x43, 0x00, 0x00, 0x00, 0xB1, 0xC4, 0x00, 0x00, 0x00, 0x00,
  0x58, 0xE5, 0x0F, 0x00, 0x00, 0x00, 0x74, 0xFF, 0x10, 0x00, 0x00, 0xFF, 0xFF, 0xFF, 0xFF, 0xFF, 0x00, 0x00, 0x74, 0xFF, 0x10, 0x00, 0x00, 0x00, 0x74, 0xFF, 0x10, 0x00, 0x00, 0x00, 0x74, 0xFF, 0x10, 0x00, 0x00, 0x00, 0x61, 0xFF, 0x47, 0x00,
  0x00, 0x00, 0x0D, 0xBD, 0xF9, 0xFF, 0x00, 0x00, 0x00, 0x00, 0x3B, 0xFF, 0x43, 0x00, 0x00, 0x00, 0xB1, 0xC4, 0x00, 0x36, 0xFE, 0x87, 0xFD, 0x34, 0x00, 0x00, 0x9C, 0xFF, 0x98, 0x00, 0x00, 0x00, 0x00, 0x00, 0x00, 0x00, 0x00, 0xFF, 0xFF, 0xFF,
  0xFF, 0xFF, 0x84, 0x00, 0x00, 0xFF, 0x84, 0x00, 0x00, 0x00, 0x00, 0xFF, 0x84, 0x00, 0x00, 0x00, 0x00, 0xFF, 0x84, 0x00, 0x00, 0x00, 0x00, 0xFF, 0x84, 0x00, 0x00, 0x00, 0x00, 0xFF, 0x84, 0x00, 0x00, 0x00, 0x00, 0xFF, 0x84, 0x00, 0x00, 0x00,
  0x00, 0xFF, 0x84, 0x00, 0x00, 0x00, 0x00, 0x00, 0x00, 0x00, 0x40, 0xFD, 0x36, 0x00, 0x58, 0xE5, 0x0F, 0x00, 0xC0, 0x96, 0x00, 0x00, 0x74, 0xFF, 0x10, 0x00, 0x00, 0x00, 0x00, 0xFF, 0xFF, 0xFF, 0xFF, 0xFF, 0x00, 0x00, 0x00, 0x00, 0x74, 0xFF,
  0x10, 0x00, 0x00, 0x00, 0x00, 0x00, 0x74, 0xFF, 0x10, 0x00, 0x00, 0x00, 0x00, 0x00, 0x74, 0xFF, 0x10, 0x00, 0x00, 0x00, 0x00, 0x00, 0x61, 0xFF, 0x47, 0x00, 0x00, 0x00, 0x00, 0x00, 0x0D, 0xBD, 0xF9, 0xFF, 0x00, 0x00, 0x00, 0x01, 0xA6, 0xF5,
  0xA5, 0x01, 0x00, 0x1E, 0xFF, 0x48, 0xFF, 0x1E, 0x00, 0x01, 0xA6, 0xF5, 0xA5, 0x01, 0x00, 0xFF, 0x84, 0x00, 0x00, 0xFF, 0x84, 0xFF, 0x84, 0x00, 0x00, 0xFF, 0x84, 0xFF, 0x84, 0x00, 0x00, 0xFF, 0x84, 0xFF, 0x84, 0x00, 0x00, 0xFF, 0x84, 0xFF,
  0x84, 0x00, 0x00, 0xFF, 0x84, 0xF8, 0x8B, 0x00, 0x09, 0xFF, 0x74, 0xC6, 0xCF, 0x11, 0x66, 0xFE, 0x34, 0x2A, 0xC3, 0xF4, 0xDD, 0x65, 0x00, 0x01, 0xA1, 0xF3, 0x9E, 0x00, 0x00, 0x1E, 0xFF, 0x40, 0xFF, 0x1C, 0x00, 0x01, 0xA3, 0xF5, 0xA0, 0x01,
  0x00, 0x00, 0x00, 0x00, 0x00, 0x00, 0x00, 0xFF, 0x84, 0x00, 0x00, 0xFF, 0x84, 0xFF, 0x84, 0x00, 0x00, 0xFF, 0x84, 0xFF, 0x84, 0x00, 0x00, 0xFF, 0x84, 0xFF, 0x85, 0x00, 0x03, 0xFF, 0x84, 0xE7, 0xB8, 0x0D, 0x99, 0xFF, 0x84, 0x60, 0xEB, 0xEE,
  0x82, 0xE0, 0x84, 0x03, 0xE2, 0xBF, 0x40, 0xFF, 0x8E, 0x4F, 0xFF, 0x3F, 0xC0, 0xD4, 0x08, 0x00, 0x00, 0x00, 0x00, 0x00, 0x00, 0xFF, 0x84, 0x00, 0x00, 0xFF, 0x84, 0xFF, 0x84, 0x00, 0x00, 0xFF, 0x84, 0xFF, 0x84, 0x00, 0x00, 0xFF, 0x84, 0xFF,
  0x84, 0x00, 0x00, 0xFF, 0x84, 0xFF, 0x84, 0x00, 0x00, 0xFF, 0x84, 0xF8, 0x8B, 0x00, 0x09, 0xFF, 0x74, 0xC6, 0xCF, 0x11, 0x66, 0xFE, 0x34, 0x2A, 0xC3, 0xF4, 0xDD, 0x65, 0x00, 0x03, 0xE2, 0xBF, 0x40, 0xFF, 0x8E, 0x4F, 0xFF, 0x3F, 0xC0, 0xD4,
  0x08, 0x00, 0x00, 0x00, 0x00, 0x00, 0x00, 0xFF, 0x84, 0x00, 0x00, 0xFF, 0x84, 0xFF, 0x84, 0x00, 0x00, 0xFF, 0x84, 0xFF, 0x84, 0x00, 0x00, 0xFF, 0x84, 0xFF, 0x85, 0x00, 0x03, 0xFF, 0x84, 0xE7, 0xB8, 0x0D, 0x99, 0xFF, 0x84, 0x60, 0xEB, 0xEE,
  0x82, 0xE0, 0x84, 0x00, 0xC6, 0x7C, 0x00, 0xC6, 0x7C, 0x00, 0x00, 0x00, 0x00, 0x00, 0x00, 0x00, 0x00, 0x00, 0x00, 0xB3, 0xE8, 0x0C, 0x00, 0x00, 0x6D, 0xFE, 0x38, 0x22, 0xF7, 0x81, 0x00, 0x08, 0xE5, 0x9E, 0x00, 0x00, 0x80, 0xF4, 0x18, 0x6F,
  0xF0, 0x16, 0x00, 0x00, 0x08, 0xDE, 0x9A, 0xE6, 0x6D, 0x00, 0x00, 0x00, 0x00, 0x4D, 0xFF, 0xD1, 0x03, 0x00, 0x00, 0x00, 0x00, 0x00, 0xFF, 0x84, 0x00, 0x00, 0x00, 0x00, 0x00, 0x00, 0xFF, 0x84, 0x00, 0x00, 0x00, 0x00, 0x00, 0x00, 0xFF, 0x84,
  0x00, 0x00, 0x00, 0x00, 0x00, 0x40, 0xFF, 0xA6, 0x00, 0x00, 0xC0, 0xD8, 0x0C, 0x00, 0x00, 0x00, 0x00, 0x00, 0xFF, 0xFF, 0xFF, 0xFF, 0xE2, 0x00, 0x00, 0x00, 0x90, 0x5C, 0x00, 0x00, 0x23, 0xC6, 0x01, 0x00, 0x00, 0xAC, 0x40, 0x00, 0x00, 0x3A,
  0xAF, 0x00, 0x00, 0x00, 0xC2, 0x26, 0x00, 0x00, 0x57, 0x93, 0x00, 0x00, 0x00, 0xDE, 0xFF, 0xFF, 0xFF, 0xFF, 0x00, 0x00, 0x40, 0xFF, 0xA6, 0x00, 0x00, 0xC0, 0xD8, 0x0C, 0x00, 0x00, 0x00, 0x00, 0x00, 0xFF, 0xFF, 0xFF, 0xFF, 0xDF, 0x00, 0x00,
  0x00, 0x98, 0x2E, 0x00, 0x00, 0x73, 0x52, 0x00, 0x00, 0x48, 0x7D, 0x00, 0x00, 0x25, 0x9E, 0x01, 0x00, 0x00, 0xD7, 0xFF, 0xFF, 0xFF, 0xFF, 0x00, 0x00, 0xC2, 0xC9, 0x00, 0x00, 0x00, 0xC3, 0xCA, 0x00, 0x00, 0x00, 0x00, 0x00, 0x00, 0xFF, 0xFF,
  0xFF, 0xFF, 0xE2, 0x00, 0x00, 0x00, 0x90, 0x5C, 0x00, 0x00, 0x23, 0xC6, 0x01, 0x00, 0x00, 0xAC, 0x40, 0x00, 0x00, 0x3A, 0xAF, 0x00, 0x00, 0x00, 0xC2, 0x26, 0x00, 0x00, 0x57, 0x93, 0x00, 0x00, 0x00, 0xDE, 0xFF, 0xFF, 0xFF, 0xFF, 0x00, 0x00,
  0xC4, 0xCA, 0x00, 0x00, 0x00, 0xC5, 0xCB, 0x00, 0x00, 0x00, 0x00, 0x00, 0x00, 0xFF, 0xFF, 0xFF, 0xFF, 0xDF, 0x00, 0x00, 0x00, 0x98, 0x2E, 0x00, 0x00, 0x73, 0x52, 0x00, 0x00, 0x48, 0x7D, 0x00, 0x00, 0x25, 0x9E, 0x01, 0x00, 0x00, 0xD7, 0xFF,
  0xFF, 0xFF, 0xFF, 0x36, 0xFE, 0x87, 0xFD, 0x34, 0x00, 0x9C, 0xFF, 0x98, 0x00, 0x00, 0x00, 0x00, 0x00, 0x00, 0xFF, 0xFF, 0xFF, 0xFF, 0xE2, 0x00, 0x00, 0x00, 0x90, 0x5C, 0x00, 0x00, 0x23, 0xC6, 0x01, 0x00, 0x00, 0xAC, 0x40, 0x00, 0x00, 0x3A,
  0xAF, 0x00, 0x00, 0x00, 0xC2, 0x26, 0x00, 0x00, 0x57, 0x93, 0x00, 0x00, 0x00, 0xDE, 0xFF, 0xFF, 0xFF, 0xFF, 0x34, 0xFD, 0x84, 0xFC, 0x32, 0x00, 0x93, 0xFF, 0x8F, 0x00, 0x00, 0x00, 0x00, 0x00, 0x00, 0xFF, 0xFF, 0xFF, 0xFF, 0xDF, 0x00, 0x00,
  0x00, 0x98, 0x2E, 0x00, 0x00, 0x73, 0x52, 0x00, 0x00, 0x48, 0x7D, 0x00, 0x00, 0x25, 0x9E, 0x01, 0x00, 0x00, 0xD7, 0xFF, 0xFF, 0xFF, 0xFF, 0x00, 0x00, 0x00, 0x3F, 0xE1, 0xFF, 0x00, 0x00, 0x00, 0xC4, 0x5D, 0x01, 0x00, 0x00, 0x00, 0xF5, 0x1A,
  0x00, 0x00, 0xFF, 0xFF, 0xFF, 0xFF, 0xFF, 0x00, 0x00, 0x43, 0xD0, 0x00, 0x00, 0x00, 0x00, 0x67, 0xAB, 0x00, 0x00, 0x00, 0x00, 0x8B, 0x86, 0x00, 0x00, 0x00, 0x00, 0xBA, 0x5B, 0x00, 0x00, 0x00, 0x32, 0xF7, 0x19, 0x00, 0x00, 0xFF, 0xEE, 0x69,
  0x00, 0x00, 0x00, 0x00, 0x54, 0xFF, 0x59, 0x00, 0x28, 0xF3, 0x84, 0xF4, 0x29, 0x34, 0xFD, 0x84, 0xFC, 0x32, 0x00, 0x93, 0xFF, 0x8F, 0x00, 0x33, 0xFF, 0x39, 0xFF, 0x32, 0x00, 0xA2, 0xF4, 0xA1, 0x00, 0xC4, 0xCA, 0xC5, 0xCB, 0x01, 0xA1, 0xF3,
  0x9E, 0x00, 0x1E, 0xFF, 0x40, 0xFF, 0x1C, 0x01, 0xA3, 0xF5, 0xA0, 0x01, 0x26, 0xE3, 0x4E, 0x3E, 0xEA, 0xFA, 0x97, 0xE3, 0x39, 0x7A, 0x78, 0x3A, 0xE3, 0x95, 0x03, 0xE2, 0xBF, 0x40, 0xFF, 0x8E, 0x4F, 0xFF, 0x3F, 0xC0, 0xD4, 0x08, 0x00, 0x72,
  0xD7, 0xF8, 0xCF, 0x3C, 0x00, 0x5B, 0xFF, 0x5D, 0x15, 0xAB, 0xF8, 0x1B, 0xD3, 0xCE, 0x00, 0x00, 0x2B, 0xFF, 0x76, 0xF9, 0xA7, 0x00, 0x00, 0x07, 0xFF, 0x96, 0xF0, 0xAA, 0x00, 0x00, 0x0A, 0xFF, 0x92, 0xB3, 0xDE, 0x01, 0x00, 0x2E, 0xFF, 0x62,
  0x28, 0xE6, 0x78, 0x00, 0x99, 0xDD, 0x0C, 0xFF, 0xFF, 0xFF, 0x00, 0xFF, 0xFF, 0xA0, 0xFF, 0xFF, 0xFF, 0xFF, 0xFF, 0xFF, 0x03, 0xFF, 0x80, 0x00, 0xFF, 0x84, 0x10, 0xFF, 0x74, 0x00, 0xFF, 0x84, 0x31, 0xFF, 0x57, 0x00, 0xFF, 0x84, 0x6D, 0xFF,
  0x22, 0x00, 0xF1, 0x90, 0xCC, 0xCE, 0x00, 0x00, 0x9F, 0xFC, 0x00, 0x00, 0x00, 0x00, 0x00, 0x0A, 0xFF, 0xFF, 0xFF, 0xFF, 0xFF, 0xFF, 0xFF, 0xFF, 0xFF, 0xFF, 0xFF, 0xFF, 0x0E, 0x8D, 0xDC, 0x70, 0xAC, 0xF9, 0x3B, 0x02, 0xF3, 0xF9, 0x22, 0x00,
  0x9D, 0xF5, 0x4B, 0x00, 0x00, 0xD0, 0xE2, 0x25, 0x00, 0xAD, 0xFF, 0x65, 0x10, 0xB1, 0xF6, 0x25, 0xEF, 0xBF, 0x3C, 0x00, 0x00, 0xCC, 0xE2, 0x25, 0x00, 0xC0, 0xFF, 0x66, 0x0C, 0xA9, 0xF7, 0x27, 0xEF, 0xC0, 0x3E, 0x00, 0x00, 0x23, 0xAE, 0xEB,
  0x00, 0x12, 0x9A, 0xE4, 0x2B, 0x01, 0xD9, 0xB9, 0x13, 0x00, 0xAF, 0xD9, 0x1E, 0x00, 0x20, 0xFF, 0xB3, 0x00, 0x00, 0xF4, 0xDA, 0x04, 0x00, 0x05, 0xC8, 0xD4, 0x00, 0x00, 0xA3, 0xEA, 0x14, 0x00, 0x00, 0x16, 0xEA, 0xA1, 0x00, 0x00, 0xD6, 0xC7,
  0x04, 0x00, 0x05, 0xDC, 0xF3, 0x00, 0x00, 0xB3, 0xFF, 0x1F, 0x00, 0x1D, 0xDD, 0xB0, 0x00, 0x11, 0xBA, 0xDA, 0x01, 0x2B, 0xE7, 0x9E, 0x13, 0x00, 0xED, 0xB1, 0x24, 0x00, 0x00, 0x16, 0xEA, 0xA0, 0x00, 0x00, 0xD5, 0xC6, 0x04, 0x00, 0x04, 0xDC,
  0xF2, 0x00, 0x00, 0xB3, 0xFF, 0x1E, 0x00, 0x1D, 0xDD, 0xAE, 0x00, 0x11, 0xB9, 0xD8, 0x01, 0x2B, 0xE7, 0x9D, 0x11, 0x00, 0xED, 0xB0, 0x22, 0x00, 0x00, 0x00, 0xFF, 0x84, 0x00, 0x00, 0x00, 0x00, 0xFF, 0x84, 0x00, 0x00, 0xFF, 0xFF, 0xFF, 0xFF,
  0xFF, 0x84, 0x00, 0x00, 0xFF, 0x84, 0x00, 0x00, 0x00, 0x00, 0xFF, 0x84, 0x00, 0x00, 0x00, 0x00, 0xFF, 0x84, 0x00, 0x00, 0x00, 0x00, 0xFF, 0x84, 0x00, 0x00, 0x00, 0x00, 0xFF, 0x84, 0x00, 0x00, 0xFF, 0xFF, 0xFF, 0xFF, 0xFF, 0x84, 0x00, 0x00,
  0xFF, 0x84, 0x00, 0x00, 0x00, 0x00, 0xFF, 0x84, 0x00, 0x00, 0x00, 0x00, 0xFF, 0x84, 0x00, 0x00, 0xFF, 0xFF, 0xFF, 0xFF, 0xFF, 0x84, 0x00, 0x00, 0xFF, 0x84, 0x00, 0x00, 0x00, 0x00, 0xFF, 0x84, 0x00, 0x00, 0x49, 0xE2, 0xE2, 0x47, 0xE2, 0xFF,
  0xFF, 0xE2, 0xE3, 0xFF, 0xFF, 0xE2, 0x4B, 0xE3, 0xE2, 0x49, 0xC8, 0xAF, 0xC8, 0xAF, 0xC8, 0xAF, 0xCA, 0xAF, 0xCA, 0xAF, 0xCA, 0xAF, 0x85, 0xF4, 0xC6, 0x0C, 0x00, 0x00, 0x00, 0x00, 0xF5, 0x77, 0xFF, 0x3B, 0x00, 0x00, 0x00, 0x00, 0x93, 0xF6,
  0xBD, 0x1B, 0x5D, 0xAA, 0x8A, 0x00, 0x26, 0x74, 0xC1, 0xE9, 0xA3, 0x55, 0x0D, 0x00, 0xD9, 0x8C, 0x3E, 0x03, 0x00, 0x00, 0x00, 0x00, 0x85, 0xF4, 0xC6, 0x0B, 0x85, 0xF4, 0xC6, 0x0B, 0xF5, 0x77, 0xFF, 0x3A, 0xF5, 0x77, 0xFF, 0x3A, 0x94, 0xF6,
  0xBD, 0x08, 0x94, 0xF6, 0xBD, 0x08, 0x00, 0x07, 0xB6, 0x8F, 0x05, 0xB3, 0xE2, 0x24, 0x72, 0xFF, 0x41, 0x00, 0x05, 0xB4, 0xE1, 0x23, 0x00, 0x07, 0xB7, 0x90, 0x8F, 0xB6, 0x07, 0x00, 0x24, 0xE2, 0xB3, 0x05, 0x00, 0x42, 0xFF, 0x72, 0x23, 0xE2,
  0xB3, 0x05, 0x90, 0xB7, 0x07, 0x00, 0x00, 0x00, 0x00, 0x00, 0x00, 0x60, 0x97, 0x00, 0x00, 0x00, 0x00, 0x2A, 0xC4, 0x07, 0x00, 0x00, 0x00, 0x0A, 0xC7, 0x24, 0x00, 0x00, 0x00, 0x00, 0xA0, 0x56, 0x00, 0x00, 0x00, 0x00, 0x60, 0x95, 0x00, 0x00,
  0x00, 0x00, 0x2A, 0xC3, 0x07, 0x00, 0x00, 0x00, 0x0A, 0xC6, 0x23, 0x00, 0x00, 0x00, 0x00, 0xA0, 0x54, 0x00, 0x00, 0x00, 0x00, 0x00, 0x00, 0x07, 0x8E, 0xE6, 0xFE, 0xFF, 0x00, 0x98, 0xF7, 0x48, 0x03, 0x00, 0xFF, 0xFF, 0xFF, 0xFF, 0xFF, 0x00,
  0x00, 0xFE, 0xA1, 0x00, 0x00, 0x00, 0xFF, 0xFF, 0xFF, 0xFF, 0xFF, 0x00, 0x00, 0xC1, 0xE5, 0x01, 0x00, 0x00, 0x00, 0x61, 0xFF, 0x76, 0x06, 0x00, 0x00, 0x00, 0x7C, 0xE4, 0xFF, 0xFF, 0x48, 0xFF, 0xFF, 0xFF, 0xB7, 0x3B, 0xFA, 0x1B, 0x00, 0x48,
  0xFF, 0x00, 0xD4, 0xBB, 0xE5, 0x43, 0x00, 0x48, 0xFF, 0x00, 0xF1, 0xE3, 0xCF, 0x6B, 0x00, 0xF7, 0xF1, 0xA6, 0x18, 0x00, 0x00, 0x01, 0x31, 0xDB, 0xD2, 0x05, 0x00, 0x00, 0x00, 0x4B, 0xFF, 0x52, 0x27, 0xC2, 0xF5, 0xD3, 0xFF, 0x8C, 0xC5, 0xCD,
  0x14, 0x26, 0xFC, 0x99, 0xF5, 0x8B, 0x00, 0x0D, 0xFF, 0x7E, 0xC7, 0xCE, 0x14, 0x6F, 0xFE, 0x30, 0x29, 0xC3, 0xF5, 0xDA, 0x5F, 0x00, 0x00, 0x00, 0x53, 0xFF, 0x68, 0x00, 0x00, 0x00, 0x00, 0xA7, 0xB1, 0xB9, 0x00, 0x00, 0x00, 0x08, 0xEC, 0x1E,
  0xF6, 0x10, 0x00, 0x00, 0x51, 0xB7, 0x00, 0xBF, 0x5C, 0x00, 0x00, 0xA6, 0x67, 0x00, 0x72, 0xAD, 0x00, 0x07, 0xF0, 0x19, 0x00, 0x24, 0xF5, 0x09, 0x4F, 0xC7, 0x00, 0x00, 0x00, 0xD7, 0x50, 0x7F, 0xFF, 0xFF, 0xFF, 0xFF, 0xFF, 0x7F, 0xFF, 0xFF,
  0xFF, 0xFF, 0xFF, 0xFF, 0x00, 0xFF, 0x84, 0x84, 0xFF, 0x00, 0x00, 0xFF, 0x84, 0x84, 0xFF, 0x00, 0x00, 0xFF, 0x84, 0x84, 0xFF, 0x00, 0x00, 0xFF, 0x84, 0x84, 0xFF, 0x00, 0x00, 0xFF, 0x84, 0x84, 0xFF, 0x00, 0x00, 0xFF, 0x84, 0x84, 0xFF, 0x00,
  0x00, 0xFF, 0x84, 0x84, 0xFF, 0x00, 0x00, 0xFF, 0x84, 0x84, 0xFF, 0x00, 0xFE, 0xFF, 0xFF, 0xFF, 0xFF, 0x7B, 0xF1, 0x2E, 0x00, 0x00, 0x00, 0x9F, 0xE4, 0x1D, 0x00, 0x00, 0x05, 0xBE, 0xD4, 0x10, 0x00, 0x00, 0x36, 0xFF, 0x65, 0x00, 0x0B, 0xD4,
  0xAE, 0x01, 0x00, 0xA9, 0xD5, 0x0D, 0x00, 0x75, 0xF0, 0x26, 0x00, 0x00, 0xFC, 0xFF, 0xFF, 0xFF, 0xFF, 0x00, 0x00, 0x00, 0x00, 0x1C, 0xF8, 0x07, 0x00, 0x00, 0x00, 0x00, 0x55, 0xC0, 0x00, 0x00, 0x00, 0x00, 0x00, 0x8E, 0x80, 0x00, 0xB2, 0x53,
  0x00, 0x00, 0xC7, 0x41, 0x00, 0x5E, 0xE8, 0x12, 0x07, 0xF2, 0x08, 0x00, 0x00, 0xB8, 0xA3, 0x39, 0xC2, 0x00, 0x00, 0x00, 0x1F, 0xF4, 0xB0, 0x82, 0x00, 0x00, 0x00, 0x00, 0x6F, 0xFF, 0x43, 0x00, 0x00, 0x78, 0xF1, 0x65, 0x59, 0xEF, 0x86, 0xED,
  0x8A, 0xBC, 0xB6, 0x8F, 0xF1, 0xF1, 0x8A, 0xB3, 0xB7, 0x8A, 0xED, 0x85, 0xF0, 0x59, 0x67, 0xF1, 0x7D, 0x00, 0x00, 0x4F, 0xDC, 0xFA, 0x7A, 0x00, 0x00, 0xE7, 0xB6, 0x0B, 0x00, 0x00, 0x00, 0xFF, 0x84, 0x00, 0x00, 0x00, 0x00, 0xFF, 0x84, 0x00,
  0x00, 0x00, 0x00, 0xFF, 0x84, 0x00, 0x00, 0x00, 0x00, 0xFF, 0x84, 0x00, 0x00, 0x00, 0x00, 0xFF, 0x84, 0x00, 0x00, 0x00, 0x00, 0xFF, 0x83, 0x00, 0x00, 0x00, 0x3D, 0xFF, 0x6A, 0x00, 0x00, 0xF3, 0xF4, 0xB1, 0x0C, 0x00, 0x00, 0x85, 0xF0, 0x87,
  0x14, 0x81, 0x85, 0x14, 0x89, 0xF1, 0x88, 0x00, 0x00, 0x00, 0x00, 0x00, 0x88, 0xF0, 0x87, 0x14, 0x83, 0x82, 0x14, 0x89, 0xF1, 0x88, 0x00, 0x00, 0x1D, 0xD2, 0x00, 0xFF, 0xFF, 0xFF, 0xFF, 0xFF, 0x00, 0x00, 0xCC, 0x23, 0x00, 0xFF, 0xFF, 0xFF,
  0xFF, 0xFF, 0x00, 0x7D, 0x73, 0x00, 0x00, 0x00, 0xD3, 0x1D, 0x00, 0x00, 0x00, 0x00, 0x0A, 0x81, 0xA5, 0x01, 0x5B, 0xDE, 0x89, 0x0B, 0x90, 0xFE, 0x52, 0x00, 0x00, 0x01, 0x5C, 0xDE, 0x88, 0x0B, 0x00, 0x00, 0x0B, 0x82, 0xA5, 0x00, 0x00, 0x00,
  0x00, 0x00, 0xFF, 0xFF, 0xFF, 0xFF, 0xFF, 0xA5, 0x81, 0x0A, 0x00, 0x00, 0x0B, 0x89, 0xDE, 0x5B, 0x01, 0x00, 0x00, 0x53, 0xFE, 0x90, 0x0B, 0x88, 0xDE, 0x5C, 0x01, 0xA5, 0x82, 0x0A, 0x00, 0x00, 0x00, 0x00, 0x00, 0x00, 0x00, 0xFF, 0xFF, 0xFF,
  0xFF, 0xFF, 0x00, 0x10, 0xEA, 0x9A, 0x00, 0x00, 0x00, 0x90, 0xB2, 0xF5, 0x33, 0x00, 0x29, 0xFB, 0x3D, 0xA2, 0xC5, 0x01, 0xBA, 0xD9, 0x00, 0x3C, 0xFF, 0x5D, 0xB0, 0xE7, 0x04, 0x2B, 0xFF, 0x6B, 0x21, 0xF7, 0x50, 0x90, 0xD2, 0x03, 0x00, 0x82,
  0xBC, 0xED, 0x40, 0x00, 0x00, 0x0A, 0xE1, 0xAA, 0x00, 0x00, 0x00, 0x2D, 0xBF, 0xF2, 0xFF, 0x84, 0x00, 0xCE, 0xCA, 0x19, 0x00, 0x00, 0x00, 0xFC, 0x86, 0x00, 0x00, 0x00, 0xCC, 0xFF, 0xFF, 0xFF, 0xFF, 0x84, 0x00, 0xFF, 0x84, 0x00, 0xFF, 0x84,
  0x00, 0xFF, 0x84, 0x00, 0xFF, 0x84, 0x00, 0xFF, 0x84, 0x00, 0xFF, 0x84, 0x00, 0xFF, 0x84, 0x00, 0xFF, 0x84, 0x00, 0x33, 0xC7, 0xF6, 0xF3, 0x71, 0x00, 0xD1, 0xBC, 0x0A, 0xFF, 0x84, 0x00, 0xFC, 0x85, 0x00, 0xFF, 0x84, 0xCC, 0xFF, 0xFF, 0x00,
  0xFF, 0x84, 0x00, 0xFF, 0x84, 0x00, 0xFF, 0x84, 0x00, 0xFF, 0x84, 0x00, 0xFF, 0x84, 0x00, 0xFF, 0x84, 0x00, 0xFF, 0x84, 0x00, 0xFF, 0x84, 0x00, 0xFF, 0x84, 0x00, 0x08, 0x43, 0x6F, 0x6E, 0x73, 0x6F, 0x6C, 0x61, 0x73, 0x00, 0x08, 0x43, 0x6F,
  0x6E, 0x73, 0x6F, 0x6C, 0x61, 0x73, 0x01, 0x00
};

/*************************** End of file ****************************/
