/*
  C-file generated by Bin2C
  Compiled:    Jun 11 2019 at 16:50:55

  Copyright (C) 2018
  Segger Microcontroller GmbH
  www.segger.com

  The Embedded Experts
*/

static const unsigned char _acRobotoMonoRegular11[21192UL + 1] = {
  0x00, 0x00, 0x01, 0x15, 0x00, 0x00, 0x00, 0x0B, 0x00, 0x00, 0x00, 0x0B, 0x00, 0x00, 0x00, 0x00, 0x00, 0x00, 0x00, 0x09, 0x00, 0x00, 0x00, 0x03, 0x00, 0x00, 0x00, 0x21, 0x00, 0x00, 0x00, 0x09, 0x00, 0x00, 0x00, 0x02, 0x00, 0x00, 0x00, 0x07,
  0x00, 0x00, 0x00, 0x08, 0x00, 0x00, 0x00, 0x02, 0x00, 0x00, 0x00, 0x00, 0x00, 0x00, 0x00, 0x22, 0x00, 0x00, 0x00, 0x04, 0x00, 0x00, 0x00, 0x04, 0x00, 0x00, 0x00, 0x07, 0x00, 0x00, 0x00, 0x09, 0x00, 0x00, 0x00, 0x01, 0x00, 0x00, 0x00, 0x00,
  0x00, 0x00, 0x00, 0x23, 0x00, 0x00, 0x00, 0x08, 0x00, 0x00, 0x00, 0x07, 0x00, 0x00, 0x00, 0x07, 0x00, 0x00, 0x00, 0x08, 0x00, 0x00, 0x00, 0x00, 0x00, 0x00, 0x00, 0x00, 0x00, 0x00, 0x00, 0x24, 0x00, 0x00, 0x00, 0x0C, 0x00, 0x00, 0x00, 0x06,
  0x00, 0x00, 0x00, 0x07, 0x00, 0x00, 0x00, 0x0A, 0x00, 0x00, 0x00, 0x00, 0x00, 0x00, 0x00, 0x00, 0x00, 0x00, 0x00, 0x25, 0x00, 0x00, 0x00, 0x09, 0x00, 0x00, 0x00, 0x07, 0x00, 0x00, 0x00, 0x07, 0x00, 0x00, 0x00, 0x08, 0x00, 0x00, 0x00, 0x00,
  0x00, 0x00, 0x00, 0x00, 0x00, 0x00, 0x00, 0x26, 0x00, 0x00, 0x00, 0x09, 0x00, 0x00, 0x00, 0x07, 0x00, 0x00, 0x00, 0x07, 0x00, 0x00, 0x00, 0x08, 0x00, 0x00, 0x00, 0x00, 0x00, 0x00, 0x00, 0x00, 0x00, 0x00, 0x00, 0x27, 0x00, 0x00, 0x00, 0x04,
  0x00, 0x00, 0x00, 0x02, 0x00, 0x00, 0x00, 0x07, 0x00, 0x00, 0x00, 0x09, 0x00, 0x00, 0x00, 0x02, 0x00, 0x00, 0x00, 0x00, 0x00, 0x00, 0x00, 0x28, 0x00, 0x00, 0x00, 0x0C, 0x00, 0x00, 0x00, 0x04, 0x00, 0x00, 0x00, 0x07, 0x00, 0x00, 0x00, 0x09,
  0x00, 0x00, 0x00, 0x01, 0x00, 0x00, 0x00, 0x00, 0x00, 0x00, 0x00, 0x29, 0x00, 0x00, 0x00, 0x0C, 0x00, 0x00, 0x00, 0x04, 0x00, 0x00, 0x00, 0x07, 0x00, 0x00, 0x00, 0x09, 0x00, 0x00, 0x00, 0x01, 0x00, 0x00, 0x00, 0x00, 0x00, 0x00, 0x00, 0x2A,
  0x00, 0x00, 0x00, 0x06, 0x00, 0x00, 0x00, 0x06, 0x00, 0x00, 0x00, 0x07, 0x00, 0x00, 0x00, 0x08, 0x00, 0x00, 0x00, 0x00, 0x00, 0x00, 0x00, 0x00, 0x00, 0x00, 0x00, 0x2B, 0x00, 0x00, 0x00, 0x07, 0x00, 0x00, 0x00, 0x06, 0x00, 0x00, 0x00, 0x07,
  0x00, 0x00, 0x00, 0x07, 0x00, 0x00, 0x00, 0x00, 0x00, 0x00, 0x00, 0x00, 0x00, 0x00, 0x00, 0x2C, 0x00, 0x00, 0x00, 0x04, 0x00, 0x00, 0x00, 0x03, 0x00, 0x00, 0x00, 0x07, 0x00, 0x00, 0x00, 0x02, 0x00, 0x00, 0x00, 0x01, 0x00, 0x00, 0x00, 0x00,
  0x00, 0x00, 0x00, 0x2D, 0x00, 0x00, 0x00, 0x01, 0x00, 0x00, 0x00, 0x05, 0x00, 0x00, 0x00, 0x07, 0x00, 0x00, 0x00, 0x04, 0x00, 0x00, 0x00, 0x01, 0x00, 0x00, 0x00, 0x00, 0x00, 0x00, 0x00, 0x2E, 0x00, 0x00, 0x00, 0x03, 0x00, 0x00, 0x00, 0x03,
  0x00, 0x00, 0x00, 0x07, 0x00, 0x00, 0x00, 0x02, 0x00, 0x00, 0x00, 0x02, 0x00, 0x00, 0x00, 0x00, 0x00, 0x00, 0x00, 0x2F, 0x00, 0x00, 0x00, 0x09, 0x00, 0x00, 0x00, 0x05, 0x00, 0x00, 0x00, 0x07, 0x00, 0x00, 0x00, 0x08, 0x00, 0x00, 0x00, 0x01,
  0x00, 0x00, 0x00, 0x00, 0x00, 0x00, 0x00, 0x30, 0x00, 0x00, 0x00, 0x09, 0x00, 0x00, 0x00, 0x06, 0x00, 0x00, 0x00, 0x07, 0x00, 0x00, 0x00, 0x08, 0x00, 0x00, 0x00, 0x00, 0x00, 0x00, 0x00, 0x00, 0x00, 0x00, 0x00, 0x31, 0x00, 0x00, 0x00, 0x08,
  0x00, 0x00, 0x00, 0x04, 0x00, 0x00, 0x00, 0x07, 0x00, 0x00, 0x00, 0x08, 0x00, 0x00, 0x00, 0x01, 0x00, 0x00, 0x00, 0x00, 0x00, 0x00, 0x00, 0x32, 0x00, 0x00, 0x00, 0x08, 0x00, 0x00, 0x00, 0x06, 0x00, 0x00, 0x00, 0x07, 0x00, 0x00, 0x00, 0x08,
  0x00, 0x00, 0x00, 0x00, 0x00, 0x00, 0x00, 0x00, 0x00, 0x00, 0x00, 0x33, 0x00, 0x00, 0x00, 0x09, 0x00, 0x00, 0x00, 0x06, 0x00, 0x00, 0x00, 0x07, 0x00, 0x00, 0x00, 0x08, 0x00, 0x00, 0x00, 0x00, 0x00, 0x00, 0x00, 0x00, 0x00, 0x00, 0x00, 0x34,
  0x00, 0x00, 0x00, 0x08, 0x00, 0x00, 0x00, 0x07, 0x00, 0x00, 0x00, 0x07, 0x00, 0x00, 0x00, 0x08, 0x00, 0x00, 0x00, 0x00, 0x00, 0x00, 0x00, 0x00, 0x00, 0x00, 0x00, 0x35, 0x00, 0x00, 0x00, 0x09, 0x00, 0x00, 0x00, 0x05, 0x00, 0x00, 0x00, 0x07,
  0x00, 0x00, 0x00, 0x08, 0x00, 0x00, 0x00, 0x01, 0x00, 0x00, 0x00, 0x00, 0x00, 0x00, 0x00, 0x36, 0x00, 0x00, 0x00, 0x09, 0x00, 0x00, 0x00, 0x06, 0x00, 0x00, 0x00, 0x07, 0x00, 0x00, 0x00, 0x08, 0x00, 0x00, 0x00, 0x00, 0x00, 0x00, 0x00, 0x00,
  0x00, 0x00, 0x00, 0x37, 0x00, 0x00, 0x00, 0x08, 0x00, 0x00, 0x00, 0x06, 0x00, 0x00, 0x00, 0x07, 0x00, 0x00, 0x00, 0x08, 0x00, 0x00, 0x00, 0x00, 0x00, 0x00, 0x00, 0x00, 0x00, 0x00, 0x00, 0x38, 0x00, 0x00, 0x00, 0x09, 0x00, 0x00, 0x00, 0x06,
  0x00, 0x00, 0x00, 0x07, 0x00, 0x00, 0x00, 0x08, 0x00, 0x00, 0x00, 0x00, 0x00, 0x00, 0x00, 0x00, 0x00, 0x00, 0x00, 0x39, 0x00, 0x00, 0x00, 0x08, 0x00, 0x00, 0x00, 0x06, 0x00, 0x00, 0x00, 0x07, 0x00, 0x00, 0x00, 0x08, 0x00, 0x00, 0x00, 0x00,
  0x00, 0x00, 0x00, 0x00, 0x00, 0x00, 0x00, 0x3A, 0x00, 0x00, 0x00, 0x08, 0x00, 0x00, 0x00, 0x03, 0x00, 0x00, 0x00, 0x07, 0x00, 0x00, 0x00, 0x07, 0x00, 0x00, 0x00, 0x02, 0x00, 0x00, 0x00, 0x00, 0x00, 0x00, 0x00, 0x3B, 0x00, 0x00, 0x00, 0x09,
  0x00, 0x00, 0x00, 0x03, 0x00, 0x00, 0x00, 0x07, 0x00, 0x00, 0x00, 0x07, 0x00, 0x00, 0x00, 0x02, 0x00, 0x00, 0x00, 0x00, 0x00, 0x00, 0x00, 0x3C, 0x00, 0x00, 0x00, 0x05, 0x00, 0x00, 0x00, 0x06, 0x00, 0x00, 0x00, 0x07, 0x00, 0x00, 0x00, 0x06,
  0x00, 0x00, 0x00, 0x00, 0x00, 0x00, 0x00, 0x00, 0x00, 0x00, 0x00, 0x3D, 0x00, 0x00, 0x00, 0x05, 0x00, 0x00, 0x00, 0x06, 0x00, 0x00, 0x00, 0x07, 0x00, 0x00, 0x00, 0x06, 0x00, 0x00, 0x00, 0x00, 0x00, 0x00, 0x00, 0x00, 0x00, 0x00, 0x00, 0x3E,
  0x00, 0x00, 0x00, 0x05, 0x00, 0x00, 0x00, 0x06, 0x00, 0x00, 0x00, 0x07, 0x00, 0x00, 0x00, 0x06, 0x00, 0x00, 0x00, 0x00, 0x00, 0x00, 0x00, 0x00, 0x00, 0x00, 0x00, 0x3F, 0x00, 0x00, 0x00, 0x09, 0x00, 0x00, 0x00, 0x05, 0x00, 0x00, 0x00, 0x07,
  0x00, 0x00, 0x00, 0x08, 0x00, 0x00, 0x00, 0x01, 0x00, 0x00, 0x00, 0x00, 0x00, 0x00, 0x00, 0x40, 0x00, 0x00, 0x00, 0x09, 0x00, 0x00, 0x00, 0x07, 0x00, 0x00, 0x00, 0x07, 0x00, 0x00, 0x00, 0x08, 0x00, 0x00, 0x00, 0x00, 0x00, 0x00, 0x00, 0x00,
  0x00, 0x00, 0x00, 0x41, 0x00, 0x00, 0x00, 0x08, 0x00, 0x00, 0x00, 0x07, 0x00, 0x00, 0x00, 0x07, 0x00, 0x00, 0x00, 0x08, 0x00, 0x00, 0x00, 0x00, 0x00, 0x00, 0x00, 0x00, 0x00, 0x00, 0x00, 0x42, 0x00, 0x00, 0x00, 0x08, 0x00, 0x00, 0x00, 0x06,
  0x00, 0x00, 0x00, 0x07, 0x00, 0x00, 0x00, 0x08, 0x00, 0x00, 0x00, 0x00, 0x00, 0x00, 0x00, 0x00, 0x00, 0x00, 0x00, 0x43, 0x00, 0x00, 0x00, 0x09, 0x00, 0x00, 0x00, 0x06, 0x00, 0x00, 0x00, 0x07, 0x00, 0x00, 0x00, 0x08, 0x00, 0x00, 0x00, 0x00,
  0x00, 0x00, 0x00, 0x00, 0x00, 0x00, 0x00, 0x44, 0x00, 0x00, 0x00, 0x08, 0x00, 0x00, 0x00, 0x07, 0x00, 0x00, 0x00, 0x07, 0x00, 0x00, 0x00, 0x08, 0x00, 0x00, 0x00, 0x00, 0x00, 0x00, 0x00, 0x00, 0x00, 0x00, 0x00, 0x45, 0x00, 0x00, 0x00, 0x08,
  0x00, 0x00, 0x00, 0x06, 0x00, 0x00, 0x00, 0x07, 0x00, 0x00, 0x00, 0x08, 0x00, 0x00, 0x00, 0x00, 0x00, 0x00, 0x00, 0x00, 0x00, 0x00, 0x00, 0x46, 0x00, 0x00, 0x00, 0x08, 0x00, 0x00, 0x00, 0x05, 0x00, 0x00, 0x00, 0x07, 0x00, 0x00, 0x00, 0x08,
  0x00, 0x00, 0x00, 0x01, 0x00, 0x00, 0x00, 0x00, 0x00, 0x00, 0x00, 0x47, 0x00, 0x00, 0x00, 0x09, 0x00, 0x00, 0x00, 0x06, 0x00, 0x00, 0x00, 0x07, 0x00, 0x00, 0x00, 0x08, 0x00, 0x00, 0x00, 0x00, 0x00, 0x00, 0x00, 0x00, 0x00, 0x00, 0x00, 0x48,
  0x00, 0x00, 0x00, 0x08, 0x00, 0x00, 0x00, 0x06, 0x00, 0x00, 0x00, 0x07, 0x00, 0x00, 0x00, 0x08, 0x00, 0x00, 0x00, 0x00, 0x00, 0x00, 0x00, 0x00, 0x00, 0x00, 0x00, 0x49, 0x00, 0x00, 0x00, 0x08, 0x00, 0x00, 0x00, 0x06, 0x00, 0x00, 0x00, 0x07,
  0x00, 0x00, 0x00, 0x08, 0x00, 0x00, 0x00, 0x00, 0x00, 0x00, 0x00, 0x00, 0x00, 0x00, 0x00, 0x4A, 0x00, 0x00, 0x00, 0x09, 0x00, 0x00, 0x00, 0x06, 0x00, 0x00, 0x00, 0x07, 0x00, 0x00, 0x00, 0x08, 0x00, 0x00, 0x00, 0x00, 0x00, 0x00, 0x00, 0x00,
  0x00, 0x00, 0x00, 0x4B, 0x00, 0x00, 0x00, 0x08, 0x00, 0x00, 0x00, 0x07, 0x00, 0x00, 0x00, 0x07, 0x00, 0x00, 0x00, 0x08, 0x00, 0x00, 0x00, 0x00, 0x00, 0x00, 0x00, 0x00, 0x00, 0x00, 0x00, 0x4C, 0x00, 0x00, 0x00, 0x08, 0x00, 0x00, 0x00, 0x05,
  0x00, 0x00, 0x00, 0x07, 0x00, 0x00, 0x00, 0x08, 0x00, 0x00, 0x00, 0x01, 0x00, 0x00, 0x00, 0x00, 0x00, 0x00, 0x00, 0x4D, 0x00, 0x00, 0x00, 0x08, 0x00, 0x00, 0x00, 0x06, 0x00, 0x00, 0x00, 0x07, 0x00, 0x00, 0x00, 0x08, 0x00, 0x00, 0x00, 0x00,
  0x00, 0x00, 0x00, 0x00, 0x00, 0x00, 0x00, 0x4E, 0x00, 0x00, 0x00, 0x08, 0x00, 0x00, 0x00, 0x06, 0x00, 0x00, 0x00, 0x07, 0x00, 0x00, 0x00, 0x08, 0x00, 0x00, 0x00, 0x00, 0x00, 0x00, 0x00, 0x00, 0x00, 0x00, 0x00, 0x4F, 0x00, 0x00, 0x00, 0x09,
  0x00, 0x00, 0x00, 0x07, 0x00, 0x00, 0x00, 0x07, 0x00, 0x00, 0x00, 0x08, 0x00, 0x00, 0x00, 0x00, 0x00, 0x00, 0x00, 0x00, 0x00, 0x00, 0x00, 0x50, 0x00, 0x00, 0x00, 0x08, 0x00, 0x00, 0x00, 0x06, 0x00, 0x00, 0x00, 0x07, 0x00, 0x00, 0x00, 0x08,
  0x00, 0x00, 0x00, 0x01, 0x00, 0x00, 0x00, 0x00, 0x00, 0x00, 0x00, 0x51, 0x00, 0x00, 0x00, 0x0A, 0x00, 0x00, 0x00, 0x07, 0x00, 0x00, 0x00, 0x07, 0x00, 0x00, 0x00, 0x08, 0x00, 0x00, 0x00, 0x00, 0x00, 0x00, 0x00, 0x00, 0x00, 0x00, 0x00, 0x52,
  0x00, 0x00, 0x00, 0x08, 0x00, 0x00, 0x00, 0x07, 0x00, 0x00, 0x00, 0x07, 0x00, 0x00, 0x00, 0x08, 0x00, 0x00, 0x00, 0x00, 0x00, 0x00, 0x00, 0x00, 0x00, 0x00, 0x00, 0x53, 0x00, 0x00, 0x00, 0x09, 0x00, 0x00, 0x00, 0x07, 0x00, 0x00, 0x00, 0x07,
  0x00, 0x00, 0x00, 0x08, 0x00, 0x00, 0x00, 0x00, 0x00, 0x00, 0x00, 0x00, 0x00, 0x00, 0x00, 0x54, 0x00, 0x00, 0x00, 0x08, 0x00, 0x00, 0x00, 0x07, 0x00, 0x00, 0x00, 0x07, 0x00, 0x00, 0x00, 0x08, 0x00, 0x00, 0x00, 0x00, 0x00, 0x00, 0x00, 0x00,
  0x00, 0x00, 0x00, 0x55, 0x00, 0x00, 0x00, 0x09, 0x00, 0x00, 0x00, 0x06, 0x00, 0x00, 0x00, 0x07, 0x00, 0x00, 0x00, 0x08, 0x00, 0x00, 0x00, 0x00, 0x00, 0x00, 0x00, 0x00, 0x00, 0x00, 0x00, 0x56, 0x00, 0x00, 0x00, 0x08, 0x00, 0x00, 0x00, 0x07,
  0x00, 0x00, 0x00, 0x07, 0x00, 0x00, 0x00, 0x08, 0x00, 0x00, 0x00, 0x00, 0x00, 0x00, 0x00, 0x00, 0x00, 0x00, 0x00, 0x57, 0x00, 0x00, 0x00, 0x08, 0x00, 0x00, 0x00, 0x07, 0x00, 0x00, 0x00, 0x07, 0x00, 0x00, 0x00, 0x08, 0x00, 0x00, 0x00, 0x00,
  0x00, 0x00, 0x00, 0x00, 0x00, 0x00, 0x00, 0x58, 0x00, 0x00, 0x00, 0x08, 0x00, 0x00, 0x00, 0x07, 0x00, 0x00, 0x00, 0x07, 0x00, 0x00, 0x00, 0x08, 0x00, 0x00, 0x00, 0x00, 0x00, 0x00, 0x00, 0x00, 0x00, 0x00, 0x00, 0x59, 0x00, 0x00, 0x00, 0x08,
  0x00, 0x00, 0x00, 0x07, 0x00, 0x00, 0x00, 0x07, 0x00, 0x00, 0x00, 0x08, 0x00, 0x00, 0x00, 0x00, 0x00, 0x00, 0x00, 0x00, 0x00, 0x00, 0x00, 0x5A, 0x00, 0x00, 0x00, 0x08, 0x00, 0x00, 0x00, 0x06, 0x00, 0x00, 0x00, 0x07, 0x00, 0x00, 0x00, 0x08,
  0x00, 0x00, 0x00, 0x00, 0x00, 0x00, 0x00, 0x00, 0x00, 0x00, 0x00, 0x5B, 0x00, 0x00, 0x00, 0x0B, 0x00, 0x00, 0x00, 0x03, 0x00, 0x00, 0x00, 0x07, 0x00, 0x00, 0x00, 0x09, 0x00, 0x00, 0x00, 0x02, 0x00, 0x00, 0x00, 0x00, 0x00, 0x00, 0x00, 0x5C,
  0x00, 0x00, 0x00, 0x09, 0x00, 0x00, 0x00, 0x05, 0x00, 0x00, 0x00, 0x07, 0x00, 0x00, 0x00, 0x08, 0x00, 0x00, 0x00, 0x01, 0x00, 0x00, 0x00, 0x00, 0x00, 0x00, 0x00, 0x5D, 0x00, 0x00, 0x00, 0x0B, 0x00, 0x00, 0x00, 0x03, 0x00, 0x00, 0x00, 0x07,
  0x00, 0x00, 0x00, 0x09, 0x00, 0x00, 0x00, 0x02, 0x00, 0x00, 0x00, 0x00, 0x00, 0x00, 0x00, 0x5E, 0x00, 0x00, 0x00, 0x05, 0x00, 0x00, 0x00, 0x05, 0x00, 0x00, 0x00, 0x07, 0x00, 0x00, 0x00, 0x08, 0x00, 0x00, 0x00, 0x01, 0x00, 0x00, 0x00, 0x00,
  0x00, 0x00, 0x00, 0x5F, 0x00, 0x00, 0x00, 0x01, 0x00, 0x00, 0x00, 0x06, 0x00, 0x00, 0x00, 0x07, 0x00, 0x00, 0x00, 0x00, 0x00, 0x00, 0x00, 0x00, 0x00, 0x00, 0x00, 0x00, 0x00, 0x00, 0x00, 0x60, 0x00, 0x00, 0x00, 0x02, 0x00, 0x00, 0x00, 0x03,
  0x00, 0x00, 0x00, 0x07, 0x00, 0x00, 0x00, 0x08, 0x00, 0x00, 0x00, 0x02, 0x00, 0x00, 0x00, 0x00, 0x00, 0x00, 0x00, 0x61, 0x00, 0x00, 0x00, 0x07, 0x00, 0x00, 0x00, 0x06, 0x00, 0x00, 0x00, 0x07, 0x00, 0x00, 0x00, 0x06, 0x00, 0x00, 0x00, 0x00,
  0x00, 0x00, 0x00, 0x00, 0x00, 0x00, 0x00, 0x62, 0x00, 0x00, 0x00, 0x0A, 0x00, 0x00, 0x00, 0x06, 0x00, 0x00, 0x00, 0x07, 0x00, 0x00, 0x00, 0x09, 0x00, 0x00, 0x00, 0x00, 0x00, 0x00, 0x00, 0x00, 0x00, 0x00, 0x00, 0x63, 0x00, 0x00, 0x00, 0x07,
  0x00, 0x00, 0x00, 0x06, 0x00, 0x00, 0x00, 0x07, 0x00, 0x00, 0x00, 0x06, 0x00, 0x00, 0x00, 0x00, 0x00, 0x00, 0x00, 0x00, 0x00, 0x00, 0x00, 0x64, 0x00, 0x00, 0x00, 0x0A, 0x00, 0x00, 0x00, 0x06, 0x00, 0x00, 0x00, 0x07, 0x00, 0x00, 0x00, 0x09,
  0x00, 0x00, 0x00, 0x00, 0x00, 0x00, 0x00, 0x00, 0x00, 0x00, 0x00, 0x65, 0x00, 0x00, 0x00, 0x07, 0x00, 0x00, 0x00, 0x06, 0x00, 0x00, 0x00, 0x07, 0x00, 0x00, 0x00, 0x06, 0x00, 0x00, 0x00, 0x00, 0x00, 0x00, 0x00, 0x00, 0x00, 0x00, 0x00, 0x66,
  0x00, 0x00, 0x00, 0x09, 0x00, 0x00, 0x00, 0x07, 0x00, 0x00, 0x00, 0x07, 0x00, 0x00, 0x00, 0x09, 0x00, 0x00, 0x00, 0x00, 0x00, 0x00, 0x00, 0x00, 0x00, 0x00, 0x00, 0x67, 0x00, 0x00, 0x00, 0x09, 0x00, 0x00, 0x00, 0x06, 0x00, 0x00, 0x00, 0x07,
  0x00, 0x00, 0x00, 0x06, 0x00, 0x00, 0x00, 0x00, 0x00, 0x00, 0x00, 0x00, 0x00, 0x00, 0x00, 0x68, 0x00, 0x00, 0x00, 0x09, 0x00, 0x00, 0x00, 0x06, 0x00, 0x00, 0x00, 0x07, 0x00, 0x00, 0x00, 0x09, 0x00, 0x00, 0x00, 0x00, 0x00, 0x00, 0x00, 0x00,
  0x00, 0x00, 0x00, 0x69, 0x00, 0x00, 0x00, 0x08, 0x00, 0x00, 0x00, 0x05, 0x00, 0x00, 0x00, 0x07, 0x00, 0x00, 0x00, 0x08, 0x00, 0x00, 0x00, 0x01, 0x00, 0x00, 0x00, 0x00, 0x00, 0x00, 0x00, 0x6A, 0x00, 0x00, 0x00, 0x0B, 0x00, 0x00, 0x00, 0x04,
  0x00, 0x00, 0x00, 0x07, 0x00, 0x00, 0x00, 0x08, 0x00, 0x00, 0x00, 0x01, 0x00, 0x00, 0x00, 0x00, 0x00, 0x00, 0x00, 0x6B, 0x00, 0x00, 0x00, 0x09, 0x00, 0x00, 0x00, 0x06, 0x00, 0x00, 0x00, 0x07, 0x00, 0x00, 0x00, 0x09, 0x00, 0x00, 0x00, 0x00,
  0x00, 0x00, 0x00, 0x00, 0x00, 0x00, 0x00, 0x6C, 0x00, 0x00, 0x00, 0x09, 0x00, 0x00, 0x00, 0x05, 0x00, 0x00, 0x00, 0x07, 0x00, 0x00, 0x00, 0x09, 0x00, 0x00, 0x00, 0x01, 0x00, 0x00, 0x00, 0x00, 0x00, 0x00, 0x00, 0x6D, 0x00, 0x00, 0x00, 0x06,
  0x00, 0x00, 0x00, 0x07, 0x00, 0x00, 0x00, 0x07, 0x00, 0x00, 0x00, 0x06, 0x00, 0x00, 0x00, 0x00, 0x00, 0x00, 0x00, 0x00, 0x00, 0x00, 0x00, 0x6E, 0x00, 0x00, 0x00, 0x06, 0x00, 0x00, 0x00, 0x06, 0x00, 0x00, 0x00, 0x07, 0x00, 0x00, 0x00, 0x06,
  0x00, 0x00, 0x00, 0x00, 0x00, 0x00, 0x00, 0x00, 0x00, 0x00, 0x00, 0x6F, 0x00, 0x00, 0x00, 0x07, 0x00, 0x00, 0x00, 0x06, 0x00, 0x00, 0x00, 0x07, 0x00, 0x00, 0x00, 0x06, 0x00, 0x00, 0x00, 0x00, 0x00, 0x00, 0x00, 0x00, 0x00, 0x00, 0x00, 0x70,
  0x00, 0x00, 0x00, 0x09, 0x00, 0x00, 0x00, 0x06, 0x00, 0x00, 0x00, 0x07, 0x00, 0x00, 0x00, 0x06, 0x00, 0x00, 0x00, 0x00, 0x00, 0x00, 0x00, 0x00, 0x00, 0x00, 0x00, 0x71, 0x00, 0x00, 0x00, 0x09, 0x00, 0x00, 0x00, 0x06, 0x00, 0x00, 0x00, 0x07,
  0x00, 0x00, 0x00, 0x06, 0x00, 0x00, 0x00, 0x00, 0x00, 0x00, 0x00, 0x00, 0x00, 0x00, 0x00, 0x72, 0x00, 0x00, 0x00, 0x06, 0x00, 0x00, 0x00, 0x05, 0x00, 0x00, 0x00, 0x07, 0x00, 0x00, 0x00, 0x06, 0x00, 0x00, 0x00, 0x01, 0x00, 0x00, 0x00, 0x00,
  0x00, 0x00, 0x00, 0x73, 0x00, 0x00, 0x00, 0x07, 0x00, 0x00, 0x00, 0x06, 0x00, 0x00, 0x00, 0x07, 0x00, 0x00, 0x00, 0x06, 0x00, 0x00, 0x00, 0x00, 0x00, 0x00, 0x00, 0x00, 0x00, 0x00, 0x00, 0x74, 0x00, 0x00, 0x00, 0x09, 0x00, 0x00, 0x00, 0x06,
  0x00, 0x00, 0x00, 0x07, 0x00, 0x00, 0x00, 0x08, 0x00, 0x00, 0x00, 0x00, 0x00, 0x00, 0x00, 0x00, 0x00, 0x00, 0x00, 0x75, 0x00, 0x00, 0x00, 0x07, 0x00, 0x00, 0x00, 0x06, 0x00, 0x00, 0x00, 0x07, 0x00, 0x00, 0x00, 0x06, 0x00, 0x00, 0x00, 0x00,
  0x00, 0x00, 0x00, 0x00, 0x00, 0x00, 0x00, 0x76, 0x00, 0x00, 0x00, 0x06, 0x00, 0x00, 0x00, 0x06, 0x00, 0x00, 0x00, 0x07, 0x00, 0x00, 0x00, 0x06, 0x00, 0x00, 0x00, 0x00, 0x00, 0x00, 0x00, 0x00, 0x00, 0x00, 0x00, 0x77, 0x00, 0x00, 0x00, 0x06,
  0x00, 0x00, 0x00, 0x07, 0x00, 0x00, 0x00, 0x07, 0x00, 0x00, 0x00, 0x06, 0x00, 0x00, 0x00, 0x00, 0x00, 0x00, 0x00, 0x00, 0x00, 0x00, 0x00, 0x78, 0x00, 0x00, 0x00, 0x06, 0x00, 0x00, 0x00, 0x07, 0x00, 0x00, 0x00, 0x07, 0x00, 0x00, 0x00, 0x06,
  0x00, 0x00, 0x00, 0x00, 0x00, 0x00, 0x00, 0x00, 0x00, 0x00, 0x00, 0x79, 0x00, 0x00, 0x00, 0x09, 0x00, 0x00, 0x00, 0x07, 0x00, 0x00, 0x00, 0x07, 0x00, 0x00, 0x00, 0x06, 0x00, 0x00, 0x00, 0x00, 0x00, 0x00, 0x00, 0x00, 0x00, 0x00, 0x00, 0x7A,
  0x00, 0x00, 0x00, 0x06, 0x00, 0x00, 0x00, 0x06, 0x00, 0x00, 0x00, 0x07, 0x00, 0x00, 0x00, 0x06, 0x00, 0x00, 0x00, 0x00, 0x00, 0x00, 0x00, 0x00, 0x00, 0x00, 0x00, 0x7B, 0x00, 0x00, 0x00, 0x0B, 0x00, 0x00, 0x00, 0x05, 0x00, 0x00, 0x00, 0x07,
  0x00, 0x00, 0x00, 0x09, 0x00, 0x00, 0x00, 0x01, 0x00, 0x00, 0x00, 0x00, 0x00, 0x00, 0x00, 0x7C, 0x00, 0x00, 0x00, 0x0B, 0x00, 0x00, 0x00, 0x02, 0x00, 0x00, 0x00, 0x07, 0x00, 0x00, 0x00, 0x08, 0x00, 0x00, 0x00, 0x02, 0x00, 0x00, 0x00, 0x00,
  0x00, 0x00, 0x00, 0x7D, 0x00, 0x00, 0x00, 0x0B, 0x00, 0x00, 0x00, 0x05, 0x00, 0x00, 0x00, 0x07, 0x00, 0x00, 0x00, 0x09, 0x00, 0x00, 0x00, 0x01, 0x00, 0x00, 0x00, 0x00, 0x00, 0x00, 0x00, 0x7E, 0x00, 0x00, 0x00, 0x03, 0x00, 0x00, 0x00, 0x07,
  0x00, 0x00, 0x00, 0x07, 0x00, 0x00, 0x00, 0x05, 0x00, 0x00, 0x00, 0x00, 0x00, 0x00, 0x00, 0x00, 0x00, 0x00, 0x00, 0xA0, 0x00, 0x00, 0x00, 0x01, 0x00, 0x00, 0x00, 0x01, 0x00, 0x00, 0x00, 0x07, 0x00, 0x00, 0x00, 0x16, 0xFF, 0xFF, 0xFF, 0xF5,
  0x00, 0x00, 0x00, 0x00, 0x00, 0x00, 0x00, 0xA1, 0x00, 0x00, 0x00, 0x08, 0x00, 0x00, 0x00, 0x02, 0x00, 0x00, 0x00, 0x07, 0x00, 0x00, 0x00, 0x06, 0x00, 0x00, 0x00, 0x02, 0x00, 0x00, 0x00, 0x00, 0x00, 0x00, 0x00, 0xA2, 0x00, 0x00, 0x00, 0x0A,
  0x00, 0x00, 0x00, 0x06, 0x00, 0x00, 0x00, 0x07, 0x00, 0x00, 0x00, 0x08, 0x00, 0x00, 0x00, 0x00, 0x00, 0x00, 0x00, 0x00, 0x00, 0x00, 0x00, 0xA3, 0x00, 0x00, 0x00, 0x08, 0x00, 0x00, 0x00, 0x07, 0x00, 0x00, 0x00, 0x07, 0x00, 0x00, 0x00, 0x08,
  0x00, 0x00, 0x00, 0x00, 0x00, 0x00, 0x00, 0x00, 0x00, 0x00, 0x00, 0xA4, 0x00, 0x00, 0x00, 0x07, 0x00, 0x00, 0x00, 0x07, 0x00, 0x00, 0x00, 0x07, 0x00, 0x00, 0x00, 0x06, 0x00, 0x00, 0x00, 0x00, 0x00, 0x00, 0x00, 0x00, 0x00, 0x00, 0x00, 0xA5,
  0x00, 0x00, 0x00, 0x08, 0x00, 0x00, 0x00, 0x07, 0x00, 0x00, 0x00, 0x07, 0x00, 0x00, 0x00, 0x08, 0x00, 0x00, 0x00, 0x00, 0x00, 0x00, 0x00, 0x00, 0x00, 0x00, 0x00, 0xA6, 0x00, 0x00, 0x00, 0x0A, 0x00, 0x00, 0x00, 0x02, 0x00, 0x00, 0x00, 0x07,
  0x00, 0x00, 0x00, 0x08, 0x00, 0x00, 0x00, 0x02, 0x00, 0x00, 0x00, 0x00, 0x00, 0x00, 0x00, 0xA7, 0x00, 0x00, 0x00, 0x0B, 0x00, 0x00, 0x00, 0x07, 0x00, 0x00, 0x00, 0x07, 0x00, 0x00, 0x00, 0x08, 0x00, 0x00, 0x00, 0x00, 0x00, 0x00, 0x00, 0x00,
  0x00, 0x00, 0x00, 0xA8, 0x00, 0x00, 0x00, 0x02, 0x00, 0x00, 0x00, 0x04, 0x00, 0x00, 0x00, 0x07, 0x00, 0x00, 0x00, 0x08, 0x00, 0x00, 0x00, 0x01, 0x00, 0x00, 0x00, 0x00, 0x00, 0x00, 0x00, 0xA9, 0x00, 0x00, 0x00, 0x07, 0x00, 0x00, 0x00, 0x07,
  0x00, 0x00, 0x00, 0x07, 0x00, 0x00, 0x00, 0x06, 0x00, 0x00, 0x00, 0x00, 0x00, 0x00, 0x00, 0x00, 0x00, 0x00, 0x00, 0xAA, 0x00, 0x00, 0x00, 0x05, 0x00, 0x00, 0x00, 0x05, 0x00, 0x00, 0x00, 0x07, 0x00, 0x00, 0x00, 0x08, 0x00, 0x00, 0x00, 0x01,
  0x00, 0x00, 0x00, 0x00, 0x00, 0x00, 0x00, 0xAB, 0x00, 0x00, 0x00, 0x06, 0x00, 0x00, 0x00, 0x05, 0x00, 0x00, 0x00, 0x07, 0x00, 0x00, 0x00, 0x06, 0x00, 0x00, 0x00, 0x01, 0x00, 0x00, 0x00, 0x00, 0x00, 0x00, 0x00, 0xAC, 0x00, 0x00, 0x00, 0x03,
  0x00, 0x00, 0x00, 0x05, 0x00, 0x00, 0x00, 0x07, 0x00, 0x00, 0x00, 0x05, 0x00, 0x00, 0x00, 0x01, 0x00, 0x00, 0x00, 0x00, 0x00, 0x00, 0x00, 0xAD, 0x00, 0x00, 0x00, 0x01, 0x00, 0x00, 0x00, 0x05, 0x00, 0x00, 0x00, 0x07, 0x00, 0x00, 0x00, 0x04,
  0x00, 0x00, 0x00, 0x01, 0x00, 0x00, 0x00, 0x00, 0x00, 0x00, 0x00, 0xAE, 0x00, 0x00, 0x00, 0x07, 0x00, 0x00, 0x00, 0x07, 0x00, 0x00, 0x00, 0x07, 0x00, 0x00, 0x00, 0x06, 0x00, 0x00, 0x00, 0x00, 0x00, 0x00, 0x00, 0x00, 0x00, 0x00, 0x00, 0xAF,
  0x00, 0x00, 0x00, 0x01, 0x00, 0x00, 0x00, 0x05, 0x00, 0x00, 0x00, 0x07, 0x00, 0x00, 0x00, 0x08, 0x00, 0x00, 0x00, 0x01, 0x00, 0x00, 0x00, 0x00, 0x00, 0x00, 0x00, 0xB0, 0x00, 0x00, 0x00, 0x03, 0x00, 0x00, 0x00, 0x04, 0x00, 0x00, 0x00, 0x07,
  0x00, 0x00, 0x00, 0x08, 0x00, 0x00, 0x00, 0x01, 0x00, 0x00, 0x00, 0x00, 0x00, 0x00, 0x00, 0xB1, 0x00, 0x00, 0x00, 0x07, 0x00, 0x00, 0x00, 0x06, 0x00, 0x00, 0x00, 0x07, 0x00, 0x00, 0x00, 0x07, 0x00, 0x00, 0x00, 0x00, 0x00, 0x00, 0x00, 0x00,
  0x00, 0x00, 0x00, 0xB4, 0x00, 0x00, 0x00, 0x02, 0x00, 0x00, 0x00, 0x03, 0x00, 0x00, 0x00, 0x07, 0x00, 0x00, 0x00, 0x08, 0x00, 0x00, 0x00, 0x02, 0x00, 0x00, 0x00, 0x00, 0x00, 0x00, 0x00, 0xB5, 0x00, 0x00, 0x00, 0x09, 0x00, 0x00, 0x00, 0x05,
  0x00, 0x00, 0x00, 0x07, 0x00, 0x00, 0x00, 0x06, 0x00, 0x00, 0x00, 0x01, 0x00, 0x00, 0x00, 0x00, 0x00, 0x00, 0x00, 0xB6, 0x00, 0x00, 0x00, 0x08, 0x00, 0x00, 0x00, 0x05, 0x00, 0x00, 0x00, 0x07, 0x00, 0x00, 0x00, 0x08, 0x00, 0x00, 0x00, 0x01,
  0x00, 0x00, 0x00, 0x00, 0x00, 0x00, 0x00, 0xB7, 0x00, 0x00, 0x00, 0x02, 0x00, 0x00, 0x00, 0x02, 0x00, 0x00, 0x00, 0x07, 0x00, 0x00, 0x00, 0x05, 0x00, 0x00, 0x00, 0x02, 0x00, 0x00, 0x00, 0x00, 0x00, 0x00, 0x00, 0xB8, 0x00, 0x00, 0x00, 0x03,
  0x00, 0x00, 0x00, 0x03, 0x00, 0x00, 0x00, 0x07, 0x00, 0x00, 0x00, 0x00, 0x00, 0x00, 0x00, 0x02, 0x00, 0x00, 0x00, 0x00, 0x00, 0x00, 0x00, 0xBA, 0x00, 0x00, 0x00, 0x05, 0x00, 0x00, 0x00, 0x05, 0x00, 0x00, 0x00, 0x07, 0x00, 0x00, 0x00, 0x08,
  0x00, 0x00, 0x00, 0x01, 0x00, 0x00, 0x00, 0x00, 0x00, 0x00, 0x00, 0xBB, 0x00, 0x00, 0x00, 0x06, 0x00, 0x00, 0x00, 0x05, 0x00, 0x00, 0x00, 0x07, 0x00, 0x00, 0x00, 0x06, 0x00, 0x00, 0x00, 0x01, 0x00, 0x00, 0x00, 0x00, 0x00, 0x00, 0x00, 0xBF,
  0x00, 0x00, 0x00, 0x09, 0x00, 0x00, 0x00, 0x05, 0x00, 0x00, 0x00, 0x07, 0x00, 0x00, 0x00, 0x06, 0x00, 0x00, 0x00, 0x01, 0x00, 0x00, 0x00, 0x00, 0x00, 0x00, 0x00, 0xC0, 0x00, 0x00, 0x00, 0x0A, 0x00, 0x00, 0x00, 0x07, 0x00, 0x00, 0x00, 0x07,
  0x00, 0x00, 0x00, 0x0A, 0x00, 0x00, 0x00, 0x00, 0x00, 0x00, 0x00, 0x00, 0x00, 0x00, 0x00, 0xC1, 0x00, 0x00, 0x00, 0x0A, 0x00, 0x00, 0x00, 0x07, 0x00, 0x00, 0x00, 0x07, 0x00, 0x00, 0x00, 0x0A, 0x00, 0x00, 0x00, 0x00, 0x00, 0x00, 0x00, 0x00,
  0x00, 0x00, 0x00, 0xC2, 0x00, 0x00, 0x00, 0x0B, 0x00, 0x00, 0x00, 0x07, 0x00, 0x00, 0x00, 0x07, 0x00, 0x00, 0x00, 0x0B, 0x00, 0x00, 0x00, 0x00, 0x00, 0x00, 0x00, 0x00, 0x00, 0x00, 0x00, 0xC3, 0x00, 0x00, 0x00, 0x0B, 0x00, 0x00, 0x00, 0x07,
  0x00, 0x00, 0x00, 0x07, 0x00, 0x00, 0x00, 0x0B, 0x00, 0x00, 0x00, 0x00, 0x00, 0x00, 0x00, 0x00, 0x00, 0x00, 0x00, 0xC4, 0x00, 0x00, 0x00, 0x0A, 0x00, 0x00, 0x00, 0x07, 0x00, 0x00, 0x00, 0x07, 0x00, 0x00, 0x00, 0x0A, 0x00, 0x00, 0x00, 0x00,
  0x00, 0x00, 0x00, 0x00, 0x00, 0x00, 0x00, 0xC5, 0x00, 0x00, 0x00, 0x0B, 0x00, 0x00, 0x00, 0x07, 0x00, 0x00, 0x00, 0x07, 0x00, 0x00, 0x00, 0x0B, 0x00, 0x00, 0x00, 0x00, 0x00, 0x00, 0x00, 0x00, 0x00, 0x00, 0x00, 0xC6, 0x00, 0x00, 0x00, 0x08,
  0x00, 0x00, 0x00, 0x07, 0x00, 0x00, 0x00, 0x07, 0x00, 0x00, 0x00, 0x08, 0x00, 0x00, 0x00, 0x00, 0x00, 0x00, 0x00, 0x00, 0x00, 0x00, 0x00, 0xC7, 0x00, 0x00, 0x00, 0x0B, 0x00, 0x00, 0x00, 0x06, 0x00, 0x00, 0x00, 0x07, 0x00, 0x00, 0x00, 0x08,
  0x00, 0x00, 0x00, 0x00, 0x00, 0x00, 0x00, 0x00, 0x00, 0x00, 0x00, 0xC8, 0x00, 0x00, 0x00, 0x0A, 0x00, 0x00, 0x00, 0x06, 0x00, 0x00, 0x00, 0x07, 0x00, 0x00, 0x00, 0x0A, 0x00, 0x00, 0x00, 0x00, 0x00, 0x00, 0x00, 0x00, 0x00, 0x00, 0x00, 0xC9,
  0x00, 0x00, 0x00, 0x0A, 0x00, 0x00, 0x00, 0x06, 0x00, 0x00, 0x00, 0x07, 0x00, 0x00, 0x00, 0x0A, 0x00, 0x00, 0x00, 0x00, 0x00, 0x00, 0x00, 0x00, 0x00, 0x00, 0x00, 0xCA, 0x00, 0x00, 0x00, 0x0B, 0x00, 0x00, 0x00, 0x06, 0x00, 0x00, 0x00, 0x07,
  0x00, 0x00, 0x00, 0x0B, 0x00, 0x00, 0x00, 0x00, 0x00, 0x00, 0x00, 0x00, 0x00, 0x00, 0x00, 0xCB, 0x00, 0x00, 0x00, 0x0A, 0x00, 0x00, 0x00, 0x06, 0x00, 0x00, 0x00, 0x07, 0x00, 0x00, 0x00, 0x0A, 0x00, 0x00, 0x00, 0x00, 0x00, 0x00, 0x00, 0x00,
  0x00, 0x00, 0x00, 0xCC, 0x00, 0x00, 0x00, 0x0A, 0x00, 0x00, 0x00, 0x06, 0x00, 0x00, 0x00, 0x07, 0x00, 0x00, 0x00, 0x0A, 0x00, 0x00, 0x00, 0x00, 0x00, 0x00, 0x00, 0x00, 0x00, 0x00, 0x00, 0xCD, 0x00, 0x00, 0x00, 0x0A, 0x00, 0x00, 0x00, 0x06,
  0x00, 0x00, 0x00, 0x07, 0x00, 0x00, 0x00, 0x0A, 0x00, 0x00, 0x00, 0x00, 0x00, 0x00, 0x00, 0x00, 0x00, 0x00, 0x00, 0xCE, 0x00, 0x00, 0x00, 0x0B, 0x00, 0x00, 0x00, 0x06, 0x00, 0x00, 0x00, 0x07, 0x00, 0x00, 0x00, 0x0B, 0x00, 0x00, 0x00, 0x00,
  0x00, 0x00, 0x00, 0x00, 0x00, 0x00, 0x00, 0xCF, 0x00, 0x00, 0x00, 0x0A, 0x00, 0x00, 0x00, 0x06, 0x00, 0x00, 0x00, 0x07, 0x00, 0x00, 0x00, 0x0A, 0x00, 0x00, 0x00, 0x00, 0x00, 0x00, 0x00, 0x00, 0x00, 0x00, 0x00, 0xD1, 0x00, 0x00, 0x00, 0x0B,
  0x00, 0x00, 0x00, 0x06, 0x00, 0x00, 0x00, 0x07, 0x00, 0x00, 0x00, 0x0B, 0x00, 0x00, 0x00, 0x00, 0x00, 0x00, 0x00, 0x00, 0x00, 0x00, 0x00, 0xD2, 0x00, 0x00, 0x00, 0x0B, 0x00, 0x00, 0x00, 0x07, 0x00, 0x00, 0x00, 0x07, 0x00, 0x00, 0x00, 0x0A,
  0x00, 0x00, 0x00, 0x00, 0x00, 0x00, 0x00, 0x00, 0x00, 0x00, 0x00, 0xD3, 0x00, 0x00, 0x00, 0x0B, 0x00, 0x00, 0x00, 0x07, 0x00, 0x00, 0x00, 0x07, 0x00, 0x00, 0x00, 0x0A, 0x00, 0x00, 0x00, 0x00, 0x00, 0x00, 0x00, 0x00, 0x00, 0x00, 0x00, 0xD4,
  0x00, 0x00, 0x00, 0x0C, 0x00, 0x00, 0x00, 0x07, 0x00, 0x00, 0x00, 0x07, 0x00, 0x00, 0x00, 0x0B, 0x00, 0x00, 0x00, 0x00, 0x00, 0x00, 0x00, 0x00, 0x00, 0x00, 0x00, 0xD5, 0x00, 0x00, 0x00, 0x0C, 0x00, 0x00, 0x00, 0x07, 0x00, 0x00, 0x00, 0x07,
  0x00, 0x00, 0x00, 0x0B, 0x00, 0x00, 0x00, 0x00, 0x00, 0x00, 0x00, 0x00, 0x00, 0x00, 0x00, 0xD6, 0x00, 0x00, 0x00, 0x0B, 0x00, 0x00, 0x00, 0x07, 0x00, 0x00, 0x00, 0x07, 0x00, 0x00, 0x00, 0x0A, 0x00, 0x00, 0x00, 0x00, 0x00, 0x00, 0x00, 0x00,
  0x00, 0x00, 0x00, 0xD7, 0x00, 0x00, 0x00, 0x05, 0x00, 0x00, 0x00, 0x05, 0x00, 0x00, 0x00, 0x07, 0x00, 0x00, 0x00, 0x06, 0x00, 0x00, 0x00, 0x01, 0x00, 0x00, 0x00, 0x00, 0x00, 0x00, 0x00, 0xD8, 0x00, 0x00, 0x00, 0x0A, 0x00, 0x00, 0x00, 0x07,
  0x00, 0x00, 0x00, 0x07, 0x00, 0x00, 0x00, 0x09, 0x00, 0x00, 0x00, 0x00, 0x00, 0x00, 0x00, 0x00, 0x00, 0x00, 0x00, 0xD9, 0x00, 0x00, 0x00, 0x0B, 0x00, 0x00, 0x00, 0x06, 0x00, 0x00, 0x00, 0x07, 0x00, 0x00, 0x00, 0x0A, 0x00, 0x00, 0x00, 0x00,
  0x00, 0x00, 0x00, 0x00, 0x00, 0x00, 0x00, 0xDA, 0x00, 0x00, 0x00, 0x0B, 0x00, 0x00, 0x00, 0x06, 0x00, 0x00, 0x00, 0x07, 0x00, 0x00, 0x00, 0x0A, 0x00, 0x00, 0x00, 0x00, 0x00, 0x00, 0x00, 0x00, 0x00, 0x00, 0x00, 0xDB, 0x00, 0x00, 0x00, 0x0C,
  0x00, 0x00, 0x00, 0x06, 0x00, 0x00, 0x00, 0x07, 0x00, 0x00, 0x00, 0x0B, 0x00, 0x00, 0x00, 0x00, 0x00, 0x00, 0x00, 0x00, 0x00, 0x00, 0x00, 0xDC, 0x00, 0x00, 0x00, 0x0B, 0x00, 0x00, 0x00, 0x06, 0x00, 0x00, 0x00, 0x07, 0x00, 0x00, 0x00, 0x0A,
  0x00, 0x00, 0x00, 0x00, 0x00, 0x00, 0x00, 0x00, 0x00, 0x00, 0x00, 0xDD, 0x00, 0x00, 0x00, 0x0A, 0x00, 0x00, 0x00, 0x07, 0x00, 0x00, 0x00, 0x07, 0x00, 0x00, 0x00, 0x0A, 0x00, 0x00, 0x00, 0x00, 0x00, 0x00, 0x00, 0x00, 0x00, 0x00, 0x00, 0xDF,
  0x00, 0x00, 0x00, 0x0A, 0x00, 0x00, 0x00, 0x06, 0x00, 0x00, 0x00, 0x07, 0x00, 0x00, 0x00, 0x09, 0x00, 0x00, 0x00, 0x00, 0x00, 0x00, 0x00, 0x00, 0x00, 0x00, 0x00, 0xE0, 0x00, 0x00, 0x00, 0x09, 0x00, 0x00, 0x00, 0x06, 0x00, 0x00, 0x00, 0x07,
  0x00, 0x00, 0x00, 0x08, 0x00, 0x00, 0x00, 0x00, 0x00, 0x00, 0x00, 0x00, 0x00, 0x00, 0x00, 0xE1, 0x00, 0x00, 0x00, 0x09, 0x00, 0x00, 0x00, 0x06, 0x00, 0x00, 0x00, 0x07, 0x00, 0x00, 0x00, 0x08, 0x00, 0x00, 0x00, 0x00, 0x00, 0x00, 0x00, 0x00,
  0x00, 0x00, 0x00, 0xE2, 0x00, 0x00, 0x00, 0x0A, 0x00, 0x00, 0x00, 0x06, 0x00, 0x00, 0x00, 0x07, 0x00, 0x00, 0x00, 0x09, 0x00, 0x00, 0x00, 0x00, 0x00, 0x00, 0x00, 0x00, 0x00, 0x00, 0x00, 0xE3, 0x00, 0x00, 0x00, 0x0A, 0x00, 0x00, 0x00, 0x06,
  0x00, 0x00, 0x00, 0x07, 0x00, 0x00, 0x00, 0x09, 0x00, 0x00, 0x00, 0x00, 0x00, 0x00, 0x00, 0x00, 0x00, 0x00, 0x00, 0xE4, 0x00, 0x00, 0x00, 0x09, 0x00, 0x00, 0x00, 0x06, 0x00, 0x00, 0x00, 0x07, 0x00, 0x00, 0x00, 0x08, 0x00, 0x00, 0x00, 0x00,
  0x00, 0x00, 0x00, 0x00, 0x00, 0x00, 0x00, 0xE5, 0x00, 0x00, 0x00, 0x0B, 0x00, 0x00, 0x00, 0x06, 0x00, 0x00, 0x00, 0x07, 0x00, 0x00, 0x00, 0x0A, 0x00, 0x00, 0x00, 0x00, 0x00, 0x00, 0x00, 0x00, 0x00, 0x00, 0x00, 0xE6, 0x00, 0x00, 0x00, 0x07,
  0x00, 0x00, 0x00, 0x07, 0x00, 0x00, 0x00, 0x07, 0x00, 0x00, 0x00, 0x06, 0x00, 0x00, 0x00, 0x00, 0x00, 0x00, 0x00, 0x00, 0x00, 0x00, 0x00, 0xE7, 0x00, 0x00, 0x00, 0x09, 0x00, 0x00, 0x00, 0x06, 0x00, 0x00, 0x00, 0x07, 0x00, 0x00, 0x00, 0x06,
  0x00, 0x00, 0x00, 0x00, 0x00, 0x00, 0x00, 0x00, 0x00, 0x00, 0x00, 0xE8, 0x00, 0x00, 0x00, 0x09, 0x00, 0x00, 0x00, 0x06, 0x00, 0x00, 0x00, 0x07, 0x00, 0x00, 0x00, 0x08, 0x00, 0x00, 0x00, 0x00, 0x00, 0x00, 0x00, 0x00, 0x00, 0x00, 0x00, 0xE9,
  0x00, 0x00, 0x00, 0x09, 0x00, 0x00, 0x00, 0x06, 0x00, 0x00, 0x00, 0x07, 0x00, 0x00, 0x00, 0x08, 0x00, 0x00, 0x00, 0x00, 0x00, 0x00, 0x00, 0x00, 0x00, 0x00, 0x00, 0xEA, 0x00, 0x00, 0x00, 0x0A, 0x00, 0x00, 0x00, 0x06, 0x00, 0x00, 0x00, 0x07,
  0x00, 0x00, 0x00, 0x09, 0x00, 0x00, 0x00, 0x00, 0x00, 0x00, 0x00, 0x00, 0x00, 0x00, 0x00, 0xEB, 0x00, 0x00, 0x00, 0x09, 0x00, 0x00, 0x00, 0x06, 0x00, 0x00, 0x00, 0x07, 0x00, 0x00, 0x00, 0x08, 0x00, 0x00, 0x00, 0x00, 0x00, 0x00, 0x00, 0x00,
  0x00, 0x00, 0x00, 0xEC, 0x00, 0x00, 0x00, 0x08, 0x00, 0x00, 0x00, 0x05, 0x00, 0x00, 0x00, 0x07, 0x00, 0x00, 0x00, 0x08, 0x00, 0x00, 0x00, 0x01, 0x00, 0x00, 0x00, 0x00, 0x00, 0x00, 0x00, 0xED, 0x00, 0x00, 0x00, 0x08, 0x00, 0x00, 0x00, 0x05,
  0x00, 0x00, 0x00, 0x07, 0x00, 0x00, 0x00, 0x08, 0x00, 0x00, 0x00, 0x01, 0x00, 0x00, 0x00, 0x00, 0x00, 0x00, 0x00, 0xEE, 0x00, 0x00, 0x00, 0x09, 0x00, 0x00, 0x00, 0x05, 0x00, 0x00, 0x00, 0x07, 0x00, 0x00, 0x00, 0x09, 0x00, 0x00, 0x00, 0x01,
  0x00, 0x00, 0x00, 0x00, 0x00, 0x00, 0x00, 0xEF, 0x00, 0x00, 0x00, 0x08, 0x00, 0x00, 0x00, 0x05, 0x00, 0x00, 0x00, 0x07, 0x00, 0x00, 0x00, 0x08, 0x00, 0x00, 0x00, 0x01, 0x00, 0x00, 0x00, 0x00, 0x00, 0x00, 0x00, 0xF1, 0x00, 0x00, 0x00, 0x09,
  0x00, 0x00, 0x00, 0x06, 0x00, 0x00, 0x00, 0x07, 0x00, 0x00, 0x00, 0x09, 0x00, 0x00, 0x00, 0x00, 0x00, 0x00, 0x00, 0x00, 0x00, 0x00, 0x00, 0xF2, 0x00, 0x00, 0x00, 0x09, 0x00, 0x00, 0x00, 0x06, 0x00, 0x00, 0x00, 0x07, 0x00, 0x00, 0x00, 0x08,
  0x00, 0x00, 0x00, 0x00, 0x00, 0x00, 0x00, 0x00, 0x00, 0x00, 0x00, 0xF3, 0x00, 0x00, 0x00, 0x09, 0x00, 0x00, 0x00, 0x06, 0x00, 0x00, 0x00, 0x07, 0x00, 0x00, 0x00, 0x08, 0x00, 0x00, 0x00, 0x00, 0x00, 0x00, 0x00, 0x00, 0x00, 0x00, 0x00, 0xF4,
  0x00, 0x00, 0x00, 0x0A, 0x00, 0x00, 0x00, 0x06, 0x00, 0x00, 0x00, 0x07, 0x00, 0x00, 0x00, 0x09, 0x00, 0x00, 0x00, 0x00, 0x00, 0x00, 0x00, 0x00, 0x00, 0x00, 0x00, 0xF5, 0x00, 0x00, 0x00, 0x0A, 0x00, 0x00, 0x00, 0x06, 0x00, 0x00, 0x00, 0x07,
  0x00, 0x00, 0x00, 0x09, 0x00, 0x00, 0x00, 0x00, 0x00, 0x00, 0x00, 0x00, 0x00, 0x00, 0x00, 0xF6, 0x00, 0x00, 0x00, 0x09, 0x00, 0x00, 0x00, 0x06, 0x00, 0x00, 0x00, 0x07, 0x00, 0x00, 0x00, 0x08, 0x00, 0x00, 0x00, 0x00, 0x00, 0x00, 0x00, 0x00,
  0x00, 0x00, 0x00, 0xF7, 0x00, 0x00, 0x00, 0x07, 0x00, 0x00, 0x00, 0x06, 0x00, 0x00, 0x00, 0x07, 0x00, 0x00, 0x00, 0x07, 0x00, 0x00, 0x00, 0x00, 0x00, 0x00, 0x00, 0x00, 0x00, 0x00, 0x00, 0xF8, 0x00, 0x00, 0x00, 0x08, 0x00, 0x00, 0x00, 0x06,
  0x00, 0x00, 0x00, 0x07, 0x00, 0x00, 0x00, 0x07, 0x00, 0x00, 0x00, 0x00, 0x00, 0x00, 0x00, 0x00, 0x00, 0x00, 0x00, 0xF9, 0x00, 0x00, 0x00, 0x09, 0x00, 0x00, 0x00, 0x06, 0x00, 0x00, 0x00, 0x07, 0x00, 0x00, 0x00, 0x08, 0x00, 0x00, 0x00, 0x00,
  0x00, 0x00, 0x00, 0x00, 0x00, 0x00, 0x00, 0xFA, 0x00, 0x00, 0x00, 0x09, 0x00, 0x00, 0x00, 0x06, 0x00, 0x00, 0x00, 0x07, 0x00, 0x00, 0x00, 0x08, 0x00, 0x00, 0x00, 0x00, 0x00, 0x00, 0x00, 0x00, 0x00, 0x00, 0x00, 0xFB, 0x00, 0x00, 0x00, 0x0A,
  0x00, 0x00, 0x00, 0x06, 0x00, 0x00, 0x00, 0x07, 0x00, 0x00, 0x00, 0x09, 0x00, 0x00, 0x00, 0x00, 0x00, 0x00, 0x00, 0x00, 0x00, 0x00, 0x00, 0xFC, 0x00, 0x00, 0x00, 0x09, 0x00, 0x00, 0x00, 0x06, 0x00, 0x00, 0x00, 0x07, 0x00, 0x00, 0x00, 0x08,
  0x00, 0x00, 0x00, 0x00, 0x00, 0x00, 0x00, 0x00, 0x00, 0x00, 0x00, 0xFD, 0x00, 0x00, 0x00, 0x0B, 0x00, 0x00, 0x00, 0x07, 0x00, 0x00, 0x00, 0x07, 0x00, 0x00, 0x00, 0x08, 0x00, 0x00, 0x00, 0x00, 0x00, 0x00, 0x00, 0x00, 0x00, 0x00, 0x00, 0xFF,
  0x00, 0x00, 0x00, 0x0B, 0x00, 0x00, 0x00, 0x07, 0x00, 0x00, 0x00, 0x07, 0x00, 0x00, 0x00, 0x08, 0x00, 0x00, 0x00, 0x00, 0x00, 0x00, 0x00, 0x00, 0x00, 0x00, 0x01, 0x02, 0x00, 0x00, 0x00, 0x0A, 0x00, 0x00, 0x00, 0x07, 0x00, 0x00, 0x00, 0x07,
  0x00, 0x00, 0x00, 0x0A, 0x00, 0x00, 0x00, 0x00, 0x00, 0x00, 0x00, 0x00, 0x00, 0x00, 0x01, 0x03, 0x00, 0x00, 0x00, 0x09, 0x00, 0x00, 0x00, 0x06, 0x00, 0x00, 0x00, 0x07, 0x00, 0x00, 0x00, 0x08, 0x00, 0x00, 0x00, 0x00, 0x00, 0x00, 0x00, 0x00,
  0x00, 0x00, 0x01, 0x04, 0x00, 0x00, 0x00, 0x0B, 0x00, 0x00, 0x00, 0x07, 0x00, 0x00, 0x00, 0x07, 0x00, 0x00, 0x00, 0x08, 0x00, 0x00, 0x00, 0x00, 0x00, 0x00, 0x00, 0x00, 0x00, 0x00, 0x01, 0x05, 0x00, 0x00, 0x00, 0x09, 0x00, 0x00, 0x00, 0x06,
  0x00, 0x00, 0x00, 0x07, 0x00, 0x00, 0x00, 0x06, 0x00, 0x00, 0x00, 0x00, 0x00, 0x00, 0x00, 0x00, 0x00, 0x00, 0x01, 0x06, 0x00, 0x00, 0x00, 0x0B, 0x00, 0x00, 0x00, 0x06, 0x00, 0x00, 0x00, 0x07, 0x00, 0x00, 0x00, 0x0A, 0x00, 0x00, 0x00, 0x00,
  0x00, 0x00, 0x00, 0x00, 0x00, 0x00, 0x01, 0x07, 0x00, 0x00, 0x00, 0x09, 0x00, 0x00, 0x00, 0x06, 0x00, 0x00, 0x00, 0x07, 0x00, 0x00, 0x00, 0x08, 0x00, 0x00, 0x00, 0x00, 0x00, 0x00, 0x00, 0x00, 0x00, 0x00, 0x01, 0x0C, 0x00, 0x00, 0x00, 0x0C,
  0x00, 0x00, 0x00, 0x06, 0x00, 0x00, 0x00, 0x07, 0x00, 0x00, 0x00, 0x0B, 0x00, 0x00, 0x00, 0x00, 0x00, 0x00, 0x00, 0x00, 0x00, 0x00, 0x01, 0x0D, 0x00, 0x00, 0x00, 0x0A, 0x00, 0x00, 0x00, 0x06, 0x00, 0x00, 0x00, 0x07, 0x00, 0x00, 0x00, 0x09,
  0x00, 0x00, 0x00, 0x00, 0x00, 0x00, 0x00, 0x00, 0x00, 0x00, 0x01, 0x0E, 0x00, 0x00, 0x00, 0x0B, 0x00, 0x00, 0x00, 0x07, 0x00, 0x00, 0x00, 0x07, 0x00, 0x00, 0x00, 0x0B, 0x00, 0x00, 0x00, 0x00, 0x00, 0x00, 0x00, 0x00, 0x00, 0x00, 0x01, 0x0F,
  0x00, 0x00, 0x00, 0x0A, 0x00, 0x00, 0x00, 0x08, 0x00, 0x00, 0x00, 0x07, 0x00, 0x00, 0x00, 0x09, 0x00, 0x00, 0x00, 0x00, 0x00, 0x00, 0x00, 0x00, 0x00, 0x00, 0x01, 0x10, 0x00, 0x00, 0x00, 0x08, 0x00, 0x00, 0x00, 0x08, 0x00, 0x00, 0x00, 0x07,
  0x00, 0x00, 0x00, 0x08, 0xFF, 0xFF, 0xFF, 0xFF, 0x00, 0x00, 0x00, 0x00, 0x00, 0x00, 0x01, 0x11, 0x00, 0x00, 0x00, 0x0A, 0x00, 0x00, 0x00, 0x07, 0x00, 0x00, 0x00, 0x07, 0x00, 0x00, 0x00, 0x09, 0x00, 0x00, 0x00, 0x00, 0x00, 0x00, 0x00, 0x00,
  0x00, 0x00, 0x01, 0x18, 0x00, 0x00, 0x00, 0x0B, 0x00, 0x00, 0x00, 0x06, 0x00, 0x00, 0x00, 0x07, 0x00, 0x00, 0x00, 0x08, 0x00, 0x00, 0x00, 0x00, 0x00, 0x00, 0x00, 0x00, 0x00, 0x00, 0x01, 0x19, 0x00, 0x00, 0x00, 0x09, 0x00, 0x00, 0x00, 0x06,
  0x00, 0x00, 0x00, 0x07, 0x00, 0x00, 0x00, 0x06, 0x00, 0x00, 0x00, 0x00, 0x00, 0x00, 0x00, 0x00, 0x00, 0x00, 0x01, 0x1A, 0x00, 0x00, 0x00, 0x0B, 0x00, 0x00, 0x00, 0x06, 0x00, 0x00, 0x00, 0x07, 0x00, 0x00, 0x00, 0x0B, 0x00, 0x00, 0x00, 0x00,
  0x00, 0x00, 0x00, 0x00, 0x00, 0x00, 0x01, 0x1B, 0x00, 0x00, 0x00, 0x0A, 0x00, 0x00, 0x00, 0x06, 0x00, 0x00, 0x00, 0x07, 0x00, 0x00, 0x00, 0x09, 0x00, 0x00, 0x00, 0x00, 0x00, 0x00, 0x00, 0x00, 0x00, 0x00, 0x01, 0x31, 0x00, 0x00, 0x00, 0x06,
  0x00, 0x00, 0x00, 0x05, 0x00, 0x00, 0x00, 0x07, 0x00, 0x00, 0x00, 0x06, 0x00, 0x00, 0x00, 0x01, 0x00, 0x00, 0x00, 0x00, 0x00, 0x00, 0x01, 0x39, 0x00, 0x00, 0x00, 0x0A, 0x00, 0x00, 0x00, 0x05, 0x00, 0x00, 0x00, 0x07, 0x00, 0x00, 0x00, 0x0A,
  0x00, 0x00, 0x00, 0x01, 0x00, 0x00, 0x00, 0x00, 0x00, 0x00, 0x01, 0x3A, 0x00, 0x00, 0x00, 0x0A, 0x00, 0x00, 0x00, 0x05, 0x00, 0x00, 0x00, 0x07, 0x00, 0x00, 0x00, 0x0A, 0x00, 0x00, 0x00, 0x01, 0x00, 0x00, 0x00, 0x00, 0x00, 0x00, 0x01, 0x3D,
  0x00, 0x00, 0x00, 0x08, 0x00, 0x00, 0x00, 0x05, 0x00, 0x00, 0x00, 0x07, 0x00, 0x00, 0x00, 0x08, 0x00, 0x00, 0x00, 0x01, 0x00, 0x00, 0x00, 0x00, 0x00, 0x00, 0x01, 0x3E, 0x00, 0x00, 0x00, 0x09, 0x00, 0x00, 0x00, 0x05, 0x00, 0x00, 0x00, 0x07,
  0x00, 0x00, 0x00, 0x09, 0x00, 0x00, 0x00, 0x01, 0x00, 0x00, 0x00, 0x00, 0x00, 0x00, 0x01, 0x41, 0x00, 0x00, 0x00, 0x08, 0x00, 0x00, 0x00, 0x06, 0x00, 0x00, 0x00, 0x07, 0x00, 0x00, 0x00, 0x08, 0x00, 0x00, 0x00, 0x00, 0x00, 0x00, 0x00, 0x00,
  0x00, 0x00, 0x01, 0x42, 0x00, 0x00, 0x00, 0x09, 0x00, 0x00, 0x00, 0x05, 0x00, 0x00, 0x00, 0x07, 0x00, 0x00, 0x00, 0x09, 0x00, 0x00, 0x00, 0x01, 0x00, 0x00, 0x00, 0x00, 0x00, 0x00, 0x01, 0x43, 0x00, 0x00, 0x00, 0x0A, 0x00, 0x00, 0x00, 0x06,
  0x00, 0x00, 0x00, 0x07, 0x00, 0x00, 0x00, 0x0A, 0x00, 0x00, 0x00, 0x00, 0x00, 0x00, 0x00, 0x00, 0x00, 0x00, 0x01, 0x44, 0x00, 0x00, 0x00, 0x08, 0x00, 0x00, 0x00, 0x06, 0x00, 0x00, 0x00, 0x07, 0x00, 0x00, 0x00, 0x08, 0x00, 0x00, 0x00, 0x00,
  0x00, 0x00, 0x00, 0x00, 0x00, 0x00, 0x01, 0x47, 0x00, 0x00, 0x00, 0x0B, 0x00, 0x00, 0x00, 0x06, 0x00, 0x00, 0x00, 0x07, 0x00, 0x00, 0x00, 0x0B, 0x00, 0x00, 0x00, 0x00, 0x00, 0x00, 0x00, 0x00, 0x00, 0x00, 0x01, 0x48, 0x00, 0x00, 0x00, 0x09,
  0x00, 0x00, 0x00, 0x06, 0x00, 0x00, 0x00, 0x07, 0x00, 0x00, 0x00, 0x09, 0x00, 0x00, 0x00, 0x00, 0x00, 0x00, 0x00, 0x00, 0x00, 0x00, 0x01, 0x50, 0x00, 0x00, 0x00, 0x0C, 0x00, 0x00, 0x00, 0x07, 0x00, 0x00, 0x00, 0x07, 0x00, 0x00, 0x00, 0x0B,
  0x00, 0x00, 0x00, 0x00, 0x00, 0x00, 0x00, 0x00, 0x00, 0x00, 0x01, 0x51, 0x00, 0x00, 0x00, 0x0A, 0x00, 0x00, 0x00, 0x07, 0x00, 0x00, 0x00, 0x07, 0x00, 0x00, 0x00, 0x09, 0x00, 0x00, 0x00, 0x00, 0x00, 0x00, 0x00, 0x00, 0x00, 0x00, 0x01, 0x52,
  0x00, 0x00, 0x00, 0x09, 0x00, 0x00, 0x00, 0x07, 0x00, 0x00, 0x00, 0x07, 0x00, 0x00, 0x00, 0x08, 0x00, 0x00, 0x00, 0x00, 0x00, 0x00, 0x00, 0x00, 0x00, 0x00, 0x01, 0x53, 0x00, 0x00, 0x00, 0x07, 0x00, 0x00, 0x00, 0x07, 0x00, 0x00, 0x00, 0x07,
  0x00, 0x00, 0x00, 0x06, 0x00, 0x00, 0x00, 0x00, 0x00, 0x00, 0x00, 0x00, 0x00, 0x00, 0x01, 0x54, 0x00, 0x00, 0x00, 0x0A, 0x00, 0x00, 0x00, 0x07, 0x00, 0x00, 0x00, 0x07, 0x00, 0x00, 0x00, 0x0A, 0x00, 0x00, 0x00, 0x00, 0x00, 0x00, 0x00, 0x00,
  0x00, 0x00, 0x01, 0x55, 0x00, 0x00, 0x00, 0x08, 0x00, 0x00, 0x00, 0x05, 0x00, 0x00, 0x00, 0x07, 0x00, 0x00, 0x00, 0x08, 0x00, 0x00, 0x00, 0x01, 0x00, 0x00, 0x00, 0x00, 0x00, 0x00, 0x01, 0x58, 0x00, 0x00, 0x00, 0x0B, 0x00, 0x00, 0x00, 0x07,
  0x00, 0x00, 0x00, 0x07, 0x00, 0x00, 0x00, 0x0B, 0x00, 0x00, 0x00, 0x00, 0x00, 0x00, 0x00, 0x00, 0x00, 0x00, 0x01, 0x59, 0x00, 0x00, 0x00, 0x09, 0x00, 0x00, 0x00, 0x05, 0x00, 0x00, 0x00, 0x07, 0x00, 0x00, 0x00, 0x09, 0x00, 0x00, 0x00, 0x01,
  0x00, 0x00, 0x00, 0x00, 0x00, 0x00, 0x01, 0x5A, 0x00, 0x00, 0x00, 0x0B, 0x00, 0x00, 0x00, 0x07, 0x00, 0x00, 0x00, 0x07, 0x00, 0x00, 0x00, 0x0A, 0x00, 0x00, 0x00, 0x00, 0x00, 0x00, 0x00, 0x00, 0x00, 0x00, 0x01, 0x5B, 0x00, 0x00, 0x00, 0x09,
  0x00, 0x00, 0x00, 0x06, 0x00, 0x00, 0x00, 0x07, 0x00, 0x00, 0x00, 0x08, 0x00, 0x00, 0x00, 0x00, 0x00, 0x00, 0x00, 0x00, 0x00, 0x00, 0x01, 0x5E, 0x00, 0x00, 0x00, 0x0B, 0x00, 0x00, 0x00, 0x07, 0x00, 0x00, 0x00, 0x07, 0x00, 0x00, 0x00, 0x08,
  0x00, 0x00, 0x00, 0x00, 0x00, 0x00, 0x00, 0x00, 0x00, 0x00, 0x01, 0x5F, 0x00, 0x00, 0x00, 0x09, 0x00, 0x00, 0x00, 0x06, 0x00, 0x00, 0x00, 0x07, 0x00, 0x00, 0x00, 0x06, 0x00, 0x00, 0x00, 0x00, 0x00, 0x00, 0x00, 0x00, 0x00, 0x00, 0x01, 0x60,
  0x00, 0x00, 0x00, 0x0C, 0x00, 0x00, 0x00, 0x07, 0x00, 0x00, 0x00, 0x07, 0x00, 0x00, 0x00, 0x0B, 0x00, 0x00, 0x00, 0x00, 0x00, 0x00, 0x00, 0x00, 0x00, 0x00, 0x01, 0x61, 0x00, 0x00, 0x00, 0x0A, 0x00, 0x00, 0x00, 0x06, 0x00, 0x00, 0x00, 0x07,
  0x00, 0x00, 0x00, 0x09, 0x00, 0x00, 0x00, 0x00, 0x00, 0x00, 0x00, 0x00, 0x00, 0x00, 0x01, 0x62, 0x00, 0x00, 0x00, 0x0B, 0x00, 0x00, 0x00, 0x07, 0x00, 0x00, 0x00, 0x07, 0x00, 0x00, 0x00, 0x08, 0x00, 0x00, 0x00, 0x00, 0x00, 0x00, 0x00, 0x00,
  0x00, 0x00, 0x01, 0x63, 0x00, 0x00, 0x00, 0x0B, 0x00, 0x00, 0x00, 0x06, 0x00, 0x00, 0x00, 0x07, 0x00, 0x00, 0x00, 0x08, 0x00, 0x00, 0x00, 0x00, 0x00, 0x00, 0x00, 0x00, 0x00, 0x00, 0x01, 0x64, 0x00, 0x00, 0x00, 0x0B, 0x00, 0x00, 0x00, 0x07,
  0x00, 0x00, 0x00, 0x07, 0x00, 0x00, 0x00, 0x0B, 0x00, 0x00, 0x00, 0x00, 0x00, 0x00, 0x00, 0x00, 0x00, 0x00, 0x01, 0x65, 0x00, 0x00, 0x00, 0x0B, 0x00, 0x00, 0x00, 0x06, 0x00, 0x00, 0x00, 0x07, 0x00, 0x00, 0x00, 0x0A, 0x00, 0x00, 0x00, 0x00,
  0x00, 0x00, 0x00, 0x00, 0x00, 0x00, 0x01, 0x6E, 0x00, 0x00, 0x00, 0x0C, 0x00, 0x00, 0x00, 0x06, 0x00, 0x00, 0x00, 0x07, 0x00, 0x00, 0x00, 0x0B, 0x00, 0x00, 0x00, 0x00, 0x00, 0x00, 0x00, 0x00, 0x00, 0x00, 0x01, 0x6F, 0x00, 0x00, 0x00, 0x0A,
  0x00, 0x00, 0x00, 0x06, 0x00, 0x00, 0x00, 0x07, 0x00, 0x00, 0x00, 0x09, 0x00, 0x00, 0x00, 0x00, 0x00, 0x00, 0x00, 0x00, 0x00, 0x00, 0x01, 0x70, 0x00, 0x00, 0x00, 0x0C, 0x00, 0x00, 0x00, 0x07, 0x00, 0x00, 0x00, 0x07, 0x00, 0x00, 0x00, 0x0B,
  0x00, 0x00, 0x00, 0x00, 0x00, 0x00, 0x00, 0x00, 0x00, 0x00, 0x01, 0x71, 0x00, 0x00, 0x00, 0x0A, 0x00, 0x00, 0x00, 0x07, 0x00, 0x00, 0x00, 0x07, 0x00, 0x00, 0x00, 0x09, 0x00, 0x00, 0x00, 0x00, 0x00, 0x00, 0x00, 0x00, 0x00, 0x00, 0x01, 0x78,
  0x00, 0x00, 0x00, 0x0A, 0x00, 0x00, 0x00, 0x07, 0x00, 0x00, 0x00, 0x07, 0x00, 0x00, 0x00, 0x0A, 0x00, 0x00, 0x00, 0x00, 0x00, 0x00, 0x00, 0x00, 0x00, 0x00, 0x01, 0x79, 0x00, 0x00, 0x00, 0x0A, 0x00, 0x00, 0x00, 0x06, 0x00, 0x00, 0x00, 0x07,
  0x00, 0x00, 0x00, 0x0A, 0x00, 0x00, 0x00, 0x00, 0x00, 0x00, 0x00, 0x00, 0x00, 0x00, 0x01, 0x7A, 0x00, 0x00, 0x00, 0x08, 0x00, 0x00, 0x00, 0x06, 0x00, 0x00, 0x00, 0x07, 0x00, 0x00, 0x00, 0x08, 0x00, 0x00, 0x00, 0x00, 0x00, 0x00, 0x00, 0x00,
  0x00, 0x00, 0x01, 0x7B, 0x00, 0x00, 0x00, 0x0A, 0x00, 0x00, 0x00, 0x06, 0x00, 0x00, 0x00, 0x07, 0x00, 0x00, 0x00, 0x0A, 0x00, 0x00, 0x00, 0x00, 0x00, 0x00, 0x00, 0x00, 0x00, 0x00, 0x01, 0x7C, 0x00, 0x00, 0x00, 0x08, 0x00, 0x00, 0x00, 0x06,
  0x00, 0x00, 0x00, 0x07, 0x00, 0x00, 0x00, 0x08, 0x00, 0x00, 0x00, 0x00, 0x00, 0x00, 0x00, 0x00, 0x00, 0x00, 0x01, 0x7D, 0x00, 0x00, 0x00, 0x0B, 0x00, 0x00, 0x00, 0x06, 0x00, 0x00, 0x00, 0x07, 0x00, 0x00, 0x00, 0x0B, 0x00, 0x00, 0x00, 0x00,
  0x00, 0x00, 0x00, 0x00, 0x00, 0x00, 0x01, 0x7E, 0x00, 0x00, 0x00, 0x09, 0x00, 0x00, 0x00, 0x06, 0x00, 0x00, 0x00, 0x07, 0x00, 0x00, 0x00, 0x09, 0x00, 0x00, 0x00, 0x00, 0x00, 0x00, 0x00, 0x00, 0x00, 0x00, 0x01, 0x92, 0x00, 0x00, 0x00, 0x0C,
  0x00, 0x00, 0x00, 0x06, 0x00, 0x00, 0x00, 0x07, 0x00, 0x00, 0x00, 0x09, 0x00, 0x00, 0x00, 0x00, 0x00, 0x00, 0x00, 0x00, 0x00, 0x00, 0x02, 0xC6, 0x00, 0x00, 0x00, 0x03, 0x00, 0x00, 0x00, 0x04, 0x00, 0x00, 0x00, 0x07, 0x00, 0x00, 0x00, 0x09,
  0x00, 0x00, 0x00, 0x01, 0x00, 0x00, 0x00, 0x00, 0x00, 0x00, 0x02, 0xC7, 0x00, 0x00, 0x00, 0x03, 0x00, 0x00, 0x00, 0x04, 0x00, 0x00, 0x00, 0x07, 0x00, 0x00, 0x00, 0x09, 0x00, 0x00, 0x00, 0x01, 0x00, 0x00, 0x00, 0x00, 0x00, 0x00, 0x02, 0xD8,
  0x00, 0x00, 0x00, 0x02, 0x00, 0x00, 0x00, 0x04, 0x00, 0x00, 0x00, 0x07, 0x00, 0x00, 0x00, 0x08, 0x00, 0x00, 0x00, 0x01, 0x00, 0x00, 0x00, 0x00, 0x00, 0x00, 0x02, 0xD9, 0x00, 0x00, 0x00, 0x02, 0x00, 0x00, 0x00, 0x02, 0x00, 0x00, 0x00, 0x07,
  0x00, 0x00, 0x00, 0x08, 0x00, 0x00, 0x00, 0x02, 0x00, 0x00, 0x00, 0x00, 0x00, 0x00, 0x02, 0xDA, 0x00, 0x00, 0x00, 0x03, 0x00, 0x00, 0x00, 0x03, 0x00, 0x00, 0x00, 0x07, 0x00, 0x00, 0x00, 0x09, 0x00, 0x00, 0x00, 0x02, 0x00, 0x00, 0x00, 0x00,
  0x00, 0x00, 0x02, 0xDB, 0x00, 0x00, 0x00, 0x04, 0x00, 0x00, 0x00, 0x03, 0x00, 0x00, 0x00, 0x07, 0x00, 0x00, 0x00, 0x01, 0x00, 0x00, 0x00, 0x02, 0x00, 0x00, 0x00, 0x00, 0x00, 0x00, 0x02, 0xDC, 0x00, 0x00, 0x00, 0x03, 0x00, 0x00, 0x00, 0x05,
  0x00, 0x00, 0x00, 0x07, 0x00, 0x00, 0x00, 0x09, 0x00, 0x00, 0x00, 0x00, 0x00, 0x00, 0x00, 0x00, 0x00, 0x00, 0x02, 0xDD, 0x00, 0x00, 0x00, 0x03, 0x00, 0x00, 0x00, 0x05, 0x00, 0x00, 0x00, 0x07, 0x00, 0x00, 0x00, 0x09, 0x00, 0x00, 0x00, 0x01,
  0x00, 0x00, 0x00, 0x00, 0x00, 0x00, 0x03, 0xA9, 0x00, 0x00, 0x00, 0x08, 0x00, 0x00, 0x00, 0x07, 0x00, 0x00, 0x00, 0x07, 0x00, 0x00, 0x00, 0x08, 0x00, 0x00, 0x00, 0x00, 0x00, 0x00, 0x00, 0x00, 0x00, 0x00, 0x03, 0xC0, 0x00, 0x00, 0x00, 0x07,
  0x00, 0x00, 0x00, 0x07, 0x00, 0x00, 0x00, 0x07, 0x00, 0x00, 0x00, 0x06, 0x00, 0x00, 0x00, 0x00, 0x00, 0x00, 0x00, 0x00, 0x00, 0x00, 0x20, 0x13, 0x00, 0x00, 0x00, 0x02, 0x00, 0x00, 0x00, 0x07, 0x00, 0x00, 0x00, 0x07, 0x00, 0x00, 0x00, 0x05,
  0x00, 0x00, 0x00, 0x00, 0x00, 0x00, 0x00, 0x00, 0x00, 0x00, 0x20, 0x14, 0x00, 0x00, 0x00, 0x02, 0x00, 0x00, 0x00, 0x07, 0x00, 0x00, 0x00, 0x07, 0x00, 0x00, 0x00, 0x05, 0x00, 0x00, 0x00, 0x00, 0x00, 0x00, 0x00, 0x00, 0x00, 0x00, 0x20, 0x18,
  0x00, 0x00, 0x00, 0x04, 0x00, 0x00, 0x00, 0x03, 0x00, 0x00, 0x00, 0x07, 0x00, 0x00, 0x00, 0x09, 0x00, 0x00, 0x00, 0x02, 0x00, 0x00, 0x00, 0x00, 0x00, 0x00, 0x20, 0x19, 0x00, 0x00, 0x00, 0x04, 0x00, 0x00, 0x00, 0x02, 0x00, 0x00, 0x00, 0x07,
  0x00, 0x00, 0x00, 0x09, 0x00, 0x00, 0x00, 0x02, 0x00, 0x00, 0x00, 0x00, 0x00, 0x00, 0x20, 0x1A, 0x00, 0x00, 0x00, 0x04, 0x00, 0x00, 0x00, 0x02, 0x00, 0x00, 0x00, 0x07, 0x00, 0x00, 0x00, 0x02, 0x00, 0x00, 0x00, 0x02, 0x00, 0x00, 0x00, 0x00,
  0x00, 0x00, 0x20, 0x1C, 0x00, 0x00, 0x00, 0x04, 0x00, 0x00, 0x00, 0x05, 0x00, 0x00, 0x00, 0x07, 0x00, 0x00, 0x00, 0x09, 0x00, 0x00, 0x00, 0x01, 0x00, 0x00, 0x00, 0x00, 0x00, 0x00, 0x20, 0x1D, 0x00, 0x00, 0x00, 0x04, 0x00, 0x00, 0x00, 0x04,
  0x00, 0x00, 0x00, 0x07, 0x00, 0x00, 0x00, 0x09, 0x00, 0x00, 0x00, 0x01, 0x00, 0x00, 0x00, 0x00, 0x00, 0x00, 0x20, 0x1E, 0x00, 0x00, 0x00, 0x04, 0x00, 0x00, 0x00, 0x04, 0x00, 0x00, 0x00, 0x07, 0x00, 0x00, 0x00, 0x02, 0x00, 0x00, 0x00, 0x01,
  0x00, 0x00, 0x00, 0x00, 0x00, 0x00, 0x20, 0x20, 0x00, 0x00, 0x00, 0x08, 0x00, 0x00, 0x00, 0x06, 0x00, 0x00, 0x00, 0x07, 0x00, 0x00, 0x00, 0x08, 0x00, 0x00, 0x00, 0x00, 0x00, 0x00, 0x00, 0x00, 0x00, 0x00, 0x20, 0x21, 0x00, 0x00, 0x00, 0x0B,
  0x00, 0x00, 0x00, 0x06, 0x00, 0x00, 0x00, 0x07, 0x00, 0x00, 0x00, 0x08, 0x00, 0x00, 0x00, 0x00, 0x00, 0x00, 0x00, 0x00, 0x00, 0x00, 0x20, 0x22, 0x00, 0x00, 0x00, 0x04, 0x00, 0x00, 0x00, 0x03, 0x00, 0x00, 0x00, 0x07, 0x00, 0x00, 0x00, 0x06,
  0x00, 0x00, 0x00, 0x02, 0x00, 0x00, 0x00, 0x00, 0x00, 0x00, 0x20, 0x26, 0x00, 0x00, 0x00, 0x03, 0x00, 0x00, 0x00, 0x07, 0x00, 0x00, 0x00, 0x07, 0x00, 0x00, 0x00, 0x02, 0x00, 0x00, 0x00, 0x01, 0x00, 0x00, 0x00, 0x00, 0x00, 0x00, 0x20, 0x30,
  0x00, 0x00, 0x00, 0x09, 0x00, 0x00, 0x00, 0x07, 0x00, 0x00, 0x00, 0x07, 0x00, 0x00, 0x00, 0x08, 0x00, 0x00, 0x00, 0x00, 0x00, 0x00, 0x00, 0x00, 0x00, 0x00, 0x20, 0x39, 0x00, 0x00, 0x00, 0x06, 0x00, 0x00, 0x00, 0x03, 0x00, 0x00, 0x00, 0x07,
  0x00, 0x00, 0x00, 0x06, 0x00, 0x00, 0x00, 0x02, 0x00, 0x00, 0x00, 0x00, 0x00, 0x00, 0x20, 0x3A, 0x00, 0x00, 0x00, 0x06, 0x00, 0x00, 0x00, 0x03, 0x00, 0x00, 0x00, 0x07, 0x00, 0x00, 0x00, 0x06, 0x00, 0x00, 0x00, 0x02, 0x00, 0x00, 0x00, 0x00,
  0x00, 0x00, 0x20, 0x44, 0x00, 0x00, 0x00, 0x06, 0x00, 0x00, 0x00, 0x04, 0x00, 0x00, 0x00, 0x07, 0x00, 0x00, 0x00, 0x07, 0x00, 0x00, 0x00, 0x01, 0x00, 0x00, 0x00, 0x00, 0x00, 0x00, 0x20, 0xAC, 0x00, 0x00, 0x00, 0x09, 0x00, 0x00, 0x00, 0x06,
  0x00, 0x00, 0x00, 0x07, 0x00, 0x00, 0x00, 0x08, 0x00, 0x00, 0x00, 0x00, 0x00, 0x00, 0x00, 0x00, 0x00, 0x00, 0x21, 0x22, 0x00, 0x00, 0x00, 0x04, 0x00, 0x00, 0x00, 0x06, 0x00, 0x00, 0x00, 0x07, 0x00, 0x00, 0x00, 0x08, 0x00, 0x00, 0x00, 0x00,
  0x00, 0x00, 0x00, 0x00, 0x00, 0x00, 0x22, 0x02, 0x00, 0x00, 0x00, 0x0A, 0x00, 0x00, 0x00, 0x06, 0x00, 0x00, 0x00, 0x07, 0x00, 0x00, 0x00, 0x09, 0x00, 0x00, 0x00, 0x00, 0x00, 0x00, 0x00, 0x00, 0x00, 0x00, 0x22, 0x06, 0x00, 0x00, 0x00, 0x08,
  0x00, 0x00, 0x00, 0x07, 0x00, 0x00, 0x00, 0x07, 0x00, 0x00, 0x00, 0x08, 0x00, 0x00, 0x00, 0x00, 0x00, 0x00, 0x00, 0x00, 0x00, 0x00, 0x22, 0x0F, 0x00, 0x00, 0x00, 0x0A, 0x00, 0x00, 0x00, 0x06, 0x00, 0x00, 0x00, 0x07, 0x00, 0x00, 0x00, 0x08,
  0x00, 0x00, 0x00, 0x00, 0x00, 0x00, 0x00, 0x00, 0x00, 0x00, 0x22, 0x11, 0x00, 0x00, 0x00, 0x0A, 0x00, 0x00, 0x00, 0x07, 0x00, 0x00, 0x00, 0x07, 0x00, 0x00, 0x00, 0x08, 0x00, 0x00, 0x00, 0x00, 0x00, 0x00, 0x00, 0x00, 0x00, 0x00, 0x22, 0x1A,
  0x00, 0x00, 0x00, 0x08, 0x00, 0x00, 0x00, 0x07, 0x00, 0x00, 0x00, 0x07, 0x00, 0x00, 0x00, 0x08, 0x00, 0x00, 0x00, 0x00, 0x00, 0x00, 0x00, 0x00, 0x00, 0x00, 0x22, 0x1E, 0x00, 0x00, 0x00, 0x05, 0x00, 0x00, 0x00, 0x07, 0x00, 0x00, 0x00, 0x07,
  0x00, 0x00, 0x00, 0x06, 0x00, 0x00, 0x00, 0x00, 0x00, 0x00, 0x00, 0x00, 0x00, 0x00, 0x22, 0x2B, 0x00, 0x00, 0x00, 0x0C, 0x00, 0x00, 0x00, 0x05, 0x00, 0x00, 0x00, 0x07, 0x00, 0x00, 0x00, 0x09, 0x00, 0x00, 0x00, 0x01, 0x00, 0x00, 0x00, 0x00,
  0x00, 0x00, 0x22, 0x48, 0x00, 0x00, 0x00, 0x05, 0x00, 0x00, 0x00, 0x06, 0x00, 0x00, 0x00, 0x07, 0x00, 0x00, 0x00, 0x06, 0x00, 0x00, 0x00, 0x00, 0x00, 0x00, 0x00, 0x00, 0x00, 0x00, 0x22, 0x60, 0x00, 0x00, 0x00, 0x05, 0x00, 0x00, 0x00, 0x06,
  0x00, 0x00, 0x00, 0x07, 0x00, 0x00, 0x00, 0x06, 0x00, 0x00, 0x00, 0x00, 0x00, 0x00, 0x00, 0x00, 0x00, 0x00, 0x22, 0x64, 0x00, 0x00, 0x00, 0x07, 0x00, 0x00, 0x00, 0x05, 0x00, 0x00, 0x00, 0x07, 0x00, 0x00, 0x00, 0x07, 0x00, 0x00, 0x00, 0x01,
  0x00, 0x00, 0x00, 0x00, 0x00, 0x00, 0x22, 0x65, 0x00, 0x00, 0x00, 0x07, 0x00, 0x00, 0x00, 0x05, 0x00, 0x00, 0x00, 0x07, 0x00, 0x00, 0x00, 0x07, 0x00, 0x00, 0x00, 0x01, 0x00, 0x00, 0x00, 0x00, 0x00, 0x00, 0x25, 0xCA, 0x00, 0x00, 0x00, 0x08,
  0x00, 0x00, 0x00, 0x06, 0x00, 0x00, 0x00, 0x07, 0x00, 0x00, 0x00, 0x08, 0x00, 0x00, 0x00, 0x00, 0x00, 0x00, 0x00, 0x00, 0x3E, 0x95, 0x4B, 0xB3, 0x4B, 0xB3, 0x4B, 0xB3, 0x4B, 0xB3, 0x23, 0x54, 0x00, 0x0A, 0x48, 0xBB, 0x00, 0x02, 0x05, 0x2D,
  0x0A, 0x28, 0x17, 0xB4, 0x2B, 0x9C, 0x17, 0xA4, 0x2B, 0x8E, 0x07, 0x32, 0x0E, 0x2B, 0x00, 0x00, 0x50, 0x51, 0x28, 0x79, 0x00, 0x00, 0x00, 0x8E, 0x34, 0x5E, 0x64, 0x00, 0x28, 0x97, 0xE0, 0x9F, 0xCC, 0xB2, 0x31, 0x0A, 0x29, 0xCC, 0x27, 0xC9,
  0x2B, 0x0D, 0x00, 0x23, 0x9F, 0x01, 0xC2, 0x00, 0x00, 0x7E, 0xD5, 0xD6, 0xC8, 0xE3, 0xAD, 0x00, 0x00, 0x86, 0x3D, 0x56, 0x6D, 0x00, 0x00, 0x00, 0xB6, 0x0E, 0x87, 0x3C, 0x00, 0x00, 0x00, 0x00, 0x00, 0x13, 0x00, 0x00, 0x00, 0x00, 0x00, 0xCB,
  0x00, 0x00, 0x00, 0x20, 0xB8, 0xF4, 0xB3, 0x17, 0x00, 0xAF, 0x6D, 0x01, 0x8C, 0x92, 0x00, 0xC4, 0x42, 0x00, 0x22, 0x6E, 0x00, 0x57, 0xE2, 0x6C, 0x0E, 0x00, 0x00, 0x00, 0x2F, 0x9B, 0xE7, 0x42, 0x07, 0x43, 0x00, 0x00, 0x4E, 0xC8, 0x04, 0xEE,
  0x1B, 0x00, 0x4D, 0xC4, 0x00, 0x5D, 0xE4, 0xC8, 0xDB, 0x3C, 0x00, 0x00, 0x05, 0xCF, 0x00, 0x00, 0x00, 0x00, 0x00, 0x19, 0x00, 0x00, 0x4F, 0xB3, 0x95, 0x00, 0x00, 0x00, 0x00, 0xBA, 0x05, 0xA8, 0x14, 0x88, 0x0A, 0x00, 0xA6, 0x40, 0xC0, 0x38,
  0x95, 0x00, 0x00, 0x14, 0x75, 0x3A, 0xAE, 0x18, 0x00, 0x00, 0x00, 0x00, 0x45, 0x7F, 0x39, 0x2A, 0x00, 0x00, 0x02, 0xB7, 0x63, 0x93, 0xB1, 0x2A, 0x00, 0x3C, 0x66, 0x84, 0x36, 0x67, 0x53, 0x00, 0x00, 0x00, 0x3D, 0xB6, 0xBD, 0x1A, 0x00, 0x00,
  0x00, 0x00, 0x0B, 0x06, 0x00, 0x00, 0x2D, 0xC9, 0xD3, 0x4A, 0x00, 0x00, 0x00, 0xAA, 0x64, 0x25, 0xCC, 0x00, 0x00, 0x00, 0xA5, 0x63, 0x6C, 0x9C, 0x00, 0x00, 0x00, 0x32, 0xF3, 0xA8, 0x08, 0x00, 0x00, 0x05, 0xBE, 0xB9, 0xBB, 0x02, 0x72, 0x18,
  0x51, 0xB7, 0x00, 0xA7, 0x84, 0xDE, 0x09, 0x53, 0xB2, 0x00, 0x0D, 0xE8, 0x9B, 0x00, 0x04, 0xAD, 0xCA, 0xCD, 0xA4, 0xE2, 0x1B, 0x00, 0x00, 0x0C, 0x0A, 0x00, 0x00, 0x00, 0x15, 0x1F, 0x57, 0x7C, 0x57, 0x6E, 0x1C, 0x21, 0x00, 0x00, 0x15, 0x6C,
  0x00, 0x02, 0xBD, 0x2A, 0x00, 0x5C, 0x8F, 0x00, 0x00, 0xBC, 0x34, 0x00, 0x00, 0xF2, 0x05, 0x00, 0x0D, 0xEC, 0x00, 0x00, 0x08, 0xF0, 0x00, 0x00, 0x00, 0xE9, 0x0E, 0x00, 0x00, 0xA5, 0x49, 0x00, 0x00, 0x39, 0xAE, 0x00, 0x00, 0x00, 0x90, 0x5A,
  0x00, 0x00, 0x02, 0x3B, 0x25, 0x5F, 0x00, 0x00, 0x00, 0xA5, 0x46, 0x00, 0x00, 0x1B, 0xD1, 0x00, 0x00, 0x00, 0xBD, 0x35, 0x00, 0x00, 0x8B, 0x70, 0x00, 0x00, 0x76, 0x88, 0x00, 0x00, 0x7A, 0x81, 0x00, 0x00, 0x96, 0x61, 0x00, 0x00, 0xCF, 0x1E,
  0x00, 0x34, 0xAF, 0x00, 0x0F, 0xBC, 0x20, 0x00, 0x16, 0x28, 0x00, 0x00, 0x00, 0x00, 0x02, 0xBF, 0x00, 0x00, 0x00, 0x30, 0x00, 0xCB, 0x00, 0x25, 0x08, 0xB9, 0xC5, 0xE0, 0xCB, 0xB3, 0x00, 0x00, 0x75, 0xDB, 0x4C, 0x00, 0x00, 0x3A, 0xC9, 0x16,
  0xDA, 0x1B, 0x00, 0x08, 0x21, 0x00, 0x30, 0x02, 0x00, 0x00, 0x17, 0x64, 0x00, 0x00, 0x00, 0x00, 0x2F, 0xCF, 0x00, 0x00, 0x11, 0x2F, 0x56, 0xD8, 0x2F, 0x2F, 0x49, 0xCB, 0xD5, 0xF6, 0xCB, 0xCB, 0x00, 0x00, 0x2F, 0xCF, 0x00, 0x00, 0x00, 0x00,
  0x2F, 0xCF, 0x00, 0x00, 0x00, 0x00, 0x0A, 0x2D, 0x00, 0x00, 0x00, 0x1B, 0x13, 0x00, 0xA0, 0x72, 0x00, 0xBB, 0x48, 0x03, 0x90, 0x02, 0xAC, 0xCF, 0xCF, 0xCF, 0x3A, 0x09, 0x4F, 0x03, 0x39, 0xFB, 0x21, 0x00, 0x08, 0x00, 0x00, 0x00, 0x00, 0x71,
  0x48, 0x00, 0x00, 0x01, 0xD3, 0x0B, 0x00, 0x00, 0x45, 0x9B, 0x00, 0x00, 0x00, 0xA7, 0x39, 0x00, 0x00, 0x11, 0xCF, 0x00, 0x00, 0x00, 0x6C, 0x75, 0x00, 0x00, 0x00, 0xCA, 0x18, 0x00, 0x00, 0x30, 0xB1, 0x00, 0x00, 0x00, 0x58, 0x40, 0x00, 0x00,
  0x00, 0x00, 0x2F, 0xBF, 0xD1, 0x96, 0x09, 0x02, 0xD6, 0x30, 0x00, 0x8D, 0x7C, 0x21, 0xD4, 0x00, 0x00, 0x61, 0xC0, 0x37, 0xC7, 0x02, 0x81, 0xC6, 0xD7, 0x37, 0xD7, 0xB6, 0x74, 0x28, 0xD7, 0x28, 0xF2, 0x3D, 0x00, 0x32, 0xC7, 0x06, 0xE0, 0x16,
  0x00, 0x71, 0x8F, 0x00, 0x4D, 0xD5, 0xBF, 0xC2, 0x15, 0x00, 0x00, 0x01, 0x0E, 0x00, 0x00, 0x00, 0x37, 0x9A, 0x20, 0xBB, 0xB3, 0xEB, 0x27, 0x10, 0x00, 0xD7, 0x27, 0x00, 0x00, 0xD7, 0x27, 0x00, 0x00, 0xD7, 0x27, 0x00, 0x00, 0xD7, 0x27, 0x00,
  0x00, 0xD7, 0x27, 0x00, 0x00, 0xD7, 0x27, 0x00, 0x73, 0xCC, 0xCD, 0x6B, 0x00, 0x4C, 0xC1, 0x08, 0x10, 0xDB, 0x30, 0x3E, 0x3C, 0x00, 0x00, 0xAD, 0x50, 0x00, 0x00, 0x00, 0x23, 0xDF, 0x0D, 0x00, 0x00, 0x0F, 0xCF, 0x46, 0x00, 0x00, 0x07, 0xBF,
  0x5D, 0x00, 0x00, 0x02, 0xAC, 0x71, 0x00, 0x00, 0x00, 0x5A, 0xFB, 0xCF, 0xCF, 0xCF, 0x98, 0x00, 0x6F, 0xCC, 0xCF, 0x6C, 0x00, 0x3F, 0xCC, 0x0A, 0x0B, 0xD9, 0x2C, 0x18, 0x22, 0x00, 0x00, 0xB9, 0x49, 0x00, 0x00, 0x5B, 0x8D, 0xBA, 0x06, 0x00,
  0x00, 0x62, 0x90, 0xC7, 0x13, 0x07, 0x08, 0x00, 0x00, 0x9D, 0x6A, 0x61, 0xAA, 0x00, 0x00, 0xB5, 0x53, 0x06, 0xA9, 0xCD, 0xCC, 0x9F, 0x02, 0x00, 0x00, 0x0A, 0x09, 0x00, 0x00, 0x00, 0x00, 0x00, 0x4C, 0xCD, 0x00, 0x00, 0x00, 0x00, 0x0E, 0xD3,
  0xF7, 0x00, 0x00, 0x00, 0x00, 0x99, 0x62, 0xF7, 0x00, 0x00, 0x00, 0x3F, 0xB4, 0x08, 0xF7, 0x00, 0x00, 0x08, 0xCD, 0x1D, 0x07, 0xF7, 0x00, 0x00, 0x7A, 0xDB, 0x9F, 0xA2, 0xFC, 0x9F, 0x07, 0x1C, 0x2F, 0x2F, 0x36, 0xF9, 0x2F, 0x02, 0x00, 0x00,
  0x00, 0x07, 0xF7, 0x00, 0x00, 0x4B, 0xD3, 0xD3, 0xD3, 0x91, 0x72, 0x8B, 0x23, 0x23, 0x18, 0x8B, 0x5F, 0x10, 0x00, 0x00, 0xA5, 0xE1, 0xD4, 0xDF, 0x30, 0x1E, 0x12, 0x00, 0x66, 0xBB, 0x0F, 0x00, 0x00, 0x19, 0xE2, 0xD6, 0x2A, 0x00, 0x4E, 0xBB,
  0x3E, 0xD7, 0xBF, 0xD6, 0x30, 0x00, 0x01, 0x12, 0x00, 0x00, 0x00, 0x00, 0x45, 0xAB, 0x78, 0x00, 0x00, 0x65, 0xCF, 0x41, 0x0F, 0x00, 0x02, 0xE3, 0x21, 0x14, 0x00, 0x00, 0x1C, 0xEB, 0xC5, 0xC6, 0xCE, 0x16, 0x39, 0xE7, 0x11, 0x00, 0x8B, 0x84,
  0x30, 0xD0, 0x00, 0x00, 0x50, 0xA9, 0x07, 0xE2, 0x25, 0x00, 0x8A, 0x7E, 0x00, 0x44, 0xD9, 0xC8, 0xBE, 0x10, 0x00, 0x00, 0x01, 0x0D, 0x00, 0x00, 0x52, 0xD3, 0xD3, 0xD3, 0xD3, 0xB8, 0x04, 0x0B, 0x0B, 0x0B, 0x6B, 0x8B, 0x00, 0x00, 0x00, 0x01,
  0xD2, 0x1E, 0x00, 0x00, 0x00, 0x4E, 0xA6, 0x00, 0x00, 0x00, 0x00, 0xC5, 0x35, 0x00, 0x00, 0x00, 0x3B, 0xC1, 0x00, 0x00, 0x00, 0x00, 0xB2, 0x4F, 0x00, 0x00, 0x00, 0x2A, 0xD9, 0x02, 0x00, 0x00, 0x00, 0x23, 0xB9, 0xD2, 0xAA, 0x13, 0x00, 0xB3,
  0x63, 0x00, 0x88, 0x93, 0x00, 0xCE, 0x30, 0x00, 0x51, 0xAD, 0x00, 0x55, 0xC6, 0x7B, 0xCD, 0x38, 0x00, 0x6F, 0xB7, 0x6F, 0xC2, 0x53, 0x02, 0xF3, 0x0B, 0x00, 0x28, 0xD8, 0x00, 0xEA, 0x21, 0x00, 0x42, 0xC8, 0x00, 0x50, 0xD9, 0xBD, 0xD7, 0x39,
  0x00, 0x00, 0x01, 0x12, 0x00, 0x00, 0x00, 0x35, 0xC2, 0xD2, 0x7F, 0x01, 0x05, 0xDF, 0x33, 0x09, 0xC2, 0x4F, 0x27, 0xD1, 0x00, 0x00, 0x5A, 0x9B, 0x18, 0xE8, 0x04, 0x00, 0x5B, 0xB4, 0x00, 0xA2, 0xB6, 0x83, 0xDE, 0x9D, 0x00, 0x02, 0x44, 0x50,
  0x7D, 0x77, 0x00, 0x00, 0x00, 0x38, 0xDD, 0x1C, 0x00, 0x14, 0xE7, 0xC1, 0x3A, 0x00, 0x09, 0x4F, 0x03, 0x39, 0xFB, 0x21, 0x00, 0x08, 0x00, 0x00, 0x00, 0x00, 0x00, 0x00, 0x00, 0x09, 0x4F, 0x03, 0x39, 0xFB, 0x21, 0x00, 0x08, 0x00, 0x09, 0x4F,
  0x03, 0x39, 0xFB, 0x21, 0x00, 0x08, 0x00, 0x00, 0x00, 0x00, 0x00, 0x00, 0x00, 0x00, 0x1B, 0x13, 0x00, 0xA0, 0x72, 0x00, 0xBB, 0x48, 0x03, 0x90, 0x02, 0x00, 0x00, 0x00, 0x12, 0x78, 0x60, 0x00, 0x25, 0x94, 0xDD, 0x88, 0x1D, 0x13, 0xFC, 0x91,
  0x05, 0x00, 0x00, 0x00, 0x2D, 0x9F, 0xD6, 0x7B, 0x17, 0x00, 0x00, 0x00, 0x18, 0x85, 0x65, 0x00, 0x0B, 0x0B, 0x0B, 0x0B, 0x08, 0x10, 0xCF, 0xCF, 0xCF, 0xCF, 0x95, 0x00, 0x00, 0x00, 0x00, 0x00, 0x00, 0x10, 0xCF, 0xCF, 0xCF, 0xCF, 0x95, 0x00,
  0x0B, 0x0B, 0x0B, 0x0B, 0x08, 0x0A, 0xAB, 0x3D, 0x00, 0x00, 0x00, 0x01, 0x53, 0xB1, 0xCB, 0x62, 0x09, 0x00, 0x00, 0x00, 0x28, 0xD1, 0xAC, 0x01, 0x4B, 0xAC, 0xD1, 0x6B, 0x0C, 0x0B, 0xB4, 0x46, 0x01, 0x00, 0x00, 0x38, 0xC4, 0xDB, 0xA8, 0x10,
  0xDA, 0x3F, 0x01, 0x94, 0x82, 0x00, 0x00, 0x00, 0x71, 0x8F, 0x00, 0x00, 0x24, 0xDE, 0x29, 0x00, 0x0D, 0xDC, 0x43, 0x00, 0x00, 0x30, 0x9C, 0x00, 0x00, 0x00, 0x00, 0x0A, 0x00, 0x00, 0x00, 0x44, 0xC1, 0x00, 0x00, 0x00, 0x00, 0x02, 0x00, 0x00,
  0x00, 0x09, 0x92, 0xB0, 0x95, 0x0E, 0x00, 0x00, 0xA4, 0x33, 0x20, 0x32, 0xA0, 0x00, 0x3E, 0x6C, 0x78, 0x8E, 0x96, 0x88, 0x15, 0x7D, 0x27, 0xA7, 0x08, 0x8F, 0x64, 0x2F, 0x98, 0x2D, 0x8B, 0x20, 0x7A, 0x71, 0x1D, 0x84, 0x32, 0xC7, 0x9C, 0xA8,
  0x98, 0x00, 0x32, 0x99, 0x28, 0x17, 0x2F, 0x0C, 0x00, 0x00, 0x65, 0xBF, 0xAA, 0x70, 0x00, 0x00, 0x00, 0x00, 0x00, 0x06, 0x00, 0x00, 0x00, 0x00, 0x00, 0x26, 0xC3, 0x01, 0x00, 0x00, 0x00, 0x00, 0x79, 0xF9, 0x37, 0x00, 0x00, 0x00, 0x00, 0xCB,
  0x86, 0x88, 0x00, 0x00, 0x00, 0x1E, 0xD1, 0x17, 0xD7, 0x00, 0x00, 0x00, 0x70, 0x83, 0x00, 0xC7, 0x2B, 0x00, 0x00, 0xC2, 0xE6, 0xDB, 0xEF, 0x7C, 0x00, 0x17, 0xE1, 0x01, 0x00, 0x2B, 0xCD, 0x00, 0x66, 0x93, 0x00, 0x00, 0x00, 0xDD, 0x1F, 0x10,
  0xD3, 0xD3, 0xC9, 0x8B, 0x0D, 0x13, 0xEC, 0x07, 0x12, 0x91, 0x98, 0x13, 0xEB, 0x00, 0x00, 0x49, 0xBC, 0x13, 0xF5, 0x7B, 0x85, 0xD0, 0x3C, 0x13, 0xF2, 0x57, 0x5D, 0xB6, 0x7C, 0x13, 0xEB, 0x00, 0x00, 0x11, 0xF5, 0x13, 0xEB, 0x00, 0x00, 0x4E,
  0xD2, 0x13, 0xFC, 0xD7, 0xD7, 0xC0, 0x2B, 0x00, 0x2E, 0xBC, 0xD0, 0xA1, 0x13, 0x08, 0xDE, 0x34, 0x00, 0x78, 0xA7, 0x4B, 0xB3, 0x00, 0x00, 0x0B, 0x88, 0x69, 0x95, 0x00, 0x00, 0x00, 0x00, 0x6A, 0x94, 0x00, 0x00, 0x00, 0x00, 0x55, 0xA9, 0x00,
  0x00, 0x04, 0x57, 0x11, 0xE3, 0x19, 0x00, 0x50, 0xBB, 0x00, 0x4F, 0xD6, 0xC0, 0xCC, 0x24, 0x00, 0x00, 0x02, 0x10, 0x00, 0x00, 0x24, 0xD3, 0xD1, 0xB1, 0x4B, 0x00, 0x00, 0x2B, 0xD7, 0x01, 0x29, 0xCA, 0x5F, 0x00, 0x2B, 0xD7, 0x00, 0x00, 0x26,
  0xE0, 0x00, 0x2B, 0xD7, 0x00, 0x00, 0x00, 0xEB, 0x11, 0x2B, 0xD7, 0x00, 0x00, 0x00, 0xE8, 0x16, 0x2B, 0xD7, 0x00, 0x00, 0x15, 0xEC, 0x01, 0x2B, 0xD7, 0x00, 0x08, 0xA8, 0x82, 0x00, 0x2B, 0xF8, 0xD0, 0xD3, 0x7C, 0x02, 0x00, 0x03, 0xD3, 0xD3,
  0xD3, 0xD3, 0x9B, 0x03, 0xF8, 0x07, 0x07, 0x07, 0x05, 0x03, 0xF7, 0x00, 0x00, 0x00, 0x00, 0x03, 0xFB, 0x73, 0x73, 0x73, 0x1B, 0x03, 0xFB, 0x63, 0x63, 0x63, 0x17, 0x03, 0xF7, 0x00, 0x00, 0x00, 0x00, 0x03, 0xF7, 0x00, 0x00, 0x00, 0x00, 0x03,
  0xFE, 0xD7, 0xD7, 0xD7, 0xA8, 0xCD, 0xD3, 0xD3, 0xD3, 0xAF, 0xF7, 0x0F, 0x07, 0x07, 0x06, 0xF7, 0x07, 0x00, 0x00, 0x00, 0xF7, 0x51, 0x4B, 0x4B, 0x15, 0xF7, 0x8F, 0x8B, 0x8B, 0x27, 0xF7, 0x07, 0x00, 0x00, 0x00, 0xF7, 0x07, 0x00, 0x00, 0x00,
  0xF7, 0x07, 0x00, 0x00, 0x00, 0x00, 0x2F, 0xBE, 0xD8, 0xA4, 0x15, 0x08, 0xDF, 0x3C, 0x01, 0x79, 0xAB, 0x4F, 0xB1, 0x00, 0x00, 0x08, 0x6E, 0x73, 0x8A, 0x00, 0x00, 0x00, 0x00, 0x75, 0x8A, 0x00, 0x77, 0xD3, 0xE0, 0x55, 0xAD, 0x00, 0x00, 0x00,
  0xF7, 0x0E, 0xE4, 0x29, 0x00, 0x0A, 0xFB, 0x00, 0x41, 0xD9, 0xC2, 0xD4, 0x6A, 0x00, 0x00, 0x01, 0x13, 0x02, 0x00, 0x34, 0x91, 0x00, 0x00, 0x13, 0xB2, 0x3F, 0xAF, 0x00, 0x00, 0x17, 0xD7, 0x3F, 0xAF, 0x00, 0x00, 0x17, 0xD7, 0x3F, 0xD4, 0x73,
  0x73, 0x81, 0xD7, 0x3F, 0xCF, 0x63, 0x63, 0x72, 0xD7, 0x3F, 0xAF, 0x00, 0x00, 0x17, 0xD7, 0x3F, 0xAF, 0x00, 0x00, 0x17, 0xD7, 0x3F, 0xAF, 0x00, 0x00, 0x17, 0xD7, 0x0D, 0xD3, 0xD3, 0xD3, 0xD3, 0x8B, 0x00, 0x0B, 0x45, 0xCA, 0x0B, 0x07, 0x00,
  0x00, 0x3B, 0xC7, 0x00, 0x00, 0x00, 0x00, 0x3B, 0xC7, 0x00, 0x00, 0x00, 0x00, 0x3B, 0xC7, 0x00, 0x00, 0x00, 0x00, 0x3B, 0xC7, 0x00, 0x00, 0x00, 0x00, 0x3B, 0xC7, 0x00, 0x00, 0x0D, 0xDB, 0xE4, 0xF8, 0xDB, 0x90, 0x00, 0x00, 0x00, 0x00, 0x52,
  0x84, 0x00, 0x00, 0x00, 0x00, 0x63, 0x9F, 0x00, 0x00, 0x00, 0x00, 0x63, 0x9F, 0x00, 0x00, 0x00, 0x00, 0x63, 0x9F, 0x00, 0x00, 0x00, 0x00, 0x63, 0x9F, 0x1D, 0x25, 0x00, 0x00, 0x67, 0x9B, 0x44, 0xC8, 0x04, 0x01, 0xAE, 0x66, 0x00, 0x8D, 0xDB,
  0xD4, 0xA4, 0x04, 0x00, 0x00, 0x07, 0x0A, 0x00, 0x00, 0x10, 0xC6, 0x00, 0x00, 0x49, 0xB2, 0x06, 0x13, 0xEF, 0x00, 0x23, 0xE4, 0x2E, 0x00, 0x13, 0xEF, 0x0A, 0xD1, 0x58, 0x00, 0x00, 0x13, 0xF0, 0xA8, 0xA9, 0x00, 0x00, 0x00, 0x13, 0xFF, 0xBC,
  0xE8, 0x1E, 0x00, 0x00, 0x13, 0xF5, 0x09, 0x74, 0xB8, 0x00, 0x00, 0x13, 0xEF, 0x00, 0x03, 0xCB, 0x62, 0x00, 0x13, 0xEF, 0x00, 0x00, 0x2D, 0xEA, 0x1B, 0xC6, 0x0D, 0x00, 0x00, 0x00, 0xEF, 0x0F, 0x00, 0x00, 0x00, 0xEF, 0x0F, 0x00, 0x00, 0x00,
  0xEF, 0x0F, 0x00, 0x00, 0x00, 0xEF, 0x0F, 0x00, 0x00, 0x00, 0xEF, 0x0F, 0x00, 0x00, 0x00, 0xEF, 0x0F, 0x00, 0x00, 0x00, 0xEF, 0xDA, 0xD7, 0xD7, 0xBC, 0x2B, 0xD3, 0x22, 0x00, 0x64, 0xC0, 0x33, 0xFC, 0x75, 0x00, 0xC6, 0xE7, 0x33, 0xC8, 0xC3,
  0x25, 0xB7, 0xE7, 0x33, 0xBA, 0xBB, 0x9B, 0x66, 0xE7, 0x33, 0xC1, 0x6A, 0xF7, 0x1C, 0xE7, 0x33, 0xC3, 0x19, 0x98, 0x0F, 0xE7, 0x33, 0xC3, 0x00, 0x00, 0x0F, 0xE7, 0x33, 0xC3, 0x00, 0x00, 0x0F, 0xE7, 0x31, 0xC8, 0x0A, 0x00, 0x24, 0xAF, 0x3B,
  0xFF, 0x77, 0x00, 0x2D, 0xD3, 0x3B, 0xDC, 0xE1, 0x0F, 0x2D, 0xD3, 0x3B, 0xC6, 0x84, 0x81, 0x2E, 0xD3, 0x3B, 0xC5, 0x10, 0xE1, 0x43, 0xD3, 0x3B, 0xC5, 0x00, 0x79, 0xBA, 0xD3, 0x3B, 0xC4, 0x00, 0x0B, 0xE9, 0xD3, 0x3B, 0xC3, 0x00, 0x00, 0x6E,
  0xD3, 0x00, 0x2E, 0xBE, 0xDB, 0x91, 0x04, 0x00, 0x06, 0xDD, 0x42, 0x06, 0x9F, 0x7E, 0x00, 0x46, 0xB5, 0x00, 0x00, 0x1E, 0xDB, 0x00, 0x6B, 0x8E, 0x00, 0x00, 0x00, 0xF7, 0x01, 0x6D, 0x8D, 0x00, 0x00, 0x00, 0xF8, 0x02, 0x51, 0xA9, 0x00, 0x00,
  0x11, 0xE5, 0x00, 0x0E, 0xE3, 0x1F, 0x00, 0x78, 0x98, 0x00, 0x00, 0x4C, 0xE0, 0xD3, 0xC1, 0x11, 0x00, 0x00, 0x00, 0x03, 0x10, 0x00, 0x00, 0x00, 0xCD, 0xD3, 0xCF, 0xA0, 0x21, 0x00, 0xF7, 0x03, 0x04, 0x58, 0xD8, 0x00, 0xF7, 0x03, 0x00, 0x00,
  0xE5, 0x19, 0xF7, 0x03, 0x00, 0x49, 0xDD, 0x01, 0xF7, 0xD0, 0xCF, 0xAC, 0x28, 0x00, 0xF7, 0x03, 0x00, 0x00, 0x00, 0x00, 0xF7, 0x03, 0x00, 0x00, 0x00, 0x00, 0xF7, 0x03, 0x00, 0x00, 0x00, 0x00, 0x00, 0x32, 0xC0, 0xDB, 0x94, 0x06, 0x00, 0x09,
  0xDF, 0x3C, 0x05, 0x94, 0x8A, 0x00, 0x52, 0xA9, 0x00, 0x00, 0x10, 0xE9, 0x00, 0x79, 0x83, 0x00, 0x00, 0x00, 0xE9, 0x11, 0x7C, 0x81, 0x00, 0x00, 0x00, 0xE7, 0x14, 0x5D, 0x9E, 0x00, 0x00, 0x08, 0xEF, 0x02, 0x14, 0xE3, 0x1B, 0x00, 0x6D, 0xA4,
  0x00, 0x00, 0x4F, 0xDE, 0xD2, 0xFC, 0x2A, 0x00, 0x00, 0x00, 0x02, 0x14, 0x6D, 0xDA, 0x0E, 0x00, 0x00, 0x00, 0x00, 0x00, 0x1E, 0x00, 0x06, 0xD3, 0xD3, 0xC8, 0x89, 0x0E, 0x00, 0x07, 0xF3, 0x00, 0x0A, 0x87, 0xA1, 0x00, 0x07, 0xF3, 0x00, 0x00,
  0x21, 0xDF, 0x00, 0x07, 0xF3, 0x00, 0x0B, 0x8E, 0xA5, 0x00, 0x07, 0xFD, 0xCF, 0xE4, 0xBC, 0x0B, 0x00, 0x07, 0xF3, 0x00, 0x26, 0xDE, 0x05, 0x00, 0x07, 0xF3, 0x00, 0x00, 0xA8, 0x65, 0x00, 0x07, 0xF3, 0x00, 0x00, 0x2E, 0xDE, 0x04, 0x00, 0x35,
  0xBD, 0xD7, 0xA8, 0x1B, 0x00, 0x04, 0xEA, 0x3B, 0x00, 0x6B, 0xC3, 0x00, 0x10, 0xF6, 0x0D, 0x00, 0x04, 0x6E, 0x01, 0x00, 0x83, 0xD7, 0x6C, 0x13, 0x00, 0x00, 0x00, 0x00, 0x32, 0x97, 0xE6, 0x53, 0x00, 0x15, 0x2C, 0x00, 0x00, 0x2E, 0xED, 0x01,
  0x29, 0xE4, 0x15, 0x00, 0x27, 0xED, 0x02, 0x00, 0x5F, 0xDA, 0xC3, 0xD9, 0x4B, 0x00, 0x00, 0x00, 0x00, 0x12, 0x01, 0x00, 0x00, 0x7D, 0xD3, 0xD3, 0xD3, 0xD3, 0xD3, 0x2B, 0x04, 0x07, 0x32, 0xCD, 0x07, 0x07, 0x01, 0x00, 0x00, 0x2B, 0xCB, 0x00,
  0x00, 0x00, 0x00, 0x00, 0x2B, 0xCB, 0x00, 0x00, 0x00, 0x00, 0x00, 0x2B, 0xCB, 0x00, 0x00, 0x00, 0x00, 0x00, 0x2B, 0xCB, 0x00, 0x00, 0x00, 0x00, 0x00, 0x2B, 0xCB, 0x00, 0x00, 0x00, 0x00, 0x00, 0x2B, 0xCB, 0x00, 0x00, 0x00, 0x34, 0x95, 0x00,
  0x00, 0x1A, 0xB2, 0x3F, 0xB4, 0x00, 0x00, 0x21, 0xD8, 0x3F, 0xB5, 0x00, 0x00, 0x22, 0xD9, 0x3F, 0xB5, 0x00, 0x00, 0x22, 0xD9, 0x3F, 0xB6, 0x00, 0x00, 0x23, 0xDA, 0x39, 0xBD, 0x00, 0x00, 0x29, 0xD4, 0x0E, 0xE4, 0x1A, 0x00, 0x76, 0x99, 0x00,
  0x52, 0xDB, 0xCB, 0xBF, 0x14, 0x00, 0x00, 0x01, 0x0D, 0x00, 0x00, 0x68, 0x76, 0x00, 0x00, 0x06, 0xCB, 0x0E, 0x34, 0xD3, 0x00, 0x00, 0x45, 0xC4, 0x00, 0x00, 0xE2, 0x1F, 0x00, 0x91, 0x73, 0x00, 0x00, 0x91, 0x69, 0x00, 0xDD, 0x23, 0x00, 0x00,
  0x40, 0xB5, 0x29, 0xD1, 0x00, 0x00, 0x00, 0x03, 0xE2, 0x7F, 0x81, 0x00, 0x00, 0x00, 0x00, 0x9E, 0xF3, 0x30, 0x00, 0x00, 0x00, 0x00, 0x4C, 0xDF, 0x00, 0x00, 0x00, 0x76, 0x51, 0x1C, 0xB8, 0x00, 0x87, 0x3E, 0x73, 0x7A, 0x4B, 0xFD, 0x0A, 0xBB,
  0x2E, 0x53, 0x95, 0x77, 0xDA, 0x34, 0xD6, 0x0F, 0x34, 0xAF, 0xA4, 0x82, 0x62, 0xE0, 0x00, 0x15, 0xCA, 0xC4, 0x37, 0x9B, 0xD0, 0x00, 0x00, 0xDF, 0xC1, 0x0B, 0xE1, 0xB1, 0x00, 0x00, 0xD7, 0x9C, 0x00, 0xDD, 0x92, 0x00, 0x00, 0xB7, 0x71, 0x00,
  0xB1, 0x73, 0x00, 0x30, 0xBC, 0x04, 0x00, 0x26, 0xC3, 0x0A, 0x00, 0xB2, 0x68, 0x00, 0xAE, 0x6F, 0x00, 0x00, 0x24, 0xE0, 0x46, 0xD5, 0x04, 0x00, 0x00, 0x00, 0x88, 0xF7, 0x44, 0x00, 0x00, 0x00, 0x00, 0x76, 0xFC, 0x33, 0x00, 0x00, 0x00, 0x1A,
  0xE4, 0x5D, 0xC7, 0x01, 0x00, 0x00, 0xA5, 0x78, 0x00, 0xB9, 0x60, 0x00, 0x3D, 0xE1, 0x08, 0x00, 0x2E, 0xE6, 0x0F, 0x62, 0x8A, 0x00, 0x00, 0x24, 0xC3, 0x06, 0x11, 0xEA, 0x17, 0x00, 0x95, 0x7E, 0x00, 0x00, 0x84, 0x82, 0x13, 0xE5, 0x0F, 0x00,
  0x00, 0x12, 0xDE, 0x87, 0x80, 0x00, 0x00, 0x00, 0x00, 0x85, 0xEF, 0x10, 0x00, 0x00, 0x00, 0x00, 0x3B, 0xB7, 0x00, 0x00, 0x00, 0x00, 0x00, 0x3A, 0xB5, 0x00, 0x00, 0x00, 0x00, 0x00, 0x38, 0xB4, 0x00, 0x00, 0x00, 0x42, 0xD3, 0xD3, 0xD3, 0xD3,
  0x89, 0x02, 0x07, 0x07, 0x0A, 0xCC, 0x4D, 0x00, 0x00, 0x00, 0x6C, 0xAC, 0x00, 0x00, 0x00, 0x1B, 0xE3, 0x1A, 0x00, 0x00, 0x00, 0xAE, 0x6A, 0x00, 0x00, 0x00, 0x4F, 0xC7, 0x02, 0x00, 0x00, 0x0D, 0xDE, 0x2E, 0x00, 0x00, 0x00, 0x5E, 0xF7, 0xD7,
  0xD7, 0xD7, 0xAC, 0xAC, 0xD7, 0x57, 0xB7, 0x3B, 0x00, 0xB7, 0x3B, 0x00, 0xB7, 0x3B, 0x00, 0xB7, 0x3B, 0x00, 0xB7, 0x3B, 0x00, 0xB7, 0x3B, 0x00, 0xB7, 0x3B, 0x00, 0xB7, 0x3B, 0x00, 0xB7, 0x57, 0x0F, 0x7B, 0xAB, 0x48, 0x80, 0x3F, 0x00, 0x00,
  0x00, 0x41, 0xA5, 0x00, 0x00, 0x00, 0x01, 0xD5, 0x11, 0x00, 0x00, 0x00, 0x7C, 0x6A, 0x00, 0x00, 0x00, 0x1D, 0xCA, 0x00, 0x00, 0x00, 0x00, 0xB8, 0x2F, 0x00, 0x00, 0x00, 0x55, 0x91, 0x00, 0x00, 0x00, 0x06, 0xD9, 0x07, 0x00, 0x00, 0x00, 0x6C,
  0x2F, 0xAC, 0xE3, 0x4A, 0x00, 0x9F, 0x4F, 0x00, 0x9F, 0x4F, 0x00, 0x9F, 0x4F, 0x00, 0x9F, 0x4F, 0x00, 0x9F, 0x4F, 0x00, 0x9F, 0x4F, 0x00, 0x9F, 0x4F, 0x00, 0x9F, 0x4F, 0x1D, 0xAD, 0x4F, 0x8E, 0xAB, 0x35, 0x00, 0x2E, 0xAB, 0x00, 0x00, 0x00,
  0x98, 0xE8, 0x2F, 0x00, 0x0D, 0xD9, 0x56, 0x98, 0x00, 0x6A, 0x83, 0x04, 0xD9, 0x0D, 0x3F, 0x16, 0x00, 0x3A, 0x1A, 0x23, 0xCF, 0xCF, 0xCF, 0xCF, 0x9F, 0x50, 0xB0, 0x00, 0x00, 0x4E, 0x18, 0x00, 0x43, 0xC1, 0xCF, 0xA2, 0x0B, 0x00, 0xBA, 0x1E,
  0x01, 0x9C, 0x77, 0x00, 0x0F, 0x63, 0x84, 0xB8, 0x97, 0x02, 0xD3, 0x6A, 0x36, 0x84, 0x97, 0x19, 0xE7, 0x04, 0x00, 0x95, 0x98, 0x00, 0x9E, 0xDD, 0xD1, 0xB9, 0xB1, 0x00, 0x00, 0x0E, 0x07, 0x00, 0x00, 0x03, 0x3B, 0x00, 0x00, 0x00, 0x00, 0x0F,
  0xEF, 0x00, 0x00, 0x00, 0x00, 0x0F, 0xEF, 0x00, 0x00, 0x00, 0x00, 0x0F, 0xF3, 0x9F, 0xDA, 0xAC, 0x0E, 0x0F, 0xFC, 0x38, 0x02, 0x98, 0x8E, 0x0F, 0xEF, 0x00, 0x00, 0x30, 0xCD, 0x0F, 0xEF, 0x00, 0x00, 0x2B, 0xD4, 0x0F, 0xF9, 0x1B, 0x00, 0x78,
  0x9F, 0x0F, 0xED, 0xBC, 0xC7, 0xD8, 0x20, 0x00, 0x00, 0x00, 0x13, 0x02, 0x00, 0x00, 0x26, 0xB7, 0xD1, 0xA4, 0x12, 0x03, 0xD7, 0x44, 0x00, 0x7A, 0x97, 0x2A, 0xD3, 0x00, 0x00, 0x09, 0x24, 0x30, 0xCC, 0x00, 0x00, 0x00, 0x00, 0x09, 0xE4, 0x22,
  0x00, 0x48, 0x8B, 0x00, 0x45, 0xD5, 0xBF, 0xC9, 0x23, 0x00, 0x00, 0x00, 0x10, 0x00, 0x00, 0x00, 0x00, 0x00, 0x00, 0x15, 0x29, 0x00, 0x00, 0x00, 0x00, 0x57, 0xA7, 0x00, 0x00, 0x00, 0x00, 0x57, 0xA7, 0x00, 0x38, 0xC9, 0xCF, 0xA8, 0xA7, 0x05,
  0xE2, 0x40, 0x06, 0x97, 0xA7, 0x2D, 0xCE, 0x00, 0x00, 0x57, 0xA7, 0x34, 0xC6, 0x00, 0x00, 0x57, 0xA7, 0x0C, 0xE9, 0x1F, 0x00, 0x7A, 0xA7, 0x00, 0x59, 0xE5, 0xCB, 0xBD, 0xA7, 0x00, 0x00, 0x05, 0x09, 0x00, 0x00, 0x00, 0x22, 0xB3, 0xD0, 0x9D,
  0x0D, 0x04, 0xD2, 0x44, 0x00, 0x85, 0x8D, 0x2E, 0xE7, 0x6F, 0x6F, 0x88, 0xD0, 0x3C, 0xDB, 0x5F, 0x5F, 0x5F, 0x53, 0x0D, 0xE5, 0x28, 0x00, 0x11, 0x3A, 0x00, 0x45, 0xD7, 0xC0, 0xD6, 0x4E, 0x00, 0x00, 0x00, 0x12, 0x02, 0x00, 0x00, 0x00, 0x00,
  0x2D, 0x70, 0x63, 0x04, 0x00, 0x00, 0x38, 0xE0, 0x6C, 0x71, 0x01, 0x00, 0x00, 0x87, 0x78, 0x00, 0x00, 0x00, 0x24, 0xC3, 0xE6, 0xDD, 0xC3, 0x80, 0x00, 0x00, 0x00, 0x93, 0x6B, 0x00, 0x00, 0x00, 0x00, 0x00, 0x93, 0x6B, 0x00, 0x00, 0x00, 0x00,
  0x00, 0x93, 0x6B, 0x00, 0x00, 0x00, 0x00, 0x00, 0x93, 0x6B, 0x00, 0x00, 0x00, 0x00, 0x00, 0x93, 0x6B, 0x00, 0x00, 0x00, 0x00, 0x39, 0xCA, 0xD2, 0x92, 0x88, 0x05, 0xE2, 0x40, 0x02, 0x93, 0xA7, 0x2D, 0xD0, 0x00, 0x00, 0x57, 0xA7, 0x34, 0xC8,
  0x00, 0x00, 0x57, 0xA7, 0x0C, 0xE9, 0x1F, 0x00, 0x76, 0xA7, 0x00, 0x5A, 0xE5, 0xC6, 0xCC, 0xA7, 0x00, 0x16, 0x05, 0x0D, 0x79, 0x8A, 0x00, 0xA2, 0xA7, 0x98, 0xD9, 0x1F, 0x00, 0x00, 0x2B, 0x3A, 0x0A, 0x00, 0x03, 0x3A, 0x00, 0x00, 0x00, 0x00,
  0x0F, 0xEB, 0x00, 0x00, 0x00, 0x00, 0x0F, 0xEB, 0x00, 0x00, 0x00, 0x00, 0x0F, 0xEC, 0x7A, 0xD5, 0xBD, 0x1F, 0x0F, 0xFA, 0x3F, 0x00, 0x86, 0x97, 0x0F, 0xEB, 0x00, 0x00, 0x42, 0xB9, 0x0F, 0xEB, 0x00, 0x00, 0x3F, 0xBB, 0x0F, 0xEB, 0x00, 0x00,
  0x3F, 0xBB, 0x0F, 0xEB, 0x00, 0x00, 0x3F, 0xBB, 0x00, 0x04, 0xD6, 0x0C, 0x00, 0x00, 0x00, 0x24, 0x00, 0x00, 0xBC, 0xCF, 0xCF, 0x0C, 0x00, 0x0A, 0x0B, 0xF0, 0x0F, 0x00, 0x00, 0x00, 0xEF, 0x0F, 0x00, 0x00, 0x00, 0xEF, 0x0F, 0x00, 0x00, 0x00,
  0xEF, 0x0F, 0x00, 0xC7, 0xDB, 0xFD, 0xDE, 0xD1, 0x00, 0x00, 0x6F, 0x6D, 0x00, 0x00, 0x12, 0x11, 0x51, 0xCF, 0xCF, 0x6E, 0x04, 0x0B, 0x7A, 0x87, 0x00, 0x00, 0x73, 0x87, 0x00, 0x00, 0x73, 0x87, 0x00, 0x00, 0x73, 0x87, 0x00, 0x00, 0x73, 0x87,
  0x00, 0x00, 0x8A, 0x75, 0x6E, 0x8E, 0xE2, 0x20, 0x44, 0x4E, 0x14, 0x00, 0x02, 0x3B, 0x00, 0x00, 0x00, 0x00, 0x0B, 0xEF, 0x00, 0x00, 0x00, 0x00, 0x0B, 0xEF, 0x00, 0x00, 0x00, 0x00, 0x0B, 0xEF, 0x00, 0x0C, 0xAE, 0x41, 0x0B, 0xEF, 0x0C, 0xC3,
  0x6F, 0x00, 0x0B, 0xF3, 0xC0, 0x99, 0x00, 0x00, 0x0B, 0xFF, 0x90, 0xE5, 0x22, 0x00, 0x0B, 0xEF, 0x00, 0x5E, 0xD2, 0x0B, 0x0B, 0xEF, 0x00, 0x00, 0x94, 0xA8, 0x39, 0x3F, 0x3F, 0x03, 0x00, 0x8D, 0x9B, 0xF9, 0x0F, 0x00, 0x00, 0x00, 0xEF, 0x0F,
  0x00, 0x00, 0x00, 0xEF, 0x0F, 0x00, 0x00, 0x00, 0xEF, 0x0F, 0x00, 0x00, 0x00, 0xEF, 0x0F, 0x00, 0x00, 0x00, 0xEF, 0x0F, 0x00, 0x00, 0x00, 0xEF, 0x0F, 0x00, 0xC7, 0xDB, 0xFD, 0xDE, 0xD1, 0x67, 0xA5, 0xD5, 0x9B, 0xD1, 0xA6, 0x00, 0x7F, 0x7D,
  0x39, 0xD5, 0x03, 0xE0, 0x14, 0x7F, 0x6F, 0x2B, 0xC7, 0x00, 0xD3, 0x1B, 0x7F, 0x6F, 0x2B, 0xC7, 0x00, 0xD3, 0x1B, 0x7F, 0x6F, 0x2B, 0xC7, 0x00, 0xD3, 0x1B, 0x7F, 0x6F, 0x2B, 0xC7, 0x00, 0xD3, 0x1B, 0x0C, 0xB3, 0x7F, 0xD4, 0xBC, 0x1E, 0x0F,
  0xFB, 0x40, 0x00, 0x83, 0x94, 0x0F, 0xEB, 0x00, 0x00, 0x46, 0xB6, 0x0F, 0xEB, 0x00, 0x00, 0x43, 0xB7, 0x0F, 0xEB, 0x00, 0x00, 0x43, 0xB7, 0x0F, 0xEB, 0x00, 0x00, 0x43, 0xB7, 0x00, 0x31, 0xBD, 0xD0, 0x90, 0x09, 0x0C, 0xE2, 0x34, 0x02, 0x95,
  0x8A, 0x43, 0xBA, 0x00, 0x00, 0x21, 0xD9, 0x4A, 0xB2, 0x00, 0x00, 0x18, 0xE1, 0x17, 0xE5, 0x17, 0x00, 0x6F, 0xA2, 0x00, 0x58, 0xDA, 0xC5, 0xC3, 0x1A, 0x00, 0x00, 0x01, 0x0D, 0x00, 0x00, 0x10, 0xBB, 0xA2, 0xDA, 0xA2, 0x0D, 0x13, 0xF9, 0x2E,
  0x06, 0xA8, 0x84, 0x13, 0xEB, 0x00, 0x00, 0x3B, 0xC4, 0x13, 0xEB, 0x00, 0x00, 0x32, 0xCB, 0x13, 0xF4, 0x0E, 0x00, 0x81, 0x96, 0x13, 0xF5, 0xBB, 0xC6, 0xD2, 0x1C, 0x13, 0xEB, 0x01, 0x12, 0x00, 0x00, 0x13, 0xEB, 0x00, 0x00, 0x00, 0x00, 0x04,
  0x37, 0x00, 0x00, 0x00, 0x00, 0x00, 0x3A, 0xC8, 0xCD, 0x99, 0x88, 0x06, 0xE4, 0x41, 0x00, 0x8A, 0xA7, 0x2D, 0xD2, 0x00, 0x00, 0x57, 0xA7, 0x34, 0xCA, 0x00, 0x00, 0x57, 0xA7, 0x0C, 0xEA, 0x1F, 0x00, 0x6F, 0xA7, 0x00, 0x5A, 0xE2, 0xBE, 0xCE,
  0xA7, 0x00, 0x00, 0x04, 0x0F, 0x57, 0xA7, 0x00, 0x00, 0x00, 0x00, 0x57, 0xA7, 0x00, 0x00, 0x00, 0x00, 0x14, 0x27, 0x30, 0x9A, 0x81, 0xE2, 0x9B, 0x3B, 0xFB, 0x62, 0x16, 0x16, 0x3B, 0xC8, 0x00, 0x00, 0x00, 0x3B, 0xC3, 0x00, 0x00, 0x00, 0x3B,
  0xC3, 0x00, 0x00, 0x00, 0x3B, 0xC3, 0x00, 0x00, 0x00, 0x00, 0x30, 0xBB, 0xD0, 0xAE, 0x1A, 0x00, 0xC6, 0x46, 0x00, 0x70, 0x8C, 0x00, 0x8E, 0xB5, 0x57, 0x13, 0x00, 0x00, 0x00, 0x39, 0x85, 0xD8, 0x5F, 0x02, 0xBD, 0x13, 0x00, 0x49, 0xBA, 0x00,
  0x5F, 0xD7, 0xBB, 0xD5, 0x43, 0x00, 0x00, 0x01, 0x13, 0x01, 0x00, 0x00, 0x00, 0x28, 0x0F, 0x00, 0x00, 0x00, 0x00, 0xB7, 0x47, 0x00, 0x00, 0x2D, 0xC3, 0xEF, 0xD4, 0xC3, 0x61, 0x00, 0x00, 0xB7, 0x47, 0x00, 0x00, 0x00, 0x00, 0xB7, 0x47, 0x00,
  0x00, 0x00, 0x00, 0xB7, 0x47, 0x00, 0x00, 0x00, 0x00, 0xA8, 0x5E, 0x00, 0x00, 0x00, 0x00, 0x43, 0xE6, 0xC1, 0x84, 0x00, 0x00, 0x00, 0x07, 0x15, 0x00, 0x06, 0xC6, 0x00, 0x00, 0x44, 0x8B, 0x07, 0xF3, 0x00, 0x00, 0x53, 0xAB, 0x07, 0xF3, 0x00,
  0x00, 0x53, 0xAB, 0x06, 0xF5, 0x00, 0x00, 0x53, 0xAB, 0x00, 0xE9, 0x19, 0x00, 0x78, 0xAB, 0x00, 0x68, 0xDF, 0xC3, 0xA4, 0xAB, 0x00, 0x00, 0x09, 0x05, 0x00, 0x00, 0x3E, 0x91, 0x00, 0x00, 0x19, 0xB6, 0x05, 0xE1, 0x12, 0x00, 0x74, 0x82, 0x00,
  0x84, 0x6C, 0x00, 0xCF, 0x1D, 0x00, 0x1E, 0xCB, 0x32, 0xB0, 0x00, 0x00, 0x00, 0xB2, 0xBB, 0x48, 0x00, 0x00, 0x00, 0x48, 0xDE, 0x01, 0x00, 0x86, 0x2C, 0x12, 0x9A, 0x00, 0x73, 0x3E, 0x74, 0x60, 0x51, 0xEA, 0x04, 0xB6, 0x1B, 0x3E, 0x8E, 0x92,
  0xA7, 0x39, 0xC9, 0x00, 0x0B, 0xBA, 0xBA, 0x43, 0x89, 0xAE, 0x00, 0x00, 0xBE, 0xA4, 0x09, 0xDD, 0x78, 0x00, 0x00, 0x9B, 0x67, 0x00, 0xC0, 0x42, 0x00, 0x14, 0xBC, 0x18, 0x00, 0x54, 0x99, 0x00, 0x00, 0x5C, 0xB8, 0x20, 0xDF, 0x20, 0x00, 0x00,
  0x00, 0x9C, 0xE9, 0x50, 0x00, 0x00, 0x00, 0x00, 0x85, 0xF3, 0x3C, 0x00, 0x00, 0x00, 0x47, 0xCD, 0x30, 0xDA, 0x14, 0x00, 0x1B, 0xE0, 0x27, 0x00, 0x64, 0xB8, 0x02, 0x5F, 0x88, 0x00, 0x00, 0x0E, 0xC6, 0x0D, 0x14, 0xED, 0x13, 0x00, 0x69, 0xA3,
  0x00, 0x00, 0x96, 0x76, 0x00, 0xCF, 0x33, 0x00, 0x00, 0x25, 0xDE, 0x39, 0xC1, 0x00, 0x00, 0x00, 0x00, 0xAE, 0xD7, 0x51, 0x00, 0x00, 0x00, 0x00, 0x43, 0xDD, 0x02, 0x00, 0x00, 0x00, 0x00, 0x89, 0x6F, 0x00, 0x00, 0x00, 0x0D, 0x94, 0xD1, 0x09,
  0x00, 0x00, 0x00, 0x0C, 0x4C, 0x0C, 0x00, 0x00, 0x00, 0x00, 0x13, 0xCF, 0xCF, 0xCF, 0xCF, 0x83, 0x00, 0x03, 0x03, 0x27, 0xE3, 0x2F, 0x00, 0x00, 0x0D, 0xD3, 0x54, 0x00, 0x00, 0x01, 0xB1, 0x80, 0x00, 0x00, 0x00, 0x84, 0xAE, 0x01, 0x00, 0x00,
  0x1D, 0xFF, 0xD9, 0xCF, 0xCF, 0xAC, 0x00, 0x00, 0x00, 0x59, 0x2A, 0x00, 0x00, 0x65, 0x96, 0x08, 0x00, 0x00, 0xB6, 0x42, 0x00, 0x00, 0x00, 0xC4, 0x3B, 0x00, 0x00, 0x06, 0xE3, 0x1B, 0x00, 0x30, 0xDD, 0x73, 0x00, 0x00, 0x06, 0x47, 0xD7, 0x07,
  0x00, 0x00, 0x00, 0xC9, 0x36, 0x00, 0x00, 0x00, 0xBF, 0x3E, 0x00, 0x00, 0x00, 0x8F, 0x6A, 0x00, 0x00, 0x00, 0x13, 0xAF, 0x33, 0x13, 0x95, 0x17, 0xB3, 0x17, 0xB3, 0x17, 0xB3, 0x17, 0xB3, 0x17, 0xB3, 0x17, 0xB3, 0x17, 0xB3, 0x17, 0xB3, 0x17,
  0xB3, 0x03, 0x19, 0x1D, 0x65, 0x02, 0x00, 0x00, 0x05, 0x7F, 0x80, 0x00, 0x00, 0x00, 0x26, 0xD0, 0x00, 0x00, 0x00, 0x1F, 0xE0, 0x00, 0x00, 0x00, 0x07, 0xE9, 0x0F, 0x00, 0x00, 0x00, 0x5D, 0xE3, 0x43, 0x00, 0x00, 0xCB, 0x57, 0x09, 0x00, 0x19,
  0xE4, 0x00, 0x00, 0x00, 0x23, 0xDA, 0x00, 0x00, 0x00, 0x51, 0xA9, 0x00, 0x00, 0x23, 0xB4, 0x21, 0x00, 0x00, 0x00, 0x35, 0x2D, 0x00, 0x00, 0x04, 0x00, 0x6E, 0xBA, 0xC4, 0xA0, 0x17, 0x9D, 0x3C, 0x59, 0x06, 0x01, 0x6F, 0xCD, 0x8D, 0x00, 0x00,
  0x32, 0xB3, 0x06, 0x25, 0x0E, 0x39, 0x33, 0xCB, 0x33, 0xCB, 0x33, 0xCB, 0x33, 0xCB, 0x33, 0xCB, 0x00, 0x00, 0x02, 0x11, 0x00, 0x00, 0x00, 0x00, 0x23, 0xDB, 0x00, 0x00, 0x00, 0x26, 0xBB, 0xED, 0xA7, 0x13, 0x01, 0xD6, 0x49, 0x00, 0x76, 0x9D,
  0x24, 0xD7, 0x00, 0x00, 0x07, 0x25, 0x2A, 0xD0, 0x00, 0x00, 0x00, 0x00, 0x06, 0xE3, 0x27, 0x00, 0x43, 0x92, 0x00, 0x44, 0xD3, 0xBF, 0xCA, 0x28, 0x00, 0x00, 0x24, 0xDD, 0x00, 0x00, 0x00, 0x00, 0x0B, 0x44, 0x00, 0x00, 0x00, 0x02, 0x8C, 0xCF,
  0xC7, 0x3E, 0x00, 0x00, 0x5F, 0xB2, 0x03, 0x39, 0xDB, 0x00, 0x00, 0x8F, 0x70, 0x00, 0x00, 0x27, 0x00, 0x11, 0x9F, 0x89, 0x2B, 0x07, 0x00, 0x00, 0x40, 0xD1, 0xD1, 0xA3, 0x1C, 0x00, 0x00, 0x00, 0x7A, 0x83, 0x00, 0x00, 0x00, 0x00, 0x00, 0x8E,
  0x71, 0x00, 0x00, 0x00, 0x00, 0x4D, 0xF8, 0xDB, 0xCF, 0xCF, 0xCF, 0x22, 0x23, 0x7C, 0x6D, 0x98, 0x58, 0x87, 0x0F, 0x12, 0xEF, 0xA1, 0x57, 0xBF, 0xCF, 0x05, 0x26, 0xD3, 0x01, 0x00, 0x11, 0xE8, 0x00, 0x39, 0xB5, 0x00, 0x00, 0x00, 0xE9, 0x06,
  0x0A, 0xEC, 0x2F, 0x00, 0x5A, 0xCD, 0x00, 0x35, 0xD4, 0xE0, 0xDE, 0xD0, 0xD9, 0x14, 0x00, 0x04, 0x01, 0x11, 0x00, 0x04, 0x00, 0x7C, 0x71, 0x00, 0x00, 0x06, 0xC0, 0x27, 0x1A, 0xE6, 0x16, 0x00, 0x71, 0xA4, 0x00, 0x00, 0x77, 0x94, 0x0F, 0xE0,
  0x1B, 0x00, 0x00, 0x06, 0xD6, 0xA8, 0x79, 0x00, 0x00, 0x2C, 0xA7, 0xBF, 0xEF, 0xAA, 0x90, 0x00, 0x1A, 0x63, 0x86, 0xDD, 0x63, 0x55, 0x00, 0x10, 0x3F, 0x69, 0xD5, 0x3F, 0x36, 0x00, 0x00, 0x00, 0x37, 0xC7, 0x00, 0x00, 0x00, 0x34, 0x9B, 0x3F,
  0xBB, 0x3F, 0xBB, 0x3F, 0xBB, 0x0F, 0x2E, 0x32, 0x95, 0x3F, 0xBB, 0x3F, 0xBB, 0x3F, 0xBB, 0x1C, 0x55, 0x00, 0x57, 0xC7, 0xD1, 0xB3, 0x28, 0x00, 0x22, 0xE1, 0x17, 0x00, 0x5B, 0xC9, 0x00, 0x2F, 0xDF, 0x0D, 0x00, 0x02, 0x5F, 0x00, 0x01, 0xD1,
  0xEC, 0x9D, 0x47, 0x01, 0x00, 0x5A, 0xB2, 0x1C, 0x61, 0xCB, 0xAA, 0x00, 0x68, 0xAD, 0x01, 0x00, 0x05, 0xED, 0x11, 0x09, 0xB6, 0xD7, 0x84, 0x6F, 0xD2, 0x02, 0x00, 0x00, 0x29, 0x7E, 0xE5, 0x79, 0x00, 0x4E, 0x5C, 0x00, 0x00, 0x33, 0xD7, 0x00,
  0x33, 0xE1, 0x50, 0x31, 0x99, 0x9F, 0x00, 0x00, 0x33, 0x90, 0x9E, 0x6E, 0x09, 0x00, 0x50, 0x8C, 0x11, 0xCA, 0x08, 0x13, 0x00, 0x1C, 0x00, 0x32, 0x81, 0x7C, 0x7F, 0x11, 0x00, 0x17, 0x7C, 0x60, 0x8C, 0x3B, 0x8A, 0x00, 0x66, 0x1D, 0x8D, 0x04,
  0x52, 0x61, 0x17, 0x6D, 0x1C, 0x85, 0x00, 0x37, 0x58, 0x1F, 0x27, 0x60, 0x7F, 0x8D, 0x48, 0x88, 0x00, 0x00, 0x52, 0x7F, 0x6A, 0x89, 0x25, 0x00, 0x00, 0x00, 0x00, 0x0D, 0x00, 0x00, 0x00, 0x0B, 0xB0, 0xC5, 0x75, 0x00, 0x15, 0x4C, 0x2D, 0xE0,
  0x00, 0x42, 0xBF, 0x71, 0xE6, 0x00, 0x5A, 0xBA, 0x8F, 0xED, 0x00, 0x00, 0x36, 0x21, 0x2F, 0x02, 0x00, 0x07, 0x0A, 0x07, 0x0A, 0x02, 0xAE, 0x23, 0xAE, 0x20, 0x81, 0x6E, 0x81, 0x6E, 0x00, 0x8F, 0x5F, 0x8F, 0x5F, 0x00, 0x05, 0xB5, 0x1E, 0xB5,
  0x18, 0x00, 0x0F, 0x12, 0x0F, 0x12, 0x4A, 0x4B, 0x4B, 0x4B, 0x23, 0x8D, 0x8F, 0x8F, 0xC9, 0x77, 0x00, 0x00, 0x00, 0x81, 0x76, 0xAC, 0xCF, 0xCF, 0xCF, 0x3A, 0x00, 0x33, 0x83, 0x7C, 0x7C, 0x0E, 0x00, 0x19, 0x7B, 0x84, 0x88, 0x38, 0x87, 0x00,
  0x6A, 0x0D, 0x9C, 0x38, 0x7C, 0x66, 0x13, 0x70, 0x06, 0xAE, 0xA2, 0x12, 0x5C, 0x1C, 0x2C, 0x5C, 0x6E, 0x19, 0x56, 0x88, 0x00, 0x00, 0x57, 0x80, 0x6D, 0x89, 0x25, 0x00, 0x00, 0x00, 0x01, 0x0D, 0x00, 0x00, 0x00, 0x7C, 0xC7, 0xC7, 0xC7, 0x2B,
  0x00, 0x89, 0xB3, 0x3C, 0x04, 0xAC, 0x15, 0x9A, 0x00, 0x7B, 0xB1, 0x32, 0x00, 0x00, 0x13, 0xA8, 0x00, 0x00, 0x00, 0x00, 0x17, 0xCF, 0x00, 0x00, 0x17, 0x97, 0xA1, 0xEC, 0x97, 0x74, 0x08, 0x37, 0x4A, 0xDA, 0x37, 0x2A, 0x00, 0x00, 0x17, 0xCF,
  0x00, 0x00, 0x00, 0x00, 0x0A, 0x5E, 0x00, 0x00, 0x00, 0xC6, 0xCF, 0xCF, 0xCF, 0x6E, 0x29, 0xC3, 0x13, 0x4B, 0x17, 0x00, 0xCC, 0x00, 0x00, 0x54, 0x7B, 0xFB, 0x00, 0x00, 0x67, 0x97, 0xFB, 0x00, 0x00, 0x67, 0x97, 0xFB, 0x02, 0x00, 0x67, 0x97,
  0xFB, 0x28, 0x00, 0x7E, 0x97, 0xFB, 0xD1, 0xC0, 0xC8, 0x97, 0xFB, 0x05, 0x10, 0x00, 0x00, 0xFB, 0x00, 0x00, 0x00, 0x00, 0x3B, 0x00, 0x00, 0x00, 0x00, 0x08, 0x81, 0xC5, 0xD3, 0x34, 0x89, 0xFF, 0xFF, 0xFF, 0x3F, 0xCF, 0xFF, 0xFF, 0xFF, 0x3F,
  0xB3, 0xFF, 0xFF, 0xFF, 0x3F, 0x2D, 0xE1, 0xFF, 0xFF, 0x3F, 0x00, 0x04, 0x27, 0xCC, 0x3F, 0x00, 0x00, 0x00, 0xBF, 0x3F, 0x00, 0x00, 0x00, 0xBF, 0x3F, 0x12, 0x5D, 0x1F, 0x84, 0x50, 0xAD, 0x04, 0x23, 0xC3, 0x0F, 0x28, 0x21, 0x00, 0x13, 0xB1,
  0xC3, 0x73, 0x00, 0x75, 0x70, 0x02, 0xD3, 0x11, 0x82, 0x5B, 0x00, 0xC1, 0x1D, 0x38, 0xCA, 0x87, 0xC3, 0x01, 0x00, 0x1E, 0x40, 0x08, 0x00, 0x12, 0x00, 0x12, 0x00, 0x00, 0x7D, 0x57, 0x7D, 0x57, 0x00, 0x05, 0xC4, 0x2C, 0xC4, 0x26, 0x02, 0xBD,
  0x32, 0xBD, 0x30, 0x6D, 0x68, 0x6D, 0x68, 0x00, 0x25, 0x00, 0x25, 0x00, 0x00, 0x00, 0x25, 0xBC, 0x00, 0x00, 0x00, 0x04, 0x2B, 0x00, 0x00, 0x00, 0x13, 0x88, 0x00, 0x00, 0x00, 0x75, 0xAD, 0x00, 0x00, 0x4C, 0xD1, 0x0F, 0x00, 0x00, 0xCA, 0x3C,
  0x00, 0x00, 0x00, 0xD5, 0x34, 0x00, 0x85, 0x57, 0x53, 0xE3, 0xCF, 0xC7, 0x10, 0x00, 0x03, 0x11, 0x00, 0x00, 0x00, 0x50, 0xB0, 0x00, 0x00, 0x00, 0x00, 0x00, 0x00, 0x4E, 0x18, 0x00, 0x00, 0x00, 0x00, 0x00, 0x26, 0xC3, 0x01, 0x00, 0x00, 0x00,
  0x00, 0x79, 0xF9, 0x37, 0x00, 0x00, 0x00, 0x00, 0xCB, 0x86, 0x88, 0x00, 0x00, 0x00, 0x1E, 0xD1, 0x17, 0xD7, 0x00, 0x00, 0x00, 0x70, 0x83, 0x00, 0xC7, 0x2B, 0x00, 0x00, 0xC2, 0xE6, 0xDB, 0xEF, 0x7C, 0x00, 0x17, 0xE1, 0x01, 0x00, 0x2B, 0xCD,
  0x00, 0x66, 0x93, 0x00, 0x00, 0x00, 0xDD, 0x1F, 0x00, 0x00, 0x00, 0x29, 0xC3, 0x13, 0x00, 0x00, 0x00, 0x00, 0x4B, 0x17, 0x00, 0x00, 0x00, 0x00, 0x26, 0xC3, 0x01, 0x00, 0x00, 0x00, 0x00, 0x79, 0xF9, 0x37, 0x00, 0x00, 0x00, 0x00, 0xCB, 0x86,
  0x88, 0x00, 0x00, 0x00, 0x1E, 0xD1, 0x17, 0xD7, 0x00, 0x00, 0x00, 0x70, 0x83, 0x00, 0xC7, 0x2B, 0x00, 0x00, 0xC2, 0xE6, 0xDB, 0xEF, 0x7C, 0x00, 0x17, 0xE1, 0x01, 0x00, 0x2B, 0xCD, 0x00, 0x66, 0x93, 0x00, 0x00, 0x00, 0xDD, 0x1F, 0x00, 0x00,
  0x00, 0x19, 0x01, 0x00, 0x00, 0x00, 0x00, 0x53, 0xB7, 0x97, 0x02, 0x00, 0x00, 0x00, 0x40, 0x02, 0x31, 0x11, 0x00, 0x00, 0x00, 0x26, 0xC3, 0x01, 0x00, 0x00, 0x00, 0x00, 0x79, 0xF9, 0x37, 0x00, 0x00, 0x00, 0x00, 0xCB, 0x86, 0x88, 0x00, 0x00,
  0x00, 0x1E, 0xD1, 0x17, 0xD7, 0x00, 0x00, 0x00, 0x70, 0x83, 0x00, 0xC7, 0x2B, 0x00, 0x00, 0xC2, 0xE6, 0xDB, 0xEF, 0x7C, 0x00, 0x17, 0xE1, 0x01, 0x00, 0x2B, 0xCD, 0x00, 0x66, 0x93, 0x00, 0x00, 0x00, 0xDD, 0x1F, 0x00, 0x00, 0x05, 0x01, 0x05,
  0x08, 0x00, 0x00, 0x18, 0xC9, 0xBF, 0xB2, 0x45, 0x00, 0x00, 0x0C, 0x16, 0x07, 0x20, 0x00, 0x00, 0x00, 0x00, 0x26, 0xC3, 0x01, 0x00, 0x00, 0x00, 0x00, 0x79, 0xF9, 0x37, 0x00, 0x00, 0x00, 0x00, 0xCB, 0x86, 0x88, 0x00, 0x00, 0x00, 0x1E, 0xD1,
  0x17, 0xD7, 0x00, 0x00, 0x00, 0x70, 0x83, 0x00, 0xC7, 0x2B, 0x00, 0x00, 0xC2, 0xE6, 0xDB, 0xEF, 0x7C, 0x00, 0x17, 0xE1, 0x01, 0x00, 0x2B, 0xCD, 0x00, 0x66, 0x93, 0x00, 0x00, 0x00, 0xDD, 0x1F, 0x00, 0x50, 0x8C, 0x11, 0xCA, 0x00, 0x00, 0x00,
  0x08, 0x13, 0x00, 0x1C, 0x00, 0x00, 0x00, 0x00, 0x26, 0xC3, 0x01, 0x00, 0x00, 0x00, 0x00, 0x79, 0xF9, 0x37, 0x00, 0x00, 0x00, 0x00, 0xCB, 0x86, 0x88, 0x00, 0x00, 0x00, 0x1E, 0xD1, 0x17, 0xD7, 0x00, 0x00, 0x00, 0x70, 0x83, 0x00, 0xC7, 0x2B,
  0x00, 0x00, 0xC2, 0xE6, 0xDB, 0xEF, 0x7C, 0x00, 0x17, 0xE1, 0x01, 0x00, 0x2B, 0xCD, 0x00, 0x66, 0x93, 0x00, 0x00, 0x00, 0xDD, 0x1F, 0x00, 0x00, 0x01, 0x0D, 0x00, 0x00, 0x00, 0x00, 0x00, 0x84, 0x87, 0x3A, 0x00, 0x00, 0x00, 0x00, 0x79, 0x90,
  0x31, 0x00, 0x00, 0x00, 0x00, 0x26, 0xC3, 0x01, 0x00, 0x00, 0x00, 0x00, 0x79, 0xF9, 0x37, 0x00, 0x00, 0x00, 0x00, 0xCB, 0x86, 0x88, 0x00, 0x00, 0x00, 0x1E, 0xD1, 0x17, 0xD7, 0x00, 0x00, 0x00, 0x70, 0x83, 0x00, 0xC7, 0x2B, 0x00, 0x00, 0xC2,
  0xE6, 0xDB, 0xEF, 0x7C, 0x00, 0x17, 0xE1, 0x01, 0x00, 0x2B, 0xCD, 0x00, 0x66, 0x93, 0x00, 0x00, 0x00, 0xDD, 0x1F, 0x00, 0x00, 0x05, 0xC8, 0xD3, 0xD3, 0x3E, 0x00, 0x00, 0x53, 0xEE, 0x7B, 0x00, 0x00, 0x00, 0x00, 0xB5, 0x9B, 0x7D, 0x00, 0x00,
  0x00, 0x1B, 0xC9, 0x72, 0xBB, 0x77, 0x0E, 0x00, 0x7B, 0x73, 0x71, 0xAB, 0x57, 0x0A, 0x01, 0xDC, 0xDE, 0xE7, 0x7F, 0x00, 0x00, 0x40, 0xC3, 0x1B, 0x7F, 0x7F, 0x00, 0x00, 0xA2, 0x67, 0x00, 0x6F, 0xE7, 0xCF, 0x57, 0x00, 0x2E, 0xBC, 0xD0, 0xA1,
  0x13, 0x08, 0xDE, 0x34, 0x00, 0x78, 0xA7, 0x4B, 0xB3, 0x00, 0x00, 0x0B, 0x88, 0x69, 0x95, 0x00, 0x00, 0x00, 0x00, 0x6A, 0x94, 0x00, 0x00, 0x00, 0x00, 0x55, 0xA9, 0x00, 0x00, 0x04, 0x57, 0x11, 0xE3, 0x19, 0x00, 0x50, 0xBB, 0x00, 0x4F, 0xD6,
  0xC0, 0xCC, 0x24, 0x00, 0x00, 0x53, 0xBE, 0x04, 0x00, 0x00, 0x00, 0x23, 0xC3, 0x0F, 0x00, 0x00, 0x00, 0x28, 0x21, 0x00, 0x00, 0x00, 0x50, 0xB0, 0x00, 0x00, 0x00, 0x00, 0x00, 0x4E, 0x18, 0x00, 0x00, 0x03, 0xD3, 0xD3, 0xD3, 0xD3, 0x9B, 0x03,
  0xF8, 0x07, 0x07, 0x07, 0x05, 0x03, 0xF7, 0x00, 0x00, 0x00, 0x00, 0x03, 0xFB, 0x73, 0x73, 0x73, 0x1B, 0x03, 0xFB, 0x63, 0x63, 0x63, 0x17, 0x03, 0xF7, 0x00, 0x00, 0x00, 0x00, 0x03, 0xF7, 0x00, 0x00, 0x00, 0x00, 0x03, 0xFE, 0xD7, 0xD7, 0xD7,
  0xA8, 0x00, 0x00, 0x00, 0x29, 0xC3, 0x13, 0x00, 0x00, 0x00, 0x4B, 0x17, 0x00, 0x03, 0xD3, 0xD3, 0xD3, 0xD3, 0x9B, 0x03, 0xF8, 0x07, 0x07, 0x07, 0x05, 0x03, 0xF7, 0x00, 0x00, 0x00, 0x00, 0x03, 0xFB, 0x73, 0x73, 0x73, 0x1B, 0x03, 0xFB, 0x63,
  0x63, 0x63, 0x17, 0x03, 0xF7, 0x00, 0x00, 0x00, 0x00, 0x03, 0xF7, 0x00, 0x00, 0x00, 0x00, 0x03, 0xFE, 0xD7, 0xD7, 0xD7, 0xA8, 0x00, 0x00, 0x00, 0x19, 0x01, 0x00, 0x00, 0x00, 0x53, 0xB7, 0x97, 0x02, 0x00, 0x00, 0x40, 0x02, 0x31, 0x11, 0x03,
  0xD3, 0xD3, 0xD3, 0xD3, 0x9B, 0x03, 0xF8, 0x07, 0x07, 0x07, 0x05, 0x03, 0xF7, 0x00, 0x00, 0x00, 0x00, 0x03, 0xFB, 0x73, 0x73, 0x73, 0x1B, 0x03, 0xFB, 0x63, 0x63, 0x63, 0x17, 0x03, 0xF7, 0x00, 0x00, 0x00, 0x00, 0x03, 0xF7, 0x00, 0x00, 0x00,
  0x00, 0x03, 0xFE, 0xD7, 0xD7, 0xD7, 0xA8, 0x00, 0x50, 0x8C, 0x11, 0xCA, 0x00, 0x00, 0x08, 0x13, 0x00, 0x1C, 0x00, 0x03, 0xD3, 0xD3, 0xD3, 0xD3, 0x9B, 0x03, 0xF8, 0x07, 0x07, 0x07, 0x05, 0x03, 0xF7, 0x00, 0x00, 0x00, 0x00, 0x03, 0xFB, 0x73,
  0x73, 0x73, 0x1B, 0x03, 0xFB, 0x63, 0x63, 0x63, 0x17, 0x03, 0xF7, 0x00, 0x00, 0x00, 0x00, 0x03, 0xF7, 0x00, 0x00, 0x00, 0x00, 0x03, 0xFE, 0xD7, 0xD7, 0xD7, 0xA8, 0x00, 0x50, 0xB0, 0x00, 0x00, 0x00, 0x00, 0x00, 0x4E, 0x18, 0x00, 0x00, 0x0D,
  0xD3, 0xD3, 0xD3, 0xD3, 0x8B, 0x00, 0x0B, 0x45, 0xCA, 0x0B, 0x07, 0x00, 0x00, 0x3B, 0xC7, 0x00, 0x00, 0x00, 0x00, 0x3B, 0xC7, 0x00, 0x00, 0x00, 0x00, 0x3B, 0xC7, 0x00, 0x00, 0x00, 0x00, 0x3B, 0xC7, 0x00, 0x00, 0x00, 0x00, 0x3B, 0xC7, 0x00,
  0x00, 0x0D, 0xDB, 0xE4, 0xF8, 0xDB, 0x90, 0x00, 0x00, 0x29, 0xC3, 0x13, 0x00, 0x00, 0x00, 0x4B, 0x17, 0x00, 0x00, 0x0D, 0xD3, 0xD3, 0xD3, 0xD3, 0x8B, 0x00, 0x0B, 0x45, 0xCA, 0x0B, 0x07, 0x00, 0x00, 0x3B, 0xC7, 0x00, 0x00, 0x00, 0x00, 0x3B,
  0xC7, 0x00, 0x00, 0x00, 0x00, 0x3B, 0xC7, 0x00, 0x00, 0x00, 0x00, 0x3B, 0xC7, 0x00, 0x00, 0x00, 0x00, 0x3B, 0xC7, 0x00, 0x00, 0x0D, 0xDB, 0xE4, 0xF8, 0xDB, 0x90, 0x00, 0x00, 0x19, 0x01, 0x00, 0x00, 0x00, 0x53, 0xB7, 0x97, 0x02, 0x00, 0x00,
  0x40, 0x02, 0x31, 0x11, 0x00, 0x0D, 0xD3, 0xD3, 0xD3, 0xD3, 0x8B, 0x00, 0x0B, 0x45, 0xCA, 0x0B, 0x07, 0x00, 0x00, 0x3B, 0xC7, 0x00, 0x00, 0x00, 0x00, 0x3B, 0xC7, 0x00, 0x00, 0x00, 0x00, 0x3B, 0xC7, 0x00, 0x00, 0x00, 0x00, 0x3B, 0xC7, 0x00,
  0x00, 0x00, 0x00, 0x3B, 0xC7, 0x00, 0x00, 0x0D, 0xDB, 0xE4, 0xF8, 0xDB, 0x90, 0x00, 0x50, 0x8C, 0x11, 0xCA, 0x00, 0x00, 0x08, 0x13, 0x00, 0x1C, 0x00, 0x0D, 0xD3, 0xD3, 0xD3, 0xD3, 0x8B, 0x00, 0x0B, 0x45, 0xCA, 0x0B, 0x07, 0x00, 0x00, 0x3B,
  0xC7, 0x00, 0x00, 0x00, 0x00, 0x3B, 0xC7, 0x00, 0x00, 0x00, 0x00, 0x3B, 0xC7, 0x00, 0x00, 0x00, 0x00, 0x3B, 0xC7, 0x00, 0x00, 0x00, 0x00, 0x3B, 0xC7, 0x00, 0x00, 0x0D, 0xDB, 0xE4, 0xF8, 0xDB, 0x90, 0x00, 0x00, 0x05, 0x01, 0x05, 0x08, 0x00,
  0x18, 0xC9, 0xBF, 0xB2, 0x45, 0x00, 0x0C, 0x16, 0x07, 0x20, 0x00, 0x31, 0xC8, 0x0A, 0x00, 0x24, 0xAF, 0x3B, 0xFF, 0x77, 0x00, 0x2D, 0xD3, 0x3B, 0xDC, 0xE1, 0x0F, 0x2D, 0xD3, 0x3B, 0xC6, 0x84, 0x81, 0x2E, 0xD3, 0x3B, 0xC5, 0x10, 0xE1, 0x43,
  0xD3, 0x3B, 0xC5, 0x00, 0x79, 0xBA, 0xD3, 0x3B, 0xC4, 0x00, 0x0B, 0xE9, 0xD3, 0x3B, 0xC3, 0x00, 0x00, 0x6E, 0xD3, 0x00, 0x50, 0xB0, 0x00, 0x00, 0x00, 0x00, 0x00, 0x00, 0x4E, 0x18, 0x00, 0x00, 0x00, 0x00, 0x2E, 0xBE, 0xDB, 0x91, 0x04, 0x00,
  0x06, 0xDD, 0x42, 0x06, 0x9F, 0x7E, 0x00, 0x46, 0xB5, 0x00, 0x00, 0x1E, 0xDB, 0x00, 0x6B, 0x8E, 0x00, 0x00, 0x00, 0xF7, 0x01, 0x6D, 0x8D, 0x00, 0x00, 0x00, 0xF8, 0x02, 0x51, 0xA9, 0x00, 0x00, 0x11, 0xE5, 0x00, 0x0E, 0xE3, 0x1F, 0x00, 0x78,
  0x98, 0x00, 0x00, 0x4C, 0xE0, 0xD3, 0xC1, 0x11, 0x00, 0x00, 0x00, 0x03, 0x10, 0x00, 0x00, 0x00, 0x00, 0x00, 0x00, 0x29, 0xC3, 0x13, 0x00, 0x00, 0x00, 0x00, 0x4B, 0x17, 0x00, 0x00, 0x00, 0x2E, 0xBE, 0xDB, 0x91, 0x04, 0x00, 0x06, 0xDD, 0x42,
  0x06, 0x9F, 0x7E, 0x00, 0x46, 0xB5, 0x00, 0x00, 0x1E, 0xDB, 0x00, 0x6B, 0x8E, 0x00, 0x00, 0x00, 0xF7, 0x01, 0x6D, 0x8D, 0x00, 0x00, 0x00, 0xF8, 0x02, 0x51, 0xA9, 0x00, 0x00, 0x11, 0xE5, 0x00, 0x0E, 0xE3, 0x1F, 0x00, 0x78, 0x98, 0x00, 0x00,
  0x4C, 0xE0, 0xD3, 0xC1, 0x11, 0x00, 0x00, 0x00, 0x03, 0x10, 0x00, 0x00, 0x00, 0x00, 0x00, 0x00, 0x19, 0x01, 0x00, 0x00, 0x00, 0x00, 0x53, 0xB7, 0x97, 0x02, 0x00, 0x00, 0x00, 0x40, 0x02, 0x31, 0x11, 0x00, 0x00, 0x2E, 0xBE, 0xDB, 0x91, 0x04,
  0x00, 0x06, 0xDD, 0x42, 0x06, 0x9F, 0x7E, 0x00, 0x46, 0xB5, 0x00, 0x00, 0x1E, 0xDB, 0x00, 0x6B, 0x8E, 0x00, 0x00, 0x00, 0xF7, 0x01, 0x6D, 0x8D, 0x00, 0x00, 0x00, 0xF8, 0x02, 0x51, 0xA9, 0x00, 0x00, 0x11, 0xE5, 0x00, 0x0E, 0xE3, 0x1F, 0x00,
  0x78, 0x98, 0x00, 0x00, 0x4C, 0xE0, 0xD3, 0xC1, 0x11, 0x00, 0x00, 0x00, 0x03, 0x10, 0x00, 0x00, 0x00, 0x00, 0x00, 0x05, 0x01, 0x05, 0x08, 0x00, 0x00, 0x18, 0xC9, 0xBF, 0xB2, 0x45, 0x00, 0x00, 0x0C, 0x16, 0x07, 0x20, 0x00, 0x00, 0x00, 0x2E,
  0xBE, 0xDB, 0x91, 0x04, 0x00, 0x06, 0xDD, 0x42, 0x06, 0x9F, 0x7E, 0x00, 0x46, 0xB5, 0x00, 0x00, 0x1E, 0xDB, 0x00, 0x6B, 0x8E, 0x00, 0x00, 0x00, 0xF7, 0x01, 0x6D, 0x8D, 0x00, 0x00, 0x00, 0xF8, 0x02, 0x51, 0xA9, 0x00, 0x00, 0x11, 0xE5, 0x00,
  0x0E, 0xE3, 0x1F, 0x00, 0x78, 0x98, 0x00, 0x00, 0x4C, 0xE0, 0xD3, 0xC1, 0x11, 0x00, 0x00, 0x00, 0x03, 0x10, 0x00, 0x00, 0x00, 0x00, 0x50, 0x8C, 0x11, 0xCA, 0x00, 0x00, 0x00, 0x08, 0x13, 0x00, 0x1C, 0x00, 0x00, 0x00, 0x2E, 0xBE, 0xDB, 0x91,
  0x04, 0x00, 0x06, 0xDD, 0x42, 0x06, 0x9F, 0x7E, 0x00, 0x46, 0xB5, 0x00, 0x00, 0x1E, 0xDB, 0x00, 0x6B, 0x8E, 0x00, 0x00, 0x00, 0xF7, 0x01, 0x6D, 0x8D, 0x00, 0x00, 0x00, 0xF8, 0x02, 0x51, 0xA9, 0x00, 0x00, 0x11, 0xE5, 0x00, 0x0E, 0xE3, 0x1F,
  0x00, 0x78, 0x98, 0x00, 0x00, 0x4C, 0xE0, 0xD3, 0xC1, 0x11, 0x00, 0x00, 0x00, 0x03, 0x10, 0x00, 0x00, 0x00, 0xB2, 0x34, 0x00, 0x5F, 0x87, 0x36, 0xE0, 0x7F, 0xD5, 0x17, 0x00, 0x80, 0xFF, 0x48, 0x00, 0x53, 0xD9, 0x58, 0xDF, 0x2B, 0x9A, 0x1E,
  0x00, 0x41, 0x78, 0x00, 0x00, 0x00, 0x00, 0x00, 0x14, 0x07, 0x00, 0x2D, 0xC8, 0xDF, 0x8F, 0xB5, 0x05, 0x07, 0xDE, 0x43, 0x08, 0xBE, 0x82, 0x00, 0x50, 0xAC, 0x00, 0x1C, 0xC3, 0xCF, 0x00, 0x71, 0x85, 0x00, 0xA1, 0x27, 0xF4, 0x00, 0x76, 0x80,
  0x42, 0x82, 0x03, 0xF5, 0x00, 0x5E, 0xA1, 0xB6, 0x0A, 0x22, 0xD8, 0x00, 0x15, 0xF4, 0x61, 0x00, 0x8A, 0x83, 0x00, 0x17, 0xC6, 0xE0, 0xD6, 0xB6, 0x0C, 0x00, 0x3D, 0x24, 0x03, 0x12, 0x00, 0x00, 0x00, 0x00, 0x00, 0x50, 0xB0, 0x00, 0x00, 0x00,
  0x00, 0x00, 0x4E, 0x18, 0x00, 0x34, 0x95, 0x00, 0x00, 0x1A, 0xB2, 0x3F, 0xB4, 0x00, 0x00, 0x21, 0xD8, 0x3F, 0xB5, 0x00, 0x00, 0x22, 0xD9, 0x3F, 0xB5, 0x00, 0x00, 0x22, 0xD9, 0x3F, 0xB6, 0x00, 0x00, 0x23, 0xDA, 0x39, 0xBD, 0x00, 0x00, 0x29,
  0xD4, 0x0E, 0xE4, 0x1A, 0x00, 0x76, 0x99, 0x00, 0x52, 0xDB, 0xCB, 0xBF, 0x14, 0x00, 0x00, 0x01, 0x0D, 0x00, 0x00, 0x00, 0x00, 0x00, 0x29, 0xC3, 0x13, 0x00, 0x00, 0x00, 0x4B, 0x17, 0x00, 0x34, 0x95, 0x00, 0x00, 0x1A, 0xB2, 0x3F, 0xB4, 0x00,
  0x00, 0x21, 0xD8, 0x3F, 0xB5, 0x00, 0x00, 0x22, 0xD9, 0x3F, 0xB5, 0x00, 0x00, 0x22, 0xD9, 0x3F, 0xB6, 0x00, 0x00, 0x23, 0xDA, 0x39, 0xBD, 0x00, 0x00, 0x29, 0xD4, 0x0E, 0xE4, 0x1A, 0x00, 0x76, 0x99, 0x00, 0x52, 0xDB, 0xCB, 0xBF, 0x14, 0x00,
  0x00, 0x01, 0x0D, 0x00, 0x00, 0x00, 0x00, 0x00, 0x19, 0x01, 0x00, 0x00, 0x00, 0x53, 0xB7, 0x97, 0x02, 0x00, 0x00, 0x40, 0x02, 0x31, 0x11, 0x34, 0x95, 0x00, 0x00, 0x1A, 0xB2, 0x3F, 0xB4, 0x00, 0x00, 0x21, 0xD8, 0x3F, 0xB5, 0x00, 0x00, 0x22,
  0xD9, 0x3F, 0xB5, 0x00, 0x00, 0x22, 0xD9, 0x3F, 0xB6, 0x00, 0x00, 0x23, 0xDA, 0x39, 0xBD, 0x00, 0x00, 0x29, 0xD4, 0x0E, 0xE4, 0x1A, 0x00, 0x76, 0x99, 0x00, 0x52, 0xDB, 0xCB, 0xBF, 0x14, 0x00, 0x00, 0x01, 0x0D, 0x00, 0x00, 0x00, 0x50, 0x8C,
  0x11, 0xCA, 0x00, 0x00, 0x08, 0x13, 0x00, 0x1C, 0x00, 0x34, 0x95, 0x00, 0x00, 0x1A, 0xB2, 0x3F, 0xB4, 0x00, 0x00, 0x21, 0xD8, 0x3F, 0xB5, 0x00, 0x00, 0x22, 0xD9, 0x3F, 0xB5, 0x00, 0x00, 0x22, 0xD9, 0x3F, 0xB6, 0x00, 0x00, 0x23, 0xDA, 0x39,
  0xBD, 0x00, 0x00, 0x29, 0xD4, 0x0E, 0xE4, 0x1A, 0x00, 0x76, 0x99, 0x00, 0x52, 0xDB, 0xCB, 0xBF, 0x14, 0x00, 0x00, 0x01, 0x0D, 0x00, 0x00, 0x00, 0x00, 0x00, 0x29, 0xC3, 0x13, 0x00, 0x00, 0x00, 0x00, 0x4B, 0x17, 0x00, 0x00, 0x62, 0x8A, 0x00,
  0x00, 0x24, 0xC3, 0x06, 0x11, 0xEA, 0x17, 0x00, 0x95, 0x7E, 0x00, 0x00, 0x84, 0x82, 0x13, 0xE5, 0x0F, 0x00, 0x00, 0x12, 0xDE, 0x87, 0x80, 0x00, 0x00, 0x00, 0x00, 0x85, 0xEF, 0x10, 0x00, 0x00, 0x00, 0x00, 0x3B, 0xB7, 0x00, 0x00, 0x00, 0x00,
  0x00, 0x3A, 0xB5, 0x00, 0x00, 0x00, 0x00, 0x00, 0x38, 0xB4, 0x00, 0x00, 0x00, 0x00, 0x00, 0x42, 0x48, 0x03, 0x00, 0x00, 0x91, 0xB3, 0xA6, 0xA8, 0x00, 0x04, 0xF2, 0x08, 0x0A, 0xE8, 0x00, 0x17, 0xE4, 0x00, 0x57, 0xAD, 0x00, 0x17, 0xE3, 0x00,
  0xB1, 0x52, 0x00, 0x17, 0xE3, 0x00, 0x67, 0xC1, 0x0A, 0x17, 0xE3, 0x00, 0x00, 0x8C, 0xA3, 0x17, 0xE3, 0x02, 0x00, 0x24, 0xDA, 0x17, 0xE3, 0x66, 0xC7, 0xD8, 0x71, 0x00, 0x00, 0x00, 0x0E, 0x0B, 0x00, 0x00, 0x50, 0xB0, 0x00, 0x00, 0x00, 0x00,
  0x00, 0x4E, 0x18, 0x00, 0x00, 0x00, 0x43, 0xC1, 0xCF, 0xA2, 0x0B, 0x00, 0xBA, 0x1E, 0x01, 0x9C, 0x77, 0x00, 0x0F, 0x63, 0x84, 0xB8, 0x97, 0x02, 0xD3, 0x6A, 0x36, 0x84, 0x97, 0x19, 0xE7, 0x04, 0x00, 0x95, 0x98, 0x00, 0x9E, 0xDD, 0xD1, 0xB9,
  0xB1, 0x00, 0x00, 0x0E, 0x07, 0x00, 0x00, 0x00, 0x00, 0x00, 0x29, 0xC3, 0x13, 0x00, 0x00, 0x00, 0x4B, 0x17, 0x00, 0x00, 0x43, 0xC1, 0xCF, 0xA2, 0x0B, 0x00, 0xBA, 0x1E, 0x01, 0x9C, 0x77, 0x00, 0x0F, 0x63, 0x84, 0xB8, 0x97, 0x02, 0xD3, 0x6A,
  0x36, 0x84, 0x97, 0x19, 0xE7, 0x04, 0x00, 0x95, 0x98, 0x00, 0x9E, 0xDD, 0xD1, 0xB9, 0xB1, 0x00, 0x00, 0x0E, 0x07, 0x00, 0x00, 0x00, 0x00, 0x00, 0x19, 0x01, 0x00, 0x00, 0x00, 0x53, 0xB7, 0x97, 0x02, 0x00, 0x00, 0x40, 0x02, 0x31, 0x11, 0x00,
  0x43, 0xC1, 0xCF, 0xA2, 0x0B, 0x00, 0xBA, 0x1E, 0x01, 0x9C, 0x77, 0x00, 0x0F, 0x63, 0x84, 0xB8, 0x97, 0x02, 0xD3, 0x6A, 0x36, 0x84, 0x97, 0x19, 0xE7, 0x04, 0x00, 0x95, 0x98, 0x00, 0x9E, 0xDD, 0xD1, 0xB9, 0xB1, 0x00, 0x00, 0x0E, 0x07, 0x00,
  0x00, 0x00, 0x00, 0x05, 0x01, 0x05, 0x08, 0x00, 0x18, 0xC9, 0xBF, 0xB2, 0x45, 0x00, 0x0C, 0x16, 0x07, 0x20, 0x00, 0x00, 0x43, 0xC1, 0xCF, 0xA2, 0x0B, 0x00, 0xBA, 0x1E, 0x01, 0x9C, 0x77, 0x00, 0x0F, 0x63, 0x84, 0xB8, 0x97, 0x02, 0xD3, 0x6A,
  0x36, 0x84, 0x97, 0x19, 0xE7, 0x04, 0x00, 0x95, 0x98, 0x00, 0x9E, 0xDD, 0xD1, 0xB9, 0xB1, 0x00, 0x00, 0x0E, 0x07, 0x00, 0x00, 0x00, 0x50, 0x8C, 0x11, 0xCA, 0x00, 0x00, 0x08, 0x13, 0x00, 0x1C, 0x00, 0x00, 0x43, 0xC1, 0xCF, 0xA2, 0x0B, 0x00,
  0xBA, 0x1E, 0x01, 0x9C, 0x77, 0x00, 0x0F, 0x63, 0x84, 0xB8, 0x97, 0x02, 0xD3, 0x6A, 0x36, 0x84, 0x97, 0x19, 0xE7, 0x04, 0x00, 0x95, 0x98, 0x00, 0x9E, 0xDD, 0xD1, 0xB9, 0xB1, 0x00, 0x00, 0x0E, 0x07, 0x00, 0x00, 0x00, 0x00, 0x01, 0x0D, 0x00,
  0x00, 0x00, 0x00, 0x84, 0x87, 0x3A, 0x00, 0x00, 0x00, 0x79, 0x90, 0x31, 0x00, 0x00, 0x00, 0x00, 0x00, 0x00, 0x00, 0x00, 0x43, 0xC1, 0xCF, 0xA2, 0x0B, 0x00, 0xBA, 0x1E, 0x01, 0x9C, 0x77, 0x00, 0x0F, 0x63, 0x84, 0xB8, 0x97, 0x02, 0xD3, 0x6A,
  0x36, 0x84, 0x97, 0x19, 0xE7, 0x04, 0x00, 0x95, 0x98, 0x00, 0x9E, 0xDD, 0xD1, 0xB9, 0xB1, 0x00, 0x00, 0x0E, 0x07, 0x00, 0x00, 0x31, 0xC8, 0xCE, 0x94, 0xD4, 0xA8, 0x05, 0x71, 0x4B, 0x53, 0xD8, 0x05, 0xA7, 0x4D, 0x00, 0x3C, 0x8A, 0xD5, 0x6F,
  0xBC, 0x67, 0x7B, 0xBF, 0x86, 0xCD, 0x53, 0x53, 0x22, 0xBA, 0x40, 0x41, 0xD1, 0x00, 0x00, 0x01, 0x69, 0xDC, 0xC4, 0xA7, 0xD0, 0xC8, 0x29, 0x00, 0x0E, 0x05, 0x00, 0x10, 0x09, 0x00, 0x00, 0x26, 0xB7, 0xD1, 0xA4, 0x12, 0x03, 0xD7, 0x44, 0x00,
  0x7A, 0x97, 0x2A, 0xD3, 0x00, 0x00, 0x09, 0x24, 0x30, 0xCC, 0x00, 0x00, 0x00, 0x00, 0x09, 0xE4, 0x22, 0x00, 0x48, 0x8B, 0x00, 0x45, 0xD5, 0xBF, 0xC9, 0x23, 0x00, 0x00, 0x51, 0xBD, 0x04, 0x00, 0x00, 0x00, 0x23, 0xC3, 0x0F, 0x00, 0x00, 0x00,
  0x28, 0x21, 0x00, 0x00, 0x00, 0x50, 0xB0, 0x00, 0x00, 0x00, 0x00, 0x00, 0x4E, 0x18, 0x00, 0x00, 0x00, 0x22, 0xB3, 0xD0, 0x9D, 0x0D, 0x04, 0xD2, 0x44, 0x00, 0x85, 0x8D, 0x2E, 0xE7, 0x6F, 0x6F, 0x88, 0xD0, 0x3C, 0xDB, 0x5F, 0x5F, 0x5F, 0x53,
  0x0D, 0xE5, 0x28, 0x00, 0x11, 0x3A, 0x00, 0x45, 0xD7, 0xC0, 0xD6, 0x4E, 0x00, 0x00, 0x00, 0x12, 0x02, 0x00, 0x00, 0x00, 0x00, 0x29, 0xC3, 0x13, 0x00, 0x00, 0x00, 0x4B, 0x17, 0x00, 0x00, 0x22, 0xB3, 0xD0, 0x9D, 0x0D, 0x04, 0xD2, 0x44, 0x00,
  0x85, 0x8D, 0x2E, 0xE7, 0x6F, 0x6F, 0x88, 0xD0, 0x3C, 0xDB, 0x5F, 0x5F, 0x5F, 0x53, 0x0D, 0xE5, 0x28, 0x00, 0x11, 0x3A, 0x00, 0x45, 0xD7, 0xC0, 0xD6, 0x4E, 0x00, 0x00, 0x00, 0x12, 0x02, 0x00, 0x00, 0x00, 0x00, 0x19, 0x01, 0x00, 0x00, 0x00,
  0x53, 0xB7, 0x97, 0x02, 0x00, 0x00, 0x40, 0x02, 0x31, 0x11, 0x00, 0x22, 0xB3, 0xD0, 0x9D, 0x0D, 0x04, 0xD2, 0x44, 0x00, 0x85, 0x8D, 0x2E, 0xE7, 0x6F, 0x6F, 0x88, 0xD0, 0x3C, 0xDB, 0x5F, 0x5F, 0x5F, 0x53, 0x0D, 0xE5, 0x28, 0x00, 0x11, 0x3A,
  0x00, 0x45, 0xD7, 0xC0, 0xD6, 0x4E, 0x00, 0x00, 0x00, 0x12, 0x02, 0x00, 0x00, 0x50, 0x8C, 0x11, 0xCA, 0x00, 0x00, 0x08, 0x13, 0x00, 0x1C, 0x00, 0x00, 0x22, 0xB3, 0xD0, 0x9D, 0x0D, 0x04, 0xD2, 0x44, 0x00, 0x85, 0x8D, 0x2E, 0xE7, 0x6F, 0x6F,
  0x88, 0xD0, 0x3C, 0xDB, 0x5F, 0x5F, 0x5F, 0x53, 0x0D, 0xE5, 0x28, 0x00, 0x11, 0x3A, 0x00, 0x45, 0xD7, 0xC0, 0xD6, 0x4E, 0x00, 0x00, 0x00, 0x12, 0x02, 0x00, 0x00, 0x50, 0xB0, 0x00, 0x00, 0x00, 0x00, 0x4E, 0x18, 0x00, 0xBC, 0xCF, 0xCF, 0x0C,
  0x00, 0x0A, 0x0B, 0xF0, 0x0F, 0x00, 0x00, 0x00, 0xEF, 0x0F, 0x00, 0x00, 0x00, 0xEF, 0x0F, 0x00, 0x00, 0x00, 0xEF, 0x0F, 0x00, 0xC7, 0xDB, 0xFD, 0xDE, 0xD1, 0x00, 0x00, 0x29, 0xC3, 0x13, 0x00, 0x00, 0x4B, 0x17, 0x00, 0xBC, 0xCF, 0xCF, 0x0C,
  0x00, 0x0A, 0x0B, 0xF0, 0x0F, 0x00, 0x00, 0x00, 0xEF, 0x0F, 0x00, 0x00, 0x00, 0xEF, 0x0F, 0x00, 0x00, 0x00, 0xEF, 0x0F, 0x00, 0xC7, 0xDB, 0xFD, 0xDE, 0xD1, 0x00, 0x00, 0x19, 0x01, 0x00, 0x00, 0x53, 0xB7, 0x97, 0x02, 0x00, 0x40, 0x02, 0x31,
  0x11, 0xBC, 0xCF, 0xCF, 0x0C, 0x00, 0x0A, 0x0B, 0xF0, 0x0F, 0x00, 0x00, 0x00, 0xEF, 0x0F, 0x00, 0x00, 0x00, 0xEF, 0x0F, 0x00, 0x00, 0x00, 0xEF, 0x0F, 0x00, 0xC7, 0xDB, 0xFD, 0xDE, 0xD1, 0x50, 0x8C, 0x11, 0xCA, 0x00, 0x08, 0x13, 0x00, 0x1C,
  0x00, 0xBC, 0xCF, 0xCF, 0x0C, 0x00, 0x0A, 0x0B, 0xF0, 0x0F, 0x00, 0x00, 0x00, 0xEF, 0x0F, 0x00, 0x00, 0x00, 0xEF, 0x0F, 0x00, 0x00, 0x00, 0xEF, 0x0F, 0x00, 0xC7, 0xDB, 0xFD, 0xDE, 0xD1, 0x00, 0x00, 0x05, 0x01, 0x05, 0x08, 0x00, 0x18, 0xC9,
  0xBF, 0xB2, 0x45, 0x00, 0x0C, 0x16, 0x07, 0x20, 0x00, 0x0C, 0xB3, 0x7F, 0xD4, 0xBC, 0x1E, 0x0F, 0xFB, 0x40, 0x00, 0x83, 0x94, 0x0F, 0xEB, 0x00, 0x00, 0x46, 0xB6, 0x0F, 0xEB, 0x00, 0x00, 0x43, 0xB7, 0x0F, 0xEB, 0x00, 0x00, 0x43, 0xB7, 0x0F,
  0xEB, 0x00, 0x00, 0x43, 0xB7, 0x00, 0x50, 0xB0, 0x00, 0x00, 0x00, 0x00, 0x00, 0x4E, 0x18, 0x00, 0x00, 0x00, 0x31, 0xBD, 0xD0, 0x90, 0x09, 0x0C, 0xE2, 0x34, 0x02, 0x95, 0x8A, 0x43, 0xBA, 0x00, 0x00, 0x21, 0xD9, 0x4A, 0xB2, 0x00, 0x00, 0x18,
  0xE1, 0x17, 0xE5, 0x17, 0x00, 0x6F, 0xA2, 0x00, 0x58, 0xDA, 0xC5, 0xC3, 0x1A, 0x00, 0x00, 0x01, 0x0D, 0x00, 0x00, 0x00, 0x00, 0x00, 0x29, 0xC3, 0x13, 0x00, 0x00, 0x00, 0x4B, 0x17, 0x00, 0x00, 0x31, 0xBD, 0xD0, 0x90, 0x09, 0x0C, 0xE2, 0x34,
  0x02, 0x95, 0x8A, 0x43, 0xBA, 0x00, 0x00, 0x21, 0xD9, 0x4A, 0xB2, 0x00, 0x00, 0x18, 0xE1, 0x17, 0xE5, 0x17, 0x00, 0x6F, 0xA2, 0x00, 0x58, 0xDA, 0xC5, 0xC3, 0x1A, 0x00, 0x00, 0x01, 0x0D, 0x00, 0x00, 0x00, 0x00, 0x00, 0x19, 0x01, 0x00, 0x00,
  0x00, 0x53, 0xB7, 0x97, 0x02, 0x00, 0x00, 0x40, 0x02, 0x31, 0x11, 0x00, 0x31, 0xBD, 0xD0, 0x90, 0x09, 0x0C, 0xE2, 0x34, 0x02, 0x95, 0x8A, 0x43, 0xBA, 0x00, 0x00, 0x21, 0xD9, 0x4A, 0xB2, 0x00, 0x00, 0x18, 0xE1, 0x17, 0xE5, 0x17, 0x00, 0x6F,
  0xA2, 0x00, 0x58, 0xDA, 0xC5, 0xC3, 0x1A, 0x00, 0x00, 0x01, 0x0D, 0x00, 0x00, 0x00, 0x00, 0x05, 0x01, 0x05, 0x08, 0x00, 0x18, 0xC9, 0xBF, 0xB2, 0x45, 0x00, 0x0C, 0x16, 0x07, 0x20, 0x00, 0x00, 0x31, 0xBD, 0xD0, 0x90, 0x09, 0x0C, 0xE2, 0x34,
  0x02, 0x95, 0x8A, 0x43, 0xBA, 0x00, 0x00, 0x21, 0xD9, 0x4A, 0xB2, 0x00, 0x00, 0x18, 0xE1, 0x17, 0xE5, 0x17, 0x00, 0x6F, 0xA2, 0x00, 0x58, 0xDA, 0xC5, 0xC3, 0x1A, 0x00, 0x00, 0x01, 0x0D, 0x00, 0x00, 0x00, 0x50, 0x8C, 0x11, 0xCA, 0x00, 0x00,
  0x08, 0x13, 0x00, 0x1C, 0x00, 0x00, 0x31, 0xBD, 0xD0, 0x90, 0x09, 0x0C, 0xE2, 0x34, 0x02, 0x95, 0x8A, 0x43, 0xBA, 0x00, 0x00, 0x21, 0xD9, 0x4A, 0xB2, 0x00, 0x00, 0x18, 0xE1, 0x17, 0xE5, 0x17, 0x00, 0x6F, 0xA2, 0x00, 0x58, 0xDA, 0xC5, 0xC3,
  0x1A, 0x00, 0x00, 0x01, 0x0D, 0x00, 0x00, 0x00, 0x00, 0x0F, 0x4F, 0x00, 0x00, 0x00, 0x00, 0x1E, 0x7F, 0x00, 0x00, 0x14, 0x37, 0x37, 0x37, 0x37, 0x37, 0x4A, 0xC7, 0xC7, 0xC7, 0xC7, 0xC4, 0x00, 0x00, 0x00, 0x05, 0x00, 0x00, 0x00, 0x00, 0x2D,
  0xC4, 0x00, 0x00, 0x00, 0x00, 0x00, 0x01, 0x00, 0x00, 0x00, 0x00, 0x00, 0x00, 0x2B, 0x27, 0x00, 0x31, 0xBD, 0xD3, 0xDD, 0x12, 0x0C, 0xE2, 0x34, 0x38, 0xD7, 0x91, 0x43, 0xBA, 0x00, 0x9E, 0x28, 0xDF, 0x4F, 0xB4, 0x32, 0x74, 0x18, 0xE1, 0x18,
  0xE6, 0xA7, 0x0B, 0x6F, 0xA2, 0x00, 0x70, 0xE9, 0xC3, 0xC3, 0x1A, 0x00, 0x6B, 0x13, 0x0F, 0x00, 0x00, 0x00, 0x50, 0xB0, 0x00, 0x00, 0x00, 0x00, 0x00, 0x4E, 0x18, 0x00, 0x00, 0x06, 0xC6, 0x00, 0x00, 0x44, 0x8B, 0x07, 0xF3, 0x00, 0x00, 0x53,
  0xAB, 0x07, 0xF3, 0x00, 0x00, 0x53, 0xAB, 0x06, 0xF5, 0x00, 0x00, 0x53, 0xAB, 0x00, 0xE9, 0x19, 0x00, 0x78, 0xAB, 0x00, 0x68, 0xDF, 0xC3, 0xA4, 0xAB, 0x00, 0x00, 0x09, 0x05, 0x00, 0x00, 0x00, 0x00, 0x00, 0x29, 0xC3, 0x13, 0x00, 0x00, 0x00,
  0x4B, 0x17, 0x00, 0x06, 0xC6, 0x00, 0x00, 0x44, 0x8B, 0x07, 0xF3, 0x00, 0x00, 0x53, 0xAB, 0x07, 0xF3, 0x00, 0x00, 0x53, 0xAB, 0x06, 0xF5, 0x00, 0x00, 0x53, 0xAB, 0x00, 0xE9, 0x19, 0x00, 0x78, 0xAB, 0x00, 0x68, 0xDF, 0xC3, 0xA4, 0xAB, 0x00,
  0x00, 0x09, 0x05, 0x00, 0x00, 0x00, 0x00, 0x00, 0x19, 0x01, 0x00, 0x00, 0x00, 0x53, 0xB7, 0x97, 0x02, 0x00, 0x00, 0x40, 0x02, 0x31, 0x11, 0x06, 0xC6, 0x00, 0x00, 0x44, 0x8B, 0x07, 0xF3, 0x00, 0x00, 0x53, 0xAB, 0x07, 0xF3, 0x00, 0x00, 0x53,
  0xAB, 0x06, 0xF5, 0x00, 0x00, 0x53, 0xAB, 0x00, 0xE9, 0x19, 0x00, 0x78, 0xAB, 0x00, 0x68, 0xDF, 0xC3, 0xA4, 0xAB, 0x00, 0x00, 0x09, 0x05, 0x00, 0x00, 0x00, 0x50, 0x8C, 0x11, 0xCA, 0x00, 0x00, 0x08, 0x13, 0x00, 0x1C, 0x00, 0x06, 0xC6, 0x00,
  0x00, 0x44, 0x8B, 0x07, 0xF3, 0x00, 0x00, 0x53, 0xAB, 0x07, 0xF3, 0x00, 0x00, 0x53, 0xAB, 0x06, 0xF5, 0x00, 0x00, 0x53, 0xAB, 0x00, 0xE9, 0x19, 0x00, 0x78, 0xAB, 0x00, 0x68, 0xDF, 0xC3, 0xA4, 0xAB, 0x00, 0x00, 0x09, 0x05, 0x00, 0x00, 0x00,
  0x00, 0x00, 0x29, 0xC3, 0x13, 0x00, 0x00, 0x00, 0x00, 0x4B, 0x17, 0x00, 0x00, 0x5F, 0x88, 0x00, 0x00, 0x0E, 0xC6, 0x0D, 0x14, 0xED, 0x13, 0x00, 0x69, 0xA3, 0x00, 0x00, 0x96, 0x76, 0x00, 0xCF, 0x33, 0x00, 0x00, 0x25, 0xDE, 0x39, 0xC1, 0x00,
  0x00, 0x00, 0x00, 0xAE, 0xD7, 0x51, 0x00, 0x00, 0x00, 0x00, 0x43, 0xDD, 0x02, 0x00, 0x00, 0x00, 0x00, 0x89, 0x6F, 0x00, 0x00, 0x00, 0x0D, 0x94, 0xD1, 0x09, 0x00, 0x00, 0x00, 0x0C, 0x4C, 0x0C, 0x00, 0x00, 0x00, 0x00, 0x00, 0x50, 0x8C, 0x11,
  0xCA, 0x00, 0x00, 0x00, 0x08, 0x13, 0x00, 0x1C, 0x00, 0x00, 0x5F, 0x88, 0x00, 0x00, 0x0E, 0xC6, 0x0D, 0x14, 0xED, 0x13, 0x00, 0x69, 0xA3, 0x00, 0x00, 0x96, 0x76, 0x00, 0xCF, 0x33, 0x00, 0x00, 0x25, 0xDE, 0x39, 0xC1, 0x00, 0x00, 0x00, 0x00,
  0xAE, 0xD7, 0x51, 0x00, 0x00, 0x00, 0x00, 0x43, 0xDD, 0x02, 0x00, 0x00, 0x00, 0x00, 0x89, 0x6F, 0x00, 0x00, 0x00, 0x0D, 0x94, 0xD1, 0x09, 0x00, 0x00, 0x00, 0x0C, 0x4C, 0x0C, 0x00, 0x00, 0x00, 0x00, 0x00, 0x2D, 0x8D, 0x1D, 0xA3, 0x00, 0x00,
  0x00, 0x00, 0x63, 0x8F, 0x2C, 0x00, 0x00, 0x00, 0x00, 0x26, 0xC3, 0x01, 0x00, 0x00, 0x00, 0x00, 0x79, 0xF9, 0x37, 0x00, 0x00, 0x00, 0x00, 0xCB, 0x86, 0x88, 0x00, 0x00, 0x00, 0x1E, 0xD1, 0x17, 0xD7, 0x00, 0x00, 0x00, 0x70, 0x83, 0x00, 0xC7,
  0x2B, 0x00, 0x00, 0xC2, 0xE6, 0xDB, 0xEF, 0x7C, 0x00, 0x17, 0xE1, 0x01, 0x00, 0x2B, 0xCD, 0x00, 0x66, 0x93, 0x00, 0x00, 0x00, 0xDD, 0x1F, 0x00, 0x2D, 0x8D, 0x1D, 0xA3, 0x00, 0x00, 0x00, 0x63, 0x8F, 0x2C, 0x00, 0x00, 0x43, 0xC1, 0xCF, 0xA2,
  0x0B, 0x00, 0xBA, 0x1E, 0x01, 0x9C, 0x77, 0x00, 0x0F, 0x63, 0x84, 0xB8, 0x97, 0x02, 0xD3, 0x6A, 0x36, 0x84, 0x97, 0x19, 0xE7, 0x04, 0x00, 0x95, 0x98, 0x00, 0x9E, 0xDD, 0xD1, 0xB9, 0xB1, 0x00, 0x00, 0x0E, 0x07, 0x00, 0x00, 0x00, 0x00, 0x26,
  0xC3, 0x01, 0x00, 0x00, 0x00, 0x00, 0x79, 0xF9, 0x37, 0x00, 0x00, 0x00, 0x00, 0xCB, 0x86, 0x88, 0x00, 0x00, 0x00, 0x1E, 0xD1, 0x17, 0xD7, 0x00, 0x00, 0x00, 0x70, 0x83, 0x00, 0xC7, 0x2B, 0x00, 0x00, 0xC2, 0xE6, 0xDB, 0xEF, 0x7C, 0x00, 0x17,
  0xE1, 0x01, 0x00, 0x2A, 0xCD, 0x00, 0x66, 0x93, 0x00, 0x00, 0x00, 0xDF, 0x1F, 0x00, 0x00, 0x00, 0x00, 0x6A, 0x72, 0x00, 0x00, 0x00, 0x00, 0x00, 0xB2, 0x8A, 0x11, 0x00, 0x00, 0x00, 0x00, 0x18, 0x48, 0x07, 0x00, 0x43, 0xC1, 0xCF, 0xA2, 0x0B,
  0x00, 0xBA, 0x1E, 0x01, 0x9C, 0x77, 0x00, 0x0F, 0x63, 0x84, 0xB8, 0x97, 0x02, 0xD3, 0x69, 0x36, 0x84, 0x97, 0x19, 0xE7, 0x04, 0x00, 0x95, 0x98, 0x00, 0x9E, 0xDD, 0xD1, 0xBB, 0xB1, 0x00, 0x00, 0x0E, 0x0F, 0xB5, 0x1D, 0x00, 0x00, 0x00, 0x23,
  0xD7, 0x55, 0x00, 0x00, 0x00, 0x00, 0x3B, 0x2D, 0x00, 0x00, 0x00, 0x29, 0xC3, 0x13, 0x00, 0x00, 0x00, 0x4B, 0x17, 0x00, 0x00, 0x2E, 0xBC, 0xD0, 0xA1, 0x13, 0x08, 0xDE, 0x34, 0x00, 0x78, 0xA7, 0x4B, 0xB3, 0x00, 0x00, 0x0B, 0x88, 0x69, 0x95,
  0x00, 0x00, 0x00, 0x00, 0x6A, 0x94, 0x00, 0x00, 0x00, 0x00, 0x55, 0xA9, 0x00, 0x00, 0x04, 0x57, 0x11, 0xE3, 0x19, 0x00, 0x50, 0xBB, 0x00, 0x4F, 0xD6, 0xC0, 0xCC, 0x24, 0x00, 0x00, 0x02, 0x10, 0x00, 0x00, 0x00, 0x00, 0x00, 0x29, 0xC3, 0x13,
  0x00, 0x00, 0x00, 0x4B, 0x17, 0x00, 0x00, 0x26, 0xB7, 0xD1, 0xA4, 0x12, 0x03, 0xD7, 0x44, 0x00, 0x7A, 0x97, 0x2A, 0xD3, 0x00, 0x00, 0x09, 0x24, 0x30, 0xCC, 0x00, 0x00, 0x00, 0x00, 0x09, 0xE4, 0x22, 0x00, 0x48, 0x8B, 0x00, 0x45, 0xD5, 0xBF,
  0xC9, 0x23, 0x00, 0x00, 0x00, 0x10, 0x00, 0x00, 0x00, 0x0C, 0x13, 0x00, 0x20, 0x00, 0x00, 0x0D, 0xAF, 0x9E, 0x66, 0x00, 0x00, 0x00, 0x0B, 0x35, 0x00, 0x00, 0x00, 0x2E, 0xBC, 0xD0, 0xA1, 0x13, 0x08, 0xDE, 0x34, 0x00, 0x78, 0xA7, 0x4B, 0xB3,
  0x00, 0x00, 0x0B, 0x88, 0x69, 0x95, 0x00, 0x00, 0x00, 0x00, 0x6A, 0x94, 0x00, 0x00, 0x00, 0x00, 0x55, 0xA9, 0x00, 0x00, 0x04, 0x57, 0x11, 0xE3, 0x19, 0x00, 0x50, 0xBB, 0x00, 0x4F, 0xD6, 0xC0, 0xCC, 0x24, 0x00, 0x00, 0x02, 0x10, 0x00, 0x00,
  0x00, 0x0C, 0x13, 0x00, 0x20, 0x00, 0x00, 0x0D, 0xAF, 0x9E, 0x66, 0x00, 0x00, 0x00, 0x0B, 0x35, 0x00, 0x00, 0x00, 0x26, 0xB7, 0xD1, 0xA4, 0x12, 0x03, 0xD7, 0x44, 0x00, 0x7A, 0x97, 0x2A, 0xD3, 0x00, 0x00, 0x09, 0x24, 0x30, 0xCC, 0x00, 0x00,
  0x00, 0x00, 0x09, 0xE4, 0x22, 0x00, 0x48, 0x8B, 0x00, 0x45, 0xD5, 0xBF, 0xC9, 0x23, 0x00, 0x00, 0x00, 0x10, 0x00, 0x00, 0x00, 0x0C, 0x13, 0x00, 0x20, 0x00, 0x00, 0x00, 0x0D, 0xAF, 0x9E, 0x66, 0x00, 0x00, 0x00, 0x00, 0x0B, 0x35, 0x00, 0x00,
  0x00, 0x24, 0xD3, 0xD1, 0xB1, 0x4B, 0x00, 0x00, 0x2B, 0xD7, 0x01, 0x29, 0xCA, 0x5F, 0x00, 0x2B, 0xD7, 0x00, 0x00, 0x26, 0xE0, 0x00, 0x2B, 0xD7, 0x00, 0x00, 0x00, 0xEB, 0x11, 0x2B, 0xD7, 0x00, 0x00, 0x00, 0xE8, 0x16, 0x2B, 0xD7, 0x00, 0x00,
  0x15, 0xEC, 0x01, 0x2B, 0xD7, 0x00, 0x08, 0xA8, 0x82, 0x00, 0x2B, 0xF8, 0xD0, 0xD3, 0x7C, 0x02, 0x00, 0x00, 0x00, 0x00, 0x00, 0x15, 0x29, 0x01, 0x5B, 0x00, 0x00, 0x00, 0x00, 0x57, 0xA7, 0x09, 0xEE, 0x00, 0x00, 0x00, 0x00, 0x57, 0xA7, 0x42,
  0xAF, 0x00, 0x38, 0xC9, 0xCF, 0xA8, 0xA7, 0x24, 0x1B, 0x05, 0xE2, 0x40, 0x06, 0x97, 0xA7, 0x00, 0x00, 0x2D, 0xCE, 0x00, 0x00, 0x57, 0xA7, 0x00, 0x00, 0x34, 0xC6, 0x00, 0x00, 0x57, 0xA7, 0x00, 0x00, 0x0C, 0xE9, 0x1F, 0x00, 0x7A, 0xA7, 0x00,
  0x00, 0x00, 0x59, 0xE5, 0xCB, 0xBD, 0xA7, 0x00, 0x00, 0x00, 0x00, 0x05, 0x09, 0x00, 0x00, 0x00, 0x00, 0x00, 0x13, 0xD3, 0xD2, 0xAD, 0x53, 0x00, 0x00, 0x00, 0x17, 0xEB, 0x02, 0x2A, 0xC1, 0x6E, 0x00, 0x00, 0x17, 0xEB, 0x00, 0x00, 0x1B, 0xEA,
  0x01, 0x1F, 0x72, 0xF3, 0x63, 0x0A, 0x00, 0xDB, 0x21, 0x21, 0x79, 0xF4, 0x6B, 0x0B, 0x00, 0xD7, 0x27, 0x00, 0x17, 0xEB, 0x00, 0x00, 0x0C, 0xF1, 0x05, 0x00, 0x17, 0xEB, 0x00, 0x05, 0x9B, 0x8D, 0x00, 0x00, 0x17, 0xFC, 0xD1, 0xDD, 0x82, 0x05,
  0x00, 0x00, 0x00, 0x00, 0x00, 0x1A, 0x23, 0x00, 0x00, 0x00, 0x00, 0x59, 0xAC, 0xC0, 0x45, 0x00, 0x00, 0x00, 0x4C, 0xA3, 0xB9, 0x3B, 0x00, 0x46, 0xCF, 0xCD, 0xB4, 0x8F, 0x00, 0x0E, 0xE8, 0x32, 0x04, 0xA6, 0x8F, 0x00, 0x41, 0xBA, 0x00, 0x00,
  0x6B, 0x8F, 0x00, 0x48, 0xB2, 0x00, 0x00, 0x6B, 0x8F, 0x00, 0x18, 0xE8, 0x14, 0x00, 0x8A, 0x8F, 0x00, 0x00, 0x6B, 0xE4, 0xC7, 0xC7, 0x8F, 0x00, 0x00, 0x00, 0x07, 0x0D, 0x00, 0x00, 0x00, 0x03, 0xD3, 0xD3, 0xD3, 0xD3, 0x9B, 0x03, 0xF8, 0x07,
  0x07, 0x07, 0x05, 0x03, 0xF7, 0x00, 0x00, 0x00, 0x00, 0x03, 0xFB, 0x73, 0x73, 0x73, 0x1B, 0x03, 0xFB, 0x63, 0x63, 0x63, 0x17, 0x03, 0xF7, 0x00, 0x00, 0x00, 0x00, 0x03, 0xF7, 0x00, 0x00, 0x00, 0x00, 0x03, 0xFE, 0xD7, 0xD7, 0xD7, 0xA8, 0x00,
  0x00, 0x00, 0x28, 0xAA, 0x08, 0x00, 0x00, 0x00, 0x62, 0xB4, 0x37, 0x00, 0x00, 0x00, 0x04, 0x48, 0x1A, 0x00, 0x22, 0xB3, 0xD0, 0x9D, 0x0D, 0x04, 0xD2, 0x44, 0x00, 0x86, 0x8D, 0x2E, 0xE7, 0x6F, 0x6F, 0x88, 0xD0, 0x3C, 0xDB, 0x5F, 0x5F, 0x5F,
  0x53, 0x0D, 0xE5, 0x2A, 0x00, 0x11, 0x3A, 0x00, 0x44, 0xD8, 0xC1, 0xD9, 0x4F, 0x00, 0x00, 0x04, 0xC5, 0x16, 0x00, 0x00, 0x00, 0x12, 0xE1, 0x6F, 0x00, 0x00, 0x00, 0x00, 0x21, 0x1D, 0x00, 0x00, 0x0C, 0x13, 0x00, 0x20, 0x00, 0x00, 0x0D, 0xAF,
  0x9E, 0x66, 0x00, 0x00, 0x00, 0x0B, 0x35, 0x00, 0x00, 0x03, 0xD3, 0xD3, 0xD3, 0xD3, 0x9B, 0x03, 0xF8, 0x07, 0x07, 0x07, 0x05, 0x03, 0xF7, 0x00, 0x00, 0x00, 0x00, 0x03, 0xFB, 0x73, 0x73, 0x73, 0x1B, 0x03, 0xFB, 0x63, 0x63, 0x63, 0x17, 0x03,
  0xF7, 0x00, 0x00, 0x00, 0x00, 0x03, 0xF7, 0x00, 0x00, 0x00, 0x00, 0x03, 0xFE, 0xD7, 0xD7, 0xD7, 0xA8, 0x00, 0x0C, 0x13, 0x00, 0x20, 0x00, 0x00, 0x0D, 0xAF, 0x9E, 0x66, 0x00, 0x00, 0x00, 0x0B, 0x35, 0x00, 0x00, 0x00, 0x22, 0xB3, 0xD0, 0x9D,
  0x0D, 0x04, 0xD2, 0x44, 0x00, 0x85, 0x8D, 0x2E, 0xE7, 0x6F, 0x6F, 0x88, 0xD0, 0x3C, 0xDB, 0x5F, 0x5F, 0x5F, 0x53, 0x0D, 0xE5, 0x28, 0x00, 0x11, 0x3A, 0x00, 0x45, 0xD7, 0xC0, 0xD6, 0x4E, 0x00, 0x00, 0x00, 0x12, 0x02, 0x00, 0xBC, 0xCF, 0xCF,
  0x0C, 0x00, 0x0A, 0x0B, 0xF0, 0x0F, 0x00, 0x00, 0x00, 0xEF, 0x0F, 0x00, 0x00, 0x00, 0xEF, 0x0F, 0x00, 0x00, 0x00, 0xEF, 0x0F, 0x00, 0xC7, 0xDB, 0xFD, 0xDE, 0xD1, 0x29, 0xC3, 0x13, 0x00, 0x00, 0x4B, 0x17, 0x00, 0x00, 0x00, 0xC6, 0x0D, 0x00,
  0x00, 0x00, 0xEF, 0x0F, 0x00, 0x00, 0x00, 0xEF, 0x0F, 0x00, 0x00, 0x00, 0xEF, 0x0F, 0x00, 0x00, 0x00, 0xEF, 0x0F, 0x00, 0x00, 0x00, 0xEF, 0x0F, 0x00, 0x00, 0x00, 0xEF, 0x0F, 0x00, 0x00, 0x00, 0xEF, 0xDA, 0xD7, 0xD7, 0xBC, 0x00, 0x00, 0x29,
  0xC3, 0x13, 0x39, 0x3F, 0x8B, 0x1B, 0x00, 0x8D, 0x9B, 0xF9, 0x0F, 0x00, 0x00, 0x00, 0xEF, 0x0F, 0x00, 0x00, 0x00, 0xEF, 0x0F, 0x00, 0x00, 0x00, 0xEF, 0x0F, 0x00, 0x00, 0x00, 0xEF, 0x0F, 0x00, 0x00, 0x00, 0xEF, 0x0F, 0x00, 0x00, 0x00, 0xEF,
  0x0F, 0x00, 0xC7, 0xDB, 0xFD, 0xDE, 0xD1, 0xC6, 0x0D, 0x01, 0x5B, 0x00, 0xEF, 0x0F, 0x09, 0xEE, 0x00, 0xEF, 0x0F, 0x42, 0xAF, 0x00, 0xEF, 0x0F, 0x24, 0x1B, 0x00, 0xEF, 0x0F, 0x00, 0x00, 0x00, 0xEF, 0x0F, 0x00, 0x00, 0x00, 0xEF, 0x0F, 0x00,
  0x00, 0x00, 0xEF, 0xDA, 0xD7, 0xD7, 0xBC, 0x39, 0x3F, 0x3F, 0x05, 0x5B, 0x8D, 0x9B, 0xF9, 0x19, 0xEE, 0x00, 0x00, 0xEF, 0x52, 0xAF, 0x00, 0x00, 0xEF, 0x34, 0x1B, 0x00, 0x00, 0xEF, 0x0F, 0x00, 0x00, 0x00, 0xEF, 0x0F, 0x00, 0x00, 0x00, 0xEF,
  0x0F, 0x00, 0x00, 0x00, 0xEF, 0x0F, 0x00, 0xC7, 0xDB, 0xFD, 0xDE, 0xD1, 0x00, 0xC3, 0x10, 0x00, 0x00, 0x00, 0x00, 0xEB, 0x13, 0x00, 0x00, 0x00, 0x00, 0xEB, 0x13, 0x00, 0x00, 0x00, 0x0F, 0xF0, 0xB4, 0x6B, 0x00, 0x00, 0x89, 0xF9, 0x3F, 0x00,
  0x00, 0x00, 0x00, 0xEB, 0x13, 0x00, 0x00, 0x00, 0x00, 0xEB, 0x13, 0x00, 0x00, 0x00, 0x00, 0xEB, 0xDB, 0xD7, 0xD7, 0xC3, 0x39, 0x3F, 0x3F, 0x03, 0x00, 0x8D, 0x9B, 0xF9, 0x0F, 0x00, 0x00, 0x00, 0xEF, 0x0F, 0x00, 0x00, 0x00, 0xEF, 0x78, 0x7B,
  0x15, 0x81, 0xFB, 0x76, 0x0C, 0x8F, 0x5A, 0xF1, 0x0F, 0x00, 0x00, 0x00, 0xEF, 0x0F, 0x00, 0x00, 0x00, 0xEF, 0x0F, 0x00, 0xC7, 0xDB, 0xFD, 0xDE, 0xD1, 0x00, 0x00, 0x00, 0x29, 0xC3, 0x13, 0x00, 0x00, 0x00, 0x4B, 0x17, 0x00, 0x31, 0xC8, 0x0A,
  0x00, 0x24, 0xAF, 0x3B, 0xFF, 0x77, 0x00, 0x2D, 0xD3, 0x3B, 0xDC, 0xE1, 0x0F, 0x2D, 0xD3, 0x3B, 0xC6, 0x84, 0x81, 0x2E, 0xD3, 0x3B, 0xC5, 0x10, 0xE1, 0x43, 0xD3, 0x3B, 0xC5, 0x00, 0x79, 0xBA, 0xD3, 0x3B, 0xC4, 0x00, 0x0B, 0xE9, 0xD3, 0x3B,
  0xC3, 0x00, 0x00, 0x6E, 0xD3, 0x00, 0x00, 0x00, 0x29, 0xC3, 0x13, 0x00, 0x00, 0x00, 0x4B, 0x17, 0x00, 0x0C, 0xB3, 0x7F, 0xD4, 0xBC, 0x1E, 0x0F, 0xFB, 0x40, 0x00, 0x83, 0x94, 0x0F, 0xEB, 0x00, 0x00, 0x46, 0xB6, 0x0F, 0xEB, 0x00, 0x00, 0x43,
  0xB7, 0x0F, 0xEB, 0x00, 0x00, 0x43, 0xB7, 0x0F, 0xEB, 0x00, 0x00, 0x43, 0xB7, 0x00, 0x0C, 0x13, 0x00, 0x20, 0x00, 0x00, 0x0D, 0xAF, 0x9E, 0x66, 0x00, 0x00, 0x00, 0x0B, 0x35, 0x00, 0x00, 0x31, 0xC8, 0x0A, 0x00, 0x24, 0xAF, 0x3B, 0xFF, 0x77,
  0x00, 0x2D, 0xD3, 0x3B, 0xDC, 0xE1, 0x0F, 0x2D, 0xD3, 0x3B, 0xC6, 0x84, 0x81, 0x2E, 0xD3, 0x3B, 0xC5, 0x10, 0xE1, 0x43, 0xD3, 0x3B, 0xC5, 0x00, 0x79, 0xBA, 0xD3, 0x3B, 0xC4, 0x00, 0x0B, 0xE9, 0xD3, 0x3B, 0xC3, 0x00, 0x00, 0x6E, 0xD3, 0x00,
  0x0C, 0x13, 0x00, 0x20, 0x00, 0x00, 0x0D, 0xAF, 0x9E, 0x66, 0x00, 0x00, 0x00, 0x0B, 0x35, 0x00, 0x00, 0x0C, 0xB3, 0x7F, 0xD4, 0xBC, 0x1E, 0x0F, 0xFB, 0x40, 0x00, 0x83, 0x94, 0x0F, 0xEB, 0x00, 0x00, 0x46, 0xB6, 0x0F, 0xEB, 0x00, 0x00, 0x43,
  0xB7, 0x0F, 0xEB, 0x00, 0x00, 0x43, 0xB7, 0x0F, 0xEB, 0x00, 0x00, 0x43, 0xB7, 0x00, 0x00, 0x00, 0x1D, 0x0F, 0x27, 0x07, 0x00, 0x00, 0x29, 0xC1, 0x96, 0x87, 0x01, 0x00, 0x00, 0x29, 0x1B, 0x39, 0x00, 0x00, 0x00, 0x2E, 0xBE, 0xDB, 0x91, 0x04,
  0x00, 0x06, 0xDD, 0x42, 0x06, 0x9F, 0x7E, 0x00, 0x46, 0xB5, 0x00, 0x00, 0x1E, 0xDB, 0x00, 0x6B, 0x8E, 0x00, 0x00, 0x00, 0xF7, 0x01, 0x6D, 0x8D, 0x00, 0x00, 0x00, 0xF8, 0x02, 0x51, 0xA9, 0x00, 0x00, 0x11, 0xE5, 0x00, 0x0E, 0xE3, 0x1F, 0x00,
  0x78, 0x98, 0x00, 0x00, 0x4C, 0xE0, 0xD3, 0xC1, 0x11, 0x00, 0x00, 0x00, 0x03, 0x10, 0x00, 0x00, 0x00, 0x00, 0x00, 0x00, 0x1D, 0x0F, 0x27, 0x07, 0x00, 0x00, 0x29, 0xC1, 0x96, 0x87, 0x01, 0x00, 0x00, 0x29, 0x1B, 0x39, 0x00, 0x00, 0x00, 0x31,
  0xBD, 0xD0, 0x90, 0x09, 0x00, 0x0C, 0xE2, 0x34, 0x02, 0x95, 0x8A, 0x00, 0x43, 0xBA, 0x00, 0x00, 0x21, 0xD9, 0x00, 0x4A, 0xB2, 0x00, 0x00, 0x18, 0xE1, 0x00, 0x17, 0xE5, 0x17, 0x00, 0x6F, 0xA2, 0x00, 0x00, 0x58, 0xDA, 0xC5, 0xC3, 0x1A, 0x00,
  0x00, 0x00, 0x01, 0x0D, 0x00, 0x00, 0x00, 0x01, 0x89, 0xCF, 0xDB, 0xD4, 0xD3, 0x48, 0x4F, 0xB3, 0x01, 0xC7, 0x33, 0x00, 0x00, 0x87, 0x73, 0x00, 0xC7, 0x33, 0x00, 0x00, 0x93, 0x6B, 0x00, 0xC7, 0x90, 0x73, 0x05, 0x93, 0x6B, 0x00, 0xC7, 0x80,
  0x5F, 0x04, 0x8B, 0x70, 0x00, 0xC7, 0x33, 0x00, 0x00, 0x60, 0x9C, 0x00, 0xC7, 0x33, 0x00, 0x00, 0x07, 0xBA, 0xBF, 0xEF, 0xD9, 0xCF, 0x51, 0x00, 0x00, 0x10, 0x0F, 0x00, 0x00, 0x00, 0x1C, 0xBF, 0xCF, 0x7D, 0xD2, 0xA8, 0x06, 0x95, 0x71, 0x41,
  0xFF, 0x29, 0xAC, 0x50, 0xBB, 0x42, 0x12, 0xFF, 0x78, 0xC2, 0x71, 0xBE, 0x41, 0x11, 0xFD, 0x53, 0x53, 0x26, 0xA3, 0x5D, 0x2D, 0xFF, 0x1A, 0x01, 0x00, 0x33, 0xDA, 0xD7, 0xAE, 0xD5, 0xCB, 0x0E, 0x00, 0x04, 0x0D, 0x00, 0x0D, 0x08, 0x00, 0x00,
  0x00, 0x00, 0x29, 0xC3, 0x13, 0x00, 0x00, 0x00, 0x00, 0x4B, 0x17, 0x00, 0x00, 0x06, 0xD3, 0xD3, 0xC8, 0x89, 0x0E, 0x00, 0x07, 0xF3, 0x00, 0x0A, 0x87, 0xA1, 0x00, 0x07, 0xF3, 0x00, 0x00, 0x21, 0xDF, 0x00, 0x07, 0xF3, 0x00, 0x0B, 0x8E, 0xA5,
  0x00, 0x07, 0xFD, 0xCF, 0xE4, 0xBC, 0x0B, 0x00, 0x07, 0xF3, 0x00, 0x26, 0xDE, 0x05, 0x00, 0x07, 0xF3, 0x00, 0x00, 0xA8, 0x65, 0x00, 0x07, 0xF3, 0x00, 0x00, 0x2E, 0xDE, 0x04, 0x00, 0x29, 0xC3, 0x13, 0x00, 0x00, 0x4B, 0x17, 0x00, 0x00, 0x30,
  0x9A, 0x81, 0xE2, 0x9B, 0x3B, 0xFB, 0x62, 0x16, 0x16, 0x3B, 0xC8, 0x00, 0x00, 0x00, 0x3B, 0xC3, 0x00, 0x00, 0x00, 0x3B, 0xC3, 0x00, 0x00, 0x00, 0x3B, 0xC3, 0x00, 0x00, 0x00, 0x00, 0x0C, 0x13, 0x00, 0x20, 0x00, 0x00, 0x00, 0x0D, 0xAF, 0x9E,
  0x66, 0x00, 0x00, 0x00, 0x00, 0x0B, 0x35, 0x00, 0x00, 0x00, 0x06, 0xD3, 0xD3, 0xC8, 0x89, 0x0E, 0x00, 0x07, 0xF3, 0x00, 0x0A, 0x87, 0xA1, 0x00, 0x07, 0xF3, 0x00, 0x00, 0x21, 0xDF, 0x00, 0x07, 0xF3, 0x00, 0x0B, 0x8E, 0xA5, 0x00, 0x07, 0xFD,
  0xCF, 0xE4, 0xBC, 0x0B, 0x00, 0x07, 0xF3, 0x00, 0x26, 0xDE, 0x05, 0x00, 0x07, 0xF3, 0x00, 0x00, 0xA8, 0x65, 0x00, 0x07, 0xF3, 0x00, 0x00, 0x2E, 0xDE, 0x04, 0x0C, 0x13, 0x00, 0x20, 0x00, 0x0D, 0xAF, 0x9E, 0x66, 0x00, 0x00, 0x0B, 0x35, 0x00,
  0x00, 0x30, 0x9A, 0x81, 0xE2, 0x9B, 0x3B, 0xFB, 0x62, 0x16, 0x16, 0x3B, 0xC8, 0x00, 0x00, 0x00, 0x3B, 0xC3, 0x00, 0x00, 0x00, 0x3B, 0xC3, 0x00, 0x00, 0x00, 0x3B, 0xC3, 0x00, 0x00, 0x00, 0x00, 0x00, 0x00, 0x29, 0xC3, 0x13, 0x00, 0x00, 0x00,
  0x00, 0x4B, 0x17, 0x00, 0x00, 0x00, 0x35, 0xBD, 0xD7, 0xA8, 0x1B, 0x00, 0x04, 0xEA, 0x3B, 0x00, 0x6B, 0xC3, 0x00, 0x10, 0xF6, 0x0D, 0x00, 0x04, 0x6E, 0x01, 0x00, 0x83, 0xD7, 0x6C, 0x13, 0x00, 0x00, 0x00, 0x00, 0x32, 0x97, 0xE6, 0x53, 0x00,
  0x15, 0x2C, 0x00, 0x00, 0x2E, 0xED, 0x01, 0x29, 0xE4, 0x15, 0x00, 0x27, 0xED, 0x02, 0x00, 0x5F, 0xDA, 0xC3, 0xD9, 0x4B, 0x00, 0x00, 0x00, 0x00, 0x12, 0x01, 0x00, 0x00, 0x00, 0x00, 0x00, 0x29, 0xC3, 0x13, 0x00, 0x00, 0x00, 0x4B, 0x17, 0x00,
  0x00, 0x30, 0xBB, 0xD0, 0xAE, 0x1A, 0x00, 0xC6, 0x46, 0x00, 0x70, 0x8C, 0x00, 0x8E, 0xB5, 0x57, 0x13, 0x00, 0x00, 0x00, 0x39, 0x85, 0xD8, 0x5F, 0x02, 0xBD, 0x13, 0x00, 0x49, 0xBA, 0x00, 0x5F, 0xD7, 0xBB, 0xD5, 0x43, 0x00, 0x00, 0x01, 0x13,
  0x01, 0x00, 0x00, 0x35, 0xBD, 0xD7, 0xA8, 0x1B, 0x00, 0x04, 0xEA, 0x3B, 0x00, 0x6B, 0xC3, 0x00, 0x10, 0xF6, 0x0D, 0x00, 0x04, 0x6E, 0x01, 0x00, 0x83, 0xD7, 0x6C, 0x13, 0x00, 0x00, 0x00, 0x00, 0x32, 0x97, 0xE6, 0x53, 0x00, 0x15, 0x2C, 0x00,
  0x00, 0x2E, 0xED, 0x01, 0x29, 0xE4, 0x15, 0x00, 0x27, 0xED, 0x02, 0x00, 0x5F, 0xDA, 0xC3, 0xD9, 0x4B, 0x00, 0x00, 0x00, 0x51, 0xC0, 0x05, 0x00, 0x00, 0x00, 0x00, 0x23, 0xC3, 0x0F, 0x00, 0x00, 0x00, 0x00, 0x28, 0x21, 0x00, 0x00, 0x00, 0x00,
  0x30, 0xBB, 0xD0, 0xAE, 0x1A, 0x00, 0xC6, 0x46, 0x00, 0x70, 0x8C, 0x00, 0x8E, 0xB5, 0x57, 0x13, 0x00, 0x00, 0x00, 0x39, 0x85, 0xD8, 0x5F, 0x02, 0xBD, 0x13, 0x00, 0x49, 0xBA, 0x00, 0x5F, 0xD7, 0xBB, 0xD5, 0x43, 0x00, 0x00, 0x52, 0xC0, 0x05,
  0x00, 0x00, 0x00, 0x23, 0xC3, 0x0F, 0x00, 0x00, 0x00, 0x28, 0x21, 0x00, 0x00, 0x00, 0x0C, 0x13, 0x00, 0x20, 0x00, 0x00, 0x00, 0x0D, 0xAF, 0x9E, 0x66, 0x00, 0x00, 0x00, 0x00, 0x0B, 0x35, 0x00, 0x00, 0x00, 0x00, 0x35, 0xBD, 0xD7, 0xA8, 0x1B,
  0x00, 0x04, 0xEA, 0x3B, 0x00, 0x6B, 0xC3, 0x00, 0x10, 0xF6, 0x0D, 0x00, 0x04, 0x6E, 0x01, 0x00, 0x83, 0xD7, 0x6C, 0x13, 0x00, 0x00, 0x00, 0x00, 0x32, 0x97, 0xE6, 0x53, 0x00, 0x15, 0x2C, 0x00, 0x00, 0x2E, 0xED, 0x01, 0x29, 0xE4, 0x15, 0x00,
  0x27, 0xED, 0x02, 0x00, 0x5F, 0xDA, 0xC3, 0xD9, 0x4B, 0x00, 0x00, 0x00, 0x00, 0x12, 0x01, 0x00, 0x00, 0x00, 0x0C, 0x13, 0x00, 0x20, 0x00, 0x00, 0x0D, 0xAF, 0x9E, 0x66, 0x00, 0x00, 0x00, 0x0B, 0x35, 0x00, 0x00, 0x00, 0x30, 0xBB, 0xD0, 0xAE,
  0x1A, 0x00, 0xC6, 0x46, 0x00, 0x70, 0x8C, 0x00, 0x8E, 0xB5, 0x57, 0x13, 0x00, 0x00, 0x00, 0x39, 0x85, 0xD8, 0x5F, 0x02, 0xBD, 0x13, 0x00, 0x49, 0xBA, 0x00, 0x5F, 0xD7, 0xBB, 0xD5, 0x43, 0x00, 0x00, 0x01, 0x13, 0x01, 0x00, 0x7D, 0xD3, 0xD3,
  0xD3, 0xD3, 0xD3, 0x2B, 0x04, 0x07, 0x32, 0xCD, 0x07, 0x07, 0x01, 0x00, 0x00, 0x2B, 0xCB, 0x00, 0x00, 0x00, 0x00, 0x00, 0x2B, 0xCB, 0x00, 0x00, 0x00, 0x00, 0x00, 0x2B, 0xCB, 0x00, 0x00, 0x00, 0x00, 0x00, 0x2B, 0xCB, 0x00, 0x00, 0x00, 0x00,
  0x00, 0x2B, 0xCB, 0x00, 0x00, 0x00, 0x00, 0x00, 0x2B, 0xCB, 0x00, 0x00, 0x00, 0x00, 0x00, 0x50, 0xAD, 0x04, 0x00, 0x00, 0x00, 0x00, 0x23, 0xC3, 0x0F, 0x00, 0x00, 0x00, 0x00, 0x28, 0x21, 0x00, 0x00, 0x00, 0x00, 0x00, 0x28, 0x0F, 0x00, 0x00,
  0x00, 0x00, 0xB7, 0x47, 0x00, 0x00, 0x2D, 0xC3, 0xEF, 0xD4, 0xC3, 0x61, 0x00, 0x00, 0xB7, 0x47, 0x00, 0x00, 0x00, 0x00, 0xB7, 0x47, 0x00, 0x00, 0x00, 0x00, 0xB7, 0x47, 0x00, 0x00, 0x00, 0x00, 0xA8, 0x5E, 0x00, 0x00, 0x00, 0x00, 0x43, 0xE6,
  0xC1, 0x84, 0x00, 0x00, 0x00, 0x58, 0xC2, 0x04, 0x00, 0x00, 0x00, 0x23, 0xC3, 0x0F, 0x00, 0x00, 0x00, 0x28, 0x21, 0x00, 0x00, 0x0C, 0x13, 0x00, 0x20, 0x00, 0x00, 0x00, 0x0D, 0xAF, 0x9E, 0x66, 0x00, 0x00, 0x00, 0x00, 0x0B, 0x35, 0x00, 0x00,
  0x00, 0x7D, 0xD3, 0xD3, 0xD3, 0xD3, 0xD3, 0x2B, 0x04, 0x07, 0x32, 0xCD, 0x07, 0x07, 0x01, 0x00, 0x00, 0x2B, 0xCB, 0x00, 0x00, 0x00, 0x00, 0x00, 0x2B, 0xCB, 0x00, 0x00, 0x00, 0x00, 0x00, 0x2B, 0xCB, 0x00, 0x00, 0x00, 0x00, 0x00, 0x2B, 0xCB,
  0x00, 0x00, 0x00, 0x00, 0x00, 0x2B, 0xCB, 0x00, 0x00, 0x00, 0x00, 0x00, 0x2B, 0xCB, 0x00, 0x00, 0x00, 0x00, 0x00, 0x00, 0x00, 0x01, 0x5B, 0x00, 0x00, 0x00, 0x00, 0x09, 0xEE, 0x00, 0x00, 0x28, 0x0F, 0x42, 0xAF, 0x00, 0x00, 0xB7, 0x47, 0x24,
  0x1B, 0x2D, 0xC3, 0xEF, 0xD4, 0xC3, 0x61, 0x00, 0x00, 0xB7, 0x47, 0x00, 0x00, 0x00, 0x00, 0xB7, 0x47, 0x00, 0x00, 0x00, 0x00, 0xB7, 0x47, 0x00, 0x00, 0x00, 0x00, 0xA8, 0x5E, 0x00, 0x00, 0x00, 0x00, 0x43, 0xE6, 0xC1, 0x84, 0x00, 0x00, 0x00,
  0x07, 0x15, 0x00, 0x00, 0x00, 0x01, 0x0D, 0x00, 0x00, 0x00, 0x00, 0x84, 0x87, 0x3A, 0x00, 0x00, 0x00, 0x79, 0x90, 0x31, 0x00, 0x34, 0x95, 0x00, 0x00, 0x1A, 0xB2, 0x3F, 0xB4, 0x00, 0x00, 0x21, 0xD8, 0x3F, 0xB5, 0x00, 0x00, 0x22, 0xD9, 0x3F,
  0xB5, 0x00, 0x00, 0x22, 0xD9, 0x3F, 0xB6, 0x00, 0x00, 0x23, 0xDA, 0x39, 0xBD, 0x00, 0x00, 0x29, 0xD4, 0x0E, 0xE4, 0x1A, 0x00, 0x76, 0x99, 0x00, 0x52, 0xDB, 0xCB, 0xBF, 0x14, 0x00, 0x00, 0x01, 0x0D, 0x00, 0x00, 0x00, 0x00, 0x01, 0x0D, 0x00,
  0x00, 0x00, 0x00, 0x84, 0x87, 0x3A, 0x00, 0x00, 0x00, 0x79, 0x90, 0x31, 0x00, 0x06, 0xC6, 0x00, 0x00, 0x44, 0x8B, 0x07, 0xF3, 0x00, 0x00, 0x53, 0xAB, 0x07, 0xF3, 0x00, 0x00, 0x53, 0xAB, 0x06, 0xF5, 0x00, 0x00, 0x53, 0xAB, 0x00, 0xE9, 0x19,
  0x00, 0x78, 0xAB, 0x00, 0x68, 0xDF, 0xC3, 0xA4, 0xAB, 0x00, 0x00, 0x09, 0x05, 0x00, 0x00, 0x00, 0x00, 0x00, 0x1D, 0x0F, 0x27, 0x07, 0x00, 0x00, 0x29, 0xC1, 0x96, 0x87, 0x01, 0x00, 0x00, 0x29, 0x1B, 0x39, 0x00, 0x00, 0x34, 0x95, 0x00, 0x00,
  0x1A, 0xB2, 0x00, 0x3F, 0xB4, 0x00, 0x00, 0x21, 0xD8, 0x00, 0x3F, 0xB5, 0x00, 0x00, 0x22, 0xD9, 0x00, 0x3F, 0xB5, 0x00, 0x00, 0x22, 0xD9, 0x00, 0x3F, 0xB6, 0x00, 0x00, 0x23, 0xDA, 0x00, 0x39, 0xBD, 0x00, 0x00, 0x29, 0xD4, 0x00, 0x0E, 0xE4,
  0x1A, 0x00, 0x76, 0x99, 0x00, 0x00, 0x52, 0xDB, 0xCB, 0xBF, 0x14, 0x00, 0x00, 0x00, 0x01, 0x0D, 0x00, 0x00, 0x00, 0x00, 0x00, 0x00, 0x1D, 0x0F, 0x27, 0x07, 0x00, 0x00, 0x29, 0xC1, 0x96, 0x87, 0x01, 0x00, 0x00, 0x29, 0x1B, 0x39, 0x00, 0x00,
  0x06, 0xC6, 0x00, 0x00, 0x44, 0x8B, 0x00, 0x07, 0xF3, 0x00, 0x00, 0x53, 0xAB, 0x00, 0x07, 0xF3, 0x00, 0x00, 0x53, 0xAB, 0x00, 0x06, 0xF5, 0x00, 0x00, 0x53, 0xAB, 0x00, 0x00, 0xE9, 0x19, 0x00, 0x78, 0xAB, 0x00, 0x00, 0x68, 0xDF, 0xC3, 0xA4,
  0xAB, 0x00, 0x00, 0x00, 0x09, 0x05, 0x00, 0x00, 0x00, 0x00, 0x50, 0x8C, 0x11, 0xCA, 0x00, 0x00, 0x00, 0x08, 0x13, 0x00, 0x1C, 0x00, 0x00, 0x62, 0x8A, 0x00, 0x00, 0x24, 0xC3, 0x06, 0x11, 0xEA, 0x17, 0x00, 0x95, 0x7E, 0x00, 0x00, 0x84, 0x82,
  0x13, 0xE5, 0x0F, 0x00, 0x00, 0x12, 0xDE, 0x87, 0x80, 0x00, 0x00, 0x00, 0x00, 0x85, 0xEF, 0x10, 0x00, 0x00, 0x00, 0x00, 0x3B, 0xB7, 0x00, 0x00, 0x00, 0x00, 0x00, 0x3A, 0xB5, 0x00, 0x00, 0x00, 0x00, 0x00, 0x38, 0xB4, 0x00, 0x00, 0x00, 0x00,
  0x00, 0x00, 0x29, 0xC3, 0x13, 0x00, 0x00, 0x00, 0x4B, 0x17, 0x00, 0x42, 0xD3, 0xD3, 0xD3, 0xD3, 0x89, 0x02, 0x07, 0x07, 0x0A, 0xCC, 0x4D, 0x00, 0x00, 0x00, 0x6C, 0xAC, 0x00, 0x00, 0x00, 0x1B, 0xE3, 0x1A, 0x00, 0x00, 0x00, 0xAE, 0x6A, 0x00,
  0x00, 0x00, 0x4F, 0xC7, 0x02, 0x00, 0x00, 0x0D, 0xDE, 0x2E, 0x00, 0x00, 0x00, 0x5E, 0xF7, 0xD7, 0xD7, 0xD7, 0xAC, 0x00, 0x00, 0x00, 0x29, 0xC3, 0x13, 0x00, 0x00, 0x00, 0x4B, 0x17, 0x00, 0x13, 0xCF, 0xCF, 0xCF, 0xCF, 0x83, 0x00, 0x03, 0x03,
  0x27, 0xE3, 0x2F, 0x00, 0x00, 0x0D, 0xD3, 0x54, 0x00, 0x00, 0x01, 0xB1, 0x80, 0x00, 0x00, 0x00, 0x84, 0xAE, 0x01, 0x00, 0x00, 0x1D, 0xFF, 0xD9, 0xCF, 0xCF, 0xAC, 0x00, 0x00, 0x31, 0xAC, 0x00, 0x00, 0x00, 0x00, 0x07, 0x2B, 0x00, 0x00, 0x42,
  0xD3, 0xD3, 0xD3, 0xD3, 0x89, 0x02, 0x07, 0x07, 0x0A, 0xCC, 0x4D, 0x00, 0x00, 0x00, 0x6C, 0xAC, 0x00, 0x00, 0x00, 0x1B, 0xE3, 0x1A, 0x00, 0x00, 0x00, 0xAE, 0x6A, 0x00, 0x00, 0x00, 0x4F, 0xC7, 0x02, 0x00, 0x00, 0x0D, 0xDE, 0x2E, 0x00, 0x00,
  0x00, 0x5E, 0xF7, 0xD7, 0xD7, 0xD7, 0xAC, 0x00, 0x00, 0x31, 0xAC, 0x00, 0x00, 0x00, 0x00, 0x07, 0x2B, 0x00, 0x00, 0x13, 0xCF, 0xCF, 0xCF, 0xCF, 0x83, 0x00, 0x03, 0x03, 0x27, 0xE3, 0x2F, 0x00, 0x00, 0x0D, 0xD3, 0x54, 0x00, 0x00, 0x01, 0xB1,
  0x80, 0x00, 0x00, 0x00, 0x84, 0xAE, 0x01, 0x00, 0x00, 0x1D, 0xFF, 0xD9, 0xCF, 0xCF, 0xAC, 0x00, 0x0C, 0x13, 0x00, 0x20, 0x00, 0x00, 0x0D, 0xAF, 0x9E, 0x66, 0x00, 0x00, 0x00, 0x0B, 0x35, 0x00, 0x00, 0x42, 0xD3, 0xD3, 0xD3, 0xD3, 0x89, 0x02,
  0x07, 0x07, 0x0A, 0xCC, 0x4D, 0x00, 0x00, 0x00, 0x6C, 0xAC, 0x00, 0x00, 0x00, 0x1B, 0xE3, 0x1A, 0x00, 0x00, 0x00, 0xAE, 0x6A, 0x00, 0x00, 0x00, 0x4F, 0xC7, 0x02, 0x00, 0x00, 0x0D, 0xDE, 0x2E, 0x00, 0x00, 0x00, 0x5E, 0xF7, 0xD7, 0xD7, 0xD7,
  0xAC, 0x00, 0x0C, 0x13, 0x00, 0x20, 0x00, 0x00, 0x0D, 0xAF, 0x9E, 0x66, 0x00, 0x00, 0x00, 0x0B, 0x35, 0x00, 0x00, 0x13, 0xCF, 0xCF, 0xCF, 0xCF, 0x83, 0x00, 0x03, 0x03, 0x27, 0xE3, 0x2F, 0x00, 0x00, 0x0D, 0xD3, 0x54, 0x00, 0x00, 0x01, 0xB1,
  0x80, 0x00, 0x00, 0x00, 0x84, 0xAE, 0x01, 0x00, 0x00, 0x1D, 0xFF, 0xD9, 0xCF, 0xCF, 0xAC, 0x00, 0x00, 0x00, 0x1B, 0x6B, 0x57, 0x00, 0x00, 0x12, 0xE3, 0x7B, 0x57, 0x00, 0x00, 0x4A, 0xB0, 0x00, 0x00, 0x00, 0x37, 0xD7, 0xEC, 0x9F, 0x00, 0x00,
  0x00, 0x53, 0xAB, 0x00, 0x00, 0x00, 0x00, 0x53, 0xAB, 0x00, 0x00, 0x00, 0x00, 0x53, 0xAB, 0x00, 0x00, 0x00, 0x00, 0x53, 0xAB, 0x00, 0x00, 0x00, 0x00, 0x53, 0xAB, 0x00, 0x00, 0x00, 0x00, 0x5E, 0xA1, 0x00, 0x00, 0x0F, 0x84, 0xD4, 0x52, 0x00,
  0x00, 0x06, 0x4E, 0x2C, 0x00, 0x00, 0x00, 0x00, 0x19, 0x01, 0x00, 0x53, 0xB7, 0x97, 0x02, 0x40, 0x02, 0x31, 0x11, 0x0C, 0x13, 0x00, 0x20, 0x0D, 0xAF, 0x9E, 0x66, 0x00, 0x0B, 0x35, 0x00, 0x2D, 0x8D, 0x1D, 0xA3, 0x00, 0x63, 0x8F, 0x2C, 0x31,
  0xAC, 0x07, 0x2B, 0x01, 0x0D, 0x00, 0x84, 0x87, 0x3A, 0x79, 0x90, 0x31, 0x00, 0x24, 0x00, 0x7F, 0x58, 0x00, 0xCA, 0x7F, 0x05, 0x1F, 0x45, 0x03, 0x00, 0x05, 0x01, 0x05, 0x08, 0x18, 0xC9, 0xBF, 0xB2, 0x45, 0x0C, 0x16, 0x07, 0x20, 0x00, 0x00,
  0x1D, 0x0F, 0x27, 0x07, 0x29, 0xC1, 0x96, 0x87, 0x01, 0x29, 0x1B, 0x39, 0x00, 0x00, 0x00, 0x30, 0xBD, 0xCE, 0x8F, 0x07, 0x00, 0x0D, 0xDE, 0x2C, 0x01, 0x86, 0x8B, 0x00, 0x58, 0xA5, 0x00, 0x00, 0x0E, 0xE8, 0x00, 0x77, 0x87, 0x00, 0x00, 0x00,
  0xEF, 0x0B, 0x6D, 0x8D, 0x00, 0x00, 0x00, 0xF3, 0x03, 0x2E, 0xB8, 0x00, 0x00, 0x21, 0xC5, 0x00, 0x00, 0xA7, 0x54, 0x0B, 0xA8, 0x44, 0x00, 0x5E, 0xD6, 0xF7, 0x57, 0xF3, 0xCF, 0x10, 0x6B, 0xCF, 0xCF, 0xCF, 0xCF, 0xBC, 0x00, 0x02, 0xD0, 0x33,
  0x03, 0xDC, 0x27, 0x00, 0x00, 0xCF, 0x2F, 0x00, 0xDB, 0x23, 0x00, 0x00, 0xCF, 0x2F, 0x00, 0xDB, 0x23, 0x00, 0x00, 0xCF, 0x2F, 0x00, 0xD8, 0x26, 0x00, 0x00, 0xCF, 0x2F, 0x00, 0x9C, 0xD4, 0x3D, 0x00, 0x00, 0x00, 0x00, 0x01, 0x14, 0x00, 0x30,
  0x4F, 0x4F, 0x4F, 0x4F, 0x4F, 0x11, 0x4D, 0x7F, 0x7F, 0x7F, 0x7F, 0x7F, 0x1B, 0x2E, 0x4F, 0x4F, 0x4F, 0x4F, 0x4F, 0x13, 0x49, 0x7F, 0x7F, 0x7F, 0x7F, 0x7F, 0x1F, 0x00, 0x2E, 0x01, 0x18, 0xD3, 0x03, 0x55, 0xA3, 0x00, 0x26, 0x41, 0x00, 0x01,
  0x5B, 0x09, 0xEE, 0x42, 0xAF, 0x24, 0x1B, 0x05, 0x2E, 0x1E, 0xE1, 0x49, 0xAF, 0x41, 0x24, 0x00, 0x2E, 0x01, 0x2E, 0x01, 0x18, 0xD3, 0x1B, 0xD3, 0x03, 0x55, 0xA3, 0x55, 0xA3, 0x00, 0x26, 0x41, 0x26, 0x41, 0x00, 0x01, 0x5B, 0x01, 0x5B, 0x09,
  0xEE, 0x09, 0xEE, 0x42, 0xAF, 0x42, 0xAF, 0x24, 0x1B, 0x24, 0x1B, 0x00, 0x2D, 0x16, 0x23, 0x00, 0xE2, 0x70, 0xAD, 0x10, 0xE6, 0x80, 0x7B, 0x20, 0x4A, 0x5C, 0x0D, 0x00, 0x00, 0x2E, 0xA5, 0x00, 0x00, 0x00, 0x00, 0x37, 0xC7, 0x00, 0x00, 0x4A,
  0xCF, 0xDA, 0xF5, 0xCF, 0xC6, 0x01, 0x03, 0x3B, 0xC8, 0x03, 0x03, 0x00, 0x00, 0x37, 0xC7, 0x00, 0x00, 0x00, 0x00, 0x37, 0xC7, 0x00, 0x00, 0x00, 0x00, 0x37, 0xC7, 0x00, 0x00, 0x00, 0x00, 0x37, 0xC7, 0x00, 0x00, 0x00, 0x00, 0x2E, 0xA5, 0x00,
  0x00, 0x00, 0x00, 0x37, 0xC7, 0x00, 0x00, 0x47, 0xCF, 0xDA, 0xF5, 0xCF, 0xC9, 0x01, 0x03, 0x3B, 0xC8, 0x03, 0x03, 0x00, 0x00, 0x37, 0xC7, 0x00, 0x00, 0x00, 0x00, 0x37, 0xC7, 0x00, 0x00, 0x00, 0x00, 0x37, 0xC7, 0x00, 0x00, 0x47, 0xCF, 0xDA,
  0xF5, 0xCF, 0xC9, 0x00, 0x00, 0x37, 0xC7, 0x00, 0x00, 0x00, 0x00, 0x37, 0xC7, 0x00, 0x00, 0x00, 0x00, 0x0D, 0x2E, 0x00, 0x00, 0x12, 0x3D, 0x00, 0xB7, 0xFF, 0x4F, 0xA4, 0xFD, 0x3F, 0x02, 0x11, 0x00, 0x09, 0x4F, 0x0C, 0x4F, 0x0C, 0x4F, 0x03,
  0x39, 0xFB, 0x5A, 0xFB, 0x5A, 0xFB, 0x21, 0x00, 0x08, 0x00, 0x08, 0x00, 0x08, 0x00, 0x4C, 0xB6, 0x76, 0x00, 0x00, 0x00, 0x00, 0xAD, 0x0F, 0xBE, 0x00, 0x16, 0x00, 0x00, 0x87, 0x7C, 0xB0, 0x43, 0x9C, 0x06, 0x00, 0x03, 0x41, 0x7B, 0x7D, 0x01,
  0x00, 0x00, 0x06, 0x91, 0x58, 0x10, 0x09, 0x0A, 0x00, 0x27, 0x34, 0xBE, 0xB9, 0xC5, 0xBD, 0x20, 0x00, 0x23, 0x98, 0x4C, 0x7C, 0x68, 0x55, 0x00, 0x05, 0xBC, 0xBA, 0xC5, 0xBD, 0x1F, 0x00, 0x00, 0x04, 0x0C, 0x08, 0x09, 0x00, 0x00, 0x07, 0x0A,
  0x02, 0xAE, 0x20, 0x81, 0x6E, 0x00, 0x8F, 0x5F, 0x00, 0x05, 0xB5, 0x18, 0x00, 0x0F, 0x12, 0x12, 0x00, 0x00, 0x7D, 0x57, 0x00, 0x05, 0xC4, 0x26, 0x02, 0xBD, 0x30, 0x6D, 0x68, 0x00, 0x25, 0x00, 0x00, 0x00, 0x00, 0x00, 0x5B, 0x00, 0x00, 0x3E,
  0x8E, 0x00, 0x00, 0xB8, 0x14, 0x00, 0x51, 0x7B, 0x00, 0x03, 0xBE, 0x0B, 0x00, 0x2C, 0x5F, 0x00, 0x00, 0x00, 0x00, 0x30, 0xB8, 0xD0, 0x9E, 0x00, 0x0B, 0xDF, 0x3B, 0x00, 0x03, 0x00, 0x43, 0xB9, 0x00, 0x00, 0x00, 0x34, 0xC7, 0xE0, 0xA7, 0x78,
  0x00, 0x2E, 0xBA, 0xD9, 0x93, 0x6A, 0x00, 0x06, 0x56, 0xBA, 0x13, 0x0E, 0x00, 0x00, 0x13, 0xE5, 0x1D, 0x00, 0x00, 0x00, 0x00, 0x4F, 0xD9, 0xBC, 0x9B, 0x00, 0x00, 0x00, 0x00, 0x15, 0x07, 0x32, 0xA0, 0x45, 0xA0, 0x04, 0x9C, 0x00, 0x7B, 0x00,
  0xC1, 0x69, 0x9B, 0x00, 0x7B, 0x00, 0x7F, 0xA0, 0x7B, 0x00, 0x07, 0x00, 0x07, 0x04, 0x07, 0x00, 0x00, 0x16, 0x10, 0x00, 0x00, 0x00, 0x9F, 0xC3, 0xE5, 0x95, 0x01, 0x00, 0x00, 0x00, 0x0B, 0xC8, 0x51, 0x00, 0x06, 0x58, 0x68, 0x66, 0xA9, 0x01,
  0xC2, 0x96, 0x62, 0xC0, 0xCB, 0x38, 0xCC, 0x00, 0x00, 0x2C, 0xDD, 0x49, 0xB4, 0x00, 0x00, 0x2F, 0xC7, 0x18, 0xE5, 0x13, 0x00, 0x84, 0x7D, 0x00, 0x5D, 0xD7, 0xC2, 0xB6, 0x09, 0x00, 0x00, 0x02, 0x10, 0x00, 0x00, 0x00, 0x00, 0x19, 0xCE, 0x0A,
  0x00, 0x00, 0x00, 0x00, 0x71, 0xED, 0x53, 0x00, 0x00, 0x00, 0x00, 0xCB, 0x61, 0xA7, 0x00, 0x00, 0x00, 0x27, 0xC6, 0x04, 0xE2, 0x08, 0x00, 0x00, 0x82, 0x70, 0x00, 0xA4, 0x50, 0x00, 0x00, 0xDA, 0x1B, 0x00, 0x55, 0xA4, 0x00, 0x38, 0xC2, 0x00,
  0x00, 0x0D, 0xEA, 0x07, 0x92, 0xEA, 0xCF, 0xCF, 0xCF, 0xF8, 0x4D, 0x17, 0xD3, 0xD3, 0xD3, 0xD3, 0x95, 0x1B, 0xE3, 0x00, 0x00, 0x4B, 0xB3, 0x1B, 0xE3, 0x00, 0x00, 0x4B, 0xB3, 0x1B, 0xE3, 0x00, 0x00, 0x4B, 0xB3, 0x1B, 0xE3, 0x00, 0x00, 0x4B,
  0xB3, 0x1B, 0xE3, 0x00, 0x00, 0x4B, 0xB3, 0x1B, 0xE3, 0x00, 0x00, 0x4B, 0xB3, 0x1B, 0xE3, 0x00, 0x00, 0x4B, 0xB3, 0x1B, 0xE3, 0x00, 0x00, 0x4B, 0xB3, 0x03, 0x20, 0x00, 0x00, 0x0A, 0x19, 0x98, 0xD3, 0xD3, 0xD3, 0xD3, 0xC0, 0x00, 0x46, 0xD2,
  0x0E, 0x00, 0x00, 0x00, 0x00, 0x00, 0x6B, 0xB6, 0x02, 0x00, 0x00, 0x00, 0x00, 0x00, 0x92, 0x8B, 0x00, 0x00, 0x00, 0x00, 0x00, 0x03, 0xBD, 0x59, 0x00, 0x00, 0x00, 0x00, 0x1E, 0xD8, 0x28, 0x00, 0x00, 0x00, 0x0D, 0xCE, 0x46, 0x00, 0x00, 0x00,
  0x03, 0xB5, 0x6B, 0x00, 0x00, 0x00, 0x00, 0x86, 0xD7, 0x60, 0x5F, 0x5F, 0x5F, 0x1D, 0x50, 0x6F, 0x6F, 0x6F, 0x6F, 0x6F, 0x22, 0x00, 0x00, 0x00, 0x00, 0x00, 0xBA, 0x1B, 0x00, 0x00, 0x00, 0x00, 0x35, 0xC9, 0x00, 0x00, 0x00, 0x00, 0x00, 0x90,
  0x6A, 0x00, 0x23, 0x33, 0x01, 0x03, 0xE1, 0x12, 0x00, 0x6D, 0xDC, 0x41, 0x46, 0xAC, 0x00, 0x00, 0x00, 0x5D, 0x9E, 0xA1, 0x4D, 0x00, 0x00, 0x00, 0x09, 0xDF, 0xD9, 0x04, 0x00, 0x00, 0x00, 0x00, 0x95, 0x8F, 0x00, 0x00, 0x00, 0x00, 0x3B, 0x18,
  0x00, 0x37, 0x1D, 0x00, 0x69, 0x7D, 0xA7, 0x7C, 0x7C, 0xB0, 0x16, 0xAB, 0x00, 0x22, 0xBE, 0x00, 0x5C, 0x4E, 0x9D, 0x14, 0x5F, 0xC6, 0x12, 0x76, 0x39, 0x23, 0xA6, 0x7D, 0x1B, 0xA3, 0x89, 0x01, 0x00, 0x00, 0x31, 0x73, 0x17, 0x00, 0x1E, 0xE6,
  0x63, 0x0F, 0x00, 0x50, 0xAB, 0x00, 0x00, 0x00, 0x53, 0xA7, 0x00, 0x00, 0x00, 0x53, 0xA7, 0x00, 0x00, 0x00, 0x53, 0xA7, 0x00, 0x00, 0x00, 0x53, 0xA7, 0x00, 0x00, 0x00, 0x53, 0xA7, 0x00, 0x00, 0x00, 0x53, 0xA7, 0x00, 0x00, 0x00, 0x59, 0xA2,
  0x00, 0x00, 0x4E, 0xC9, 0x64, 0x00, 0x00, 0x35, 0x3A, 0x00, 0x00, 0x00, 0x00, 0x3E, 0x63, 0x0F, 0x00, 0x20, 0x22, 0xB0, 0x82, 0xD2, 0xC1, 0xA0, 0x06, 0x0D, 0x1A, 0x03, 0x24, 0x08, 0x20, 0xD7, 0xCF, 0xB2, 0x7B, 0x98, 0x16, 0x0E, 0x00, 0x33,
  0x70, 0x1B, 0x01, 0x0B, 0x0B, 0x0C, 0x68, 0x08, 0x13, 0xCF, 0xCF, 0xE9, 0xD0, 0x92, 0x00, 0x00, 0x02, 0x88, 0x00, 0x00, 0x13, 0xCF, 0xD6, 0xE3, 0xCF, 0x92, 0x01, 0x0B, 0x85, 0x0B, 0x0B, 0x08, 0x00, 0x00, 0x00, 0x03, 0x1E, 0x00, 0x1C, 0x7F,
  0xD7, 0x68, 0xAF, 0xB7, 0x5A, 0x0B, 0x00, 0x65, 0xBF, 0x9F, 0x46, 0x03, 0x00, 0x00, 0x35, 0x9D, 0x82, 0x00, 0x00, 0x00, 0x00, 0x00, 0xCF, 0xCF, 0xCF, 0xCF, 0x64, 0x3A, 0x01, 0x00, 0x00, 0x00, 0xA1, 0xCF, 0x7A, 0x1C, 0x00, 0x00, 0x08, 0x51,
  0xC8, 0x97, 0x23, 0x7A, 0xC5, 0x9B, 0x34, 0xB7, 0x60, 0x0B, 0x00, 0x00, 0x00, 0x00, 0x00, 0x00, 0x00, 0xC6, 0xCF, 0xCF, 0xCF, 0x6E, 0x00, 0x00, 0x43, 0xBB, 0x03, 0x00, 0x00, 0x01, 0xC8, 0x9E, 0x67, 0x00, 0x00, 0x5D, 0x94, 0x11, 0xD9, 0x0C,
  0x07, 0xD9, 0x1B, 0x00, 0x7E, 0x82, 0x11, 0xDF, 0x0F, 0x00, 0x65, 0x9C, 0x00, 0x75, 0x80, 0x05, 0xD5, 0x1B, 0x00, 0x07, 0xD2, 0x78, 0x83, 0x00, 0x00, 0x00, 0x5A, 0xE7, 0x0D, 0x00, 0x00, 0x13, 0x52, 0x6F, 0x62, 0x6F, 0x74, 0x6F, 0x20, 0x4D,
  0x6F, 0x6E, 0x6F, 0x20, 0x52, 0x65, 0x67, 0x75, 0x6C, 0x61, 0x72, 0x00, 0x12, 0x52, 0x6F, 0x62, 0x6F, 0x74, 0x6F, 0x4D, 0x6F, 0x6E, 0x6F, 0x2D, 0x52, 0x65, 0x67, 0x75, 0x6C, 0x61, 0x72, 0x01, 0x00
};

/*************************** End of file ****************************/
