/*
  C-file generated by Bin2C
  Compiled:    Jun 11 2019 at 16:50:55

  Copyright (C) 2018
  Segger Microcontroller GmbH
  www.segger.com

  The Embedded Experts
*/

static const unsigned char _acRobotoMonoRegular10[20085UL + 1] = {
  0x00, 0x00, 0x01, 0x15, 0x00, 0x00, 0x00, 0x0B, 0x00, 0x00, 0x00, 0x0A, 0x00, 0x00, 0x00, 0x00, 0x00, 0x00, 0x00, 0x08, 0x00, 0x00, 0x00, 0x03, 0x00, 0x00, 0x00, 0x21, 0x00, 0x00, 0x00, 0x09, 0x00, 0x00, 0x00, 0x02, 0x00, 0x00, 0x00, 0x06,
  0x00, 0x00, 0x00, 0x08, 0x00, 0x00, 0x00, 0x02, 0x00, 0x00, 0x00, 0x00, 0x00, 0x00, 0x00, 0x22, 0x00, 0x00, 0x00, 0x03, 0x00, 0x00, 0x00, 0x04, 0x00, 0x00, 0x00, 0x06, 0x00, 0x00, 0x00, 0x08, 0x00, 0x00, 0x00, 0x01, 0x00, 0x00, 0x00, 0x00,
  0x00, 0x00, 0x00, 0x23, 0x00, 0x00, 0x00, 0x08, 0x00, 0x00, 0x00, 0x06, 0x00, 0x00, 0x00, 0x06, 0x00, 0x00, 0x00, 0x08, 0x00, 0x00, 0x00, 0x00, 0x00, 0x00, 0x00, 0x00, 0x00, 0x00, 0x00, 0x24, 0x00, 0x00, 0x00, 0x0B, 0x00, 0x00, 0x00, 0x06,
  0x00, 0x00, 0x00, 0x06, 0x00, 0x00, 0x00, 0x09, 0x00, 0x00, 0x00, 0x00, 0x00, 0x00, 0x00, 0x00, 0x00, 0x00, 0x00, 0x25, 0x00, 0x00, 0x00, 0x09, 0x00, 0x00, 0x00, 0x06, 0x00, 0x00, 0x00, 0x06, 0x00, 0x00, 0x00, 0x08, 0x00, 0x00, 0x00, 0x00,
  0x00, 0x00, 0x00, 0x00, 0x00, 0x00, 0x00, 0x26, 0x00, 0x00, 0x00, 0x09, 0x00, 0x00, 0x00, 0x06, 0x00, 0x00, 0x00, 0x06, 0x00, 0x00, 0x00, 0x08, 0x00, 0x00, 0x00, 0x00, 0x00, 0x00, 0x00, 0x00, 0x00, 0x00, 0x00, 0x27, 0x00, 0x00, 0x00, 0x03,
  0x00, 0x00, 0x00, 0x02, 0x00, 0x00, 0x00, 0x06, 0x00, 0x00, 0x00, 0x08, 0x00, 0x00, 0x00, 0x02, 0x00, 0x00, 0x00, 0x00, 0x00, 0x00, 0x00, 0x28, 0x00, 0x00, 0x00, 0x0B, 0x00, 0x00, 0x00, 0x04, 0x00, 0x00, 0x00, 0x06, 0x00, 0x00, 0x00, 0x08,
  0x00, 0x00, 0x00, 0x01, 0x00, 0x00, 0x00, 0x00, 0x00, 0x00, 0x00, 0x29, 0x00, 0x00, 0x00, 0x0B, 0x00, 0x00, 0x00, 0x04, 0x00, 0x00, 0x00, 0x06, 0x00, 0x00, 0x00, 0x08, 0x00, 0x00, 0x00, 0x01, 0x00, 0x00, 0x00, 0x00, 0x00, 0x00, 0x00, 0x2A,
  0x00, 0x00, 0x00, 0x06, 0x00, 0x00, 0x00, 0x06, 0x00, 0x00, 0x00, 0x06, 0x00, 0x00, 0x00, 0x08, 0x00, 0x00, 0x00, 0x00, 0x00, 0x00, 0x00, 0x00, 0x00, 0x00, 0x00, 0x2B, 0x00, 0x00, 0x00, 0x06, 0x00, 0x00, 0x00, 0x06, 0x00, 0x00, 0x00, 0x06,
  0x00, 0x00, 0x00, 0x06, 0x00, 0x00, 0x00, 0x00, 0x00, 0x00, 0x00, 0x00, 0x00, 0x00, 0x00, 0x2C, 0x00, 0x00, 0x00, 0x04, 0x00, 0x00, 0x00, 0x03, 0x00, 0x00, 0x00, 0x06, 0x00, 0x00, 0x00, 0x02, 0x00, 0x00, 0x00, 0x01, 0x00, 0x00, 0x00, 0x00,
  0x00, 0x00, 0x00, 0x2D, 0x00, 0x00, 0x00, 0x02, 0x00, 0x00, 0x00, 0x04, 0x00, 0x00, 0x00, 0x06, 0x00, 0x00, 0x00, 0x04, 0x00, 0x00, 0x00, 0x01, 0x00, 0x00, 0x00, 0x00, 0x00, 0x00, 0x00, 0x2E, 0x00, 0x00, 0x00, 0x03, 0x00, 0x00, 0x00, 0x02,
  0x00, 0x00, 0x00, 0x06, 0x00, 0x00, 0x00, 0x02, 0x00, 0x00, 0x00, 0x02, 0x00, 0x00, 0x00, 0x00, 0x00, 0x00, 0x00, 0x2F, 0x00, 0x00, 0x00, 0x09, 0x00, 0x00, 0x00, 0x04, 0x00, 0x00, 0x00, 0x06, 0x00, 0x00, 0x00, 0x08, 0x00, 0x00, 0x00, 0x01,
  0x00, 0x00, 0x00, 0x00, 0x00, 0x00, 0x00, 0x30, 0x00, 0x00, 0x00, 0x09, 0x00, 0x00, 0x00, 0x06, 0x00, 0x00, 0x00, 0x06, 0x00, 0x00, 0x00, 0x08, 0x00, 0x00, 0x00, 0x00, 0x00, 0x00, 0x00, 0x00, 0x00, 0x00, 0x00, 0x31, 0x00, 0x00, 0x00, 0x08,
  0x00, 0x00, 0x00, 0x03, 0x00, 0x00, 0x00, 0x06, 0x00, 0x00, 0x00, 0x08, 0x00, 0x00, 0x00, 0x01, 0x00, 0x00, 0x00, 0x00, 0x00, 0x00, 0x00, 0x32, 0x00, 0x00, 0x00, 0x08, 0x00, 0x00, 0x00, 0x06, 0x00, 0x00, 0x00, 0x06, 0x00, 0x00, 0x00, 0x08,
  0x00, 0x00, 0x00, 0x00, 0x00, 0x00, 0x00, 0x00, 0x00, 0x00, 0x00, 0x33, 0x00, 0x00, 0x00, 0x09, 0x00, 0x00, 0x00, 0x05, 0x00, 0x00, 0x00, 0x06, 0x00, 0x00, 0x00, 0x08, 0x00, 0x00, 0x00, 0x00, 0x00, 0x00, 0x00, 0x00, 0x00, 0x00, 0x00, 0x34,
  0x00, 0x00, 0x00, 0x08, 0x00, 0x00, 0x00, 0x06, 0x00, 0x00, 0x00, 0x06, 0x00, 0x00, 0x00, 0x08, 0x00, 0x00, 0x00, 0x00, 0x00, 0x00, 0x00, 0x00, 0x00, 0x00, 0x00, 0x35, 0x00, 0x00, 0x00, 0x09, 0x00, 0x00, 0x00, 0x06, 0x00, 0x00, 0x00, 0x06,
  0x00, 0x00, 0x00, 0x08, 0x00, 0x00, 0x00, 0x00, 0x00, 0x00, 0x00, 0x00, 0x00, 0x00, 0x00, 0x36, 0x00, 0x00, 0x00, 0x09, 0x00, 0x00, 0x00, 0x06, 0x00, 0x00, 0x00, 0x06, 0x00, 0x00, 0x00, 0x08, 0x00, 0x00, 0x00, 0x00, 0x00, 0x00, 0x00, 0x00,
  0x00, 0x00, 0x00, 0x37, 0x00, 0x00, 0x00, 0x08, 0x00, 0x00, 0x00, 0x06, 0x00, 0x00, 0x00, 0x06, 0x00, 0x00, 0x00, 0x08, 0x00, 0x00, 0x00, 0x00, 0x00, 0x00, 0x00, 0x00, 0x00, 0x00, 0x00, 0x38, 0x00, 0x00, 0x00, 0x09, 0x00, 0x00, 0x00, 0x06,
  0x00, 0x00, 0x00, 0x06, 0x00, 0x00, 0x00, 0x08, 0x00, 0x00, 0x00, 0x00, 0x00, 0x00, 0x00, 0x00, 0x00, 0x00, 0x00, 0x39, 0x00, 0x00, 0x00, 0x08, 0x00, 0x00, 0x00, 0x06, 0x00, 0x00, 0x00, 0x06, 0x00, 0x00, 0x00, 0x08, 0x00, 0x00, 0x00, 0x00,
  0x00, 0x00, 0x00, 0x00, 0x00, 0x00, 0x00, 0x3A, 0x00, 0x00, 0x00, 0x07, 0x00, 0x00, 0x00, 0x02, 0x00, 0x00, 0x00, 0x06, 0x00, 0x00, 0x00, 0x06, 0x00, 0x00, 0x00, 0x02, 0x00, 0x00, 0x00, 0x00, 0x00, 0x00, 0x00, 0x3B, 0x00, 0x00, 0x00, 0x08,
  0x00, 0x00, 0x00, 0x03, 0x00, 0x00, 0x00, 0x06, 0x00, 0x00, 0x00, 0x06, 0x00, 0x00, 0x00, 0x02, 0x00, 0x00, 0x00, 0x00, 0x00, 0x00, 0x00, 0x3C, 0x00, 0x00, 0x00, 0x05, 0x00, 0x00, 0x00, 0x05, 0x00, 0x00, 0x00, 0x06, 0x00, 0x00, 0x00, 0x06,
  0x00, 0x00, 0x00, 0x00, 0x00, 0x00, 0x00, 0x00, 0x00, 0x00, 0x00, 0x3D, 0x00, 0x00, 0x00, 0x04, 0x00, 0x00, 0x00, 0x06, 0x00, 0x00, 0x00, 0x06, 0x00, 0x00, 0x00, 0x05, 0x00, 0x00, 0x00, 0x00, 0x00, 0x00, 0x00, 0x00, 0x00, 0x00, 0x00, 0x3E,
  0x00, 0x00, 0x00, 0x05, 0x00, 0x00, 0x00, 0x06, 0x00, 0x00, 0x00, 0x06, 0x00, 0x00, 0x00, 0x06, 0x00, 0x00, 0x00, 0x00, 0x00, 0x00, 0x00, 0x00, 0x00, 0x00, 0x00, 0x3F, 0x00, 0x00, 0x00, 0x09, 0x00, 0x00, 0x00, 0x06, 0x00, 0x00, 0x00, 0x06,
  0x00, 0x00, 0x00, 0x08, 0x00, 0x00, 0x00, 0x00, 0x00, 0x00, 0x00, 0x00, 0x00, 0x00, 0x00, 0x40, 0x00, 0x00, 0x00, 0x09, 0x00, 0x00, 0x00, 0x06, 0x00, 0x00, 0x00, 0x06, 0x00, 0x00, 0x00, 0x08, 0x00, 0x00, 0x00, 0x00, 0x00, 0x00, 0x00, 0x00,
  0x00, 0x00, 0x00, 0x41, 0x00, 0x00, 0x00, 0x08, 0x00, 0x00, 0x00, 0x06, 0x00, 0x00, 0x00, 0x06, 0x00, 0x00, 0x00, 0x08, 0x00, 0x00, 0x00, 0x00, 0x00, 0x00, 0x00, 0x00, 0x00, 0x00, 0x00, 0x42, 0x00, 0x00, 0x00, 0x08, 0x00, 0x00, 0x00, 0x06,
  0x00, 0x00, 0x00, 0x06, 0x00, 0x00, 0x00, 0x08, 0x00, 0x00, 0x00, 0x00, 0x00, 0x00, 0x00, 0x00, 0x00, 0x00, 0x00, 0x43, 0x00, 0x00, 0x00, 0x09, 0x00, 0x00, 0x00, 0x06, 0x00, 0x00, 0x00, 0x06, 0x00, 0x00, 0x00, 0x08, 0x00, 0x00, 0x00, 0x00,
  0x00, 0x00, 0x00, 0x00, 0x00, 0x00, 0x00, 0x44, 0x00, 0x00, 0x00, 0x08, 0x00, 0x00, 0x00, 0x06, 0x00, 0x00, 0x00, 0x06, 0x00, 0x00, 0x00, 0x08, 0x00, 0x00, 0x00, 0x00, 0x00, 0x00, 0x00, 0x00, 0x00, 0x00, 0x00, 0x45, 0x00, 0x00, 0x00, 0x08,
  0x00, 0x00, 0x00, 0x06, 0x00, 0x00, 0x00, 0x06, 0x00, 0x00, 0x00, 0x08, 0x00, 0x00, 0x00, 0x00, 0x00, 0x00, 0x00, 0x00, 0x00, 0x00, 0x00, 0x46, 0x00, 0x00, 0x00, 0x08, 0x00, 0x00, 0x00, 0x06, 0x00, 0x00, 0x00, 0x06, 0x00, 0x00, 0x00, 0x08,
  0x00, 0x00, 0x00, 0x00, 0x00, 0x00, 0x00, 0x00, 0x00, 0x00, 0x00, 0x47, 0x00, 0x00, 0x00, 0x09, 0x00, 0x00, 0x00, 0x06, 0x00, 0x00, 0x00, 0x06, 0x00, 0x00, 0x00, 0x08, 0x00, 0x00, 0x00, 0x00, 0x00, 0x00, 0x00, 0x00, 0x00, 0x00, 0x00, 0x48,
  0x00, 0x00, 0x00, 0x08, 0x00, 0x00, 0x00, 0x06, 0x00, 0x00, 0x00, 0x06, 0x00, 0x00, 0x00, 0x08, 0x00, 0x00, 0x00, 0x00, 0x00, 0x00, 0x00, 0x00, 0x00, 0x00, 0x00, 0x49, 0x00, 0x00, 0x00, 0x08, 0x00, 0x00, 0x00, 0x06, 0x00, 0x00, 0x00, 0x06,
  0x00, 0x00, 0x00, 0x08, 0x00, 0x00, 0x00, 0x00, 0x00, 0x00, 0x00, 0x00, 0x00, 0x00, 0x00, 0x4A, 0x00, 0x00, 0x00, 0x09, 0x00, 0x00, 0x00, 0x06, 0x00, 0x00, 0x00, 0x06, 0x00, 0x00, 0x00, 0x08, 0x00, 0x00, 0x00, 0x00, 0x00, 0x00, 0x00, 0x00,
  0x00, 0x00, 0x00, 0x4B, 0x00, 0x00, 0x00, 0x08, 0x00, 0x00, 0x00, 0x06, 0x00, 0x00, 0x00, 0x06, 0x00, 0x00, 0x00, 0x08, 0x00, 0x00, 0x00, 0x00, 0x00, 0x00, 0x00, 0x00, 0x00, 0x00, 0x00, 0x4C, 0x00, 0x00, 0x00, 0x08, 0x00, 0x00, 0x00, 0x06,
  0x00, 0x00, 0x00, 0x06, 0x00, 0x00, 0x00, 0x08, 0x00, 0x00, 0x00, 0x00, 0x00, 0x00, 0x00, 0x00, 0x00, 0x00, 0x00, 0x4D, 0x00, 0x00, 0x00, 0x08, 0x00, 0x00, 0x00, 0x06, 0x00, 0x00, 0x00, 0x06, 0x00, 0x00, 0x00, 0x08, 0x00, 0x00, 0x00, 0x00,
  0x00, 0x00, 0x00, 0x00, 0x00, 0x00, 0x00, 0x4E, 0x00, 0x00, 0x00, 0x08, 0x00, 0x00, 0x00, 0x06, 0x00, 0x00, 0x00, 0x06, 0x00, 0x00, 0x00, 0x08, 0x00, 0x00, 0x00, 0x00, 0x00, 0x00, 0x00, 0x00, 0x00, 0x00, 0x00, 0x4F, 0x00, 0x00, 0x00, 0x09,
  0x00, 0x00, 0x00, 0x06, 0x00, 0x00, 0x00, 0x06, 0x00, 0x00, 0x00, 0x08, 0x00, 0x00, 0x00, 0x00, 0x00, 0x00, 0x00, 0x00, 0x00, 0x00, 0x00, 0x50, 0x00, 0x00, 0x00, 0x08, 0x00, 0x00, 0x00, 0x06, 0x00, 0x00, 0x00, 0x06, 0x00, 0x00, 0x00, 0x08,
  0x00, 0x00, 0x00, 0x00, 0x00, 0x00, 0x00, 0x00, 0x00, 0x00, 0x00, 0x51, 0x00, 0x00, 0x00, 0x0A, 0x00, 0x00, 0x00, 0x06, 0x00, 0x00, 0x00, 0x06, 0x00, 0x00, 0x00, 0x08, 0x00, 0x00, 0x00, 0x00, 0x00, 0x00, 0x00, 0x00, 0x00, 0x00, 0x00, 0x52,
  0x00, 0x00, 0x00, 0x08, 0x00, 0x00, 0x00, 0x06, 0x00, 0x00, 0x00, 0x06, 0x00, 0x00, 0x00, 0x08, 0x00, 0x00, 0x00, 0x00, 0x00, 0x00, 0x00, 0x00, 0x00, 0x00, 0x00, 0x53, 0x00, 0x00, 0x00, 0x09, 0x00, 0x00, 0x00, 0x06, 0x00, 0x00, 0x00, 0x06,
  0x00, 0x00, 0x00, 0x08, 0x00, 0x00, 0x00, 0x00, 0x00, 0x00, 0x00, 0x00, 0x00, 0x00, 0x00, 0x54, 0x00, 0x00, 0x00, 0x08, 0x00, 0x00, 0x00, 0x06, 0x00, 0x00, 0x00, 0x06, 0x00, 0x00, 0x00, 0x08, 0x00, 0x00, 0x00, 0x00, 0x00, 0x00, 0x00, 0x00,
  0x00, 0x00, 0x00, 0x55, 0x00, 0x00, 0x00, 0x09, 0x00, 0x00, 0x00, 0x06, 0x00, 0x00, 0x00, 0x06, 0x00, 0x00, 0x00, 0x08, 0x00, 0x00, 0x00, 0x00, 0x00, 0x00, 0x00, 0x00, 0x00, 0x00, 0x00, 0x56, 0x00, 0x00, 0x00, 0x08, 0x00, 0x00, 0x00, 0x06,
  0x00, 0x00, 0x00, 0x06, 0x00, 0x00, 0x00, 0x08, 0x00, 0x00, 0x00, 0x00, 0x00, 0x00, 0x00, 0x00, 0x00, 0x00, 0x00, 0x57, 0x00, 0x00, 0x00, 0x08, 0x00, 0x00, 0x00, 0x06, 0x00, 0x00, 0x00, 0x06, 0x00, 0x00, 0x00, 0x08, 0x00, 0x00, 0x00, 0x00,
  0x00, 0x00, 0x00, 0x00, 0x00, 0x00, 0x00, 0x58, 0x00, 0x00, 0x00, 0x08, 0x00, 0x00, 0x00, 0x06, 0x00, 0x00, 0x00, 0x06, 0x00, 0x00, 0x00, 0x08, 0x00, 0x00, 0x00, 0x00, 0x00, 0x00, 0x00, 0x00, 0x00, 0x00, 0x00, 0x59, 0x00, 0x00, 0x00, 0x08,
  0x00, 0x00, 0x00, 0x06, 0x00, 0x00, 0x00, 0x06, 0x00, 0x00, 0x00, 0x08, 0x00, 0x00, 0x00, 0x00, 0x00, 0x00, 0x00, 0x00, 0x00, 0x00, 0x00, 0x5A, 0x00, 0x00, 0x00, 0x08, 0x00, 0x00, 0x00, 0x06, 0x00, 0x00, 0x00, 0x06, 0x00, 0x00, 0x00, 0x08,
  0x00, 0x00, 0x00, 0x00, 0x00, 0x00, 0x00, 0x00, 0x00, 0x00, 0x00, 0x5B, 0x00, 0x00, 0x00, 0x0B, 0x00, 0x00, 0x00, 0x03, 0x00, 0x00, 0x00, 0x06, 0x00, 0x00, 0x00, 0x09, 0x00, 0x00, 0x00, 0x02, 0x00, 0x00, 0x00, 0x00, 0x00, 0x00, 0x00, 0x5C,
  0x00, 0x00, 0x00, 0x09, 0x00, 0x00, 0x00, 0x04, 0x00, 0x00, 0x00, 0x06, 0x00, 0x00, 0x00, 0x08, 0x00, 0x00, 0x00, 0x01, 0x00, 0x00, 0x00, 0x00, 0x00, 0x00, 0x00, 0x5D, 0x00, 0x00, 0x00, 0x0B, 0x00, 0x00, 0x00, 0x03, 0x00, 0x00, 0x00, 0x06,
  0x00, 0x00, 0x00, 0x09, 0x00, 0x00, 0x00, 0x01, 0x00, 0x00, 0x00, 0x00, 0x00, 0x00, 0x00, 0x5E, 0x00, 0x00, 0x00, 0x05, 0x00, 0x00, 0x00, 0x04, 0x00, 0x00, 0x00, 0x06, 0x00, 0x00, 0x00, 0x08, 0x00, 0x00, 0x00, 0x01, 0x00, 0x00, 0x00, 0x00,
  0x00, 0x00, 0x00, 0x5F, 0x00, 0x00, 0x00, 0x01, 0x00, 0x00, 0x00, 0x06, 0x00, 0x00, 0x00, 0x06, 0x00, 0x00, 0x00, 0x00, 0x00, 0x00, 0x00, 0x00, 0x00, 0x00, 0x00, 0x00, 0x00, 0x00, 0x00, 0x60, 0x00, 0x00, 0x00, 0x03, 0x00, 0x00, 0x00, 0x02,
  0x00, 0x00, 0x00, 0x06, 0x00, 0x00, 0x00, 0x08, 0x00, 0x00, 0x00, 0x02, 0x00, 0x00, 0x00, 0x00, 0x00, 0x00, 0x00, 0x61, 0x00, 0x00, 0x00, 0x07, 0x00, 0x00, 0x00, 0x06, 0x00, 0x00, 0x00, 0x06, 0x00, 0x00, 0x00, 0x06, 0x00, 0x00, 0x00, 0x00,
  0x00, 0x00, 0x00, 0x00, 0x00, 0x00, 0x00, 0x62, 0x00, 0x00, 0x00, 0x09, 0x00, 0x00, 0x00, 0x06, 0x00, 0x00, 0x00, 0x06, 0x00, 0x00, 0x00, 0x08, 0x00, 0x00, 0x00, 0x00, 0x00, 0x00, 0x00, 0x00, 0x00, 0x00, 0x00, 0x63, 0x00, 0x00, 0x00, 0x07,
  0x00, 0x00, 0x00, 0x06, 0x00, 0x00, 0x00, 0x06, 0x00, 0x00, 0x00, 0x06, 0x00, 0x00, 0x00, 0x00, 0x00, 0x00, 0x00, 0x00, 0x00, 0x00, 0x00, 0x64, 0x00, 0x00, 0x00, 0x09, 0x00, 0x00, 0x00, 0x06, 0x00, 0x00, 0x00, 0x06, 0x00, 0x00, 0x00, 0x08,
  0x00, 0x00, 0x00, 0x00, 0x00, 0x00, 0x00, 0x00, 0x00, 0x00, 0x00, 0x65, 0x00, 0x00, 0x00, 0x07, 0x00, 0x00, 0x00, 0x06, 0x00, 0x00, 0x00, 0x06, 0x00, 0x00, 0x00, 0x06, 0x00, 0x00, 0x00, 0x00, 0x00, 0x00, 0x00, 0x00, 0x00, 0x00, 0x00, 0x66,
  0x00, 0x00, 0x00, 0x08, 0x00, 0x00, 0x00, 0x06, 0x00, 0x00, 0x00, 0x06, 0x00, 0x00, 0x00, 0x08, 0x00, 0x00, 0x00, 0x00, 0x00, 0x00, 0x00, 0x00, 0x00, 0x00, 0x00, 0x67, 0x00, 0x00, 0x00, 0x09, 0x00, 0x00, 0x00, 0x06, 0x00, 0x00, 0x00, 0x06,
  0x00, 0x00, 0x00, 0x06, 0x00, 0x00, 0x00, 0x00, 0x00, 0x00, 0x00, 0x00, 0x00, 0x00, 0x00, 0x68, 0x00, 0x00, 0x00, 0x08, 0x00, 0x00, 0x00, 0x06, 0x00, 0x00, 0x00, 0x06, 0x00, 0x00, 0x00, 0x08, 0x00, 0x00, 0x00, 0x00, 0x00, 0x00, 0x00, 0x00,
  0x00, 0x00, 0x00, 0x69, 0x00, 0x00, 0x00, 0x08, 0x00, 0x00, 0x00, 0x06, 0x00, 0x00, 0x00, 0x06, 0x00, 0x00, 0x00, 0x08, 0x00, 0x00, 0x00, 0x00, 0x00, 0x00, 0x00, 0x00, 0x00, 0x00, 0x00, 0x6A, 0x00, 0x00, 0x00, 0x0B, 0x00, 0x00, 0x00, 0x04,
  0x00, 0x00, 0x00, 0x06, 0x00, 0x00, 0x00, 0x08, 0x00, 0x00, 0x00, 0x01, 0x00, 0x00, 0x00, 0x00, 0x00, 0x00, 0x00, 0x6B, 0x00, 0x00, 0x00, 0x08, 0x00, 0x00, 0x00, 0x06, 0x00, 0x00, 0x00, 0x06, 0x00, 0x00, 0x00, 0x08, 0x00, 0x00, 0x00, 0x00,
  0x00, 0x00, 0x00, 0x00, 0x00, 0x00, 0x00, 0x6C, 0x00, 0x00, 0x00, 0x08, 0x00, 0x00, 0x00, 0x06, 0x00, 0x00, 0x00, 0x06, 0x00, 0x00, 0x00, 0x08, 0x00, 0x00, 0x00, 0x00, 0x00, 0x00, 0x00, 0x00, 0x00, 0x00, 0x00, 0x6D, 0x00, 0x00, 0x00, 0x06,
  0x00, 0x00, 0x00, 0x06, 0x00, 0x00, 0x00, 0x06, 0x00, 0x00, 0x00, 0x06, 0x00, 0x00, 0x00, 0x00, 0x00, 0x00, 0x00, 0x00, 0x00, 0x00, 0x00, 0x6E, 0x00, 0x00, 0x00, 0x06, 0x00, 0x00, 0x00, 0x06, 0x00, 0x00, 0x00, 0x06, 0x00, 0x00, 0x00, 0x06,
  0x00, 0x00, 0x00, 0x00, 0x00, 0x00, 0x00, 0x00, 0x00, 0x00, 0x00, 0x6F, 0x00, 0x00, 0x00, 0x07, 0x00, 0x00, 0x00, 0x06, 0x00, 0x00, 0x00, 0x06, 0x00, 0x00, 0x00, 0x06, 0x00, 0x00, 0x00, 0x00, 0x00, 0x00, 0x00, 0x00, 0x00, 0x00, 0x00, 0x70,
  0x00, 0x00, 0x00, 0x09, 0x00, 0x00, 0x00, 0x06, 0x00, 0x00, 0x00, 0x06, 0x00, 0x00, 0x00, 0x06, 0x00, 0x00, 0x00, 0x00, 0x00, 0x00, 0x00, 0x00, 0x00, 0x00, 0x00, 0x71, 0x00, 0x00, 0x00, 0x09, 0x00, 0x00, 0x00, 0x06, 0x00, 0x00, 0x00, 0x06,
  0x00, 0x00, 0x00, 0x06, 0x00, 0x00, 0x00, 0x00, 0x00, 0x00, 0x00, 0x00, 0x00, 0x00, 0x00, 0x72, 0x00, 0x00, 0x00, 0x06, 0x00, 0x00, 0x00, 0x05, 0x00, 0x00, 0x00, 0x06, 0x00, 0x00, 0x00, 0x06, 0x00, 0x00, 0x00, 0x01, 0x00, 0x00, 0x00, 0x00,
  0x00, 0x00, 0x00, 0x73, 0x00, 0x00, 0x00, 0x07, 0x00, 0x00, 0x00, 0x06, 0x00, 0x00, 0x00, 0x06, 0x00, 0x00, 0x00, 0x06, 0x00, 0x00, 0x00, 0x00, 0x00, 0x00, 0x00, 0x00, 0x00, 0x00, 0x00, 0x74, 0x00, 0x00, 0x00, 0x08, 0x00, 0x00, 0x00, 0x06,
  0x00, 0x00, 0x00, 0x06, 0x00, 0x00, 0x00, 0x07, 0x00, 0x00, 0x00, 0x00, 0x00, 0x00, 0x00, 0x00, 0x00, 0x00, 0x00, 0x75, 0x00, 0x00, 0x00, 0x07, 0x00, 0x00, 0x00, 0x06, 0x00, 0x00, 0x00, 0x06, 0x00, 0x00, 0x00, 0x06, 0x00, 0x00, 0x00, 0x00,
  0x00, 0x00, 0x00, 0x00, 0x00, 0x00, 0x00, 0x76, 0x00, 0x00, 0x00, 0x06, 0x00, 0x00, 0x00, 0x06, 0x00, 0x00, 0x00, 0x06, 0x00, 0x00, 0x00, 0x06, 0x00, 0x00, 0x00, 0x00, 0x00, 0x00, 0x00, 0x00, 0x00, 0x00, 0x00, 0x77, 0x00, 0x00, 0x00, 0x06,
  0x00, 0x00, 0x00, 0x06, 0x00, 0x00, 0x00, 0x06, 0x00, 0x00, 0x00, 0x06, 0x00, 0x00, 0x00, 0x00, 0x00, 0x00, 0x00, 0x00, 0x00, 0x00, 0x00, 0x78, 0x00, 0x00, 0x00, 0x06, 0x00, 0x00, 0x00, 0x06, 0x00, 0x00, 0x00, 0x06, 0x00, 0x00, 0x00, 0x06,
  0x00, 0x00, 0x00, 0x00, 0x00, 0x00, 0x00, 0x00, 0x00, 0x00, 0x00, 0x79, 0x00, 0x00, 0x00, 0x09, 0x00, 0x00, 0x00, 0x06, 0x00, 0x00, 0x00, 0x06, 0x00, 0x00, 0x00, 0x06, 0x00, 0x00, 0x00, 0x00, 0x00, 0x00, 0x00, 0x00, 0x00, 0x00, 0x00, 0x7A,
  0x00, 0x00, 0x00, 0x06, 0x00, 0x00, 0x00, 0x06, 0x00, 0x00, 0x00, 0x06, 0x00, 0x00, 0x00, 0x06, 0x00, 0x00, 0x00, 0x00, 0x00, 0x00, 0x00, 0x00, 0x00, 0x00, 0x00, 0x7B, 0x00, 0x00, 0x00, 0x0A, 0x00, 0x00, 0x00, 0x04, 0x00, 0x00, 0x00, 0x06,
  0x00, 0x00, 0x00, 0x08, 0x00, 0x00, 0x00, 0x01, 0x00, 0x00, 0x00, 0x00, 0x00, 0x00, 0x00, 0x7C, 0x00, 0x00, 0x00, 0x0A, 0x00, 0x00, 0x00, 0x02, 0x00, 0x00, 0x00, 0x06, 0x00, 0x00, 0x00, 0x08, 0x00, 0x00, 0x00, 0x02, 0x00, 0x00, 0x00, 0x00,
  0x00, 0x00, 0x00, 0x7D, 0x00, 0x00, 0x00, 0x0A, 0x00, 0x00, 0x00, 0x04, 0x00, 0x00, 0x00, 0x06, 0x00, 0x00, 0x00, 0x08, 0x00, 0x00, 0x00, 0x01, 0x00, 0x00, 0x00, 0x00, 0x00, 0x00, 0x00, 0x7E, 0x00, 0x00, 0x00, 0x03, 0x00, 0x00, 0x00, 0x06,
  0x00, 0x00, 0x00, 0x06, 0x00, 0x00, 0x00, 0x04, 0x00, 0x00, 0x00, 0x00, 0x00, 0x00, 0x00, 0x00, 0x00, 0x00, 0x00, 0xA0, 0x00, 0x00, 0x00, 0x01, 0x00, 0x00, 0x00, 0x01, 0x00, 0x00, 0x00, 0x06, 0x00, 0x00, 0x00, 0x14, 0xFF, 0xFF, 0xFF, 0xF6,
  0x00, 0x00, 0x00, 0x00, 0x00, 0x00, 0x00, 0xA1, 0x00, 0x00, 0x00, 0x08, 0x00, 0x00, 0x00, 0x02, 0x00, 0x00, 0x00, 0x06, 0x00, 0x00, 0x00, 0x06, 0x00, 0x00, 0x00, 0x02, 0x00, 0x00, 0x00, 0x00, 0x00, 0x00, 0x00, 0xA2, 0x00, 0x00, 0x00, 0x09,
  0x00, 0x00, 0x00, 0x06, 0x00, 0x00, 0x00, 0x06, 0x00, 0x00, 0x00, 0x07, 0x00, 0x00, 0x00, 0x00, 0x00, 0x00, 0x00, 0x00, 0x00, 0x00, 0x00, 0xA3, 0x00, 0x00, 0x00, 0x08, 0x00, 0x00, 0x00, 0x06, 0x00, 0x00, 0x00, 0x06, 0x00, 0x00, 0x00, 0x08,
  0x00, 0x00, 0x00, 0x00, 0x00, 0x00, 0x00, 0x00, 0x00, 0x00, 0x00, 0xA4, 0x00, 0x00, 0x00, 0x07, 0x00, 0x00, 0x00, 0x06, 0x00, 0x00, 0x00, 0x06, 0x00, 0x00, 0x00, 0x06, 0x00, 0x00, 0x00, 0x00, 0x00, 0x00, 0x00, 0x00, 0x00, 0x00, 0x00, 0xA5,
  0x00, 0x00, 0x00, 0x08, 0x00, 0x00, 0x00, 0x06, 0x00, 0x00, 0x00, 0x06, 0x00, 0x00, 0x00, 0x08, 0x00, 0x00, 0x00, 0x00, 0x00, 0x00, 0x00, 0x00, 0x00, 0x00, 0x00, 0xA6, 0x00, 0x00, 0x00, 0x0A, 0x00, 0x00, 0x00, 0x02, 0x00, 0x00, 0x00, 0x06,
  0x00, 0x00, 0x00, 0x08, 0x00, 0x00, 0x00, 0x02, 0x00, 0x00, 0x00, 0x00, 0x00, 0x00, 0x00, 0xA7, 0x00, 0x00, 0x00, 0x0B, 0x00, 0x00, 0x00, 0x06, 0x00, 0x00, 0x00, 0x06, 0x00, 0x00, 0x00, 0x08, 0x00, 0x00, 0x00, 0x00, 0x00, 0x00, 0x00, 0x00,
  0x00, 0x00, 0x00, 0xA8, 0x00, 0x00, 0x00, 0x02, 0x00, 0x00, 0x00, 0x04, 0x00, 0x00, 0x00, 0x06, 0x00, 0x00, 0x00, 0x08, 0x00, 0x00, 0x00, 0x01, 0x00, 0x00, 0x00, 0x00, 0x00, 0x00, 0x00, 0xA9, 0x00, 0x00, 0x00, 0x07, 0x00, 0x00, 0x00, 0x06,
  0x00, 0x00, 0x00, 0x06, 0x00, 0x00, 0x00, 0x06, 0x00, 0x00, 0x00, 0x00, 0x00, 0x00, 0x00, 0x00, 0x00, 0x00, 0x00, 0xAA, 0x00, 0x00, 0x00, 0x05, 0x00, 0x00, 0x00, 0x04, 0x00, 0x00, 0x00, 0x06, 0x00, 0x00, 0x00, 0x08, 0x00, 0x00, 0x00, 0x01,
  0x00, 0x00, 0x00, 0x00, 0x00, 0x00, 0x00, 0xAB, 0x00, 0x00, 0x00, 0x05, 0x00, 0x00, 0x00, 0x05, 0x00, 0x00, 0x00, 0x06, 0x00, 0x00, 0x00, 0x05, 0x00, 0x00, 0x00, 0x00, 0x00, 0x00, 0x00, 0x00, 0x00, 0x00, 0x00, 0xAC, 0x00, 0x00, 0x00, 0x03,
  0x00, 0x00, 0x00, 0x05, 0x00, 0x00, 0x00, 0x06, 0x00, 0x00, 0x00, 0x04, 0x00, 0x00, 0x00, 0x00, 0x00, 0x00, 0x00, 0x00, 0x00, 0x00, 0x00, 0xAD, 0x00, 0x00, 0x00, 0x02, 0x00, 0x00, 0x00, 0x04, 0x00, 0x00, 0x00, 0x06, 0x00, 0x00, 0x00, 0x04,
  0x00, 0x00, 0x00, 0x01, 0x00, 0x00, 0x00, 0x00, 0x00, 0x00, 0x00, 0xAE, 0x00, 0x00, 0x00, 0x07, 0x00, 0x00, 0x00, 0x06, 0x00, 0x00, 0x00, 0x06, 0x00, 0x00, 0x00, 0x06, 0x00, 0x00, 0x00, 0x00, 0x00, 0x00, 0x00, 0x00, 0x00, 0x00, 0x00, 0xAF,
  0x00, 0x00, 0x00, 0x02, 0x00, 0x00, 0x00, 0x04, 0x00, 0x00, 0x00, 0x06, 0x00, 0x00, 0x00, 0x08, 0x00, 0x00, 0x00, 0x01, 0x00, 0x00, 0x00, 0x00, 0x00, 0x00, 0x00, 0xB0, 0x00, 0x00, 0x00, 0x04, 0x00, 0x00, 0x00, 0x04, 0x00, 0x00, 0x00, 0x06,
  0x00, 0x00, 0x00, 0x08, 0x00, 0x00, 0x00, 0x01, 0x00, 0x00, 0x00, 0x00, 0x00, 0x00, 0x00, 0xB1, 0x00, 0x00, 0x00, 0x07, 0x00, 0x00, 0x00, 0x06, 0x00, 0x00, 0x00, 0x06, 0x00, 0x00, 0x00, 0x07, 0x00, 0x00, 0x00, 0x00, 0x00, 0x00, 0x00, 0x00,
  0x00, 0x00, 0x00, 0xB4, 0x00, 0x00, 0x00, 0x03, 0x00, 0x00, 0x00, 0x02, 0x00, 0x00, 0x00, 0x06, 0x00, 0x00, 0x00, 0x08, 0x00, 0x00, 0x00, 0x02, 0x00, 0x00, 0x00, 0x00, 0x00, 0x00, 0x00, 0xB5, 0x00, 0x00, 0x00, 0x09, 0x00, 0x00, 0x00, 0x06,
  0x00, 0x00, 0x00, 0x06, 0x00, 0x00, 0x00, 0x06, 0x00, 0x00, 0x00, 0x00, 0x00, 0x00, 0x00, 0x00, 0x00, 0x00, 0x00, 0xB6, 0x00, 0x00, 0x00, 0x08, 0x00, 0x00, 0x00, 0x04, 0x00, 0x00, 0x00, 0x06, 0x00, 0x00, 0x00, 0x08, 0x00, 0x00, 0x00, 0x01,
  0x00, 0x00, 0x00, 0x00, 0x00, 0x00, 0x00, 0xB7, 0x00, 0x00, 0x00, 0x02, 0x00, 0x00, 0x00, 0x02, 0x00, 0x00, 0x00, 0x06, 0x00, 0x00, 0x00, 0x05, 0x00, 0x00, 0x00, 0x02, 0x00, 0x00, 0x00, 0x00, 0x00, 0x00, 0x00, 0xB8, 0x00, 0x00, 0x00, 0x03,
  0x00, 0x00, 0x00, 0x02, 0x00, 0x00, 0x00, 0x06, 0x00, 0x00, 0x00, 0x00, 0x00, 0x00, 0x00, 0x02, 0x00, 0x00, 0x00, 0x00, 0x00, 0x00, 0x00, 0xBA, 0x00, 0x00, 0x00, 0x05, 0x00, 0x00, 0x00, 0x04, 0x00, 0x00, 0x00, 0x06, 0x00, 0x00, 0x00, 0x08,
  0x00, 0x00, 0x00, 0x01, 0x00, 0x00, 0x00, 0x00, 0x00, 0x00, 0x00, 0xBB, 0x00, 0x00, 0x00, 0x05, 0x00, 0x00, 0x00, 0x05, 0x00, 0x00, 0x00, 0x06, 0x00, 0x00, 0x00, 0x05, 0x00, 0x00, 0x00, 0x01, 0x00, 0x00, 0x00, 0x00, 0x00, 0x00, 0x00, 0xBF,
  0x00, 0x00, 0x00, 0x08, 0x00, 0x00, 0x00, 0x04, 0x00, 0x00, 0x00, 0x06, 0x00, 0x00, 0x00, 0x06, 0x00, 0x00, 0x00, 0x01, 0x00, 0x00, 0x00, 0x00, 0x00, 0x00, 0x00, 0xC0, 0x00, 0x00, 0x00, 0x0A, 0x00, 0x00, 0x00, 0x06, 0x00, 0x00, 0x00, 0x06,
  0x00, 0x00, 0x00, 0x0A, 0x00, 0x00, 0x00, 0x00, 0x00, 0x00, 0x00, 0x00, 0x00, 0x00, 0x00, 0xC1, 0x00, 0x00, 0x00, 0x0A, 0x00, 0x00, 0x00, 0x06, 0x00, 0x00, 0x00, 0x06, 0x00, 0x00, 0x00, 0x0A, 0x00, 0x00, 0x00, 0x00, 0x00, 0x00, 0x00, 0x00,
  0x00, 0x00, 0x00, 0xC2, 0x00, 0x00, 0x00, 0x0A, 0x00, 0x00, 0x00, 0x06, 0x00, 0x00, 0x00, 0x06, 0x00, 0x00, 0x00, 0x0A, 0x00, 0x00, 0x00, 0x00, 0x00, 0x00, 0x00, 0x00, 0x00, 0x00, 0x00, 0xC3, 0x00, 0x00, 0x00, 0x0A, 0x00, 0x00, 0x00, 0x06,
  0x00, 0x00, 0x00, 0x06, 0x00, 0x00, 0x00, 0x0A, 0x00, 0x00, 0x00, 0x00, 0x00, 0x00, 0x00, 0x00, 0x00, 0x00, 0x00, 0xC4, 0x00, 0x00, 0x00, 0x0A, 0x00, 0x00, 0x00, 0x06, 0x00, 0x00, 0x00, 0x06, 0x00, 0x00, 0x00, 0x0A, 0x00, 0x00, 0x00, 0x00,
  0x00, 0x00, 0x00, 0x00, 0x00, 0x00, 0x00, 0xC5, 0x00, 0x00, 0x00, 0x0A, 0x00, 0x00, 0x00, 0x06, 0x00, 0x00, 0x00, 0x06, 0x00, 0x00, 0x00, 0x0A, 0x00, 0x00, 0x00, 0x00, 0x00, 0x00, 0x00, 0x00, 0x00, 0x00, 0x00, 0xC6, 0x00, 0x00, 0x00, 0x08,
  0x00, 0x00, 0x00, 0x06, 0x00, 0x00, 0x00, 0x06, 0x00, 0x00, 0x00, 0x08, 0x00, 0x00, 0x00, 0x00, 0x00, 0x00, 0x00, 0x00, 0x00, 0x00, 0x00, 0xC7, 0x00, 0x00, 0x00, 0x0B, 0x00, 0x00, 0x00, 0x06, 0x00, 0x00, 0x00, 0x06, 0x00, 0x00, 0x00, 0x08,
  0x00, 0x00, 0x00, 0x00, 0x00, 0x00, 0x00, 0x00, 0x00, 0x00, 0x00, 0xC8, 0x00, 0x00, 0x00, 0x0A, 0x00, 0x00, 0x00, 0x06, 0x00, 0x00, 0x00, 0x06, 0x00, 0x00, 0x00, 0x0A, 0x00, 0x00, 0x00, 0x00, 0x00, 0x00, 0x00, 0x00, 0x00, 0x00, 0x00, 0xC9,
  0x00, 0x00, 0x00, 0x0A, 0x00, 0x00, 0x00, 0x06, 0x00, 0x00, 0x00, 0x06, 0x00, 0x00, 0x00, 0x0A, 0x00, 0x00, 0x00, 0x00, 0x00, 0x00, 0x00, 0x00, 0x00, 0x00, 0x00, 0xCA, 0x00, 0x00, 0x00, 0x0A, 0x00, 0x00, 0x00, 0x06, 0x00, 0x00, 0x00, 0x06,
  0x00, 0x00, 0x00, 0x0A, 0x00, 0x00, 0x00, 0x00, 0x00, 0x00, 0x00, 0x00, 0x00, 0x00, 0x00, 0xCB, 0x00, 0x00, 0x00, 0x0A, 0x00, 0x00, 0x00, 0x06, 0x00, 0x00, 0x00, 0x06, 0x00, 0x00, 0x00, 0x0A, 0x00, 0x00, 0x00, 0x00, 0x00, 0x00, 0x00, 0x00,
  0x00, 0x00, 0x00, 0xCC, 0x00, 0x00, 0x00, 0x0A, 0x00, 0x00, 0x00, 0x06, 0x00, 0x00, 0x00, 0x06, 0x00, 0x00, 0x00, 0x0A, 0x00, 0x00, 0x00, 0x00, 0x00, 0x00, 0x00, 0x00, 0x00, 0x00, 0x00, 0xCD, 0x00, 0x00, 0x00, 0x0A, 0x00, 0x00, 0x00, 0x06,
  0x00, 0x00, 0x00, 0x06, 0x00, 0x00, 0x00, 0x0A, 0x00, 0x00, 0x00, 0x00, 0x00, 0x00, 0x00, 0x00, 0x00, 0x00, 0x00, 0xCE, 0x00, 0x00, 0x00, 0x0A, 0x00, 0x00, 0x00, 0x06, 0x00, 0x00, 0x00, 0x06, 0x00, 0x00, 0x00, 0x0A, 0x00, 0x00, 0x00, 0x00,
  0x00, 0x00, 0x00, 0x00, 0x00, 0x00, 0x00, 0xCF, 0x00, 0x00, 0x00, 0x0A, 0x00, 0x00, 0x00, 0x06, 0x00, 0x00, 0x00, 0x06, 0x00, 0x00, 0x00, 0x0A, 0x00, 0x00, 0x00, 0x00, 0x00, 0x00, 0x00, 0x00, 0x00, 0x00, 0x00, 0xD1, 0x00, 0x00, 0x00, 0x0A,
  0x00, 0x00, 0x00, 0x06, 0x00, 0x00, 0x00, 0x06, 0x00, 0x00, 0x00, 0x0A, 0x00, 0x00, 0x00, 0x00, 0x00, 0x00, 0x00, 0x00, 0x00, 0x00, 0x00, 0xD2, 0x00, 0x00, 0x00, 0x0B, 0x00, 0x00, 0x00, 0x06, 0x00, 0x00, 0x00, 0x06, 0x00, 0x00, 0x00, 0x0A,
  0x00, 0x00, 0x00, 0x00, 0x00, 0x00, 0x00, 0x00, 0x00, 0x00, 0x00, 0xD3, 0x00, 0x00, 0x00, 0x0B, 0x00, 0x00, 0x00, 0x06, 0x00, 0x00, 0x00, 0x06, 0x00, 0x00, 0x00, 0x0A, 0x00, 0x00, 0x00, 0x00, 0x00, 0x00, 0x00, 0x00, 0x00, 0x00, 0x00, 0xD4,
  0x00, 0x00, 0x00, 0x0B, 0x00, 0x00, 0x00, 0x06, 0x00, 0x00, 0x00, 0x06, 0x00, 0x00, 0x00, 0x0A, 0x00, 0x00, 0x00, 0x00, 0x00, 0x00, 0x00, 0x00, 0x00, 0x00, 0x00, 0xD5, 0x00, 0x00, 0x00, 0x0B, 0x00, 0x00, 0x00, 0x06, 0x00, 0x00, 0x00, 0x06,
  0x00, 0x00, 0x00, 0x0A, 0x00, 0x00, 0x00, 0x00, 0x00, 0x00, 0x00, 0x00, 0x00, 0x00, 0x00, 0xD6, 0x00, 0x00, 0x00, 0x0B, 0x00, 0x00, 0x00, 0x06, 0x00, 0x00, 0x00, 0x06, 0x00, 0x00, 0x00, 0x0A, 0x00, 0x00, 0x00, 0x00, 0x00, 0x00, 0x00, 0x00,
  0x00, 0x00, 0x00, 0xD7, 0x00, 0x00, 0x00, 0x05, 0x00, 0x00, 0x00, 0x06, 0x00, 0x00, 0x00, 0x06, 0x00, 0x00, 0x00, 0x06, 0x00, 0x00, 0x00, 0x00, 0x00, 0x00, 0x00, 0x00, 0x00, 0x00, 0x00, 0xD8, 0x00, 0x00, 0x00, 0x09, 0x00, 0x00, 0x00, 0x06,
  0x00, 0x00, 0x00, 0x06, 0x00, 0x00, 0x00, 0x08, 0x00, 0x00, 0x00, 0x00, 0x00, 0x00, 0x00, 0x00, 0x00, 0x00, 0x00, 0xD9, 0x00, 0x00, 0x00, 0x0B, 0x00, 0x00, 0x00, 0x06, 0x00, 0x00, 0x00, 0x06, 0x00, 0x00, 0x00, 0x0A, 0x00, 0x00, 0x00, 0x00,
  0x00, 0x00, 0x00, 0x00, 0x00, 0x00, 0x00, 0xDA, 0x00, 0x00, 0x00, 0x0B, 0x00, 0x00, 0x00, 0x06, 0x00, 0x00, 0x00, 0x06, 0x00, 0x00, 0x00, 0x0A, 0x00, 0x00, 0x00, 0x00, 0x00, 0x00, 0x00, 0x00, 0x00, 0x00, 0x00, 0xDB, 0x00, 0x00, 0x00, 0x0B,
  0x00, 0x00, 0x00, 0x06, 0x00, 0x00, 0x00, 0x06, 0x00, 0x00, 0x00, 0x0A, 0x00, 0x00, 0x00, 0x00, 0x00, 0x00, 0x00, 0x00, 0x00, 0x00, 0x00, 0xDC, 0x00, 0x00, 0x00, 0x0B, 0x00, 0x00, 0x00, 0x06, 0x00, 0x00, 0x00, 0x06, 0x00, 0x00, 0x00, 0x0A,
  0x00, 0x00, 0x00, 0x00, 0x00, 0x00, 0x00, 0x00, 0x00, 0x00, 0x00, 0xDD, 0x00, 0x00, 0x00, 0x0A, 0x00, 0x00, 0x00, 0x06, 0x00, 0x00, 0x00, 0x06, 0x00, 0x00, 0x00, 0x0A, 0x00, 0x00, 0x00, 0x00, 0x00, 0x00, 0x00, 0x00, 0x00, 0x00, 0x00, 0xDF,
  0x00, 0x00, 0x00, 0x09, 0x00, 0x00, 0x00, 0x06, 0x00, 0x00, 0x00, 0x06, 0x00, 0x00, 0x00, 0x08, 0x00, 0x00, 0x00, 0x00, 0x00, 0x00, 0x00, 0x00, 0x00, 0x00, 0x00, 0xE0, 0x00, 0x00, 0x00, 0x09, 0x00, 0x00, 0x00, 0x06, 0x00, 0x00, 0x00, 0x06,
  0x00, 0x00, 0x00, 0x08, 0x00, 0x00, 0x00, 0x00, 0x00, 0x00, 0x00, 0x00, 0x00, 0x00, 0x00, 0xE1, 0x00, 0x00, 0x00, 0x09, 0x00, 0x00, 0x00, 0x06, 0x00, 0x00, 0x00, 0x06, 0x00, 0x00, 0x00, 0x08, 0x00, 0x00, 0x00, 0x00, 0x00, 0x00, 0x00, 0x00,
  0x00, 0x00, 0x00, 0xE2, 0x00, 0x00, 0x00, 0x09, 0x00, 0x00, 0x00, 0x06, 0x00, 0x00, 0x00, 0x06, 0x00, 0x00, 0x00, 0x08, 0x00, 0x00, 0x00, 0x00, 0x00, 0x00, 0x00, 0x00, 0x00, 0x00, 0x00, 0xE3, 0x00, 0x00, 0x00, 0x09, 0x00, 0x00, 0x00, 0x06,
  0x00, 0x00, 0x00, 0x06, 0x00, 0x00, 0x00, 0x08, 0x00, 0x00, 0x00, 0x00, 0x00, 0x00, 0x00, 0x00, 0x00, 0x00, 0x00, 0xE4, 0x00, 0x00, 0x00, 0x09, 0x00, 0x00, 0x00, 0x06, 0x00, 0x00, 0x00, 0x06, 0x00, 0x00, 0x00, 0x08, 0x00, 0x00, 0x00, 0x00,
  0x00, 0x00, 0x00, 0x00, 0x00, 0x00, 0x00, 0xE5, 0x00, 0x00, 0x00, 0x09, 0x00, 0x00, 0x00, 0x06, 0x00, 0x00, 0x00, 0x06, 0x00, 0x00, 0x00, 0x08, 0x00, 0x00, 0x00, 0x00, 0x00, 0x00, 0x00, 0x00, 0x00, 0x00, 0x00, 0xE6, 0x00, 0x00, 0x00, 0x07,
  0x00, 0x00, 0x00, 0x06, 0x00, 0x00, 0x00, 0x06, 0x00, 0x00, 0x00, 0x06, 0x00, 0x00, 0x00, 0x00, 0x00, 0x00, 0x00, 0x00, 0x00, 0x00, 0x00, 0xE7, 0x00, 0x00, 0x00, 0x09, 0x00, 0x00, 0x00, 0x06, 0x00, 0x00, 0x00, 0x06, 0x00, 0x00, 0x00, 0x06,
  0x00, 0x00, 0x00, 0x00, 0x00, 0x00, 0x00, 0x00, 0x00, 0x00, 0x00, 0xE8, 0x00, 0x00, 0x00, 0x09, 0x00, 0x00, 0x00, 0x06, 0x00, 0x00, 0x00, 0x06, 0x00, 0x00, 0x00, 0x08, 0x00, 0x00, 0x00, 0x00, 0x00, 0x00, 0x00, 0x00, 0x00, 0x00, 0x00, 0xE9,
  0x00, 0x00, 0x00, 0x09, 0x00, 0x00, 0x00, 0x06, 0x00, 0x00, 0x00, 0x06, 0x00, 0x00, 0x00, 0x08, 0x00, 0x00, 0x00, 0x00, 0x00, 0x00, 0x00, 0x00, 0x00, 0x00, 0x00, 0xEA, 0x00, 0x00, 0x00, 0x09, 0x00, 0x00, 0x00, 0x06, 0x00, 0x00, 0x00, 0x06,
  0x00, 0x00, 0x00, 0x08, 0x00, 0x00, 0x00, 0x00, 0x00, 0x00, 0x00, 0x00, 0x00, 0x00, 0x00, 0xEB, 0x00, 0x00, 0x00, 0x09, 0x00, 0x00, 0x00, 0x06, 0x00, 0x00, 0x00, 0x06, 0x00, 0x00, 0x00, 0x08, 0x00, 0x00, 0x00, 0x00, 0x00, 0x00, 0x00, 0x00,
  0x00, 0x00, 0x00, 0xEC, 0x00, 0x00, 0x00, 0x08, 0x00, 0x00, 0x00, 0x06, 0x00, 0x00, 0x00, 0x06, 0x00, 0x00, 0x00, 0x08, 0x00, 0x00, 0x00, 0x00, 0x00, 0x00, 0x00, 0x00, 0x00, 0x00, 0x00, 0xED, 0x00, 0x00, 0x00, 0x08, 0x00, 0x00, 0x00, 0x06,
  0x00, 0x00, 0x00, 0x06, 0x00, 0x00, 0x00, 0x08, 0x00, 0x00, 0x00, 0x00, 0x00, 0x00, 0x00, 0x00, 0x00, 0x00, 0x00, 0xEE, 0x00, 0x00, 0x00, 0x08, 0x00, 0x00, 0x00, 0x06, 0x00, 0x00, 0x00, 0x06, 0x00, 0x00, 0x00, 0x08, 0x00, 0x00, 0x00, 0x00,
  0x00, 0x00, 0x00, 0x00, 0x00, 0x00, 0x00, 0xEF, 0x00, 0x00, 0x00, 0x08, 0x00, 0x00, 0x00, 0x06, 0x00, 0x00, 0x00, 0x06, 0x00, 0x00, 0x00, 0x08, 0x00, 0x00, 0x00, 0x00, 0x00, 0x00, 0x00, 0x00, 0x00, 0x00, 0x00, 0xF1, 0x00, 0x00, 0x00, 0x08,
  0x00, 0x00, 0x00, 0x06, 0x00, 0x00, 0x00, 0x06, 0x00, 0x00, 0x00, 0x08, 0x00, 0x00, 0x00, 0x00, 0x00, 0x00, 0x00, 0x00, 0x00, 0x00, 0x00, 0xF2, 0x00, 0x00, 0x00, 0x09, 0x00, 0x00, 0x00, 0x06, 0x00, 0x00, 0x00, 0x06, 0x00, 0x00, 0x00, 0x08,
  0x00, 0x00, 0x00, 0x00, 0x00, 0x00, 0x00, 0x00, 0x00, 0x00, 0x00, 0xF3, 0x00, 0x00, 0x00, 0x09, 0x00, 0x00, 0x00, 0x06, 0x00, 0x00, 0x00, 0x06, 0x00, 0x00, 0x00, 0x08, 0x00, 0x00, 0x00, 0x00, 0x00, 0x00, 0x00, 0x00, 0x00, 0x00, 0x00, 0xF4,
  0x00, 0x00, 0x00, 0x09, 0x00, 0x00, 0x00, 0x06, 0x00, 0x00, 0x00, 0x06, 0x00, 0x00, 0x00, 0x08, 0x00, 0x00, 0x00, 0x00, 0x00, 0x00, 0x00, 0x00, 0x00, 0x00, 0x00, 0xF5, 0x00, 0x00, 0x00, 0x09, 0x00, 0x00, 0x00, 0x06, 0x00, 0x00, 0x00, 0x06,
  0x00, 0x00, 0x00, 0x08, 0x00, 0x00, 0x00, 0x00, 0x00, 0x00, 0x00, 0x00, 0x00, 0x00, 0x00, 0xF6, 0x00, 0x00, 0x00, 0x09, 0x00, 0x00, 0x00, 0x06, 0x00, 0x00, 0x00, 0x06, 0x00, 0x00, 0x00, 0x08, 0x00, 0x00, 0x00, 0x00, 0x00, 0x00, 0x00, 0x00,
  0x00, 0x00, 0x00, 0xF7, 0x00, 0x00, 0x00, 0x06, 0x00, 0x00, 0x00, 0x06, 0x00, 0x00, 0x00, 0x06, 0x00, 0x00, 0x00, 0x06, 0x00, 0x00, 0x00, 0x00, 0x00, 0x00, 0x00, 0x00, 0x00, 0x00, 0x00, 0xF8, 0x00, 0x00, 0x00, 0x07, 0x00, 0x00, 0x00, 0x06,
  0x00, 0x00, 0x00, 0x06, 0x00, 0x00, 0x00, 0x06, 0x00, 0x00, 0x00, 0x00, 0x00, 0x00, 0x00, 0x00, 0x00, 0x00, 0x00, 0xF9, 0x00, 0x00, 0x00, 0x09, 0x00, 0x00, 0x00, 0x06, 0x00, 0x00, 0x00, 0x06, 0x00, 0x00, 0x00, 0x08, 0x00, 0x00, 0x00, 0x00,
  0x00, 0x00, 0x00, 0x00, 0x00, 0x00, 0x00, 0xFA, 0x00, 0x00, 0x00, 0x09, 0x00, 0x00, 0x00, 0x06, 0x00, 0x00, 0x00, 0x06, 0x00, 0x00, 0x00, 0x08, 0x00, 0x00, 0x00, 0x00, 0x00, 0x00, 0x00, 0x00, 0x00, 0x00, 0x00, 0xFB, 0x00, 0x00, 0x00, 0x09,
  0x00, 0x00, 0x00, 0x06, 0x00, 0x00, 0x00, 0x06, 0x00, 0x00, 0x00, 0x08, 0x00, 0x00, 0x00, 0x00, 0x00, 0x00, 0x00, 0x00, 0x00, 0x00, 0x00, 0xFC, 0x00, 0x00, 0x00, 0x09, 0x00, 0x00, 0x00, 0x06, 0x00, 0x00, 0x00, 0x06, 0x00, 0x00, 0x00, 0x08,
  0x00, 0x00, 0x00, 0x00, 0x00, 0x00, 0x00, 0x00, 0x00, 0x00, 0x00, 0xFD, 0x00, 0x00, 0x00, 0x0B, 0x00, 0x00, 0x00, 0x06, 0x00, 0x00, 0x00, 0x06, 0x00, 0x00, 0x00, 0x08, 0x00, 0x00, 0x00, 0x00, 0x00, 0x00, 0x00, 0x00, 0x00, 0x00, 0x00, 0xFF,
  0x00, 0x00, 0x00, 0x0B, 0x00, 0x00, 0x00, 0x06, 0x00, 0x00, 0x00, 0x06, 0x00, 0x00, 0x00, 0x08, 0x00, 0x00, 0x00, 0x00, 0x00, 0x00, 0x00, 0x00, 0x00, 0x00, 0x01, 0x02, 0x00, 0x00, 0x00, 0x0A, 0x00, 0x00, 0x00, 0x06, 0x00, 0x00, 0x00, 0x06,
  0x00, 0x00, 0x00, 0x0A, 0x00, 0x00, 0x00, 0x00, 0x00, 0x00, 0x00, 0x00, 0x00, 0x00, 0x01, 0x03, 0x00, 0x00, 0x00, 0x09, 0x00, 0x00, 0x00, 0x06, 0x00, 0x00, 0x00, 0x06, 0x00, 0x00, 0x00, 0x08, 0x00, 0x00, 0x00, 0x00, 0x00, 0x00, 0x00, 0x00,
  0x00, 0x00, 0x01, 0x04, 0x00, 0x00, 0x00, 0x0B, 0x00, 0x00, 0x00, 0x06, 0x00, 0x00, 0x00, 0x06, 0x00, 0x00, 0x00, 0x08, 0x00, 0x00, 0x00, 0x00, 0x00, 0x00, 0x00, 0x00, 0x00, 0x00, 0x01, 0x05, 0x00, 0x00, 0x00, 0x09, 0x00, 0x00, 0x00, 0x06,
  0x00, 0x00, 0x00, 0x06, 0x00, 0x00, 0x00, 0x06, 0x00, 0x00, 0x00, 0x00, 0x00, 0x00, 0x00, 0x00, 0x00, 0x00, 0x01, 0x06, 0x00, 0x00, 0x00, 0x0B, 0x00, 0x00, 0x00, 0x06, 0x00, 0x00, 0x00, 0x06, 0x00, 0x00, 0x00, 0x0A, 0x00, 0x00, 0x00, 0x00,
  0x00, 0x00, 0x00, 0x00, 0x00, 0x00, 0x01, 0x07, 0x00, 0x00, 0x00, 0x09, 0x00, 0x00, 0x00, 0x06, 0x00, 0x00, 0x00, 0x06, 0x00, 0x00, 0x00, 0x08, 0x00, 0x00, 0x00, 0x00, 0x00, 0x00, 0x00, 0x00, 0x00, 0x00, 0x01, 0x0C, 0x00, 0x00, 0x00, 0x0B,
  0x00, 0x00, 0x00, 0x06, 0x00, 0x00, 0x00, 0x06, 0x00, 0x00, 0x00, 0x0A, 0x00, 0x00, 0x00, 0x00, 0x00, 0x00, 0x00, 0x00, 0x00, 0x00, 0x01, 0x0D, 0x00, 0x00, 0x00, 0x09, 0x00, 0x00, 0x00, 0x06, 0x00, 0x00, 0x00, 0x06, 0x00, 0x00, 0x00, 0x08,
  0x00, 0x00, 0x00, 0x00, 0x00, 0x00, 0x00, 0x00, 0x00, 0x00, 0x01, 0x0E, 0x00, 0x00, 0x00, 0x0A, 0x00, 0x00, 0x00, 0x06, 0x00, 0x00, 0x00, 0x06, 0x00, 0x00, 0x00, 0x0A, 0x00, 0x00, 0x00, 0x00, 0x00, 0x00, 0x00, 0x00, 0x00, 0x00, 0x01, 0x0F,
  0x00, 0x00, 0x00, 0x09, 0x00, 0x00, 0x00, 0x08, 0x00, 0x00, 0x00, 0x06, 0x00, 0x00, 0x00, 0x08, 0x00, 0x00, 0x00, 0x00, 0x00, 0x00, 0x00, 0x00, 0x00, 0x00, 0x01, 0x10, 0x00, 0x00, 0x00, 0x08, 0x00, 0x00, 0x00, 0x07, 0x00, 0x00, 0x00, 0x06,
  0x00, 0x00, 0x00, 0x08, 0xFF, 0xFF, 0xFF, 0xFF, 0x00, 0x00, 0x00, 0x00, 0x00, 0x00, 0x01, 0x11, 0x00, 0x00, 0x00, 0x09, 0x00, 0x00, 0x00, 0x07, 0x00, 0x00, 0x00, 0x06, 0x00, 0x00, 0x00, 0x08, 0x00, 0x00, 0x00, 0x00, 0x00, 0x00, 0x00, 0x00,
  0x00, 0x00, 0x01, 0x18, 0x00, 0x00, 0x00, 0x0B, 0x00, 0x00, 0x00, 0x06, 0x00, 0x00, 0x00, 0x06, 0x00, 0x00, 0x00, 0x08, 0x00, 0x00, 0x00, 0x00, 0x00, 0x00, 0x00, 0x00, 0x00, 0x00, 0x01, 0x19, 0x00, 0x00, 0x00, 0x09, 0x00, 0x00, 0x00, 0x06,
  0x00, 0x00, 0x00, 0x06, 0x00, 0x00, 0x00, 0x06, 0x00, 0x00, 0x00, 0x00, 0x00, 0x00, 0x00, 0x00, 0x00, 0x00, 0x01, 0x1A, 0x00, 0x00, 0x00, 0x0A, 0x00, 0x00, 0x00, 0x06, 0x00, 0x00, 0x00, 0x06, 0x00, 0x00, 0x00, 0x0A, 0x00, 0x00, 0x00, 0x00,
  0x00, 0x00, 0x00, 0x00, 0x00, 0x00, 0x01, 0x1B, 0x00, 0x00, 0x00, 0x09, 0x00, 0x00, 0x00, 0x06, 0x00, 0x00, 0x00, 0x06, 0x00, 0x00, 0x00, 0x08, 0x00, 0x00, 0x00, 0x00, 0x00, 0x00, 0x00, 0x00, 0x00, 0x00, 0x01, 0x31, 0x00, 0x00, 0x00, 0x06,
  0x00, 0x00, 0x00, 0x06, 0x00, 0x00, 0x00, 0x06, 0x00, 0x00, 0x00, 0x06, 0x00, 0x00, 0x00, 0x00, 0x00, 0x00, 0x00, 0x00, 0x00, 0x00, 0x01, 0x39, 0x00, 0x00, 0x00, 0x0A, 0x00, 0x00, 0x00, 0x06, 0x00, 0x00, 0x00, 0x06, 0x00, 0x00, 0x00, 0x0A,
  0x00, 0x00, 0x00, 0x00, 0x00, 0x00, 0x00, 0x00, 0x00, 0x00, 0x01, 0x3A, 0x00, 0x00, 0x00, 0x0A, 0x00, 0x00, 0x00, 0x06, 0x00, 0x00, 0x00, 0x06, 0x00, 0x00, 0x00, 0x0A, 0x00, 0x00, 0x00, 0x00, 0x00, 0x00, 0x00, 0x00, 0x00, 0x00, 0x01, 0x3D,
  0x00, 0x00, 0x00, 0x08, 0x00, 0x00, 0x00, 0x06, 0x00, 0x00, 0x00, 0x06, 0x00, 0x00, 0x00, 0x08, 0x00, 0x00, 0x00, 0x00, 0x00, 0x00, 0x00, 0x00, 0x00, 0x00, 0x01, 0x3E, 0x00, 0x00, 0x00, 0x08, 0x00, 0x00, 0x00, 0x06, 0x00, 0x00, 0x00, 0x06,
  0x00, 0x00, 0x00, 0x08, 0x00, 0x00, 0x00, 0x00, 0x00, 0x00, 0x00, 0x00, 0x00, 0x00, 0x01, 0x41, 0x00, 0x00, 0x00, 0x08, 0x00, 0x00, 0x00, 0x06, 0x00, 0x00, 0x00, 0x06, 0x00, 0x00, 0x00, 0x08, 0x00, 0x00, 0x00, 0x00, 0x00, 0x00, 0x00, 0x00,
  0x00, 0x00, 0x01, 0x42, 0x00, 0x00, 0x00, 0x08, 0x00, 0x00, 0x00, 0x06, 0x00, 0x00, 0x00, 0x06, 0x00, 0x00, 0x00, 0x08, 0x00, 0x00, 0x00, 0x00, 0x00, 0x00, 0x00, 0x00, 0x00, 0x00, 0x01, 0x43, 0x00, 0x00, 0x00, 0x0A, 0x00, 0x00, 0x00, 0x06,
  0x00, 0x00, 0x00, 0x06, 0x00, 0x00, 0x00, 0x0A, 0x00, 0x00, 0x00, 0x00, 0x00, 0x00, 0x00, 0x00, 0x00, 0x00, 0x01, 0x44, 0x00, 0x00, 0x00, 0x08, 0x00, 0x00, 0x00, 0x06, 0x00, 0x00, 0x00, 0x06, 0x00, 0x00, 0x00, 0x08, 0x00, 0x00, 0x00, 0x00,
  0x00, 0x00, 0x00, 0x00, 0x00, 0x00, 0x01, 0x47, 0x00, 0x00, 0x00, 0x0A, 0x00, 0x00, 0x00, 0x06, 0x00, 0x00, 0x00, 0x06, 0x00, 0x00, 0x00, 0x0A, 0x00, 0x00, 0x00, 0x00, 0x00, 0x00, 0x00, 0x00, 0x00, 0x00, 0x01, 0x48, 0x00, 0x00, 0x00, 0x08,
  0x00, 0x00, 0x00, 0x06, 0x00, 0x00, 0x00, 0x06, 0x00, 0x00, 0x00, 0x08, 0x00, 0x00, 0x00, 0x00, 0x00, 0x00, 0x00, 0x00, 0x00, 0x00, 0x01, 0x50, 0x00, 0x00, 0x00, 0x0B, 0x00, 0x00, 0x00, 0x06, 0x00, 0x00, 0x00, 0x06, 0x00, 0x00, 0x00, 0x0A,
  0x00, 0x00, 0x00, 0x00, 0x00, 0x00, 0x00, 0x00, 0x00, 0x00, 0x01, 0x51, 0x00, 0x00, 0x00, 0x09, 0x00, 0x00, 0x00, 0x06, 0x00, 0x00, 0x00, 0x06, 0x00, 0x00, 0x00, 0x08, 0x00, 0x00, 0x00, 0x00, 0x00, 0x00, 0x00, 0x00, 0x00, 0x00, 0x01, 0x52,
  0x00, 0x00, 0x00, 0x09, 0x00, 0x00, 0x00, 0x06, 0x00, 0x00, 0x00, 0x06, 0x00, 0x00, 0x00, 0x08, 0x00, 0x00, 0x00, 0x00, 0x00, 0x00, 0x00, 0x00, 0x00, 0x00, 0x01, 0x53, 0x00, 0x00, 0x00, 0x07, 0x00, 0x00, 0x00, 0x06, 0x00, 0x00, 0x00, 0x06,
  0x00, 0x00, 0x00, 0x06, 0x00, 0x00, 0x00, 0x00, 0x00, 0x00, 0x00, 0x00, 0x00, 0x00, 0x01, 0x54, 0x00, 0x00, 0x00, 0x0A, 0x00, 0x00, 0x00, 0x06, 0x00, 0x00, 0x00, 0x06, 0x00, 0x00, 0x00, 0x0A, 0x00, 0x00, 0x00, 0x00, 0x00, 0x00, 0x00, 0x00,
  0x00, 0x00, 0x01, 0x55, 0x00, 0x00, 0x00, 0x08, 0x00, 0x00, 0x00, 0x05, 0x00, 0x00, 0x00, 0x06, 0x00, 0x00, 0x00, 0x08, 0x00, 0x00, 0x00, 0x01, 0x00, 0x00, 0x00, 0x00, 0x00, 0x00, 0x01, 0x58, 0x00, 0x00, 0x00, 0x0A, 0x00, 0x00, 0x00, 0x06,
  0x00, 0x00, 0x00, 0x06, 0x00, 0x00, 0x00, 0x0A, 0x00, 0x00, 0x00, 0x00, 0x00, 0x00, 0x00, 0x00, 0x00, 0x00, 0x01, 0x59, 0x00, 0x00, 0x00, 0x08, 0x00, 0x00, 0x00, 0x05, 0x00, 0x00, 0x00, 0x06, 0x00, 0x00, 0x00, 0x08, 0x00, 0x00, 0x00, 0x01,
  0x00, 0x00, 0x00, 0x00, 0x00, 0x00, 0x01, 0x5A, 0x00, 0x00, 0x00, 0x0B, 0x00, 0x00, 0x00, 0x06, 0x00, 0x00, 0x00, 0x06, 0x00, 0x00, 0x00, 0x0A, 0x00, 0x00, 0x00, 0x00, 0x00, 0x00, 0x00, 0x00, 0x00, 0x00, 0x01, 0x5B, 0x00, 0x00, 0x00, 0x09,
  0x00, 0x00, 0x00, 0x06, 0x00, 0x00, 0x00, 0x06, 0x00, 0x00, 0x00, 0x08, 0x00, 0x00, 0x00, 0x00, 0x00, 0x00, 0x00, 0x00, 0x00, 0x00, 0x01, 0x5E, 0x00, 0x00, 0x00, 0x0B, 0x00, 0x00, 0x00, 0x06, 0x00, 0x00, 0x00, 0x06, 0x00, 0x00, 0x00, 0x08,
  0x00, 0x00, 0x00, 0x00, 0x00, 0x00, 0x00, 0x00, 0x00, 0x00, 0x01, 0x5F, 0x00, 0x00, 0x00, 0x09, 0x00, 0x00, 0x00, 0x06, 0x00, 0x00, 0x00, 0x06, 0x00, 0x00, 0x00, 0x06, 0x00, 0x00, 0x00, 0x00, 0x00, 0x00, 0x00, 0x00, 0x00, 0x00, 0x01, 0x60,
  0x00, 0x00, 0x00, 0x0B, 0x00, 0x00, 0x00, 0x06, 0x00, 0x00, 0x00, 0x06, 0x00, 0x00, 0x00, 0x0A, 0x00, 0x00, 0x00, 0x00, 0x00, 0x00, 0x00, 0x00, 0x00, 0x00, 0x01, 0x61, 0x00, 0x00, 0x00, 0x09, 0x00, 0x00, 0x00, 0x06, 0x00, 0x00, 0x00, 0x06,
  0x00, 0x00, 0x00, 0x08, 0x00, 0x00, 0x00, 0x00, 0x00, 0x00, 0x00, 0x00, 0x00, 0x00, 0x01, 0x62, 0x00, 0x00, 0x00, 0x0B, 0x00, 0x00, 0x00, 0x06, 0x00, 0x00, 0x00, 0x06, 0x00, 0x00, 0x00, 0x08, 0x00, 0x00, 0x00, 0x00, 0x00, 0x00, 0x00, 0x00,
  0x00, 0x00, 0x01, 0x63, 0x00, 0x00, 0x00, 0x0A, 0x00, 0x00, 0x00, 0x06, 0x00, 0x00, 0x00, 0x06, 0x00, 0x00, 0x00, 0x07, 0x00, 0x00, 0x00, 0x00, 0x00, 0x00, 0x00, 0x00, 0x00, 0x00, 0x01, 0x64, 0x00, 0x00, 0x00, 0x0A, 0x00, 0x00, 0x00, 0x06,
  0x00, 0x00, 0x00, 0x06, 0x00, 0x00, 0x00, 0x0A, 0x00, 0x00, 0x00, 0x00, 0x00, 0x00, 0x00, 0x00, 0x00, 0x00, 0x01, 0x65, 0x00, 0x00, 0x00, 0x0A, 0x00, 0x00, 0x00, 0x06, 0x00, 0x00, 0x00, 0x06, 0x00, 0x00, 0x00, 0x09, 0x00, 0x00, 0x00, 0x00,
  0x00, 0x00, 0x00, 0x00, 0x00, 0x00, 0x01, 0x6E, 0x00, 0x00, 0x00, 0x0B, 0x00, 0x00, 0x00, 0x06, 0x00, 0x00, 0x00, 0x06, 0x00, 0x00, 0x00, 0x0A, 0x00, 0x00, 0x00, 0x00, 0x00, 0x00, 0x00, 0x00, 0x00, 0x00, 0x01, 0x6F, 0x00, 0x00, 0x00, 0x09,
  0x00, 0x00, 0x00, 0x06, 0x00, 0x00, 0x00, 0x06, 0x00, 0x00, 0x00, 0x08, 0x00, 0x00, 0x00, 0x00, 0x00, 0x00, 0x00, 0x00, 0x00, 0x00, 0x01, 0x70, 0x00, 0x00, 0x00, 0x0B, 0x00, 0x00, 0x00, 0x06, 0x00, 0x00, 0x00, 0x06, 0x00, 0x00, 0x00, 0x0A,
  0x00, 0x00, 0x00, 0x00, 0x00, 0x00, 0x00, 0x00, 0x00, 0x00, 0x01, 0x71, 0x00, 0x00, 0x00, 0x09, 0x00, 0x00, 0x00, 0x06, 0x00, 0x00, 0x00, 0x06, 0x00, 0x00, 0x00, 0x08, 0x00, 0x00, 0x00, 0x00, 0x00, 0x00, 0x00, 0x00, 0x00, 0x00, 0x01, 0x78,
  0x00, 0x00, 0x00, 0x0A, 0x00, 0x00, 0x00, 0x06, 0x00, 0x00, 0x00, 0x06, 0x00, 0x00, 0x00, 0x0A, 0x00, 0x00, 0x00, 0x00, 0x00, 0x00, 0x00, 0x00, 0x00, 0x00, 0x01, 0x79, 0x00, 0x00, 0x00, 0x0A, 0x00, 0x00, 0x00, 0x06, 0x00, 0x00, 0x00, 0x06,
  0x00, 0x00, 0x00, 0x0A, 0x00, 0x00, 0x00, 0x00, 0x00, 0x00, 0x00, 0x00, 0x00, 0x00, 0x01, 0x7A, 0x00, 0x00, 0x00, 0x08, 0x00, 0x00, 0x00, 0x06, 0x00, 0x00, 0x00, 0x06, 0x00, 0x00, 0x00, 0x08, 0x00, 0x00, 0x00, 0x00, 0x00, 0x00, 0x00, 0x00,
  0x00, 0x00, 0x01, 0x7B, 0x00, 0x00, 0x00, 0x0A, 0x00, 0x00, 0x00, 0x06, 0x00, 0x00, 0x00, 0x06, 0x00, 0x00, 0x00, 0x0A, 0x00, 0x00, 0x00, 0x00, 0x00, 0x00, 0x00, 0x00, 0x00, 0x00, 0x01, 0x7C, 0x00, 0x00, 0x00, 0x08, 0x00, 0x00, 0x00, 0x06,
  0x00, 0x00, 0x00, 0x06, 0x00, 0x00, 0x00, 0x08, 0x00, 0x00, 0x00, 0x00, 0x00, 0x00, 0x00, 0x00, 0x00, 0x00, 0x01, 0x7D, 0x00, 0x00, 0x00, 0x0A, 0x00, 0x00, 0x00, 0x06, 0x00, 0x00, 0x00, 0x06, 0x00, 0x00, 0x00, 0x0A, 0x00, 0x00, 0x00, 0x00,
  0x00, 0x00, 0x00, 0x00, 0x00, 0x00, 0x01, 0x7E, 0x00, 0x00, 0x00, 0x08, 0x00, 0x00, 0x00, 0x06, 0x00, 0x00, 0x00, 0x06, 0x00, 0x00, 0x00, 0x08, 0x00, 0x00, 0x00, 0x00, 0x00, 0x00, 0x00, 0x00, 0x00, 0x00, 0x01, 0x92, 0x00, 0x00, 0x00, 0x0B,
  0x00, 0x00, 0x00, 0x06, 0x00, 0x00, 0x00, 0x06, 0x00, 0x00, 0x00, 0x08, 0x00, 0x00, 0x00, 0x00, 0x00, 0x00, 0x00, 0x00, 0x00, 0x00, 0x02, 0xC6, 0x00, 0x00, 0x00, 0x02, 0x00, 0x00, 0x00, 0x04, 0x00, 0x00, 0x00, 0x06, 0x00, 0x00, 0x00, 0x08,
  0x00, 0x00, 0x00, 0x00, 0x00, 0x00, 0x00, 0x00, 0x00, 0x00, 0x02, 0xC7, 0x00, 0x00, 0x00, 0x02, 0x00, 0x00, 0x00, 0x04, 0x00, 0x00, 0x00, 0x06, 0x00, 0x00, 0x00, 0x08, 0x00, 0x00, 0x00, 0x01, 0x00, 0x00, 0x00, 0x00, 0x00, 0x00, 0x02, 0xD8,
  0x00, 0x00, 0x00, 0x03, 0x00, 0x00, 0x00, 0x04, 0x00, 0x00, 0x00, 0x06, 0x00, 0x00, 0x00, 0x08, 0x00, 0x00, 0x00, 0x01, 0x00, 0x00, 0x00, 0x00, 0x00, 0x00, 0x02, 0xD9, 0x00, 0x00, 0x00, 0x02, 0x00, 0x00, 0x00, 0x02, 0x00, 0x00, 0x00, 0x06,
  0x00, 0x00, 0x00, 0x08, 0x00, 0x00, 0x00, 0x02, 0x00, 0x00, 0x00, 0x00, 0x00, 0x00, 0x02, 0xDA, 0x00, 0x00, 0x00, 0x03, 0x00, 0x00, 0x00, 0x02, 0x00, 0x00, 0x00, 0x06, 0x00, 0x00, 0x00, 0x08, 0x00, 0x00, 0x00, 0x02, 0x00, 0x00, 0x00, 0x00,
  0x00, 0x00, 0x02, 0xDB, 0x00, 0x00, 0x00, 0x04, 0x00, 0x00, 0x00, 0x03, 0x00, 0x00, 0x00, 0x06, 0x00, 0x00, 0x00, 0x01, 0x00, 0x00, 0x00, 0x01, 0x00, 0x00, 0x00, 0x00, 0x00, 0x00, 0x02, 0xDC, 0x00, 0x00, 0x00, 0x02, 0x00, 0x00, 0x00, 0x04,
  0x00, 0x00, 0x00, 0x06, 0x00, 0x00, 0x00, 0x08, 0x00, 0x00, 0x00, 0x00, 0x00, 0x00, 0x00, 0x00, 0x00, 0x00, 0x02, 0xDD, 0x00, 0x00, 0x00, 0x02, 0x00, 0x00, 0x00, 0x04, 0x00, 0x00, 0x00, 0x06, 0x00, 0x00, 0x00, 0x08, 0x00, 0x00, 0x00, 0x01,
  0x00, 0x00, 0x00, 0x00, 0x00, 0x00, 0x03, 0xA9, 0x00, 0x00, 0x00, 0x08, 0x00, 0x00, 0x00, 0x06, 0x00, 0x00, 0x00, 0x06, 0x00, 0x00, 0x00, 0x08, 0x00, 0x00, 0x00, 0x00, 0x00, 0x00, 0x00, 0x00, 0x00, 0x00, 0x03, 0xC0, 0x00, 0x00, 0x00, 0x07,
  0x00, 0x00, 0x00, 0x06, 0x00, 0x00, 0x00, 0x06, 0x00, 0x00, 0x00, 0x06, 0x00, 0x00, 0x00, 0x00, 0x00, 0x00, 0x00, 0x00, 0x00, 0x00, 0x20, 0x13, 0x00, 0x00, 0x00, 0x01, 0x00, 0x00, 0x00, 0x06, 0x00, 0x00, 0x00, 0x06, 0x00, 0x00, 0x00, 0x04,
  0x00, 0x00, 0x00, 0x00, 0x00, 0x00, 0x00, 0x00, 0x00, 0x00, 0x20, 0x14, 0x00, 0x00, 0x00, 0x01, 0x00, 0x00, 0x00, 0x06, 0x00, 0x00, 0x00, 0x06, 0x00, 0x00, 0x00, 0x04, 0x00, 0x00, 0x00, 0x00, 0x00, 0x00, 0x00, 0x00, 0x00, 0x00, 0x20, 0x18,
  0x00, 0x00, 0x00, 0x03, 0x00, 0x00, 0x00, 0x02, 0x00, 0x00, 0x00, 0x06, 0x00, 0x00, 0x00, 0x08, 0x00, 0x00, 0x00, 0x02, 0x00, 0x00, 0x00, 0x00, 0x00, 0x00, 0x20, 0x19, 0x00, 0x00, 0x00, 0x03, 0x00, 0x00, 0x00, 0x02, 0x00, 0x00, 0x00, 0x06,
  0x00, 0x00, 0x00, 0x08, 0x00, 0x00, 0x00, 0x02, 0x00, 0x00, 0x00, 0x00, 0x00, 0x00, 0x20, 0x1A, 0x00, 0x00, 0x00, 0x04, 0x00, 0x00, 0x00, 0x02, 0x00, 0x00, 0x00, 0x06, 0x00, 0x00, 0x00, 0x02, 0x00, 0x00, 0x00, 0x02, 0x00, 0x00, 0x00, 0x00,
  0x00, 0x00, 0x20, 0x1C, 0x00, 0x00, 0x00, 0x03, 0x00, 0x00, 0x00, 0x04, 0x00, 0x00, 0x00, 0x06, 0x00, 0x00, 0x00, 0x08, 0x00, 0x00, 0x00, 0x01, 0x00, 0x00, 0x00, 0x00, 0x00, 0x00, 0x20, 0x1D, 0x00, 0x00, 0x00, 0x03, 0x00, 0x00, 0x00, 0x04,
  0x00, 0x00, 0x00, 0x06, 0x00, 0x00, 0x00, 0x08, 0x00, 0x00, 0x00, 0x01, 0x00, 0x00, 0x00, 0x00, 0x00, 0x00, 0x20, 0x1E, 0x00, 0x00, 0x00, 0x04, 0x00, 0x00, 0x00, 0x04, 0x00, 0x00, 0x00, 0x06, 0x00, 0x00, 0x00, 0x02, 0x00, 0x00, 0x00, 0x01,
  0x00, 0x00, 0x00, 0x00, 0x00, 0x00, 0x20, 0x20, 0x00, 0x00, 0x00, 0x08, 0x00, 0x00, 0x00, 0x06, 0x00, 0x00, 0x00, 0x06, 0x00, 0x00, 0x00, 0x08, 0x00, 0x00, 0x00, 0x00, 0x00, 0x00, 0x00, 0x00, 0x00, 0x00, 0x20, 0x21, 0x00, 0x00, 0x00, 0x0B,
  0x00, 0x00, 0x00, 0x06, 0x00, 0x00, 0x00, 0x06, 0x00, 0x00, 0x00, 0x08, 0x00, 0x00, 0x00, 0x00, 0x00, 0x00, 0x00, 0x00, 0x00, 0x00, 0x20, 0x22, 0x00, 0x00, 0x00, 0x03, 0x00, 0x00, 0x00, 0x02, 0x00, 0x00, 0x00, 0x06, 0x00, 0x00, 0x00, 0x05,
  0x00, 0x00, 0x00, 0x02, 0x00, 0x00, 0x00, 0x00, 0x00, 0x00, 0x20, 0x26, 0x00, 0x00, 0x00, 0x03, 0x00, 0x00, 0x00, 0x06, 0x00, 0x00, 0x00, 0x06, 0x00, 0x00, 0x00, 0x02, 0x00, 0x00, 0x00, 0x01, 0x00, 0x00, 0x00, 0x00, 0x00, 0x00, 0x20, 0x30,
  0x00, 0x00, 0x00, 0x09, 0x00, 0x00, 0x00, 0x06, 0x00, 0x00, 0x00, 0x06, 0x00, 0x00, 0x00, 0x08, 0x00, 0x00, 0x00, 0x00, 0x00, 0x00, 0x00, 0x00, 0x00, 0x00, 0x20, 0x39, 0x00, 0x00, 0x00, 0x05, 0x00, 0x00, 0x00, 0x03, 0x00, 0x00, 0x00, 0x06,
  0x00, 0x00, 0x00, 0x05, 0x00, 0x00, 0x00, 0x01, 0x00, 0x00, 0x00, 0x00, 0x00, 0x00, 0x20, 0x3A, 0x00, 0x00, 0x00, 0x05, 0x00, 0x00, 0x00, 0x03, 0x00, 0x00, 0x00, 0x06, 0x00, 0x00, 0x00, 0x05, 0x00, 0x00, 0x00, 0x02, 0x00, 0x00, 0x00, 0x00,
  0x00, 0x00, 0x20, 0x44, 0x00, 0x00, 0x00, 0x05, 0x00, 0x00, 0x00, 0x04, 0x00, 0x00, 0x00, 0x06, 0x00, 0x00, 0x00, 0x06, 0x00, 0x00, 0x00, 0x01, 0x00, 0x00, 0x00, 0x00, 0x00, 0x00, 0x20, 0xAC, 0x00, 0x00, 0x00, 0x09, 0x00, 0x00, 0x00, 0x06,
  0x00, 0x00, 0x00, 0x06, 0x00, 0x00, 0x00, 0x08, 0x00, 0x00, 0x00, 0x00, 0x00, 0x00, 0x00, 0x00, 0x00, 0x00, 0x21, 0x22, 0x00, 0x00, 0x00, 0x04, 0x00, 0x00, 0x00, 0x06, 0x00, 0x00, 0x00, 0x06, 0x00, 0x00, 0x00, 0x08, 0x00, 0x00, 0x00, 0x00,
  0x00, 0x00, 0x00, 0x00, 0x00, 0x00, 0x22, 0x02, 0x00, 0x00, 0x00, 0x09, 0x00, 0x00, 0x00, 0x06, 0x00, 0x00, 0x00, 0x06, 0x00, 0x00, 0x00, 0x08, 0x00, 0x00, 0x00, 0x00, 0x00, 0x00, 0x00, 0x00, 0x00, 0x00, 0x22, 0x06, 0x00, 0x00, 0x00, 0x08,
  0x00, 0x00, 0x00, 0x06, 0x00, 0x00, 0x00, 0x06, 0x00, 0x00, 0x00, 0x08, 0x00, 0x00, 0x00, 0x00, 0x00, 0x00, 0x00, 0x00, 0x00, 0x00, 0x22, 0x0F, 0x00, 0x00, 0x00, 0x0A, 0x00, 0x00, 0x00, 0x06, 0x00, 0x00, 0x00, 0x06, 0x00, 0x00, 0x00, 0x08,
  0x00, 0x00, 0x00, 0x00, 0x00, 0x00, 0x00, 0x00, 0x00, 0x00, 0x22, 0x11, 0x00, 0x00, 0x00, 0x0A, 0x00, 0x00, 0x00, 0x06, 0x00, 0x00, 0x00, 0x06, 0x00, 0x00, 0x00, 0x08, 0x00, 0x00, 0x00, 0x00, 0x00, 0x00, 0x00, 0x00, 0x00, 0x00, 0x22, 0x1A,
  0x00, 0x00, 0x00, 0x08, 0x00, 0x00, 0x00, 0x06, 0x00, 0x00, 0x00, 0x06, 0x00, 0x00, 0x00, 0x08, 0x00, 0x00, 0x00, 0x00, 0x00, 0x00, 0x00, 0x00, 0x00, 0x00, 0x22, 0x1E, 0x00, 0x00, 0x00, 0x04, 0x00, 0x00, 0x00, 0x06, 0x00, 0x00, 0x00, 0x06,
  0x00, 0x00, 0x00, 0x05, 0x00, 0x00, 0x00, 0x00, 0x00, 0x00, 0x00, 0x00, 0x00, 0x00, 0x22, 0x2B, 0x00, 0x00, 0x00, 0x0B, 0x00, 0x00, 0x00, 0x04, 0x00, 0x00, 0x00, 0x06, 0x00, 0x00, 0x00, 0x08, 0x00, 0x00, 0x00, 0x01, 0x00, 0x00, 0x00, 0x00,
  0x00, 0x00, 0x22, 0x48, 0x00, 0x00, 0x00, 0x04, 0x00, 0x00, 0x00, 0x06, 0x00, 0x00, 0x00, 0x06, 0x00, 0x00, 0x00, 0x05, 0x00, 0x00, 0x00, 0x00, 0x00, 0x00, 0x00, 0x00, 0x00, 0x00, 0x22, 0x60, 0x00, 0x00, 0x00, 0x06, 0x00, 0x00, 0x00, 0x06,
  0x00, 0x00, 0x00, 0x06, 0x00, 0x00, 0x00, 0x06, 0x00, 0x00, 0x00, 0x00, 0x00, 0x00, 0x00, 0x00, 0x00, 0x00, 0x22, 0x64, 0x00, 0x00, 0x00, 0x06, 0x00, 0x00, 0x00, 0x06, 0x00, 0x00, 0x00, 0x06, 0x00, 0x00, 0x00, 0x06, 0x00, 0x00, 0x00, 0x00,
  0x00, 0x00, 0x00, 0x00, 0x00, 0x00, 0x22, 0x65, 0x00, 0x00, 0x00, 0x06, 0x00, 0x00, 0x00, 0x06, 0x00, 0x00, 0x00, 0x06, 0x00, 0x00, 0x00, 0x06, 0x00, 0x00, 0x00, 0x00, 0x00, 0x00, 0x00, 0x00, 0x00, 0x00, 0x25, 0xCA, 0x00, 0x00, 0x00, 0x08,
  0x00, 0x00, 0x00, 0x06, 0x00, 0x00, 0x00, 0x06, 0x00, 0x00, 0x00, 0x08, 0x00, 0x00, 0x00, 0x00, 0x00, 0x00, 0x00, 0x00, 0x0E, 0x0A, 0x87, 0x5F, 0x87, 0x5F, 0x87, 0x5F, 0x87, 0x5F, 0x5F, 0x43, 0x00, 0x00, 0x7F, 0x5D, 0x01, 0x00, 0x21, 0x3B,
  0x41, 0x1A, 0x43, 0x70, 0x83, 0x2D, 0x39, 0x53, 0x6F, 0x1C, 0x00, 0x00, 0x0F, 0x04, 0x0F, 0x03, 0x00, 0x00, 0xA5, 0x0C, 0xA7, 0x09, 0x06, 0x13, 0xB9, 0x13, 0xB9, 0x0E, 0x31, 0xA4, 0xD4, 0xA4, 0xD3, 0x71, 0x00, 0x40, 0x73, 0x42, 0x6F, 0x00,
  0x78, 0xCB, 0xC7, 0xCC, 0xC6, 0x40, 0x00, 0xA0, 0x0F, 0xA4, 0x0F, 0x00, 0x00, 0xAF, 0x00, 0xB3, 0x00, 0x00, 0x00, 0x00, 0x0C, 0x25, 0x00, 0x00, 0x00, 0x00, 0x3F, 0x9A, 0x01, 0x00, 0x00, 0x72, 0xC8, 0xB0, 0xB7, 0x00, 0x00, 0xE1, 0x08, 0x00,
  0xBE, 0x2D, 0x00, 0xBB, 0x67, 0x03, 0x0C, 0x05, 0x00, 0x16, 0xA0, 0xD9, 0x60, 0x00, 0x04, 0x10, 0x00, 0x15, 0xD3, 0x2F, 0x1A, 0xD5, 0x02, 0x00, 0xAE, 0x46, 0x00, 0x86, 0xCD, 0xC4, 0xAF, 0x04, 0x00, 0x00, 0x47, 0x77, 0x00, 0x00, 0x00, 0x00,
  0x01, 0x01, 0x00, 0x00, 0x03, 0x2B, 0x04, 0x00, 0x00, 0x00, 0x90, 0x77, 0x96, 0x00, 0x18, 0x00, 0xAB, 0x00, 0xAC, 0x41, 0x73, 0x00, 0x60, 0xA1, 0x69, 0xAB, 0x07, 0x00, 0x00, 0x00, 0x59, 0x59, 0x01, 0x00, 0x00, 0x06, 0xAA, 0x82, 0x9F, 0x6F,
  0x00, 0x62, 0x41, 0xAB, 0x00, 0xAA, 0x00, 0x01, 0x00, 0x8D, 0x92, 0x7B, 0x00, 0x00, 0x00, 0x00, 0x0F, 0x00, 0x00, 0x00, 0x24, 0x15, 0x00, 0x00, 0x00, 0x82, 0xB5, 0xCC, 0x2B, 0x00, 0x00, 0xD3, 0x15, 0x7C, 0x5D, 0x00, 0x00, 0x8F, 0xA5, 0xB3,
  0x0A, 0x00, 0x00, 0x91, 0xF2, 0x35, 0x0D, 0x2C, 0x51, 0xAE, 0x2B, 0xD0, 0x5D, 0x82, 0x69, 0x82, 0x00, 0x64, 0xF8, 0x24, 0x10, 0xC1, 0xAF, 0xC4, 0xC0, 0x70, 0x00, 0x00, 0x0E, 0x02, 0x00, 0x00, 0x49, 0x17, 0x95, 0x29, 0x7F, 0x18, 0x00, 0x00,
  0x7C, 0x2C, 0x00, 0x4A, 0x8D, 0x00, 0x00, 0xC0, 0x17, 0x00, 0x11, 0xCB, 0x00, 0x00, 0x33, 0xAD, 0x00, 0x00, 0x38, 0xA8, 0x00, 0x00, 0x1D, 0xBF, 0x00, 0x00, 0x00, 0xCF, 0x07, 0x00, 0x00, 0x73, 0x61, 0x00, 0x00, 0x04, 0xAB, 0x1F, 0x00, 0x00,
  0x07, 0x0C, 0x42, 0x64, 0x00, 0x00, 0x00, 0xA4, 0x30, 0x00, 0x00, 0x31, 0xA7, 0x00, 0x00, 0x00, 0xDD, 0x02, 0x00, 0x00, 0xCE, 0x16, 0x00, 0x00, 0xC9, 0x1C, 0x00, 0x00, 0xDA, 0x06, 0x00, 0x19, 0xBE, 0x00, 0x00, 0x7C, 0x53, 0x00, 0x30, 0x9B,
  0x00, 0x00, 0x11, 0x02, 0x00, 0x00, 0x00, 0x00, 0x08, 0x10, 0x00, 0x00, 0x00, 0x00, 0x42, 0x88, 0x00, 0x00, 0x10, 0x99, 0x61, 0x8C, 0x75, 0x3A, 0x05, 0x3F, 0xBF, 0xE1, 0x5A, 0x13, 0x00, 0x31, 0xB4, 0x90, 0x57, 0x00, 0x00, 0x3B, 0x29, 0x0F,
  0x5F, 0x00, 0x00, 0x00, 0x63, 0x6A, 0x00, 0x00, 0x00, 0x00, 0x6F, 0x77, 0x00, 0x00, 0x57, 0xCF, 0xE4, 0xE6, 0xCF, 0x5E, 0x08, 0x13, 0x7B, 0x82, 0x13, 0x09, 0x00, 0x00, 0x6F, 0x77, 0x00, 0x00, 0x00, 0x00, 0x1F, 0x21, 0x00, 0x00, 0x00, 0x0D,
  0x02, 0x00, 0xD8, 0x22, 0x03, 0xE2, 0x04, 0x15, 0x50, 0x00, 0x74, 0x7B, 0x7B, 0x62, 0x3F, 0x43, 0x43, 0x36, 0x10, 0x20, 0x7A, 0xBB, 0x00, 0x05, 0x00, 0x00, 0x00, 0x16, 0x00, 0x00, 0x10, 0xBB, 0x00, 0x00, 0x6A, 0x61, 0x00, 0x00, 0xC1, 0x0C,
  0x00, 0x2F, 0x9D, 0x00, 0x00, 0x92, 0x3B, 0x00, 0x07, 0xC7, 0x00, 0x00, 0x57, 0x77, 0x00, 0x00, 0x65, 0x19, 0x00, 0x00, 0x00, 0x00, 0x1E, 0x1F, 0x00, 0x00, 0x00, 0x90, 0xAC, 0xAA, 0x93, 0x00, 0x1F, 0xC2, 0x00, 0x00, 0xBF, 0x22, 0x45, 0x9E,
  0x00, 0x59, 0xEF, 0x49, 0x4B, 0xA3, 0x94, 0x89, 0x9B, 0x4F, 0x43, 0xED, 0x4D, 0x00, 0x9C, 0x47, 0x1A, 0xCA, 0x00, 0x00, 0xC8, 0x1D, 0x00, 0x77, 0xC0, 0xBE, 0x79, 0x00, 0x00, 0x00, 0x06, 0x06, 0x00, 0x00, 0x00, 0x00, 0x06, 0x42, 0xA4, 0xBF,
  0x8E, 0x4F, 0xC7, 0x00, 0x1F, 0xC7, 0x00, 0x1F, 0xC7, 0x00, 0x1F, 0xC7, 0x00, 0x1F, 0xC7, 0x00, 0x1F, 0xC7, 0x00, 0x03, 0x26, 0x10, 0x00, 0x00, 0x15, 0xC7, 0x96, 0xC9, 0x5E, 0x00, 0x79, 0x6B, 0x00, 0x1D, 0xD3, 0x00, 0x00, 0x00, 0x00, 0x38,
  0xB4, 0x00, 0x00, 0x00, 0x10, 0xCA, 0x29, 0x00, 0x00, 0x08, 0xBC, 0x47, 0x00, 0x00, 0x02, 0xAC, 0x59, 0x00, 0x00, 0x00, 0x66, 0xEF, 0xBB, 0xBB, 0xBB, 0x26, 0x00, 0x03, 0x27, 0x12, 0x00, 0x14, 0xC8, 0x97, 0xC4, 0x5D, 0x4E, 0x63, 0x00, 0x1B,
  0xCC, 0x00, 0x00, 0x02, 0x61, 0xA2, 0x00, 0x11, 0xC1, 0xE8, 0x3C, 0x00, 0x00, 0x00, 0x1D, 0xDB, 0x66, 0x6B, 0x00, 0x0F, 0xDB, 0x13, 0xBF, 0xB0, 0xC7, 0x51, 0x00, 0x00, 0x0D, 0x01, 0x00, 0x00, 0x00, 0x00, 0x0D, 0x0E, 0x00, 0x00, 0x00, 0x05,
  0xD3, 0x83, 0x00, 0x00, 0x00, 0x7E, 0xC2, 0x83, 0x00, 0x00, 0x2B, 0xB4, 0x64, 0x83, 0x00, 0x02, 0xBD, 0x21, 0x63, 0x83, 0x00, 0x6D, 0xBC, 0x63, 0xA0, 0xB4, 0x31, 0x38, 0x57, 0x57, 0x99, 0xAE, 0x2B, 0x00, 0x00, 0x00, 0x63, 0x83, 0x00, 0x00,
  0x0D, 0x1B, 0x1B, 0x1B, 0x04, 0x00, 0x87, 0xD4, 0xC3, 0xC3, 0x21, 0x00, 0xA1, 0x37, 0x00, 0x00, 0x00, 0x00, 0xBB, 0x92, 0x95, 0x3A, 0x00, 0x00, 0x6F, 0x49, 0x4A, 0xE2, 0x1B, 0x00, 0x00, 0x00, 0x00, 0x90, 0x57, 0x03, 0xBF, 0x05, 0x00, 0xAF,
  0x40, 0x00, 0x65, 0xC8, 0xB9, 0xA5, 0x01, 0x00, 0x00, 0x05, 0x09, 0x00, 0x00, 0x00, 0x00, 0x00, 0x06, 0x04, 0x00, 0x00, 0x20, 0xB8, 0xCA, 0x22, 0x00, 0x00, 0xC9, 0x43, 0x00, 0x00, 0x00, 0x23, 0xC7, 0x83, 0x92, 0x26, 0x00, 0x42, 0xE7, 0x3B,
  0x47, 0xDA, 0x04, 0x48, 0xA2, 0x00, 0x00, 0xBE, 0x25, 0x19, 0xD3, 0x04, 0x03, 0xD9, 0x0F, 0x00, 0x6E, 0xC7, 0xC8, 0x6E, 0x00, 0x00, 0x00, 0x05, 0x05, 0x00, 0x00, 0x0C, 0x1B, 0x1B, 0x1B, 0x1B, 0x0A, 0x4F, 0xAF, 0xAF, 0xAF, 0xE6, 0x46, 0x00,
  0x00, 0x00, 0x0D, 0xCA, 0x02, 0x00, 0x00, 0x00, 0x74, 0x69, 0x00, 0x00, 0x00, 0x06, 0xD2, 0x0A, 0x00, 0x00, 0x00, 0x62, 0x85, 0x00, 0x00, 0x00, 0x01, 0xD1, 0x19, 0x00, 0x00, 0x00, 0x50, 0xA0, 0x00, 0x00, 0x00, 0x00, 0x00, 0x18, 0x22, 0x00,
  0x00, 0x00, 0x77, 0xBE, 0xA5, 0xB1, 0x02, 0x00, 0xE3, 0x06, 0x00, 0xC3, 0x28, 0x00, 0xC0, 0x43, 0x22, 0xD3, 0x0E, 0x00, 0x58, 0xDF, 0xCF, 0x96, 0x00, 0x0D, 0xDA, 0x08, 0x00, 0xAF, 0x40, 0x0F, 0xDC, 0x02, 0x00, 0xA2, 0x4B, 0x00, 0x77, 0xC6,
  0xB7, 0xA8, 0x04, 0x00, 0x00, 0x05, 0x0A, 0x00, 0x00, 0x00, 0x00, 0x1B, 0x14, 0x00, 0x00, 0x00, 0x9A, 0xB0, 0xC5, 0x70, 0x00, 0x25, 0xC3, 0x00, 0x06, 0xDA, 0x08, 0x39, 0xA8, 0x00, 0x00, 0xBA, 0x2B, 0x0A, 0xDC, 0x43, 0x52, 0xF4, 0x24, 0x00,
  0x2B, 0x8F, 0x75, 0xD1, 0x08, 0x00, 0x00, 0x00, 0x58, 0xAA, 0x00, 0x00, 0x36, 0xD4, 0xA6, 0x11, 0x00, 0x10, 0x20, 0x7A, 0xBB, 0x00, 0x05, 0x00, 0x00, 0x10, 0x20, 0x7A, 0xBB, 0x00, 0x05, 0x10, 0x20, 0x00, 0x7A, 0xBB, 0x00, 0x00, 0x05, 0x00,
  0x00, 0x00, 0x00, 0x00, 0x0D, 0x02, 0x00, 0xD8, 0x22, 0x03, 0xE2, 0x04, 0x15, 0x50, 0x00, 0x00, 0x00, 0x00, 0x00, 0x25, 0x00, 0x00, 0x41, 0xB3, 0xC1, 0x18, 0xC9, 0x91, 0x2B, 0x00, 0x09, 0x7D, 0xC4, 0x7A, 0x1C, 0x00, 0x00, 0x07, 0x63, 0xCB,
  0x17, 0x97, 0x97, 0x97, 0x97, 0x1E, 0x07, 0x2F, 0x2F, 0x2F, 0x2F, 0x09, 0x16, 0x8F, 0x8F, 0x8F, 0x8F, 0x1D, 0x08, 0x37, 0x37, 0x37, 0x37, 0x0B, 0x0B, 0x1E, 0x00, 0x00, 0x00, 0x00, 0x12, 0xC7, 0xAD, 0x3F, 0x00, 0x00, 0x00, 0x00, 0x2A, 0x8C,
  0xCA, 0x1B, 0x00, 0x24, 0x83, 0xC6, 0x7B, 0x0A, 0x1D, 0xC3, 0x56, 0x04, 0x00, 0x00, 0x00, 0x00, 0x1D, 0x23, 0x00, 0x00, 0x00, 0x9B, 0xB9, 0xB0, 0xAE, 0x00, 0x02, 0x7E, 0x00, 0x00, 0xD3, 0x13, 0x00, 0x00, 0x00, 0x22, 0xD6, 0x02, 0x00, 0x00,
  0x18, 0xCD, 0x35, 0x00, 0x00, 0x00, 0x77, 0x77, 0x00, 0x00, 0x00, 0x00, 0x00, 0x00, 0x00, 0x00, 0x00, 0x00, 0x7B, 0x63, 0x00, 0x00, 0x00, 0x00, 0x01, 0x00, 0x00, 0x00, 0x00, 0x00, 0x08, 0x0F, 0x00, 0x00, 0x00, 0x54, 0xA8, 0x92, 0x98, 0x05,
  0x1B, 0x8B, 0x41, 0x8F, 0x4F, 0x5D, 0x77, 0x2C, 0x97, 0x5D, 0x2F, 0x87, 0x96, 0x44, 0x55, 0x71, 0x18, 0x84, 0x93, 0x42, 0x88, 0xBA, 0x50, 0x5D, 0x54, 0x5D, 0x5D, 0x2E, 0x59, 0x01, 0x02, 0x88, 0x9E, 0x9F, 0x23, 0x00, 0x00, 0x00, 0x01, 0x03,
  0x00, 0x00, 0x00, 0x00, 0x09, 0x0D, 0x00, 0x00, 0x00, 0x00, 0x82, 0xA4, 0x00, 0x00, 0x00, 0x00, 0xCA, 0xD2, 0x05, 0x00, 0x00, 0x28, 0xAF, 0x91, 0x46, 0x00, 0x00, 0x7A, 0x60, 0x44, 0x97, 0x00, 0x00, 0xCD, 0xAF, 0xA5, 0xE6, 0x01, 0x20, 0xC7,
  0x27, 0x27, 0xAE, 0x39, 0x72, 0x73, 0x00, 0x00, 0x57, 0x8A, 0x04, 0x1B, 0x1B, 0x0A, 0x00, 0x00, 0x27, 0xE9, 0xA8, 0xC2, 0x9E, 0x02, 0x27, 0xBF, 0x00, 0x00, 0xBC, 0x33, 0x27, 0xC4, 0x13, 0x33, 0xD3, 0x16, 0x27, 0xEA, 0xAB, 0xC0, 0xA8, 0x06,
  0x27, 0xBF, 0x00, 0x00, 0x95, 0x5F, 0x27, 0xBF, 0x00, 0x00, 0xA5, 0x55, 0x27, 0xF0, 0xC3, 0xC9, 0x92, 0x02, 0x00, 0x00, 0x1B, 0x1E, 0x00, 0x00, 0x00, 0x92, 0xB1, 0xA7, 0xAE, 0x02, 0x32, 0xB7, 0x00, 0x00, 0xA3, 0x4B, 0x6F, 0x78, 0x00, 0x00,
  0x07, 0x07, 0x7B, 0x6F, 0x00, 0x00, 0x00, 0x00, 0x6C, 0x7B, 0x00, 0x00, 0x11, 0x0F, 0x2A, 0xC3, 0x01, 0x00, 0xAB, 0x43, 0x00, 0x77, 0xC2, 0xBC, 0x91, 0x00, 0x00, 0x00, 0x06, 0x07, 0x00, 0x00, 0x06, 0x1B, 0x16, 0x01, 0x00, 0x00, 0x3F, 0xE0,
  0xA7, 0xCC, 0x54, 0x00, 0x3F, 0xAB, 0x00, 0x0D, 0xCD, 0x27, 0x3F, 0xAB, 0x00, 0x00, 0x73, 0x77, 0x3F, 0xAB, 0x00, 0x00, 0x5D, 0x8A, 0x3F, 0xAB, 0x00, 0x00, 0x77, 0x71, 0x3F, 0xAB, 0x00, 0x16, 0xD4, 0x20, 0x3F, 0xE9, 0xBC, 0xC2, 0x43, 0x00,
  0x03, 0x1B, 0x1B, 0x1B, 0x1B, 0x05, 0x1B, 0xEE, 0xA7, 0xA7, 0xA7, 0x22, 0x1B, 0xCB, 0x00, 0x00, 0x00, 0x00, 0x1B, 0xCE, 0x0B, 0x0B, 0x09, 0x00, 0x1B, 0xF1, 0xB7, 0xB7, 0x8C, 0x00, 0x1B, 0xCB, 0x00, 0x00, 0x00, 0x00, 0x1B, 0xCB, 0x00, 0x00,
  0x00, 0x00, 0x1B, 0xF3, 0xC3, 0xC3, 0xC3, 0x30, 0x01, 0x1B, 0x1B, 0x1B, 0x1B, 0x08, 0x0F, 0xF2, 0xA7, 0xA7, 0xA7, 0x31, 0x0F, 0xD7, 0x00, 0x00, 0x00, 0x00, 0x0F, 0xD7, 0x00, 0x00, 0x00, 0x00, 0x0F, 0xF6, 0xC3, 0xC3, 0x9F, 0x00, 0x0F, 0xD7,
  0x00, 0x00, 0x00, 0x00, 0x0F, 0xD7, 0x00, 0x00, 0x00, 0x00, 0x0F, 0xD7, 0x00, 0x00, 0x00, 0x00, 0x00, 0x00, 0x19, 0x20, 0x00, 0x00, 0x00, 0x8F, 0xB9, 0xAC, 0xAF, 0x03, 0x35, 0xBA, 0x00, 0x00, 0x9B, 0x4C, 0x75, 0x70, 0x00, 0x00, 0x00, 0x00,
  0x83, 0x64, 0x00, 0x7A, 0x8B, 0x3D, 0x70, 0x78, 0x00, 0x30, 0x8D, 0x70, 0x25, 0xCE, 0x06, 0x00, 0x73, 0x72, 0x00, 0x68, 0xCF, 0xB4, 0xBC, 0x21, 0x00, 0x00, 0x04, 0x0E, 0x00, 0x00, 0x08, 0x0E, 0x00, 0x00, 0x0F, 0x08, 0x4F, 0x87, 0x00, 0x00,
  0x8B, 0x4F, 0x4F, 0x87, 0x00, 0x00, 0x8B, 0x4F, 0x4F, 0x8D, 0x0B, 0x0B, 0x91, 0x4F, 0x4F, 0xDE, 0xB7, 0xB7, 0xDF, 0x4F, 0x4F, 0x87, 0x00, 0x00, 0x8B, 0x4F, 0x4F, 0x87, 0x00, 0x00, 0x8B, 0x4F, 0x4F, 0x87, 0x00, 0x00, 0x8B, 0x4F, 0x04, 0x1B,
  0x1B, 0x1B, 0x1B, 0x03, 0x1A, 0xAB, 0xD4, 0xD0, 0xAB, 0x18, 0x00, 0x00, 0x7B, 0x6F, 0x00, 0x00, 0x00, 0x00, 0x7B, 0x6F, 0x00, 0x00, 0x00, 0x00, 0x7B, 0x6F, 0x00, 0x00, 0x00, 0x00, 0x7B, 0x6F, 0x00, 0x00, 0x00, 0x00, 0x7B, 0x6F, 0x00, 0x00,
  0x1F, 0xC7, 0xE3, 0xE0, 0xC7, 0x1C, 0x00, 0x00, 0x00, 0x00, 0x16, 0x03, 0x00, 0x00, 0x00, 0x00, 0xCF, 0x1B, 0x00, 0x00, 0x00, 0x00, 0xCF, 0x1B, 0x00, 0x00, 0x00, 0x00, 0xCF, 0x1B, 0x00, 0x00, 0x00, 0x00, 0xCF, 0x1B, 0x08, 0x06, 0x00, 0x00,
  0xD0, 0x1B, 0x60, 0x91, 0x00, 0x0F, 0xE1, 0x03, 0x06, 0xB0, 0xBD, 0xD0, 0x54, 0x00, 0x00, 0x00, 0x0B, 0x02, 0x00, 0x00, 0x04, 0x15, 0x00, 0x00, 0x0E, 0x10, 0x27, 0xC3, 0x00, 0x14, 0xD6, 0x31, 0x27, 0xC3, 0x03, 0xBC, 0x5B, 0x00, 0x27, 0xC3,
  0x8C, 0x8D, 0x00, 0x00, 0x27, 0xF3, 0xEE, 0x7B, 0x00, 0x00, 0x27, 0xDF, 0x19, 0xDA, 0x2B, 0x00, 0x27, 0xC3, 0x00, 0x47, 0xCA, 0x03, 0x27, 0xC3, 0x00, 0x00, 0x9F, 0x76, 0x00, 0x18, 0x00, 0x00, 0x00, 0x00, 0x07, 0xDF, 0x00, 0x00, 0x00, 0x00,
  0x07, 0xDF, 0x00, 0x00, 0x00, 0x00, 0x07, 0xDF, 0x00, 0x00, 0x00, 0x00, 0x07, 0xDF, 0x00, 0x00, 0x00, 0x00, 0x07, 0xDF, 0x00, 0x00, 0x00, 0x00, 0x07, 0xDF, 0x00, 0x00, 0x00, 0x00, 0x07, 0xF8, 0xC3, 0xC3, 0xC3, 0x43, 0x07, 0x18, 0x00, 0x00,
  0x15, 0x0A, 0x47, 0xFA, 0x10, 0x07, 0xEF, 0x5F, 0x47, 0xED, 0x5D, 0x51, 0xE4, 0x5F, 0x47, 0xA6, 0xAE, 0xAA, 0x95, 0x5F, 0x47, 0x96, 0xB9, 0xBB, 0x7C, 0x5F, 0x47, 0x9B, 0x6F, 0x6C, 0x7F, 0x5F, 0x47, 0x9B, 0x01, 0x01, 0x7F, 0x5F, 0x47, 0x9B,
  0x00, 0x00, 0x7F, 0x5F, 0x08, 0x11, 0x00, 0x00, 0x11, 0x08, 0x4B, 0xE4, 0x08, 0x00, 0x9C, 0x4B, 0x4B, 0xF9, 0x72, 0x00, 0x9D, 0x4B, 0x4B, 0xAA, 0xD4, 0x0D, 0x9E, 0x4B, 0x4B, 0x9E, 0x6E, 0x7D, 0x9F, 0x4B, 0x4B, 0x9D, 0x07, 0xD3, 0xB2, 0x4B,
  0x4B, 0x9C, 0x00, 0x64, 0xFD, 0x4B, 0x4B, 0x9B, 0x00, 0x04, 0xDA, 0x4B, 0x00, 0x00, 0x1C, 0x1B, 0x00, 0x00, 0x00, 0x8E, 0xC0, 0xBD, 0x8D, 0x00, 0x2F, 0xBD, 0x00, 0x00, 0xBF, 0x2E, 0x6F, 0x74, 0x00, 0x00, 0x78, 0x6B, 0x7B, 0x68, 0x00, 0x00,
  0x6C, 0x77, 0x6B, 0x78, 0x00, 0x00, 0x7B, 0x67, 0x26, 0xC8, 0x03, 0x02, 0xC7, 0x25, 0x00, 0x74, 0xD1, 0xD1, 0x74, 0x00, 0x00, 0x00, 0x07, 0x07, 0x00, 0x00, 0x01, 0x1B, 0x1B, 0x0F, 0x00, 0x00, 0x0F, 0xF0, 0x9F, 0xAF, 0xBB, 0x0F, 0x0F, 0xD7,
  0x00, 0x00, 0x76, 0x7A, 0x0F, 0xD7, 0x00, 0x00, 0x71, 0x7E, 0x0F, 0xEF, 0x97, 0xA6, 0xC3, 0x14, 0x0F, 0xDD, 0x23, 0x18, 0x00, 0x00, 0x0F, 0xD7, 0x00, 0x00, 0x00, 0x00, 0x0F, 0xD7, 0x00, 0x00, 0x00, 0x00, 0x00, 0x00, 0x1C, 0x1C, 0x00, 0x00,
  0x00, 0x96, 0xBE, 0xBD, 0x94, 0x00, 0x39, 0xB5, 0x00, 0x00, 0xB4, 0x39, 0x79, 0x6A, 0x00, 0x00, 0x69, 0x78, 0x8B, 0x5C, 0x00, 0x00, 0x5C, 0x87, 0x76, 0x6E, 0x00, 0x00, 0x6D, 0x74, 0x2E, 0xC1, 0x02, 0x01, 0xC0, 0x2F, 0x00, 0x77, 0xCE, 0xD4,
  0xB4, 0x00, 0x00, 0x00, 0x06, 0x19, 0xB7, 0x61, 0x00, 0x00, 0x00, 0x00, 0x03, 0x08, 0x03, 0x1B, 0x1B, 0x09, 0x00, 0x00, 0x1B, 0xEA, 0xA0, 0xBF, 0x9E, 0x02, 0x1B, 0xC7, 0x00, 0x00, 0xAC, 0x43, 0x1B, 0xC7, 0x00, 0x00, 0xAE, 0x48, 0x1B, 0xEB,
  0xA3, 0xC3, 0x9E, 0x02, 0x1B, 0xCD, 0x17, 0x9E, 0x56, 0x00, 0x1B, 0xC7, 0x00, 0x23, 0xD1, 0x02, 0x1B, 0xC7, 0x00, 0x00, 0xA5, 0x57, 0x00, 0x00, 0x1B, 0x21, 0x00, 0x00, 0x00, 0x9C, 0xB8, 0xA9, 0xB9, 0x08, 0x24, 0xD1, 0x00, 0x00, 0x8F, 0x5B,
  0x0B, 0xDC, 0x4E, 0x02, 0x00, 0x00, 0x00, 0x22, 0xA2, 0xDA, 0x6A, 0x00, 0x05, 0x06, 0x00, 0x10, 0xBF, 0x4E, 0x46, 0xB6, 0x00, 0x00, 0x8A, 0x6C, 0x00, 0x86, 0xC7, 0xBC, 0xB6, 0x0E, 0x00, 0x00, 0x03, 0x0B, 0x00, 0x00, 0x11, 0x1B, 0x1B, 0x1B,
  0x1B, 0x11, 0x68, 0xA7, 0xCE, 0xCF, 0xA7, 0x6B, 0x00, 0x00, 0x6F, 0x73, 0x00, 0x00, 0x00, 0x00, 0x6F, 0x73, 0x00, 0x00, 0x00, 0x00, 0x6F, 0x73, 0x00, 0x00, 0x00, 0x00, 0x6F, 0x73, 0x00, 0x00, 0x00, 0x00, 0x6F, 0x73, 0x00, 0x00, 0x00, 0x00,
  0x6F, 0x73, 0x00, 0x00, 0x08, 0x0F, 0x00, 0x00, 0x0F, 0x08, 0x50, 0x8B, 0x00, 0x00, 0x90, 0x4F, 0x51, 0x8C, 0x00, 0x00, 0x91, 0x50, 0x52, 0x8D, 0x00, 0x00, 0x92, 0x51, 0x53, 0x8E, 0x00, 0x00, 0x93, 0x52, 0x51, 0x91, 0x00, 0x00, 0x95, 0x51,
  0x25, 0xC7, 0x02, 0x02, 0xC9, 0x25, 0x00, 0x7B, 0xC8, 0xC8, 0x74, 0x00, 0x00, 0x00, 0x06, 0x05, 0x00, 0x00, 0x11, 0x09, 0x00, 0x00, 0x0A, 0x11, 0x77, 0x7D, 0x00, 0x00, 0x86, 0x6E, 0x26, 0xC8, 0x00, 0x00, 0xD1, 0x1E, 0x00, 0xD3, 0x16, 0x1D,
  0xCC, 0x00, 0x00, 0x84, 0x5F, 0x68, 0x7B, 0x00, 0x00, 0x33, 0xAA, 0xB4, 0x2A, 0x00, 0x00, 0x00, 0xD3, 0xD0, 0x00, 0x00, 0x00, 0x00, 0x90, 0x88, 0x00, 0x00, 0x11, 0x06, 0x09, 0x0C, 0x02, 0x15, 0x91, 0x47, 0x6F, 0x8F, 0x24, 0xB0, 0x72, 0x62,
  0x9C, 0xB7, 0x3F, 0x91, 0x53, 0x7D, 0xB5, 0xB3, 0x5A, 0x72, 0x34, 0x9A, 0xB4, 0x9C, 0x8E, 0x53, 0x15, 0xD7, 0x94, 0x70, 0xD7, 0x34, 0x00, 0xF5, 0x68, 0x45, 0xFF, 0x15, 0x00, 0xD7, 0x3D, 0x19, 0xF6, 0x00, 0x0D, 0x0F, 0x00, 0x00, 0x0C, 0x11,
  0x2D, 0xD4, 0x04, 0x00, 0xC1, 0x4B, 0x00, 0x93, 0x67, 0x4F, 0xB5, 0x00, 0x00, 0x11, 0xD4, 0xD2, 0x25, 0x00, 0x00, 0x00, 0x9A, 0xBA, 0x00, 0x00, 0x00, 0x20, 0xD4, 0xBD, 0x38, 0x00, 0x00, 0xAF, 0x54, 0x31, 0xCB, 0x02, 0x47, 0xC6, 0x00, 0x00,
  0xA2, 0x67, 0x12, 0x09, 0x00, 0x00, 0x0C, 0x0F, 0x66, 0x99, 0x00, 0x00, 0xB7, 0x49, 0x05, 0xD8, 0x16, 0x2D, 0xC9, 0x00, 0x00, 0x67, 0x80, 0xA1, 0x4A, 0x00, 0x00, 0x06, 0xCF, 0xC5, 0x00, 0x00, 0x00, 0x00, 0x83, 0x67, 0x00, 0x00, 0x00, 0x00,
  0x7A, 0x5D, 0x00, 0x00, 0x00, 0x00, 0x78, 0x5C, 0x00, 0x00, 0x0A, 0x1B, 0x1B, 0x1B, 0x1B, 0x03, 0x3E, 0xA7, 0xA7, 0xAB, 0xFB, 0x17, 0x00, 0x00, 0x00, 0x6F, 0x8F, 0x00, 0x00, 0x00, 0x1C, 0xD5, 0x0C, 0x00, 0x00, 0x00, 0xAF, 0x4E, 0x00, 0x00,
  0x00, 0x50, 0xAD, 0x00, 0x00, 0x00, 0x0C, 0xD5, 0x1B, 0x00, 0x00, 0x00, 0x69, 0xEB, 0xC3, 0xC3, 0xC3, 0x34, 0x1D, 0x1F, 0x00, 0xE5, 0x9B, 0x02, 0xDB, 0x00, 0x00, 0xDB, 0x00, 0x00, 0xDB, 0x00, 0x00, 0xDB, 0x00, 0x00, 0xDB, 0x00, 0x00, 0xDB,
  0x00, 0x00, 0xDB, 0x00, 0x00, 0xDF, 0x37, 0x00, 0x7D, 0x87, 0x02, 0x16, 0x00, 0x00, 0x00, 0xA4, 0x2B, 0x00, 0x00, 0x41, 0x8D, 0x00, 0x00, 0x01, 0xC8, 0x05, 0x00, 0x00, 0x7C, 0x52, 0x00, 0x00, 0x1D, 0xB2, 0x00, 0x00, 0x00, 0xB4, 0x1B, 0x00,
  0x00, 0x55, 0x79, 0x00, 0x00, 0x06, 0x77, 0x00, 0x1F, 0x1D, 0x02, 0x9B, 0xE5, 0x00, 0x00, 0xDB, 0x00, 0x00, 0xDB, 0x00, 0x00, 0xDB, 0x00, 0x00, 0xDB, 0x00, 0x00, 0xDB, 0x00, 0x00, 0xDB, 0x00, 0x00, 0xDB, 0x00, 0x37, 0xDF, 0x02, 0x87, 0x7D,
  0x00, 0x09, 0x09, 0x00, 0x00, 0x90, 0x8F, 0x00, 0x0A, 0xC7, 0xCA, 0x0A, 0x63, 0x72, 0x75, 0x62, 0x80, 0x13, 0x13, 0x80, 0x2E, 0xBB, 0xBB, 0xBB, 0xBB, 0x2C, 0x33, 0x0B, 0x4E, 0x93, 0x00, 0x0B, 0x00, 0x08, 0x4C, 0x4B, 0x07, 0x00, 0x03, 0xCA,
  0x72, 0x7F, 0xC3, 0x00, 0x04, 0x26, 0x1F, 0x33, 0xE0, 0x0F, 0x05, 0xB6, 0x91, 0x71, 0xE7, 0x13, 0x2E, 0xBA, 0x00, 0x08, 0xE4, 0x14, 0x07, 0xBF, 0xBE, 0xBC, 0xE0, 0x2A, 0x00, 0x00, 0x0F, 0x01, 0x00, 0x00, 0x11, 0x61, 0x00, 0x00, 0x00, 0x00,
  0x23, 0xC3, 0x00, 0x00, 0x00, 0x00, 0x23, 0xC3, 0x38, 0x53, 0x0C, 0x00, 0x23, 0xF4, 0x88, 0x86, 0xCC, 0x04, 0x23, 0xC7, 0x00, 0x00, 0xB3, 0x38, 0x23, 0xC3, 0x00, 0x00, 0x98, 0x4E, 0x23, 0xD4, 0x01, 0x02, 0xCF, 0x28, 0x23, 0xDE, 0xB9, 0xCA,
  0x8F, 0x00, 0x00, 0x00, 0x04, 0x0E, 0x00, 0x00, 0x00, 0x02, 0x3F, 0x4C, 0x08, 0x00, 0x00, 0xAE, 0x8F, 0x77, 0xC9, 0x06, 0x2D, 0xBE, 0x00, 0x00, 0x5C, 0x19, 0x45, 0xA0, 0x00, 0x00, 0x00, 0x00, 0x1C, 0xD1, 0x04, 0x00, 0x7D, 0x1B, 0x00, 0x6D,
  0xC6, 0xBA, 0x90, 0x00, 0x00, 0x00, 0x03, 0x08, 0x00, 0x00, 0x00, 0x00, 0x00, 0x00, 0x61, 0x11, 0x00, 0x00, 0x00, 0x00, 0xC3, 0x23, 0x00, 0x08, 0x4B, 0x33, 0xC3, 0x23, 0x00, 0xC0, 0x8F, 0x8B, 0xF4, 0x23, 0x33, 0xB7, 0x00, 0x00, 0xC5, 0x23,
  0x4C, 0x99, 0x00, 0x00, 0xC3, 0x23, 0x21, 0xCE, 0x03, 0x02, 0xD4, 0x23, 0x00, 0x81, 0xCE, 0xBA, 0xDD, 0x23, 0x00, 0x00, 0x08, 0x01, 0x00, 0x00, 0x00, 0x00, 0x3F, 0x48, 0x07, 0x00, 0x00, 0xA4, 0x8C, 0x7C, 0xC2, 0x02, 0x2F, 0xC4, 0x1F, 0x1F,
  0xB2, 0x3D, 0x50, 0xD7, 0x9B, 0x9B, 0x9B, 0x34, 0x23, 0xD2, 0x06, 0x00, 0x25, 0x02, 0x00, 0x6C, 0xCB, 0xB5, 0xB3, 0x0E, 0x00, 0x00, 0x02, 0x0E, 0x00, 0x00, 0x00, 0x00, 0x12, 0x8D, 0xAD, 0x47, 0x00, 0x00, 0x9B, 0x71, 0x16, 0x14, 0x11, 0x47,
  0xD8, 0x5E, 0x47, 0x0A, 0x1A, 0x6B, 0xE1, 0x7C, 0x6B, 0x0F, 0x00, 0x00, 0xCB, 0x1B, 0x00, 0x00, 0x00, 0x00, 0xCB, 0x1B, 0x00, 0x00, 0x00, 0x00, 0xCB, 0x1B, 0x00, 0x00, 0x00, 0x00, 0xCB, 0x1B, 0x00, 0x00, 0x00, 0x08, 0x4C, 0x38, 0x31, 0x0A,
  0x00, 0xC0, 0x8F, 0x85, 0xF0, 0x23, 0x32, 0xBA, 0x00, 0x00, 0xC5, 0x23, 0x48, 0x9D, 0x00, 0x00, 0xC3, 0x23, 0x21, 0xD0, 0x03, 0x01, 0xD3, 0x23, 0x00, 0x83, 0xCE, 0xB8, 0xE8, 0x23, 0x00, 0x20, 0x09, 0x08, 0xDD, 0x09, 0x00, 0x9D, 0xB3, 0xCB,
  0x6C, 0x00, 0x00, 0x00, 0x08, 0x03, 0x00, 0x00, 0x13, 0x5F, 0x00, 0x00, 0x00, 0x00, 0x27, 0xBF, 0x00, 0x00, 0x00, 0x00, 0x27, 0xBF, 0x25, 0x54, 0x16, 0x00, 0x27, 0xE6, 0x89, 0x7B, 0xDC, 0x07, 0x27, 0xC2, 0x00, 0x00, 0xB9, 0x2E, 0x27, 0xBF,
  0x00, 0x00, 0xAF, 0x37, 0x27, 0xBF, 0x00, 0x00, 0xAF, 0x37, 0x27, 0xBF, 0x00, 0x00, 0xAF, 0x37, 0x00, 0x00, 0x05, 0x18, 0x00, 0x00, 0x00, 0x00, 0x34, 0x89, 0x00, 0x00, 0x01, 0x47, 0x47, 0x31, 0x00, 0x00, 0x01, 0x7F, 0x9B, 0xAF, 0x00, 0x00,
  0x00, 0x00, 0x37, 0xAF, 0x00, 0x00, 0x00, 0x00, 0x37, 0xAF, 0x00, 0x00, 0x00, 0x00, 0x37, 0xAF, 0x00, 0x00, 0x03, 0xC7, 0xD4, 0xEE, 0xC7, 0x54, 0x00, 0x00, 0x19, 0x00, 0x00, 0x00, 0xA7, 0x15, 0x27, 0x47, 0x47, 0x08, 0x45, 0x7F, 0xE3, 0x1F,
  0x00, 0x00, 0xC7, 0x1F, 0x00, 0x00, 0xC7, 0x1F, 0x00, 0x00, 0xC7, 0x1F, 0x00, 0x00, 0xC7, 0x1F, 0x00, 0x01, 0xDE, 0x0D, 0x9A, 0xC2, 0x8E, 0x00, 0x1B, 0x11, 0x00, 0x00, 0x11, 0x61, 0x00, 0x00, 0x00, 0x00, 0x23, 0xC3, 0x00, 0x00, 0x00, 0x00,
  0x23, 0xC3, 0x00, 0x04, 0x45, 0x04, 0x23, 0xC3, 0x04, 0xAB, 0x6E, 0x00, 0x23, 0xC6, 0xAA, 0x76, 0x00, 0x00, 0x23, 0xFE, 0xCC, 0x82, 0x00, 0x00, 0x23, 0xC7, 0x06, 0xC6, 0x50, 0x00, 0x23, 0xC3, 0x00, 0x1B, 0xDB, 0x2A, 0x01, 0x7F, 0x7F, 0x57,
  0x00, 0x00, 0x01, 0x47, 0x70, 0xAF, 0x00, 0x00, 0x00, 0x00, 0x37, 0xAF, 0x00, 0x00, 0x00, 0x00, 0x37, 0xAF, 0x00, 0x00, 0x00, 0x00, 0x37, 0xAF, 0x00, 0x00, 0x00, 0x00, 0x37, 0xAF, 0x00, 0x00, 0x00, 0x00, 0x37, 0xAF, 0x00, 0x00, 0x03, 0xC7,
  0xD4, 0xEE, 0xC7, 0x54, 0x27, 0x2C, 0x52, 0x22, 0x53, 0x07, 0x8B, 0xA0, 0xB8, 0xB6, 0xA6, 0x73, 0x8B, 0x4F, 0x6C, 0x6F, 0x4C, 0x8F, 0x8B, 0x4F, 0x6B, 0x6F, 0x4B, 0x8F, 0x8B, 0x4F, 0x6B, 0x6F, 0x4B, 0x8F, 0x8B, 0x4F, 0x6B, 0x6F, 0x4B, 0x8F,
  0x0B, 0x2F, 0x25, 0x54, 0x15, 0x00, 0x27, 0xE3, 0x8C, 0x7A, 0xDA, 0x06, 0x27, 0xC3, 0x00, 0x00, 0xBB, 0x2B, 0x27, 0xBF, 0x00, 0x00, 0xB3, 0x33, 0x27, 0xBF, 0x00, 0x00, 0xB3, 0x33, 0x27, 0xBF, 0x00, 0x00, 0xB3, 0x33, 0x00, 0x05, 0x45, 0x45,
  0x05, 0x00, 0x02, 0xBE, 0x85, 0x85, 0xBD, 0x02, 0x46, 0xA8, 0x00, 0x00, 0xA8, 0x43, 0x60, 0x86, 0x00, 0x00, 0x87, 0x5F, 0x31, 0xC1, 0x01, 0x01, 0xC1, 0x2E, 0x00, 0x80, 0xC3, 0xC3, 0x7E, 0x00, 0x00, 0x00, 0x05, 0x05, 0x00, 0x00, 0x0B, 0x31,
  0x39, 0x4D, 0x09, 0x00, 0x27, 0xEE, 0x81, 0x94, 0xC3, 0x00, 0x27, 0xC1, 0x00, 0x00, 0xBE, 0x32, 0x27, 0xBF, 0x00, 0x00, 0x9F, 0x48, 0x27, 0xCA, 0x00, 0x03, 0xD3, 0x21, 0x27, 0xE6, 0xAE, 0xCC, 0x86, 0x00, 0x27, 0xBF, 0x04, 0x09, 0x00, 0x00,
  0x27, 0xBF, 0x00, 0x00, 0x00, 0x00, 0x01, 0x05, 0x00, 0x00, 0x00, 0x00, 0x00, 0x09, 0x4C, 0x3B, 0x32, 0x0A, 0x01, 0xC3, 0x8C, 0x7D, 0xF1, 0x23, 0x32, 0xBB, 0x00, 0x00, 0xC4, 0x23, 0x48, 0x9D, 0x00, 0x00, 0xC3, 0x23, 0x21, 0xD0, 0x03, 0x00,
  0xCF, 0x23, 0x00, 0x83, 0xC9, 0xB2, 0xE9, 0x23, 0x00, 0x00, 0x09, 0x05, 0xC3, 0x23, 0x00, 0x00, 0x00, 0x00, 0xC3, 0x23, 0x00, 0x00, 0x00, 0x00, 0x06, 0x01, 0x1C, 0x22, 0x29, 0x58, 0x0F, 0x63, 0xD0, 0xA3, 0x8C, 0x19, 0x63, 0x9D, 0x00, 0x00,
  0x00, 0x63, 0x83, 0x00, 0x00, 0x00, 0x63, 0x83, 0x00, 0x00, 0x00, 0x63, 0x83, 0x00, 0x00, 0x00, 0x00, 0x03, 0x45, 0x50, 0x0D, 0x00, 0x00, 0xB1, 0x83, 0x74, 0xD4, 0x09, 0x00, 0xD7, 0x40, 0x03, 0x31, 0x0B, 0x00, 0x20, 0x8C, 0xC5, 0x90, 0x03,
  0x0B, 0x8B, 0x00, 0x00, 0xBC, 0x34, 0x00, 0x85, 0xC0, 0xB3, 0xB1, 0x07, 0x00, 0x00, 0x05, 0x0B, 0x00, 0x00, 0x00, 0x00, 0x82, 0x00, 0x00, 0x00, 0x16, 0x47, 0xEE, 0x47, 0x47, 0x00, 0x21, 0x6B, 0xF2, 0x6B, 0x6B, 0x00, 0x00, 0x00, 0xE7, 0x00,
  0x00, 0x00, 0x00, 0x00, 0xE7, 0x00, 0x00, 0x00, 0x00, 0x00, 0xE0, 0x0A, 0x00, 0x00, 0x00, 0x00, 0x7F, 0xCE, 0xB6, 0x19, 0x00, 0x00, 0x00, 0x0D, 0x08, 0x00, 0x08, 0x38, 0x00, 0x00, 0x35, 0x0B, 0x1F, 0xC7, 0x00, 0x00, 0xBF, 0x27, 0x1F, 0xC7,
  0x00, 0x00, 0xBF, 0x27, 0x1F, 0xC8, 0x00, 0x00, 0xBF, 0x27, 0x0C, 0xDD, 0x00, 0x01, 0xD2, 0x27, 0x00, 0x93, 0xC3, 0xAB, 0xCF, 0x27, 0x00, 0x00, 0x0B, 0x00, 0x00, 0x00, 0x21, 0x21, 0x00, 0x00, 0x22, 0x1F, 0x32, 0xB3, 0x00, 0x00, 0xB6, 0x2E,
  0x00, 0xC5, 0x19, 0x19, 0xC2, 0x00, 0x00, 0x5F, 0x76, 0x75, 0x5C, 0x00, 0x00, 0x08, 0xC4, 0xC0, 0x08, 0x00, 0x00, 0x00, 0x8C, 0x8B, 0x00, 0x00, 0x35, 0x04, 0x15, 0x19, 0x00, 0x38, 0x99, 0x2C, 0x76, 0x81, 0x1F, 0xA4, 0x63, 0x5C, 0xA4, 0xA5,
  0x4C, 0x6E, 0x2C, 0x90, 0xA6, 0xA1, 0x83, 0x37, 0x02, 0xD7, 0x73, 0x66, 0xD7, 0x07, 0x00, 0xBF, 0x33, 0x24, 0xCA, 0x00, 0x15, 0x35, 0x00, 0x00, 0x2F, 0x1C, 0x06, 0xC6, 0x36, 0x29, 0xD1, 0x0D, 0x00, 0x21, 0xCB, 0xC9, 0x30, 0x00, 0x00, 0x00,
  0xA6, 0xBD, 0x00, 0x00, 0x00, 0x54, 0xAC, 0x94, 0x6B, 0x00, 0x24, 0xD4, 0x11, 0x08, 0xCA, 0x35, 0x2B, 0x1C, 0x00, 0x00, 0x1D, 0x2A, 0x51, 0xAC, 0x00, 0x00, 0xAB, 0x4F, 0x02, 0xD7, 0x1E, 0x17, 0xD6, 0x02, 0x00, 0x69, 0x87, 0x77, 0x6D, 0x00,
  0x00, 0x09, 0xD5, 0xCC, 0x0C, 0x00, 0x00, 0x00, 0x89, 0x8B, 0x00, 0x00, 0x00, 0x01, 0xC3, 0x1E, 0x00, 0x00, 0x24, 0xC3, 0x7D, 0x00, 0x00, 0x00, 0x06, 0x15, 0x00, 0x00, 0x00, 0x00, 0x0C, 0x47, 0x47, 0x47, 0x47, 0x08, 0x14, 0x77, 0x77, 0x9E,
  0xE7, 0x0D, 0x00, 0x00, 0x0F, 0xD1, 0x38, 0x00, 0x00, 0x02, 0xB6, 0x60, 0x00, 0x00, 0x00, 0x8A, 0x8F, 0x00, 0x00, 0x00, 0x2D, 0xFF, 0xBF, 0xBB, 0xBB, 0x37, 0x00, 0x00, 0x39, 0x80, 0x00, 0x00, 0xD3, 0x0B, 0x00, 0x0C, 0xD9, 0x00, 0x00, 0x19,
  0xCF, 0x00, 0x29, 0xA8, 0x5F, 0x00, 0x28, 0xA8, 0x60, 0x00, 0x00, 0x19, 0xCF, 0x00, 0x00, 0x0B, 0xDA, 0x00, 0x00, 0x00, 0xD1, 0x12, 0x00, 0x00, 0x32, 0x81, 0x0A, 0x0A, 0x5B, 0x5B, 0x5B, 0x5B, 0x5B, 0x5B, 0x5B, 0x5B, 0x5B, 0x5B, 0x5B, 0x5B,
  0x5B, 0x5B, 0x5B, 0x5B, 0x56, 0x56, 0x38, 0x7E, 0x02, 0x00, 0x00, 0x89, 0x50, 0x00, 0x00, 0x62, 0x80, 0x00, 0x00, 0x56, 0x8C, 0x00, 0x00, 0x0F, 0xC1, 0x60, 0x00, 0x0F, 0xC0, 0x60, 0x00, 0x56, 0x8C, 0x00, 0x00, 0x63, 0x7F, 0x00, 0x00, 0x96,
  0x4D, 0x00, 0x38, 0x7C, 0x01, 0x00, 0x42, 0xCC, 0xB4, 0x1E, 0x05, 0x71, 0x7D, 0x0B, 0x37, 0xC9, 0xD1, 0x52, 0x00, 0x00, 0x00, 0x00, 0x02, 0x00, 0x00, 0x22, 0x22, 0x4F, 0x4D, 0x00, 0x00, 0x72, 0x72, 0x73, 0x73, 0x73, 0x73, 0x73, 0x73, 0x5E,
  0x5E, 0x00, 0x00, 0x2B, 0x37, 0x00, 0x00, 0x00, 0x02, 0x84, 0xA3, 0x0B, 0x00, 0x00, 0xAD, 0x91, 0x76, 0xCC, 0x09, 0x2A, 0xC2, 0x00, 0x00, 0x59, 0x1D, 0x42, 0xA4, 0x00, 0x00, 0x00, 0x00, 0x1A, 0xD4, 0x05, 0x00, 0x79, 0x20, 0x00, 0x6B, 0xC5,
  0xB8, 0x96, 0x01, 0x00, 0x00, 0x64, 0x81, 0x00, 0x00, 0x00, 0x00, 0x14, 0x19, 0x00, 0x00, 0x00, 0x00, 0x0A, 0x28, 0x07, 0x00, 0x00, 0x33, 0xCB, 0x94, 0xD3, 0x1B, 0x00, 0xA0, 0x48, 0x00, 0x5C, 0x44, 0x00, 0xB0, 0x36, 0x00, 0x00, 0x00, 0x55,
  0xE9, 0xCC, 0x95, 0x00, 0x00, 0x00, 0xA0, 0x47, 0x00, 0x00, 0x00, 0x00, 0xAA, 0x3D, 0x00, 0x00, 0x00, 0x4F, 0xF9, 0xC0, 0xBB, 0xBB, 0x71, 0x01, 0x0F, 0x08, 0x0E, 0x05, 0x0D, 0x40, 0xDE, 0xD9, 0xD2, 0xD6, 0x76, 0x20, 0xCC, 0x07, 0x00, 0xA7,
  0x4E, 0x4B, 0x8D, 0x00, 0x00, 0x60, 0x7B, 0x20, 0xD0, 0x09, 0x01, 0xAB, 0x4E, 0x41, 0xD0, 0xD9, 0xD5, 0xC8, 0x77, 0x00, 0x03, 0x05, 0x09, 0x00, 0x03, 0x16, 0x06, 0x00, 0x00, 0x06, 0x16, 0x7C, 0x88, 0x00, 0x00, 0x88, 0x78, 0x08, 0xD5, 0x1C,
  0x1B, 0xD3, 0x07, 0x00, 0x50, 0x9E, 0x9D, 0x4E, 0x00, 0x31, 0x98, 0xF3, 0xF2, 0x98, 0x31, 0x0E, 0x2B, 0x8F, 0x88, 0x2B, 0x0E, 0x22, 0x67, 0xAF, 0xAA, 0x67, 0x22, 0x00, 0x00, 0x77, 0x6F, 0x00, 0x00, 0x0D, 0x0B, 0x7F, 0x67, 0x7F, 0x67, 0x7F,
  0x67, 0x4B, 0x3D, 0x45, 0x38, 0x7F, 0x67, 0x7F, 0x67, 0x7F, 0x67, 0x27, 0x20, 0x00, 0x00, 0x20, 0x23, 0x01, 0x00, 0x0A, 0xBD, 0xA1, 0xA0, 0xC8, 0x0E, 0x47, 0xA3, 0x00, 0x00, 0x80, 0x53, 0x19, 0xDF, 0x6B, 0x1A, 0x00, 0x00, 0x41, 0xBE, 0x80,
  0xD2, 0xB4, 0x0F, 0x7D, 0x71, 0x00, 0x00, 0x88, 0x7A, 0x21, 0xDB, 0x99, 0x48, 0xA2, 0x60, 0x00, 0x07, 0x4F, 0xA9, 0xE7, 0x0F, 0x59, 0x48, 0x00, 0x00, 0xA1, 0x50, 0x31, 0xD6, 0x66, 0x6D, 0xD7, 0x1A, 0x00, 0x1A, 0x5D, 0x5A, 0x14, 0x00, 0x12,
  0x0A, 0x0B, 0x0E, 0x65, 0x4A, 0x54, 0x62, 0x00, 0x03, 0x43, 0x46, 0x07, 0x00, 0x06, 0x83, 0x54, 0x52, 0x84, 0x0D, 0x60, 0x36, 0x86, 0x80, 0x26, 0x68, 0x6C, 0x43, 0x43, 0x0D, 0x07, 0x6B, 0x45, 0x42, 0x93, 0x98, 0x33, 0x54, 0x00, 0x6B, 0x6A,
  0x69, 0x74, 0x01, 0x00, 0x00, 0x06, 0x08, 0x00, 0x00, 0x00, 0x1A, 0x1E, 0x00, 0x3E, 0xB6, 0xB5, 0x4A, 0x1C, 0x85, 0xB0, 0x7B, 0x8E, 0x54, 0x78, 0x7C, 0x28, 0x95, 0x68, 0x4F, 0x00, 0x01, 0x73, 0x02, 0x73, 0x00, 0x7C, 0x52, 0x7C, 0x52, 0x02,
  0xCE, 0x0E, 0xCE, 0x0B, 0x00, 0x38, 0x8C, 0x38, 0x8C, 0x00, 0x00, 0x2C, 0x00, 0x2C, 0x0F, 0xC7, 0xC7, 0xC7, 0xDE, 0x00, 0x00, 0x00, 0x00, 0xE3, 0x00, 0x00, 0x00, 0x00, 0x27, 0x74, 0x7B, 0x7B, 0x62, 0x3F, 0x43, 0x43, 0x36, 0x00, 0x04, 0x42,
  0x45, 0x06, 0x00, 0x07, 0x86, 0x6A, 0x43, 0x84, 0x0B, 0x60, 0x1F, 0x9A, 0x93, 0x22, 0x65, 0x6C, 0x0B, 0xB9, 0x9A, 0x00, 0x6C, 0x4A, 0x38, 0x6A, 0x68, 0x31, 0x52, 0x00, 0x6D, 0x6C, 0x6B, 0x72, 0x00, 0x00, 0x00, 0x06, 0x07, 0x00, 0x00, 0x14,
  0x1B, 0x1B, 0x14, 0x71, 0x97, 0x97, 0x6F, 0x00, 0x13, 0x13, 0x00, 0x17, 0xAB, 0xAB, 0x15, 0x1F, 0xA3, 0xA3, 0x1D, 0x00, 0x29, 0x29, 0x00, 0x00, 0x00, 0x11, 0x16, 0x00, 0x00, 0x00, 0x00, 0x5B, 0x77, 0x00, 0x00, 0x0A, 0x2B, 0x78, 0x8F, 0x2B,
  0x0A, 0x21, 0x8F, 0xB8, 0xC4, 0x8F, 0x21, 0x00, 0x00, 0x5B, 0x77, 0x00, 0x00, 0x00, 0x00, 0x36, 0x47, 0x00, 0x00, 0x08, 0xBF, 0xBF, 0xBF, 0xBF, 0x05, 0x0A, 0x34, 0x93, 0x49, 0x0B, 0x00, 0x05, 0x3B, 0x00, 0x00, 0x3B, 0x05, 0x13, 0xD3, 0x00,
  0x00, 0xD3, 0x13, 0x13, 0xD3, 0x00, 0x00, 0xD3, 0x13, 0x13, 0xD4, 0x00, 0x00, 0xD3, 0x13, 0x13, 0xEC, 0x03, 0x00, 0xDD, 0x13, 0x13, 0xF6, 0xBD, 0xB6, 0xE4, 0x13, 0x13, 0xD3, 0x0A, 0x07, 0x00, 0x00, 0x13, 0xD3, 0x00, 0x00, 0x00, 0x00, 0x00,
  0x06, 0x00, 0x00, 0x00, 0x00, 0x00, 0x01, 0x17, 0x15, 0x42, 0xE8, 0xFF, 0xC3, 0xD6, 0xFF, 0xFF, 0xC3, 0xE8, 0xFF, 0xFF, 0xC3, 0x87, 0xFF, 0xFF, 0xC3, 0x00, 0x45, 0x84, 0xC3, 0x00, 0x00, 0x23, 0xC3, 0x00, 0x00, 0x23, 0xC3, 0x03, 0x04, 0x67,
  0x73, 0x7B, 0x6C, 0x58, 0x8F, 0x10, 0x00, 0x00, 0x1A, 0x19, 0x00, 0x59, 0xB0, 0xB0, 0x57, 0xA8, 0x23, 0x24, 0xA7, 0x8F, 0x55, 0x57, 0x8C, 0x10, 0x85, 0x86, 0x10, 0x74, 0x02, 0x74, 0x01, 0x00, 0x55, 0x7B, 0x55, 0x7B, 0x00, 0x0D, 0xD0, 0x0F,
  0xD0, 0x02, 0x8E, 0x37, 0x8E, 0x37, 0x00, 0x2C, 0x00, 0x2C, 0x00, 0x00, 0x00, 0x1D, 0x26, 0x00, 0x00, 0x48, 0x58, 0x00, 0x00, 0x1A, 0x25, 0x00, 0x00, 0x8C, 0x6C, 0x00, 0x58, 0xB7, 0x06, 0x00, 0xDB, 0x13, 0x00, 0x00, 0xE3, 0x11, 0x12, 0xBE,
  0x53, 0xCB, 0xC9, 0x50, 0x00, 0x00, 0x33, 0x0B, 0x00, 0x00, 0x00, 0x00, 0x4E, 0x93, 0x00, 0x00, 0x00, 0x00, 0x09, 0x18, 0x00, 0x00, 0x00, 0x00, 0x82, 0xA4, 0x00, 0x00, 0x00, 0x00, 0xCA, 0xD2, 0x05, 0x00, 0x00, 0x28, 0xAF, 0x91, 0x46, 0x00,
  0x00, 0x7A, 0x60, 0x44, 0x97, 0x00, 0x00, 0xCD, 0xAF, 0xA5, 0xE6, 0x01, 0x20, 0xC7, 0x27, 0x27, 0xAE, 0x39, 0x72, 0x73, 0x00, 0x00, 0x57, 0x8A, 0x00, 0x00, 0x00, 0x0A, 0x34, 0x00, 0x00, 0x00, 0x00, 0x93, 0x49, 0x00, 0x00, 0x00, 0x09, 0x18,
  0x00, 0x00, 0x00, 0x00, 0x82, 0xA4, 0x00, 0x00, 0x00, 0x00, 0xCA, 0xD2, 0x05, 0x00, 0x00, 0x28, 0xAF, 0x91, 0x46, 0x00, 0x00, 0x7A, 0x60, 0x44, 0x97, 0x00, 0x00, 0xCD, 0xAF, 0xA5, 0xE6, 0x01, 0x20, 0xC7, 0x27, 0x27, 0xAE, 0x39, 0x72, 0x73,
  0x00, 0x00, 0x57, 0x8A, 0x00, 0x00, 0x09, 0x59, 0x01, 0x00, 0x00, 0x02, 0x95, 0x6B, 0x7B, 0x00, 0x00, 0x00, 0x09, 0x0D, 0x00, 0x00, 0x00, 0x00, 0x82, 0xA4, 0x00, 0x00, 0x00, 0x00, 0xCA, 0xD2, 0x05, 0x00, 0x00, 0x28, 0xAF, 0x91, 0x46, 0x00,
  0x00, 0x7A, 0x60, 0x44, 0x97, 0x00, 0x00, 0xCD, 0xAF, 0xA5, 0xE6, 0x01, 0x20, 0xC7, 0x27, 0x27, 0xAE, 0x39, 0x72, 0x73, 0x00, 0x00, 0x57, 0x8A, 0x00, 0x00, 0x42, 0x15, 0x31, 0x00, 0x00, 0x30, 0x88, 0x9F, 0x91, 0x00, 0x00, 0x00, 0x09, 0x0D,
  0x00, 0x00, 0x00, 0x00, 0x82, 0xA4, 0x00, 0x00, 0x00, 0x00, 0xCA, 0xD2, 0x05, 0x00, 0x00, 0x28, 0xAF, 0x91, 0x46, 0x00, 0x00, 0x7A, 0x60, 0x44, 0x97, 0x00, 0x00, 0xCD, 0xAF, 0xA5, 0xE6, 0x01, 0x20, 0xC7, 0x27, 0x27, 0xAE, 0x39, 0x72, 0x73,
  0x00, 0x00, 0x57, 0x8A, 0x00, 0x12, 0x0A, 0x0B, 0x0E, 0x00, 0x00, 0x65, 0x4A, 0x54, 0x62, 0x00, 0x00, 0x00, 0x09, 0x0D, 0x00, 0x00, 0x00, 0x00, 0x82, 0xA4, 0x00, 0x00, 0x00, 0x00, 0xCA, 0xD2, 0x05, 0x00, 0x00, 0x28, 0xAF, 0x91, 0x46, 0x00,
  0x00, 0x7A, 0x60, 0x44, 0x97, 0x00, 0x00, 0xCD, 0xAF, 0xA5, 0xE6, 0x01, 0x20, 0xC7, 0x27, 0x27, 0xAE, 0x39, 0x72, 0x73, 0x00, 0x00, 0x57, 0x8A, 0x00, 0x00, 0x32, 0x32, 0x00, 0x00, 0x00, 0x00, 0x8B, 0x8A, 0x00, 0x00, 0x00, 0x00, 0x5D, 0x5F,
  0x00, 0x00, 0x00, 0x00, 0x82, 0xA4, 0x00, 0x00, 0x00, 0x00, 0xCA, 0xD2, 0x05, 0x00, 0x00, 0x28, 0xAF, 0x91, 0x46, 0x00, 0x00, 0x7A, 0x60, 0x44, 0x97, 0x00, 0x00, 0xCD, 0xAF, 0xA5, 0xE6, 0x01, 0x20, 0xC7, 0x27, 0x27, 0xAE, 0x39, 0x72, 0x73,
  0x00, 0x00, 0x57, 0x8A, 0x00, 0x00, 0x03, 0x1B, 0x1B, 0x14, 0x00, 0x00, 0x58, 0xFF, 0xA7, 0x72, 0x00, 0x00, 0xB5, 0xD6, 0x14, 0x00, 0x00, 0x1F, 0xAF, 0xC3, 0x25, 0x08, 0x00, 0x7F, 0x57, 0xC3, 0xB3, 0x60, 0x01, 0xE0, 0x9D, 0xE6, 0x17, 0x00,
  0x44, 0xB5, 0x47, 0xD4, 0x17, 0x00, 0xA6, 0x4B, 0x00, 0xC1, 0xC2, 0x9B, 0x00, 0x00, 0x1B, 0x1E, 0x00, 0x00, 0x00, 0x92, 0xB1, 0xA7, 0xAE, 0x02, 0x32, 0xB7, 0x00, 0x00, 0xA3, 0x4B, 0x6F, 0x78, 0x00, 0x00, 0x07, 0x07, 0x7B, 0x6F, 0x00, 0x00,
  0x00, 0x00, 0x6C, 0x7B, 0x00, 0x00, 0x11, 0x0F, 0x2A, 0xC3, 0x01, 0x00, 0xAB, 0x43, 0x00, 0x77, 0xC2, 0xBC, 0x91, 0x00, 0x00, 0x00, 0x81, 0x73, 0x00, 0x00, 0x00, 0x00, 0x58, 0x8F, 0x00, 0x00, 0x00, 0x00, 0x10, 0x00, 0x00, 0x00, 0x00, 0x33,
  0x0B, 0x00, 0x00, 0x00, 0x00, 0x4E, 0x93, 0x00, 0x00, 0x00, 0x03, 0x1B, 0x27, 0x1B, 0x1B, 0x05, 0x1B, 0xEE, 0xA7, 0xA7, 0xA7, 0x22, 0x1B, 0xCB, 0x00, 0x00, 0x00, 0x00, 0x1B, 0xCE, 0x0B, 0x0B, 0x09, 0x00, 0x1B, 0xF1, 0xB7, 0xB7, 0x8C, 0x00,
  0x1B, 0xCB, 0x00, 0x00, 0x00, 0x00, 0x1B, 0xCB, 0x00, 0x00, 0x00, 0x00, 0x1B, 0xF3, 0xC3, 0xC3, 0xC3, 0x30, 0x00, 0x00, 0x00, 0x0A, 0x34, 0x00, 0x00, 0x00, 0x00, 0x93, 0x49, 0x00, 0x03, 0x1B, 0x1B, 0x27, 0x1B, 0x05, 0x1B, 0xEE, 0xA7, 0xA7,
  0xA7, 0x22, 0x1B, 0xCB, 0x00, 0x00, 0x00, 0x00, 0x1B, 0xCE, 0x0B, 0x0B, 0x09, 0x00, 0x1B, 0xF1, 0xB7, 0xB7, 0x8C, 0x00, 0x1B, 0xCB, 0x00, 0x00, 0x00, 0x00, 0x1B, 0xCB, 0x00, 0x00, 0x00, 0x00, 0x1B, 0xF3, 0xC3, 0xC3, 0xC3, 0x30, 0x00, 0x00,
  0x09, 0x59, 0x01, 0x00, 0x00, 0x02, 0x95, 0x6B, 0x7B, 0x00, 0x03, 0x1B, 0x1B, 0x1B, 0x1B, 0x05, 0x1B, 0xEE, 0xA7, 0xA7, 0xA7, 0x22, 0x1B, 0xCB, 0x00, 0x00, 0x00, 0x00, 0x1B, 0xCE, 0x0B, 0x0B, 0x09, 0x00, 0x1B, 0xF1, 0xB7, 0xB7, 0x8C, 0x00,
  0x1B, 0xCB, 0x00, 0x00, 0x00, 0x00, 0x1B, 0xCB, 0x00, 0x00, 0x00, 0x00, 0x1B, 0xF3, 0xC3, 0xC3, 0xC3, 0x30, 0x00, 0x12, 0x0A, 0x0B, 0x0E, 0x00, 0x00, 0x65, 0x4A, 0x54, 0x62, 0x00, 0x03, 0x1B, 0x1B, 0x1B, 0x1B, 0x05, 0x1B, 0xEE, 0xA7, 0xA7,
  0xA7, 0x22, 0x1B, 0xCB, 0x00, 0x00, 0x00, 0x00, 0x1B, 0xCE, 0x0B, 0x0B, 0x09, 0x00, 0x1B, 0xF1, 0xB7, 0xB7, 0x8C, 0x00, 0x1B, 0xCB, 0x00, 0x00, 0x00, 0x00, 0x1B, 0xCB, 0x00, 0x00, 0x00, 0x00, 0x1B, 0xF3, 0xC3, 0xC3, 0xC3, 0x30, 0x00, 0x33,
  0x0B, 0x00, 0x00, 0x00, 0x00, 0x4E, 0x93, 0x00, 0x00, 0x00, 0x04, 0x1B, 0x27, 0x1B, 0x1B, 0x03, 0x1A, 0xAB, 0xD4, 0xD0, 0xAB, 0x18, 0x00, 0x00, 0x7B, 0x6F, 0x00, 0x00, 0x00, 0x00, 0x7B, 0x6F, 0x00, 0x00, 0x00, 0x00, 0x7B, 0x6F, 0x00, 0x00,
  0x00, 0x00, 0x7B, 0x6F, 0x00, 0x00, 0x00, 0x00, 0x7B, 0x6F, 0x00, 0x00, 0x1F, 0xC7, 0xE3, 0xE0, 0xC7, 0x1C, 0x00, 0x00, 0x0A, 0x34, 0x00, 0x00, 0x00, 0x00, 0x93, 0x49, 0x00, 0x00, 0x04, 0x1B, 0x27, 0x1B, 0x1B, 0x03, 0x1A, 0xAB, 0xD4, 0xD0,
  0xAB, 0x18, 0x00, 0x00, 0x7B, 0x6F, 0x00, 0x00, 0x00, 0x00, 0x7B, 0x6F, 0x00, 0x00, 0x00, 0x00, 0x7B, 0x6F, 0x00, 0x00, 0x00, 0x00, 0x7B, 0x6F, 0x00, 0x00, 0x00, 0x00, 0x7B, 0x6F, 0x00, 0x00, 0x1F, 0xC7, 0xE3, 0xE0, 0xC7, 0x1C, 0x00, 0x09,
  0x59, 0x01, 0x00, 0x00, 0x02, 0x95, 0x6B, 0x7B, 0x00, 0x00, 0x04, 0x1B, 0x1B, 0x1B, 0x1B, 0x03, 0x1A, 0xAB, 0xD4, 0xD0, 0xAB, 0x18, 0x00, 0x00, 0x7B, 0x6F, 0x00, 0x00, 0x00, 0x00, 0x7B, 0x6F, 0x00, 0x00, 0x00, 0x00, 0x7B, 0x6F, 0x00, 0x00,
  0x00, 0x00, 0x7B, 0x6F, 0x00, 0x00, 0x00, 0x00, 0x7B, 0x6F, 0x00, 0x00, 0x1F, 0xC7, 0xE3, 0xE0, 0xC7, 0x1C, 0x00, 0x12, 0x0A, 0x0B, 0x0E, 0x00, 0x00, 0x65, 0x4A, 0x54, 0x62, 0x00, 0x04, 0x1B, 0x1B, 0x1B, 0x1B, 0x03, 0x1A, 0xAB, 0xD4, 0xD0,
  0xAB, 0x18, 0x00, 0x00, 0x7B, 0x6F, 0x00, 0x00, 0x00, 0x00, 0x7B, 0x6F, 0x00, 0x00, 0x00, 0x00, 0x7B, 0x6F, 0x00, 0x00, 0x00, 0x00, 0x7B, 0x6F, 0x00, 0x00, 0x00, 0x00, 0x7B, 0x6F, 0x00, 0x00, 0x1F, 0xC7, 0xE3, 0xE0, 0xC7, 0x1C, 0x00, 0x00,
  0x42, 0x15, 0x31, 0x00, 0x00, 0x30, 0x88, 0x9F, 0x91, 0x00, 0x08, 0x11, 0x00, 0x00, 0x11, 0x08, 0x4B, 0xE4, 0x08, 0x00, 0x9C, 0x4B, 0x4B, 0xF9, 0x72, 0x00, 0x9D, 0x4B, 0x4B, 0xAA, 0xD4, 0x0D, 0x9E, 0x4B, 0x4B, 0x9E, 0x6E, 0x7D, 0x9F, 0x4B,
  0x4B, 0x9D, 0x07, 0xD3, 0xB2, 0x4B, 0x4B, 0x9C, 0x00, 0x64, 0xFD, 0x4B, 0x4B, 0x9B, 0x00, 0x04, 0xDA, 0x4B, 0x00, 0x00, 0x33, 0x0B, 0x00, 0x00, 0x00, 0x00, 0x4E, 0x93, 0x00, 0x00, 0x00, 0x00, 0x1C, 0x27, 0x00, 0x00, 0x00, 0x8E, 0xC0, 0xBD,
  0x8D, 0x00, 0x2F, 0xBD, 0x00, 0x00, 0xBF, 0x2E, 0x6F, 0x74, 0x00, 0x00, 0x78, 0x6B, 0x7B, 0x68, 0x00, 0x00, 0x6C, 0x77, 0x6B, 0x78, 0x00, 0x00, 0x7B, 0x67, 0x26, 0xC8, 0x03, 0x02, 0xC7, 0x25, 0x00, 0x74, 0xD1, 0xD1, 0x74, 0x00, 0x00, 0x00,
  0x07, 0x07, 0x00, 0x00, 0x00, 0x00, 0x00, 0x0A, 0x34, 0x00, 0x00, 0x00, 0x00, 0x93, 0x49, 0x00, 0x00, 0x00, 0x1C, 0x26, 0x00, 0x00, 0x00, 0x8E, 0xC0, 0xBD, 0x8D, 0x00, 0x2F, 0xBD, 0x00, 0x00, 0xBF, 0x2E, 0x6F, 0x74, 0x00, 0x00, 0x78, 0x6B,
  0x7B, 0x68, 0x00, 0x00, 0x6C, 0x77, 0x6B, 0x78, 0x00, 0x00, 0x7B, 0x67, 0x26, 0xC8, 0x03, 0x02, 0xC7, 0x25, 0x00, 0x74, 0xD1, 0xD1, 0x74, 0x00, 0x00, 0x00, 0x07, 0x07, 0x00, 0x00, 0x00, 0x00, 0x09, 0x59, 0x01, 0x00, 0x00, 0x02, 0x95, 0x6B,
  0x7B, 0x00, 0x00, 0x00, 0x1C, 0x1B, 0x00, 0x00, 0x00, 0x8E, 0xC0, 0xBD, 0x8D, 0x00, 0x2F, 0xBD, 0x00, 0x00, 0xBF, 0x2E, 0x6F, 0x74, 0x00, 0x00, 0x78, 0x6B, 0x7B, 0x68, 0x00, 0x00, 0x6C, 0x77, 0x6B, 0x78, 0x00, 0x00, 0x7B, 0x67, 0x26, 0xC8,
  0x03, 0x02, 0xC7, 0x25, 0x00, 0x74, 0xD1, 0xD1, 0x74, 0x00, 0x00, 0x00, 0x07, 0x07, 0x00, 0x00, 0x00, 0x00, 0x42, 0x15, 0x31, 0x00, 0x00, 0x30, 0x88, 0x9F, 0x91, 0x00, 0x00, 0x00, 0x1C, 0x1B, 0x00, 0x00, 0x00, 0x8E, 0xC0, 0xBD, 0x8D, 0x00,
  0x2F, 0xBD, 0x00, 0x00, 0xBF, 0x2E, 0x6F, 0x74, 0x00, 0x00, 0x78, 0x6B, 0x7B, 0x68, 0x00, 0x00, 0x6C, 0x77, 0x6B, 0x78, 0x00, 0x00, 0x7B, 0x67, 0x26, 0xC8, 0x03, 0x02, 0xC7, 0x25, 0x00, 0x74, 0xD1, 0xD1, 0x74, 0x00, 0x00, 0x00, 0x07, 0x07,
  0x00, 0x00, 0x00, 0x12, 0x0A, 0x0B, 0x0E, 0x00, 0x00, 0x65, 0x4A, 0x54, 0x62, 0x00, 0x00, 0x00, 0x1C, 0x1B, 0x00, 0x00, 0x00, 0x8E, 0xC0, 0xBD, 0x8D, 0x00, 0x2F, 0xBD, 0x00, 0x00, 0xBF, 0x2E, 0x6F, 0x74, 0x00, 0x00, 0x78, 0x6B, 0x7B, 0x68,
  0x00, 0x00, 0x6C, 0x77, 0x6B, 0x78, 0x00, 0x00, 0x7B, 0x67, 0x26, 0xC8, 0x03, 0x02, 0xC7, 0x25, 0x00, 0x74, 0xD1, 0xD1, 0x74, 0x00, 0x00, 0x00, 0x07, 0x07, 0x00, 0x00, 0x00, 0x3A, 0x00, 0x00, 0x37, 0x03, 0x02, 0xB1, 0x70, 0x4C, 0xCA, 0x0F,
  0x00, 0x07, 0xC6, 0xDF, 0x15, 0x00, 0x00, 0x44, 0xCE, 0xBC, 0x68, 0x00, 0x03, 0xB3, 0x19, 0x0A, 0xB2, 0x14, 0x00, 0x00, 0x21, 0x1D, 0x0E, 0x3A, 0x00, 0x92, 0xC1, 0xC1, 0xD2, 0x29, 0x36, 0xB8, 0x00, 0x28, 0xF8, 0x20, 0x73, 0x6D, 0x00, 0xA1,
  0x90, 0x5D, 0x83, 0x60, 0x50, 0x5F, 0x74, 0x6F, 0x76, 0x76, 0xA5, 0x01, 0x88, 0x57, 0x30, 0xF4, 0x34, 0x06, 0xD0, 0x19, 0x20, 0xCD, 0xCF, 0xCE, 0x66, 0x00, 0x3C, 0x14, 0x07, 0x04, 0x00, 0x00, 0x00, 0x00, 0x33, 0x0B, 0x00, 0x00, 0x00, 0x00,
  0x4E, 0x93, 0x00, 0x00, 0x08, 0x0F, 0x00, 0x0B, 0x0F, 0x08, 0x50, 0x8B, 0x00, 0x00, 0x90, 0x4F, 0x51, 0x8C, 0x00, 0x00, 0x91, 0x50, 0x52, 0x8D, 0x00, 0x00, 0x92, 0x51, 0x53, 0x8E, 0x00, 0x00, 0x93, 0x52, 0x51, 0x91, 0x00, 0x00, 0x95, 0x51,
  0x25, 0xC7, 0x02, 0x02, 0xC9, 0x25, 0x00, 0x7B, 0xC8, 0xC8, 0x74, 0x00, 0x00, 0x00, 0x06, 0x05, 0x00, 0x00, 0x00, 0x00, 0x00, 0x0A, 0x34, 0x00, 0x00, 0x00, 0x00, 0x93, 0x49, 0x00, 0x08, 0x0F, 0x00, 0x0B, 0x0F, 0x08, 0x50, 0x8B, 0x00, 0x00,
  0x90, 0x4F, 0x51, 0x8C, 0x00, 0x00, 0x91, 0x50, 0x52, 0x8D, 0x00, 0x00, 0x92, 0x51, 0x53, 0x8E, 0x00, 0x00, 0x93, 0x52, 0x51, 0x91, 0x00, 0x00, 0x95, 0x51, 0x25, 0xC7, 0x02, 0x02, 0xC9, 0x25, 0x00, 0x7B, 0xC8, 0xC8, 0x74, 0x00, 0x00, 0x00,
  0x06, 0x05, 0x00, 0x00, 0x00, 0x00, 0x09, 0x59, 0x01, 0x00, 0x00, 0x02, 0x95, 0x6B, 0x7B, 0x00, 0x08, 0x0F, 0x00, 0x00, 0x0F, 0x08, 0x50, 0x8B, 0x00, 0x00, 0x90, 0x4F, 0x51, 0x8C, 0x00, 0x00, 0x91, 0x50, 0x52, 0x8D, 0x00, 0x00, 0x92, 0x51,
  0x53, 0x8E, 0x00, 0x00, 0x93, 0x52, 0x51, 0x91, 0x00, 0x00, 0x95, 0x51, 0x25, 0xC7, 0x02, 0x02, 0xC9, 0x25, 0x00, 0x7B, 0xC8, 0xC8, 0x74, 0x00, 0x00, 0x00, 0x06, 0x05, 0x00, 0x00, 0x00, 0x12, 0x0A, 0x0B, 0x0E, 0x00, 0x00, 0x65, 0x4A, 0x54,
  0x62, 0x00, 0x08, 0x0F, 0x00, 0x00, 0x0F, 0x08, 0x50, 0x8B, 0x00, 0x00, 0x90, 0x4F, 0x51, 0x8C, 0x00, 0x00, 0x91, 0x50, 0x52, 0x8D, 0x00, 0x00, 0x92, 0x51, 0x53, 0x8E, 0x00, 0x00, 0x93, 0x52, 0x51, 0x91, 0x00, 0x00, 0x95, 0x51, 0x25, 0xC7,
  0x02, 0x02, 0xC9, 0x25, 0x00, 0x7B, 0xC8, 0xC8, 0x74, 0x00, 0x00, 0x00, 0x06, 0x05, 0x00, 0x00, 0x00, 0x00, 0x00, 0x0A, 0x34, 0x00, 0x00, 0x00, 0x00, 0x93, 0x49, 0x00, 0x12, 0x09, 0x00, 0x0B, 0x0C, 0x0F, 0x66, 0x99, 0x00, 0x00, 0xB7, 0x49,
  0x05, 0xD8, 0x16, 0x2D, 0xC9, 0x00, 0x00, 0x67, 0x80, 0xA1, 0x4A, 0x00, 0x00, 0x06, 0xCF, 0xC5, 0x00, 0x00, 0x00, 0x00, 0x83, 0x67, 0x00, 0x00, 0x00, 0x00, 0x7A, 0x5D, 0x00, 0x00, 0x00, 0x00, 0x78, 0x5C, 0x00, 0x00, 0x00, 0x26, 0x8B, 0x6C,
  0x02, 0x00, 0x04, 0xD6, 0x42, 0xA2, 0x5E, 0x00, 0x23, 0xBF, 0x00, 0x76, 0x68, 0x00, 0x2B, 0xB7, 0x01, 0xDD, 0x10, 0x00, 0x2B, 0xB7, 0x00, 0xDC, 0x25, 0x00, 0x2B, 0xB7, 0x00, 0x37, 0xD5, 0x15, 0x2B, 0xB7, 0x00, 0x00, 0x97, 0x53, 0x2B, 0xB7,
  0x8C, 0xAD, 0xD1, 0x17, 0x00, 0x00, 0x00, 0x14, 0x02, 0x00, 0x00, 0x33, 0x0B, 0x00, 0x00, 0x00, 0x00, 0x4E, 0x93, 0x00, 0x00, 0x00, 0x00, 0x08, 0x58, 0x4B, 0x07, 0x00, 0x03, 0xCA, 0x72, 0x7F, 0xC3, 0x00, 0x04, 0x26, 0x1F, 0x33, 0xE0, 0x0F,
  0x05, 0xB6, 0x91, 0x71, 0xE7, 0x13, 0x2E, 0xBA, 0x00, 0x08, 0xE4, 0x14, 0x07, 0xBF, 0xBE, 0xBC, 0xE0, 0x2A, 0x00, 0x00, 0x0F, 0x01, 0x00, 0x00, 0x00, 0x00, 0x00, 0x0A, 0x34, 0x00, 0x00, 0x00, 0x00, 0x93, 0x49, 0x00, 0x00, 0x08, 0x4C, 0x56,
  0x07, 0x00, 0x03, 0xCA, 0x72, 0x7F, 0xC3, 0x00, 0x04, 0x26, 0x1F, 0x33, 0xE0, 0x0F, 0x05, 0xB6, 0x91, 0x71, 0xE7, 0x13, 0x2E, 0xBA, 0x00, 0x08, 0xE4, 0x14, 0x07, 0xBF, 0xBE, 0xBC, 0xE0, 0x2A, 0x00, 0x00, 0x0F, 0x01, 0x00, 0x00, 0x00, 0x00,
  0x09, 0x59, 0x01, 0x00, 0x00, 0x02, 0x95, 0x6B, 0x7B, 0x00, 0x00, 0x08, 0x4C, 0x4B, 0x07, 0x00, 0x03, 0xCA, 0x72, 0x7F, 0xC3, 0x00, 0x04, 0x26, 0x1F, 0x33, 0xE0, 0x0F, 0x05, 0xB6, 0x91, 0x71, 0xE7, 0x13, 0x2E, 0xBA, 0x00, 0x08, 0xE4, 0x14,
  0x07, 0xBF, 0xBE, 0xBC, 0xE0, 0x2A, 0x00, 0x00, 0x0F, 0x01, 0x00, 0x00, 0x00, 0x00, 0x42, 0x15, 0x31, 0x00, 0x00, 0x30, 0x88, 0x9F, 0x91, 0x00, 0x00, 0x08, 0x4C, 0x4B, 0x07, 0x00, 0x03, 0xCA, 0x72, 0x7F, 0xC3, 0x00, 0x04, 0x26, 0x1F, 0x33,
  0xE0, 0x0F, 0x05, 0xB6, 0x91, 0x71, 0xE7, 0x13, 0x2E, 0xBA, 0x00, 0x08, 0xE4, 0x14, 0x07, 0xBF, 0xBE, 0xBC, 0xE0, 0x2A, 0x00, 0x00, 0x0F, 0x01, 0x00, 0x00, 0x00, 0x12, 0x0A, 0x0B, 0x0E, 0x00, 0x00, 0x65, 0x4A, 0x54, 0x62, 0x00, 0x00, 0x08,
  0x4C, 0x4B, 0x07, 0x00, 0x03, 0xCA, 0x72, 0x7F, 0xC3, 0x00, 0x04, 0x26, 0x1F, 0x33, 0xE0, 0x0F, 0x05, 0xB6, 0x91, 0x71, 0xE7, 0x13, 0x2E, 0xBA, 0x00, 0x08, 0xE4, 0x14, 0x07, 0xBF, 0xBE, 0xBC, 0xE0, 0x2A, 0x00, 0x00, 0x0F, 0x01, 0x00, 0x00,
  0x00, 0x00, 0x32, 0x32, 0x00, 0x00, 0x00, 0x00, 0x8B, 0x8A, 0x00, 0x00, 0x00, 0x08, 0xA0, 0x9E, 0x07, 0x00, 0x03, 0xCA, 0x72, 0x7F, 0xC3, 0x00, 0x04, 0x26, 0x1F, 0x33, 0xE0, 0x0F, 0x05, 0xB6, 0x91, 0x71, 0xE7, 0x13, 0x2E, 0xBA, 0x00, 0x08,
  0xE4, 0x14, 0x07, 0xBF, 0xBE, 0xBC, 0xE0, 0x2A, 0x00, 0x00, 0x0F, 0x01, 0x00, 0x00, 0x04, 0x4D, 0x39, 0x30, 0x50, 0x05, 0x8A, 0x95, 0xC6, 0xC1, 0x88, 0x97, 0x13, 0x09, 0x8B, 0x73, 0x28, 0xD0, 0x5B, 0xC9, 0xCB, 0xBA, 0x93, 0x7A, 0xC0, 0x28,
  0x7F, 0x6F, 0x00, 0x00, 0x7A, 0xC5, 0xAB, 0xCB, 0xAB, 0x7C, 0x00, 0x0D, 0x01, 0x02, 0x11, 0x00, 0x00, 0x02, 0x3F, 0x4C, 0x08, 0x00, 0x00, 0xAE, 0x8F, 0x77, 0xC9, 0x06, 0x2D, 0xBE, 0x00, 0x00, 0x5C, 0x19, 0x45, 0xA0, 0x00, 0x00, 0x00, 0x00,
  0x1C, 0xD1, 0x04, 0x00, 0x7D, 0x1B, 0x00, 0x6D, 0xC6, 0xBA, 0x90, 0x00, 0x00, 0x00, 0x7F, 0x74, 0x00, 0x00, 0x00, 0x00, 0x58, 0x8F, 0x00, 0x00, 0x00, 0x00, 0x10, 0x00, 0x00, 0x00, 0x00, 0x33, 0x0B, 0x00, 0x00, 0x00, 0x00, 0x4E, 0x93, 0x00,
  0x00, 0x00, 0x00, 0x00, 0x4B, 0x48, 0x07, 0x00, 0x00, 0xA4, 0x8C, 0x7C, 0xC2, 0x02, 0x2F, 0xC4, 0x1F, 0x1F, 0xB2, 0x3D, 0x50, 0xD7, 0x9B, 0x9B, 0x9B, 0x34, 0x23, 0xD2, 0x06, 0x00, 0x25, 0x02, 0x00, 0x6C, 0xCB, 0xB5, 0xB3, 0x0E, 0x00, 0x00,
  0x02, 0x0E, 0x00, 0x00, 0x00, 0x00, 0x00, 0x0A, 0x34, 0x00, 0x00, 0x00, 0x00, 0x93, 0x49, 0x00, 0x00, 0x00, 0x3F, 0x54, 0x07, 0x00, 0x00, 0xA4, 0x8C, 0x7C, 0xC2, 0x02, 0x2F, 0xC4, 0x1F, 0x1F, 0xB2, 0x3D, 0x50, 0xD7, 0x9B, 0x9B, 0x9B, 0x34,
  0x23, 0xD2, 0x06, 0x00, 0x25, 0x02, 0x00, 0x6C, 0xCB, 0xB5, 0xB3, 0x0E, 0x00, 0x00, 0x02, 0x0E, 0x00, 0x00, 0x00, 0x00, 0x09, 0x59, 0x01, 0x00, 0x00, 0x02, 0x95, 0x6B, 0x7B, 0x00, 0x00, 0x00, 0x3F, 0x48, 0x07, 0x00, 0x00, 0xA4, 0x8C, 0x7C,
  0xC2, 0x02, 0x2F, 0xC4, 0x1F, 0x1F, 0xB2, 0x3D, 0x50, 0xD7, 0x9B, 0x9B, 0x9B, 0x34, 0x23, 0xD2, 0x06, 0x00, 0x25, 0x02, 0x00, 0x6C, 0xCB, 0xB5, 0xB3, 0x0E, 0x00, 0x00, 0x02, 0x0E, 0x00, 0x00, 0x00, 0x12, 0x0A, 0x0B, 0x0E, 0x00, 0x00, 0x65,
  0x4A, 0x54, 0x62, 0x00, 0x00, 0x00, 0x3F, 0x48, 0x07, 0x00, 0x00, 0xA4, 0x8C, 0x7C, 0xC2, 0x02, 0x2F, 0xC4, 0x1F, 0x1F, 0xB2, 0x3D, 0x50, 0xD7, 0x9B, 0x9B, 0x9B, 0x34, 0x23, 0xD2, 0x06, 0x00, 0x25, 0x02, 0x00, 0x6C, 0xCB, 0xB5, 0xB3, 0x0E,
  0x00, 0x00, 0x02, 0x0E, 0x00, 0x00, 0x00, 0x00, 0x33, 0x0B, 0x00, 0x00, 0x00, 0x00, 0x4E, 0x93, 0x00, 0x00, 0x01, 0x47, 0x47, 0x3D, 0x00, 0x00, 0x01, 0x7F, 0x9B, 0xAF, 0x00, 0x00, 0x00, 0x00, 0x37, 0xAF, 0x00, 0x00, 0x00, 0x00, 0x37, 0xAF,
  0x00, 0x00, 0x00, 0x00, 0x37, 0xAF, 0x00, 0x00, 0x03, 0xC7, 0xD4, 0xEE, 0xC7, 0x54, 0x00, 0x00, 0x00, 0x0A, 0x34, 0x00, 0x00, 0x00, 0x00, 0x93, 0x49, 0x00, 0x01, 0x47, 0x47, 0x3C, 0x00, 0x00, 0x01, 0x7F, 0x9B, 0xAF, 0x00, 0x00, 0x00, 0x00,
  0x37, 0xAF, 0x00, 0x00, 0x00, 0x00, 0x37, 0xAF, 0x00, 0x00, 0x00, 0x00, 0x37, 0xAF, 0x00, 0x00, 0x03, 0xC7, 0xD4, 0xEE, 0xC7, 0x54, 0x00, 0x00, 0x09, 0x59, 0x01, 0x00, 0x00, 0x02, 0x95, 0x6B, 0x7B, 0x00, 0x01, 0x47, 0x47, 0x31, 0x00, 0x00,
  0x01, 0x7F, 0x9B, 0xAF, 0x00, 0x00, 0x00, 0x00, 0x37, 0xAF, 0x00, 0x00, 0x00, 0x00, 0x37, 0xAF, 0x00, 0x00, 0x00, 0x00, 0x37, 0xAF, 0x00, 0x00, 0x03, 0xC7, 0xD4, 0xEE, 0xC7, 0x54, 0x00, 0x12, 0x0A, 0x0B, 0x0E, 0x00, 0x00, 0x65, 0x4A, 0x54,
  0x62, 0x00, 0x01, 0x47, 0x47, 0x31, 0x00, 0x00, 0x01, 0x7F, 0x9B, 0xAF, 0x00, 0x00, 0x00, 0x00, 0x37, 0xAF, 0x00, 0x00, 0x00, 0x00, 0x37, 0xAF, 0x00, 0x00, 0x00, 0x00, 0x37, 0xAF, 0x00, 0x00, 0x03, 0xC7, 0xD4, 0xEE, 0xC7, 0x54, 0x00, 0x00,
  0x42, 0x15, 0x31, 0x00, 0x00, 0x30, 0x88, 0x9F, 0x91, 0x00, 0x0B, 0x2F, 0x25, 0x54, 0x15, 0x00, 0x27, 0xE3, 0x8C, 0x7A, 0xDA, 0x06, 0x27, 0xC3, 0x00, 0x00, 0xBB, 0x2B, 0x27, 0xBF, 0x00, 0x00, 0xB3, 0x33, 0x27, 0xBF, 0x00, 0x00, 0xB3, 0x33,
  0x27, 0xBF, 0x00, 0x00, 0xB3, 0x33, 0x00, 0x33, 0x0B, 0x00, 0x00, 0x00, 0x00, 0x4E, 0x93, 0x00, 0x00, 0x00, 0x00, 0x05, 0x51, 0x45, 0x05, 0x00, 0x02, 0xBE, 0x85, 0x85, 0xBD, 0x02, 0x46, 0xA8, 0x00, 0x00, 0xA8, 0x43, 0x60, 0x86, 0x00, 0x00,
  0x87, 0x5F, 0x31, 0xC1, 0x01, 0x01, 0xC1, 0x2E, 0x00, 0x80, 0xC3, 0xC3, 0x7E, 0x00, 0x00, 0x00, 0x05, 0x05, 0x00, 0x00, 0x00, 0x00, 0x00, 0x0A, 0x34, 0x00, 0x00, 0x00, 0x00, 0x93, 0x49, 0x00, 0x00, 0x05, 0x45, 0x50, 0x05, 0x00, 0x02, 0xBE,
  0x85, 0x85, 0xBD, 0x02, 0x46, 0xA8, 0x00, 0x00, 0xA8, 0x43, 0x60, 0x86, 0x00, 0x00, 0x87, 0x5F, 0x31, 0xC1, 0x01, 0x01, 0xC1, 0x2E, 0x00, 0x80, 0xC3, 0xC3, 0x7E, 0x00, 0x00, 0x00, 0x05, 0x05, 0x00, 0x00, 0x00, 0x00, 0x09, 0x59, 0x01, 0x00,
  0x00, 0x02, 0x95, 0x6B, 0x7B, 0x00, 0x00, 0x05, 0x45, 0x45, 0x05, 0x00, 0x02, 0xBE, 0x85, 0x85, 0xBD, 0x02, 0x46, 0xA8, 0x00, 0x00, 0xA8, 0x43, 0x60, 0x86, 0x00, 0x00, 0x87, 0x5F, 0x31, 0xC1, 0x01, 0x01, 0xC1, 0x2E, 0x00, 0x80, 0xC3, 0xC3,
  0x7E, 0x00, 0x00, 0x00, 0x05, 0x05, 0x00, 0x00, 0x00, 0x00, 0x42, 0x15, 0x31, 0x00, 0x00, 0x30, 0x88, 0x9F, 0x91, 0x00, 0x00, 0x05, 0x45, 0x45, 0x05, 0x00, 0x02, 0xBE, 0x85, 0x85, 0xBD, 0x02, 0x46, 0xA8, 0x00, 0x00, 0xA8, 0x43, 0x60, 0x86,
  0x00, 0x00, 0x87, 0x5F, 0x31, 0xC1, 0x01, 0x01, 0xC1, 0x2E, 0x00, 0x80, 0xC3, 0xC3, 0x7E, 0x00, 0x00, 0x00, 0x05, 0x05, 0x00, 0x00, 0x00, 0x12, 0x0A, 0x0B, 0x0E, 0x00, 0x00, 0x65, 0x4A, 0x54, 0x62, 0x00, 0x00, 0x05, 0x45, 0x45, 0x05, 0x00,
  0x02, 0xBE, 0x85, 0x85, 0xBD, 0x02, 0x46, 0xA8, 0x00, 0x00, 0xA8, 0x43, 0x60, 0x86, 0x00, 0x00, 0x87, 0x5F, 0x31, 0xC1, 0x01, 0x01, 0xC1, 0x2E, 0x00, 0x80, 0xC3, 0xC3, 0x7E, 0x00, 0x00, 0x00, 0x05, 0x05, 0x00, 0x00, 0x00, 0x00, 0x5C, 0x60,
  0x00, 0x00, 0x00, 0x00, 0x08, 0x09, 0x00, 0x00, 0x5C, 0xD3, 0xD3, 0xD3, 0xD3, 0x5C, 0x06, 0x0F, 0x0F, 0x0F, 0x0F, 0x06, 0x00, 0x00, 0x61, 0x60, 0x00, 0x00, 0x00, 0x00, 0x07, 0x06, 0x00, 0x00, 0x00, 0x05, 0x45, 0x4E, 0x87, 0x00, 0x02, 0xBE,
  0x85, 0xB0, 0xC5, 0x04, 0x46, 0xA8, 0x02, 0x97, 0xA5, 0x46, 0x5E, 0x87, 0x56, 0x42, 0x86, 0x5F, 0x2D, 0xC1, 0x97, 0x01, 0xC1, 0x2E, 0x00, 0x9B, 0xD0, 0xC3, 0x7E, 0x00, 0x00, 0x64, 0x0A, 0x05, 0x00, 0x00, 0x00, 0x33, 0x0B, 0x00, 0x00, 0x00,
  0x00, 0x4E, 0x93, 0x00, 0x00, 0x00, 0x08, 0x38, 0x0B, 0x00, 0x35, 0x0B, 0x1F, 0xC7, 0x00, 0x00, 0xBF, 0x27, 0x1F, 0xC7, 0x00, 0x00, 0xBF, 0x27, 0x1F, 0xC8, 0x00, 0x00, 0xBF, 0x27, 0x0C, 0xDD, 0x00, 0x01, 0xD2, 0x27, 0x00, 0x93, 0xC3, 0xAB,
  0xCF, 0x27, 0x00, 0x00, 0x0B, 0x00, 0x00, 0x00, 0x00, 0x00, 0x00, 0x0A, 0x34, 0x00, 0x00, 0x00, 0x00, 0x93, 0x49, 0x00, 0x08, 0x38, 0x00, 0x0B, 0x35, 0x0B, 0x1F, 0xC7, 0x00, 0x00, 0xBF, 0x27, 0x1F, 0xC7, 0x00, 0x00, 0xBF, 0x27, 0x1F, 0xC8,
  0x00, 0x00, 0xBF, 0x27, 0x0C, 0xDD, 0x00, 0x01, 0xD2, 0x27, 0x00, 0x93, 0xC3, 0xAB, 0xCF, 0x27, 0x00, 0x00, 0x0B, 0x00, 0x00, 0x00, 0x00, 0x00, 0x09, 0x59, 0x01, 0x00, 0x00, 0x02, 0x95, 0x6B, 0x7B, 0x00, 0x08, 0x38, 0x00, 0x00, 0x35, 0x0B,
  0x1F, 0xC7, 0x00, 0x00, 0xBF, 0x27, 0x1F, 0xC7, 0x00, 0x00, 0xBF, 0x27, 0x1F, 0xC8, 0x00, 0x00, 0xBF, 0x27, 0x0C, 0xDD, 0x00, 0x01, 0xD2, 0x27, 0x00, 0x93, 0xC3, 0xAB, 0xCF, 0x27, 0x00, 0x00, 0x0B, 0x00, 0x00, 0x00, 0x00, 0x12, 0x0A, 0x0B,
  0x0E, 0x00, 0x00, 0x65, 0x4A, 0x54, 0x62, 0x00, 0x08, 0x38, 0x00, 0x00, 0x35, 0x0B, 0x1F, 0xC7, 0x00, 0x00, 0xBF, 0x27, 0x1F, 0xC7, 0x00, 0x00, 0xBF, 0x27, 0x1F, 0xC8, 0x00, 0x00, 0xBF, 0x27, 0x0C, 0xDD, 0x00, 0x01, 0xD2, 0x27, 0x00, 0x93,
  0xC3, 0xAB, 0xCF, 0x27, 0x00, 0x00, 0x0B, 0x00, 0x00, 0x00, 0x00, 0x00, 0x00, 0x0A, 0x34, 0x00, 0x00, 0x00, 0x00, 0x93, 0x49, 0x00, 0x2B, 0x1C, 0x00, 0x0B, 0x1D, 0x2A, 0x51, 0xAC, 0x00, 0x00, 0xAB, 0x4F, 0x02, 0xD7, 0x1E, 0x17, 0xD6, 0x02,
  0x00, 0x69, 0x87, 0x77, 0x6D, 0x00, 0x00, 0x09, 0xD5, 0xCC, 0x0C, 0x00, 0x00, 0x00, 0x89, 0x8B, 0x00, 0x00, 0x00, 0x01, 0xC3, 0x1E, 0x00, 0x00, 0x24, 0xC3, 0x7D, 0x00, 0x00, 0x00, 0x06, 0x15, 0x00, 0x00, 0x00, 0x00, 0x00, 0x12, 0x0A, 0x0B,
  0x0E, 0x00, 0x00, 0x65, 0x4A, 0x54, 0x62, 0x00, 0x2B, 0x1C, 0x00, 0x00, 0x1D, 0x2A, 0x51, 0xAC, 0x00, 0x00, 0xAB, 0x4F, 0x02, 0xD7, 0x1E, 0x17, 0xD6, 0x02, 0x00, 0x69, 0x87, 0x77, 0x6D, 0x00, 0x00, 0x09, 0xD5, 0xCC, 0x0C, 0x00, 0x00, 0x00,
  0x89, 0x8B, 0x00, 0x00, 0x00, 0x01, 0xC3, 0x1E, 0x00, 0x00, 0x24, 0xC3, 0x7D, 0x00, 0x00, 0x00, 0x06, 0x15, 0x00, 0x00, 0x00, 0x00, 0x00, 0x0E, 0x08, 0x09, 0x0E, 0x00, 0x00, 0x41, 0xA6, 0xA7, 0x3E, 0x00, 0x00, 0x00, 0x21, 0x24, 0x00, 0x00,
  0x00, 0x00, 0x82, 0xA4, 0x00, 0x00, 0x00, 0x00, 0xCA, 0xD2, 0x05, 0x00, 0x00, 0x28, 0xAF, 0x91, 0x46, 0x00, 0x00, 0x7A, 0x60, 0x44, 0x97, 0x00, 0x00, 0xCD, 0xAF, 0xA5, 0xE6, 0x01, 0x20, 0xC7, 0x27, 0x27, 0xAE, 0x39, 0x72, 0x73, 0x00, 0x00,
  0x57, 0x8A, 0x00, 0x0E, 0x08, 0x09, 0x0E, 0x00, 0x00, 0x41, 0xA6, 0xA7, 0x3E, 0x00, 0x00, 0x08, 0x64, 0x63, 0x07, 0x00, 0x03, 0xCA, 0x72, 0x7F, 0xC3, 0x00, 0x04, 0x26, 0x1F, 0x33, 0xE0, 0x0F, 0x05, 0xB6, 0x91, 0x71, 0xE7, 0x13, 0x2E, 0xBA,
  0x00, 0x08, 0xE4, 0x14, 0x07, 0xBF, 0xBE, 0xBC, 0xE0, 0x2A, 0x00, 0x00, 0x0F, 0x01, 0x00, 0x00, 0x00, 0x00, 0x09, 0x0D, 0x00, 0x00, 0x00, 0x00, 0x82, 0xA4, 0x00, 0x00, 0x00, 0x00, 0xCA, 0xD2, 0x05, 0x00, 0x00, 0x28, 0xAF, 0x91, 0x46, 0x00,
  0x00, 0x7A, 0x60, 0x44, 0x97, 0x00, 0x00, 0xCD, 0xAF, 0xA5, 0xE6, 0x01, 0x20, 0xC7, 0x27, 0x27, 0xAE, 0x39, 0x72, 0x73, 0x00, 0x00, 0x5C, 0x8A, 0x00, 0x00, 0x00, 0x05, 0xAD, 0x12, 0x00, 0x00, 0x00, 0x15, 0xD6, 0x5B, 0x00, 0x00, 0x00, 0x00,
  0x0E, 0x05, 0x00, 0x08, 0x4C, 0x4B, 0x07, 0x00, 0x03, 0xCA, 0x72, 0x7F, 0xC3, 0x00, 0x04, 0x26, 0x1F, 0x33, 0xE0, 0x0F, 0x05, 0xB6, 0x92, 0x71, 0xE7, 0x13, 0x2E, 0xBA, 0x00, 0x08, 0xE4, 0x14, 0x07, 0xBF, 0xBE, 0xBC, 0xE1, 0x2A, 0x00, 0x00,
  0x0F, 0x45, 0x82, 0x00, 0x00, 0x00, 0x00, 0x70, 0xB6, 0x1F, 0x00, 0x00, 0x00, 0x00, 0x13, 0x00, 0x00, 0x00, 0x00, 0x0A, 0x34, 0x00, 0x00, 0x00, 0x00, 0x93, 0x49, 0x00, 0x00, 0x00, 0x1B, 0x29, 0x00, 0x00, 0x00, 0x92, 0xB1, 0xA7, 0xAE, 0x02,
  0x32, 0xB7, 0x00, 0x00, 0xA3, 0x4B, 0x6F, 0x78, 0x00, 0x00, 0x07, 0x07, 0x7B, 0x6F, 0x00, 0x00, 0x00, 0x00, 0x6C, 0x7B, 0x00, 0x00, 0x11, 0x0F, 0x2A, 0xC3, 0x01, 0x00, 0xAB, 0x43, 0x00, 0x77, 0xC2, 0xBC, 0x91, 0x00, 0x00, 0x00, 0x06, 0x07,
  0x00, 0x00, 0x00, 0x00, 0x00, 0x0A, 0x34, 0x00, 0x00, 0x00, 0x00, 0x93, 0x49, 0x00, 0x00, 0x02, 0x3F, 0x57, 0x08, 0x00, 0x00, 0xAE, 0x8F, 0x77, 0xC9, 0x06, 0x2D, 0xBE, 0x00, 0x00, 0x5C, 0x19, 0x45, 0xA0, 0x00, 0x00, 0x00, 0x00, 0x1C, 0xD1,
  0x04, 0x00, 0x7D, 0x1B, 0x00, 0x6D, 0xC6, 0xBA, 0x90, 0x00, 0x00, 0x00, 0x03, 0x08, 0x00, 0x00, 0x00, 0x28, 0x2E, 0x32, 0x27, 0x00, 0x00, 0x05, 0x96, 0x94, 0x03, 0x00, 0x00, 0x00, 0x1B, 0x1E, 0x00, 0x00, 0x00, 0x92, 0xB1, 0xA7, 0xAE, 0x02,
  0x32, 0xB7, 0x00, 0x00, 0xA3, 0x4B, 0x6F, 0x78, 0x00, 0x00, 0x07, 0x07, 0x7B, 0x6F, 0x00, 0x00, 0x00, 0x00, 0x6C, 0x7B, 0x00, 0x00, 0x11, 0x0F, 0x2A, 0xC3, 0x01, 0x00, 0xAB, 0x43, 0x00, 0x77, 0xC2, 0xBC, 0x91, 0x00, 0x00, 0x00, 0x06, 0x07,
  0x00, 0x00, 0x00, 0x28, 0x2E, 0x32, 0x27, 0x00, 0x00, 0x05, 0x96, 0x94, 0x03, 0x00, 0x00, 0x02, 0x3F, 0x4C, 0x08, 0x00, 0x00, 0xAE, 0x8F, 0x77, 0xC9, 0x06, 0x2D, 0xBE, 0x00, 0x00, 0x5C, 0x19, 0x45, 0xA0, 0x00, 0x00, 0x00, 0x00, 0x1C, 0xD1,
  0x04, 0x00, 0x7D, 0x1B, 0x00, 0x6D, 0xC6, 0xBA, 0x90, 0x00, 0x00, 0x00, 0x03, 0x08, 0x00, 0x00, 0x00, 0x28, 0x2E, 0x32, 0x27, 0x00, 0x00, 0x05, 0x96, 0x94, 0x03, 0x00, 0x06, 0x1B, 0x16, 0x01, 0x00, 0x00, 0x3F, 0xE0, 0xA7, 0xCC, 0x54, 0x00,
  0x3F, 0xAB, 0x00, 0x0D, 0xCD, 0x27, 0x3F, 0xAB, 0x00, 0x00, 0x73, 0x77, 0x3F, 0xAB, 0x00, 0x00, 0x5D, 0x8A, 0x3F, 0xAB, 0x00, 0x00, 0x77, 0x71, 0x3F, 0xAB, 0x00, 0x16, 0xD4, 0x20, 0x3F, 0xE9, 0xBC, 0xC2, 0x43, 0x00, 0x00, 0x00, 0x00, 0x00,
  0x61, 0x11, 0x2E, 0x5C, 0x00, 0x00, 0x00, 0x00, 0xC3, 0x23, 0x5A, 0x86, 0x00, 0x08, 0x4B, 0x33, 0xC3, 0x23, 0x83, 0x29, 0x00, 0xC0, 0x8F, 0x8B, 0xF4, 0x23, 0x00, 0x00, 0x33, 0xB7, 0x00, 0x00, 0xC5, 0x23, 0x00, 0x00, 0x4C, 0x99, 0x00, 0x00,
  0xC3, 0x23, 0x00, 0x00, 0x21, 0xCE, 0x03, 0x02, 0xD4, 0x23, 0x00, 0x00, 0x00, 0x81, 0xCE, 0xBA, 0xDD, 0x23, 0x00, 0x00, 0x00, 0x00, 0x08, 0x01, 0x00, 0x00, 0x00, 0x00, 0x00, 0x04, 0x1B, 0x14, 0x00, 0x00, 0x00, 0x00, 0x2B, 0xE7, 0xA7, 0xC7,
  0x5D, 0x00, 0x00, 0x2B, 0xBF, 0x00, 0x0A, 0xC6, 0x30, 0x00, 0x2B, 0xBF, 0x00, 0x00, 0x62, 0x80, 0x34, 0xC7, 0xEE, 0x9B, 0x00, 0x4A, 0x9D, 0x00, 0x2B, 0xBF, 0x00, 0x00, 0x68, 0x7B, 0x00, 0x2B, 0xBF, 0x00, 0x14, 0xCF, 0x26, 0x00, 0x2B, 0xEE,
  0xBD, 0xC1, 0x48, 0x00, 0x00, 0x00, 0x00, 0x00, 0x6B, 0x07, 0x00, 0x00, 0x00, 0x0E, 0xBB, 0xF5, 0xC0, 0x05, 0x00, 0x0C, 0x4F, 0x33, 0xD7, 0x0F, 0x00, 0x04, 0xCB, 0x86, 0x8D, 0xF9, 0x0F, 0x00, 0x46, 0xA6, 0x00, 0x00, 0xD9, 0x0F, 0x00, 0x5C,
  0x89, 0x00, 0x00, 0xD7, 0x0F, 0x00, 0x32, 0xC0, 0x01, 0x03, 0xE4, 0x0F, 0x00, 0x00, 0x91, 0xC9, 0xB8, 0xE6, 0x0F, 0x00, 0x00, 0x00, 0x0A, 0x03, 0x00, 0x00, 0x00, 0x03, 0x1B, 0x1B, 0x1B, 0x1B, 0x05, 0x1B, 0xEE, 0xA7, 0xA7, 0xA7, 0x22, 0x1B,
  0xCB, 0x00, 0x00, 0x00, 0x00, 0x1B, 0xCE, 0x0B, 0x0B, 0x09, 0x00, 0x1B, 0xF1, 0xB7, 0xB7, 0x8C, 0x00, 0x1B, 0xCB, 0x00, 0x00, 0x00, 0x00, 0x1B, 0xCB, 0x00, 0x00, 0x00, 0x00, 0x1B, 0xF3, 0xC3, 0xC3, 0xC3, 0x30, 0x00, 0x00, 0x00, 0x7D, 0x4B,
  0x00, 0x00, 0x00, 0x00, 0xAC, 0x99, 0x00, 0x00, 0x00, 0x00, 0x05, 0x0F, 0x00, 0x00, 0x00, 0x3F, 0x48, 0x07, 0x00, 0x00, 0xA4, 0x8C, 0x7C, 0xC2, 0x02, 0x2F, 0xC4, 0x1F, 0x1F, 0xB3, 0x3D, 0x51, 0xD7, 0x9B, 0x9B, 0x9B, 0x34, 0x24, 0xD1, 0x05,
  0x00, 0x25, 0x02, 0x00, 0x6B, 0xCD, 0xB5, 0xB4, 0x0E, 0x00, 0x00, 0x33, 0x97, 0x00, 0x00, 0x00, 0x00, 0x44, 0xCE, 0x37, 0x00, 0x00, 0x00, 0x00, 0x01, 0x00, 0x00, 0x00, 0x28, 0x2E, 0x32, 0x27, 0x00, 0x00, 0x05, 0x96, 0x94, 0x03, 0x00, 0x03,
  0x1B, 0x1B, 0x1B, 0x1B, 0x05, 0x1B, 0xEE, 0xA7, 0xA7, 0xA7, 0x22, 0x1B, 0xCB, 0x00, 0x00, 0x00, 0x00, 0x1B, 0xCE, 0x0B, 0x0B, 0x09, 0x00, 0x1B, 0xF1, 0xB7, 0xB7, 0x8C, 0x00, 0x1B, 0xCB, 0x00, 0x00, 0x00, 0x00, 0x1B, 0xCB, 0x00, 0x00, 0x00,
  0x00, 0x1B, 0xF3, 0xC3, 0xC3, 0xC3, 0x30, 0x00, 0x28, 0x2E, 0x32, 0x27, 0x00, 0x00, 0x05, 0x96, 0x94, 0x03, 0x00, 0x00, 0x00, 0x3F, 0x48, 0x07, 0x00, 0x00, 0xA4, 0x8C, 0x7C, 0xC2, 0x02, 0x2F, 0xC4, 0x1F, 0x1F, 0xB2, 0x3D, 0x50, 0xD7, 0x9B,
  0x9B, 0x9B, 0x34, 0x23, 0xD2, 0x06, 0x00, 0x25, 0x02, 0x00, 0x6C, 0xCB, 0xB5, 0xB3, 0x0E, 0x00, 0x00, 0x02, 0x0E, 0x00, 0x00, 0x01, 0x47, 0x47, 0x31, 0x00, 0x00, 0x01, 0x7F, 0x9B, 0xAF, 0x00, 0x00, 0x00, 0x00, 0x37, 0xAF, 0x00, 0x00, 0x00,
  0x00, 0x37, 0xAF, 0x00, 0x00, 0x00, 0x00, 0x37, 0xAF, 0x00, 0x00, 0x03, 0xC7, 0xD4, 0xEE, 0xC7, 0x54, 0x00, 0x0A, 0x34, 0x00, 0x00, 0x00, 0x00, 0x93, 0x49, 0x00, 0x00, 0x00, 0x00, 0x23, 0x00, 0x00, 0x00, 0x00, 0x07, 0xDF, 0x00, 0x00, 0x00,
  0x00, 0x07, 0xDF, 0x00, 0x00, 0x00, 0x00, 0x07, 0xDF, 0x00, 0x00, 0x00, 0x00, 0x07, 0xDF, 0x00, 0x00, 0x00, 0x00, 0x07, 0xDF, 0x00, 0x00, 0x00, 0x00, 0x07, 0xDF, 0x00, 0x00, 0x00, 0x00, 0x07, 0xF8, 0xC3, 0xC3, 0xC3, 0x43, 0x00, 0x00, 0x00,
  0x0A, 0x34, 0x00, 0x00, 0x00, 0x00, 0x93, 0x49, 0x00, 0x01, 0x7F, 0x7F, 0x63, 0x00, 0x00, 0x01, 0x47, 0x70, 0xAF, 0x00, 0x00, 0x00, 0x00, 0x37, 0xAF, 0x00, 0x00, 0x00, 0x00, 0x37, 0xAF, 0x00, 0x00, 0x00, 0x00, 0x37, 0xAF, 0x00, 0x00, 0x00,
  0x00, 0x37, 0xAF, 0x00, 0x00, 0x00, 0x00, 0x37, 0xAF, 0x00, 0x00, 0x03, 0xC7, 0xD4, 0xEE, 0xC7, 0x54, 0x00, 0x18, 0x00, 0x2E, 0x5C, 0x00, 0x07, 0xDF, 0x00, 0x5A, 0x86, 0x00, 0x07, 0xDF, 0x00, 0x83, 0x29, 0x00, 0x07, 0xDF, 0x00, 0x00, 0x00,
  0x00, 0x07, 0xDF, 0x00, 0x00, 0x00, 0x00, 0x07, 0xDF, 0x00, 0x00, 0x00, 0x00, 0x07, 0xDF, 0x00, 0x00, 0x00, 0x00, 0x07, 0xF8, 0xC3, 0xC3, 0xC3, 0x43, 0x01, 0x7F, 0x7F, 0x57, 0x2E, 0x5C, 0x01, 0x47, 0x70, 0xAF, 0x5A, 0x86, 0x00, 0x00, 0x37,
  0xAF, 0x83, 0x29, 0x00, 0x00, 0x37, 0xAF, 0x00, 0x00, 0x00, 0x00, 0x37, 0xAF, 0x00, 0x00, 0x00, 0x00, 0x37, 0xAF, 0x00, 0x00, 0x00, 0x00, 0x37, 0xAF, 0x00, 0x00, 0x03, 0xC7, 0xD4, 0xEE, 0xC7, 0x54, 0x00, 0x18, 0x00, 0x00, 0x00, 0x00, 0x03,
  0xE3, 0x00, 0x00, 0x00, 0x00, 0x03, 0xE3, 0x00, 0x00, 0x00, 0x00, 0x03, 0xE7, 0x50, 0x16, 0x00, 0x00, 0x87, 0xF6, 0x7A, 0x0C, 0x00, 0x00, 0x10, 0xE3, 0x00, 0x00, 0x00, 0x00, 0x03, 0xE3, 0x00, 0x00, 0x00, 0x00, 0x03, 0xF9, 0xC3, 0xC3, 0xC3,
  0x46, 0x01, 0x7F, 0x7F, 0x57, 0x00, 0x00, 0x01, 0x47, 0x70, 0xAF, 0x00, 0x00, 0x00, 0x00, 0x37, 0xAF, 0x20, 0x0A, 0x00, 0x00, 0x58, 0xEF, 0xA9, 0x0B, 0x00, 0xA0, 0xB6, 0xB0, 0x00, 0x00, 0x00, 0x0B, 0x37, 0xAF, 0x00, 0x00, 0x00, 0x00, 0x37,
  0xAF, 0x00, 0x00, 0x03, 0xC7, 0xD4, 0xEE, 0xC7, 0x54, 0x00, 0x00, 0x0A, 0x34, 0x00, 0x00, 0x00, 0x00, 0x93, 0x49, 0x00, 0x00, 0x08, 0x11, 0x0B, 0x00, 0x11, 0x08, 0x4B, 0xE4, 0x08, 0x00, 0x9C, 0x4B, 0x4B, 0xF9, 0x72, 0x00, 0x9D, 0x4B, 0x4B,
  0xAA, 0xD4, 0x0D, 0x9E, 0x4B, 0x4B, 0x9E, 0x6E, 0x7D, 0x9F, 0x4B, 0x4B, 0x9D, 0x07, 0xD3, 0xB2, 0x4B, 0x4B, 0x9C, 0x00, 0x64, 0xFD, 0x4B, 0x4B, 0x9B, 0x00, 0x04, 0xDA, 0x4B, 0x00, 0x00, 0x00, 0x0A, 0x34, 0x00, 0x00, 0x00, 0x00, 0x93, 0x49,
  0x00, 0x0B, 0x2F, 0x25, 0x5F, 0x15, 0x00, 0x27, 0xE3, 0x8C, 0x7A, 0xDA, 0x06, 0x27, 0xC3, 0x00, 0x00, 0xBB, 0x2B, 0x27, 0xBF, 0x00, 0x00, 0xB3, 0x33, 0x27, 0xBF, 0x00, 0x00, 0xB3, 0x33, 0x27, 0xBF, 0x00, 0x00, 0xB3, 0x33, 0x00, 0x28, 0x2E,
  0x32, 0x27, 0x00, 0x00, 0x05, 0x96, 0x94, 0x03, 0x00, 0x08, 0x11, 0x00, 0x00, 0x11, 0x08, 0x4B, 0xE4, 0x08, 0x00, 0x9C, 0x4B, 0x4B, 0xF9, 0x72, 0x00, 0x9D, 0x4B, 0x4B, 0xAA, 0xD4, 0x0D, 0x9E, 0x4B, 0x4B, 0x9E, 0x6E, 0x7D, 0x9F, 0x4B, 0x4B,
  0x9D, 0x07, 0xD3, 0xB2, 0x4B, 0x4B, 0x9C, 0x00, 0x64, 0xFD, 0x4B, 0x4B, 0x9B, 0x00, 0x04, 0xDA, 0x4B, 0x00, 0x28, 0x2E, 0x32, 0x27, 0x00, 0x00, 0x05, 0x96, 0x94, 0x03, 0x00, 0x0B, 0x2F, 0x25, 0x54, 0x15, 0x00, 0x27, 0xE3, 0x8C, 0x7A, 0xDA,
  0x06, 0x27, 0xC3, 0x00, 0x00, 0xBB, 0x2B, 0x27, 0xBF, 0x00, 0x00, 0xB3, 0x33, 0x27, 0xBF, 0x00, 0x00, 0xB3, 0x33, 0x27, 0xBF, 0x00, 0x00, 0xB3, 0x33, 0x00, 0x00, 0x05, 0x5F, 0x37, 0x3C, 0x00, 0x00, 0x6D, 0x72, 0xA1, 0x0B, 0x00, 0x00, 0x1C,
  0x1B, 0x00, 0x00, 0x00, 0x8E, 0xC0, 0xBD, 0x8D, 0x00, 0x2F, 0xBD, 0x00, 0x00, 0xBF, 0x2E, 0x6F, 0x74, 0x00, 0x00, 0x78, 0x6B, 0x7B, 0x68, 0x00, 0x00, 0x6C, 0x77, 0x6B, 0x78, 0x00, 0x00, 0x7B, 0x67, 0x26, 0xC8, 0x03, 0x02, 0xC7, 0x25, 0x00,
  0x74, 0xD1, 0xD1, 0x74, 0x00, 0x00, 0x00, 0x07, 0x07, 0x00, 0x00, 0x00, 0x00, 0x05, 0x5F, 0x37, 0x3C, 0x00, 0x00, 0x6D, 0x72, 0xA1, 0x0B, 0x00, 0x05, 0x45, 0x45, 0x05, 0x00, 0x02, 0xBE, 0x85, 0x85, 0xBD, 0x02, 0x46, 0xA8, 0x00, 0x00, 0xA8,
  0x43, 0x60, 0x86, 0x00, 0x00, 0x87, 0x5F, 0x31, 0xC1, 0x01, 0x01, 0xC1, 0x2E, 0x00, 0x80, 0xC3, 0xC3, 0x7E, 0x00, 0x00, 0x00, 0x05, 0x05, 0x00, 0x00, 0x00, 0x07, 0x2D, 0x22, 0x1B, 0x15, 0x1C, 0xC8, 0x97, 0xEF, 0x9F, 0x7A, 0x7D, 0x65, 0x13,
  0xD3, 0x00, 0x00, 0x9A, 0x4D, 0x13, 0xD6, 0x0B, 0x05, 0x9B, 0x4B, 0x13, 0xF2, 0xB3, 0x59, 0x98, 0x4D, 0x13, 0xD3, 0x00, 0x00, 0x77, 0x6B, 0x13, 0xD3, 0x00, 0x00, 0x15, 0xC4, 0xB0, 0xF4, 0xBB, 0x98, 0x00, 0x00, 0x11, 0x06, 0x00, 0x00, 0x00,
  0x46, 0x37, 0x21, 0x4F, 0x06, 0x71, 0xA4, 0xC3, 0xDC, 0x89, 0x97, 0xBC, 0x2B, 0x5C, 0xB6, 0x33, 0xD4, 0xC7, 0x24, 0x54, 0xD7, 0x93, 0x7F, 0xB2, 0x35, 0x68, 0xB0, 0x00, 0x00, 0x45, 0xCC, 0xD1, 0xC7, 0xAE, 0x66, 0x00, 0x07, 0x05, 0x01, 0x11,
  0x00, 0x00, 0x00, 0x00, 0x0A, 0x34, 0x00, 0x00, 0x00, 0x00, 0x93, 0x49, 0x00, 0x03, 0x1B, 0x1B, 0x14, 0x00, 0x00, 0x1B, 0xEA, 0xA0, 0xBF, 0x9E, 0x02, 0x1B, 0xC7, 0x00, 0x00, 0xAC, 0x43, 0x1B, 0xC7, 0x00, 0x00, 0xAE, 0x48, 0x1B, 0xEB, 0xA3,
  0xC3, 0x9E, 0x02, 0x1B, 0xCD, 0x17, 0x9E, 0x56, 0x00, 0x1B, 0xC7, 0x00, 0x23, 0xD1, 0x02, 0x1B, 0xC7, 0x00, 0x00, 0xA5, 0x57, 0x00, 0x0A, 0x34, 0x00, 0x00, 0x00, 0x93, 0x49, 0x00, 0x00, 0x1C, 0x2D, 0x29, 0x58, 0x0F, 0x63, 0xD0, 0xA3, 0x8C,
  0x19, 0x63, 0x9D, 0x00, 0x00, 0x00, 0x63, 0x83, 0x00, 0x00, 0x00, 0x63, 0x83, 0x00, 0x00, 0x00, 0x63, 0x83, 0x00, 0x00, 0x00, 0x00, 0x28, 0x2E, 0x32, 0x27, 0x00, 0x00, 0x05, 0x96, 0x94, 0x03, 0x00, 0x03, 0x1B, 0x1B, 0x09, 0x00, 0x00, 0x1B,
  0xEA, 0xA0, 0xBF, 0x9E, 0x02, 0x1B, 0xC7, 0x00, 0x00, 0xAC, 0x43, 0x1B, 0xC7, 0x00, 0x00, 0xAE, 0x48, 0x1B, 0xEB, 0xA3, 0xC3, 0x9E, 0x02, 0x1B, 0xCD, 0x17, 0x9E, 0x56, 0x00, 0x1B, 0xC7, 0x00, 0x23, 0xD1, 0x02, 0x1B, 0xC7, 0x00, 0x00, 0xA5,
  0x57, 0x28, 0x2E, 0x32, 0x27, 0x00, 0x05, 0x96, 0x94, 0x03, 0x00, 0x1C, 0x22, 0x29, 0x58, 0x0F, 0x63, 0xD0, 0xA3, 0x8C, 0x19, 0x63, 0x9D, 0x00, 0x00, 0x00, 0x63, 0x83, 0x00, 0x00, 0x00, 0x63, 0x83, 0x00, 0x00, 0x00, 0x63, 0x83, 0x00, 0x00,
  0x00, 0x00, 0x00, 0x00, 0x0A, 0x34, 0x00, 0x00, 0x00, 0x00, 0x93, 0x49, 0x00, 0x00, 0x00, 0x1B, 0x2C, 0x00, 0x00, 0x00, 0x9C, 0xB8, 0xA9, 0xB9, 0x08, 0x24, 0xD1, 0x00, 0x00, 0x8F, 0x5B, 0x0B, 0xDC, 0x4E, 0x02, 0x00, 0x00, 0x00, 0x22, 0xA2,
  0xDA, 0x6A, 0x00, 0x05, 0x06, 0x00, 0x10, 0xBF, 0x4E, 0x46, 0xB6, 0x00, 0x00, 0x8A, 0x6C, 0x00, 0x86, 0xC7, 0xBC, 0xB6, 0x0E, 0x00, 0x00, 0x03, 0x0B, 0x00, 0x00, 0x00, 0x00, 0x00, 0x0A, 0x34, 0x00, 0x00, 0x00, 0x00, 0x93, 0x49, 0x00, 0x00,
  0x03, 0x45, 0x5B, 0x0D, 0x00, 0x00, 0xB1, 0x83, 0x74, 0xD4, 0x09, 0x00, 0xD7, 0x40, 0x03, 0x31, 0x0B, 0x00, 0x20, 0x8C, 0xC5, 0x90, 0x03, 0x0B, 0x8B, 0x00, 0x00, 0xBC, 0x34, 0x00, 0x85, 0xC0, 0xB3, 0xB1, 0x07, 0x00, 0x00, 0x05, 0x0B, 0x00,
  0x00, 0x00, 0x00, 0x1B, 0x21, 0x00, 0x00, 0x00, 0x9C, 0xB8, 0xA9, 0xB9, 0x08, 0x24, 0xD1, 0x00, 0x00, 0x8F, 0x5B, 0x0B, 0xDC, 0x4E, 0x02, 0x00, 0x00, 0x00, 0x22, 0xA2, 0xDA, 0x6A, 0x00, 0x05, 0x06, 0x00, 0x10, 0xBF, 0x4E, 0x46, 0xB6, 0x00,
  0x00, 0x8A, 0x6C, 0x00, 0x86, 0xC7, 0xBC, 0xB6, 0x0E, 0x00, 0x00, 0x7F, 0x77, 0x00, 0x00, 0x00, 0x00, 0x58, 0x8F, 0x00, 0x00, 0x00, 0x00, 0x10, 0x00, 0x00, 0x00, 0x00, 0x03, 0x45, 0x50, 0x0D, 0x00, 0x00, 0xB1, 0x83, 0x74, 0xD4, 0x09, 0x00,
  0xD7, 0x40, 0x03, 0x31, 0x0B, 0x00, 0x20, 0x8C, 0xC5, 0x90, 0x03, 0x0B, 0x8B, 0x00, 0x00, 0xBC, 0x34, 0x00, 0x85, 0xC0, 0xB3, 0xB1, 0x07, 0x00, 0x00, 0x80, 0x77, 0x00, 0x00, 0x00, 0x00, 0x58, 0x8F, 0x00, 0x00, 0x00, 0x00, 0x10, 0x00, 0x00,
  0x00, 0x00, 0x28, 0x2E, 0x32, 0x27, 0x00, 0x00, 0x05, 0x96, 0x94, 0x03, 0x00, 0x00, 0x00, 0x1B, 0x21, 0x00, 0x00, 0x00, 0x9C, 0xB8, 0xA9, 0xB9, 0x08, 0x24, 0xD1, 0x00, 0x00, 0x8F, 0x5B, 0x0B, 0xDC, 0x4E, 0x02, 0x00, 0x00, 0x00, 0x22, 0xA2,
  0xDA, 0x6A, 0x00, 0x05, 0x06, 0x00, 0x10, 0xBF, 0x4E, 0x46, 0xB6, 0x00, 0x00, 0x8A, 0x6C, 0x00, 0x86, 0xC7, 0xBC, 0xB6, 0x0E, 0x00, 0x00, 0x03, 0x0B, 0x00, 0x00, 0x00, 0x28, 0x2E, 0x32, 0x27, 0x00, 0x00, 0x05, 0x96, 0x94, 0x03, 0x00, 0x00,
  0x03, 0x45, 0x50, 0x0D, 0x00, 0x00, 0xB1, 0x83, 0x74, 0xD4, 0x09, 0x00, 0xD7, 0x40, 0x03, 0x31, 0x0B, 0x00, 0x20, 0x8C, 0xC5, 0x90, 0x03, 0x0B, 0x8B, 0x00, 0x00, 0xBC, 0x34, 0x00, 0x85, 0xC0, 0xB3, 0xB1, 0x07, 0x00, 0x00, 0x05, 0x0B, 0x00,
  0x00, 0x11, 0x1B, 0x1B, 0x1B, 0x1B, 0x11, 0x68, 0xA7, 0xCE, 0xCF, 0xA7, 0x6B, 0x00, 0x00, 0x6F, 0x73, 0x00, 0x00, 0x00, 0x00, 0x6F, 0x73, 0x00, 0x00, 0x00, 0x00, 0x6F, 0x73, 0x00, 0x00, 0x00, 0x00, 0x6F, 0x73, 0x00, 0x00, 0x00, 0x00, 0x6F,
  0x73, 0x00, 0x00, 0x00, 0x00, 0x6F, 0x73, 0x00, 0x00, 0x00, 0x00, 0x7B, 0x6C, 0x00, 0x00, 0x00, 0x00, 0x58, 0x8F, 0x00, 0x00, 0x00, 0x00, 0x10, 0x00, 0x00, 0x00, 0x00, 0x00, 0x82, 0x00, 0x00, 0x00, 0x16, 0x47, 0xEE, 0x47, 0x47, 0x00, 0x21,
  0x6B, 0xF2, 0x6B, 0x6B, 0x00, 0x00, 0x00, 0xE7, 0x00, 0x00, 0x00, 0x00, 0x00, 0xE7, 0x00, 0x00, 0x00, 0x00, 0x00, 0xE0, 0x0A, 0x00, 0x00, 0x00, 0x00, 0x7F, 0xCE, 0xB6, 0x19, 0x00, 0x00, 0x00, 0x89, 0x74, 0x00, 0x00, 0x00, 0x00, 0x58, 0x8F,
  0x00, 0x00, 0x00, 0x00, 0x10, 0x00, 0x00, 0x00, 0x28, 0x2E, 0x32, 0x27, 0x00, 0x00, 0x05, 0x96, 0x94, 0x03, 0x00, 0x11, 0x1B, 0x1B, 0x1B, 0x1B, 0x11, 0x68, 0xA7, 0xCE, 0xCF, 0xA7, 0x6B, 0x00, 0x00, 0x6F, 0x73, 0x00, 0x00, 0x00, 0x00, 0x6F,
  0x73, 0x00, 0x00, 0x00, 0x00, 0x6F, 0x73, 0x00, 0x00, 0x00, 0x00, 0x6F, 0x73, 0x00, 0x00, 0x00, 0x00, 0x6F, 0x73, 0x00, 0x00, 0x00, 0x00, 0x6F, 0x73, 0x00, 0x00, 0x00, 0x00, 0x00, 0x00, 0x2E, 0x5C, 0x00, 0x00, 0x00, 0x00, 0x5A, 0x86, 0x00,
  0x00, 0x82, 0x00, 0x83, 0x29, 0x16, 0x47, 0xEE, 0x47, 0x47, 0x00, 0x21, 0x6B, 0xF2, 0x6B, 0x6B, 0x00, 0x00, 0x00, 0xE7, 0x00, 0x00, 0x00, 0x00, 0x00, 0xE7, 0x00, 0x00, 0x00, 0x00, 0x00, 0xE0, 0x0A, 0x00, 0x00, 0x00, 0x00, 0x7F, 0xCE, 0xB6,
  0x19, 0x00, 0x00, 0x00, 0x0D, 0x08, 0x00, 0x00, 0x00, 0x32, 0x32, 0x00, 0x00, 0x00, 0x00, 0x8B, 0x8A, 0x00, 0x00, 0x08, 0x0F, 0x53, 0x52, 0x0F, 0x08, 0x50, 0x8B, 0x00, 0x00, 0x90, 0x4F, 0x51, 0x8C, 0x00, 0x00, 0x91, 0x50, 0x52, 0x8D, 0x00,
  0x00, 0x92, 0x51, 0x53, 0x8E, 0x00, 0x00, 0x93, 0x52, 0x51, 0x91, 0x00, 0x00, 0x95, 0x51, 0x25, 0xC7, 0x02, 0x02, 0xC9, 0x25, 0x00, 0x7B, 0xC8, 0xC8, 0x74, 0x00, 0x00, 0x00, 0x06, 0x05, 0x00, 0x00, 0x00, 0x00, 0x32, 0x32, 0x00, 0x00, 0x00,
  0x00, 0x8B, 0x8A, 0x00, 0x00, 0x08, 0x38, 0x53, 0x52, 0x35, 0x0B, 0x1F, 0xC7, 0x00, 0x00, 0xBF, 0x27, 0x1F, 0xC7, 0x00, 0x00, 0xBF, 0x27, 0x1F, 0xC8, 0x00, 0x00, 0xBF, 0x27, 0x0C, 0xDD, 0x00, 0x01, 0xD2, 0x27, 0x00, 0x93, 0xC3, 0xAB, 0xCF,
  0x27, 0x00, 0x00, 0x0B, 0x00, 0x00, 0x00, 0x00, 0x00, 0x05, 0x5F, 0x37, 0x3C, 0x00, 0x00, 0x6D, 0x72, 0xA1, 0x0B, 0x08, 0x0F, 0x00, 0x00, 0x0F, 0x08, 0x50, 0x8B, 0x00, 0x00, 0x90, 0x4F, 0x51, 0x8C, 0x00, 0x00, 0x91, 0x50, 0x52, 0x8D, 0x00,
  0x00, 0x92, 0x51, 0x53, 0x8E, 0x00, 0x00, 0x93, 0x52, 0x51, 0x91, 0x00, 0x00, 0x95, 0x51, 0x25, 0xC7, 0x02, 0x02, 0xC9, 0x25, 0x00, 0x7B, 0xC8, 0xC8, 0x74, 0x00, 0x00, 0x00, 0x06, 0x05, 0x00, 0x00, 0x00, 0x00, 0x05, 0x5F, 0x37, 0x3C, 0x00,
  0x00, 0x6D, 0x72, 0xA1, 0x0B, 0x08, 0x38, 0x00, 0x00, 0x35, 0x0B, 0x1F, 0xC7, 0x00, 0x00, 0xBF, 0x27, 0x1F, 0xC7, 0x00, 0x00, 0xBF, 0x27, 0x1F, 0xC8, 0x00, 0x00, 0xBF, 0x27, 0x0C, 0xDD, 0x00, 0x01, 0xD2, 0x27, 0x00, 0x93, 0xC3, 0xAB, 0xCF,
  0x27, 0x00, 0x00, 0x0B, 0x00, 0x00, 0x00, 0x00, 0x12, 0x0A, 0x0B, 0x0E, 0x00, 0x00, 0x65, 0x4A, 0x54, 0x62, 0x00, 0x12, 0x09, 0x00, 0x00, 0x0C, 0x0F, 0x66, 0x99, 0x00, 0x00, 0xB7, 0x49, 0x05, 0xD8, 0x16, 0x2D, 0xC9, 0x00, 0x00, 0x67, 0x80,
  0xA1, 0x4A, 0x00, 0x00, 0x06, 0xCF, 0xC5, 0x00, 0x00, 0x00, 0x00, 0x83, 0x67, 0x00, 0x00, 0x00, 0x00, 0x7A, 0x5D, 0x00, 0x00, 0x00, 0x00, 0x78, 0x5C, 0x00, 0x00, 0x00, 0x00, 0x00, 0x0A, 0x34, 0x00, 0x00, 0x00, 0x00, 0x93, 0x49, 0x00, 0x0A,
  0x1B, 0x1B, 0x27, 0x1B, 0x03, 0x3E, 0xA7, 0xA7, 0xAB, 0xFB, 0x17, 0x00, 0x00, 0x00, 0x6F, 0x8F, 0x00, 0x00, 0x00, 0x1C, 0xD5, 0x0C, 0x00, 0x00, 0x00, 0xAF, 0x4E, 0x00, 0x00, 0x00, 0x50, 0xAD, 0x00, 0x00, 0x00, 0x0C, 0xD5, 0x1B, 0x00, 0x00,
  0x00, 0x69, 0xEB, 0xC3, 0xC3, 0xC3, 0x34, 0x00, 0x00, 0x00, 0x0A, 0x34, 0x00, 0x00, 0x00, 0x00, 0x93, 0x49, 0x00, 0x0C, 0x47, 0x47, 0x53, 0x47, 0x08, 0x14, 0x77, 0x77, 0x9E, 0xE7, 0x0D, 0x00, 0x00, 0x0F, 0xD1, 0x38, 0x00, 0x00, 0x02, 0xB6,
  0x60, 0x00, 0x00, 0x00, 0x8A, 0x8F, 0x00, 0x00, 0x00, 0x2D, 0xFF, 0xBF, 0xBB, 0xBB, 0x37, 0x00, 0x00, 0x09, 0x09, 0x00, 0x00, 0x00, 0x00, 0x67, 0x65, 0x00, 0x00, 0x0A, 0x1B, 0x1B, 0x1B, 0x1B, 0x03, 0x3E, 0xA7, 0xA7, 0xAB, 0xFB, 0x17, 0x00,
  0x00, 0x00, 0x6F, 0x8F, 0x00, 0x00, 0x00, 0x1C, 0xD5, 0x0C, 0x00, 0x00, 0x00, 0xAF, 0x4E, 0x00, 0x00, 0x00, 0x50, 0xAD, 0x00, 0x00, 0x00, 0x0C, 0xD5, 0x1B, 0x00, 0x00, 0x00, 0x69, 0xEB, 0xC3, 0xC3, 0xC3, 0x34, 0x00, 0x00, 0x09, 0x09, 0x00,
  0x00, 0x00, 0x00, 0x67, 0x65, 0x00, 0x00, 0x0C, 0x47, 0x47, 0x47, 0x47, 0x08, 0x14, 0x77, 0x77, 0x9E, 0xE7, 0x0D, 0x00, 0x00, 0x0F, 0xD1, 0x38, 0x00, 0x00, 0x02, 0xB6, 0x60, 0x00, 0x00, 0x00, 0x8A, 0x8F, 0x00, 0x00, 0x00, 0x2D, 0xFF, 0xBF,
  0xBB, 0xBB, 0x37, 0x00, 0x28, 0x2E, 0x32, 0x27, 0x00, 0x00, 0x05, 0x96, 0x94, 0x03, 0x00, 0x0A, 0x1B, 0x1B, 0x1B, 0x1B, 0x03, 0x3E, 0xA7, 0xA7, 0xAB, 0xFB, 0x17, 0x00, 0x00, 0x00, 0x6F, 0x8F, 0x00, 0x00, 0x00, 0x1C, 0xD5, 0x0C, 0x00, 0x00,
  0x00, 0xAF, 0x4E, 0x00, 0x00, 0x00, 0x50, 0xAD, 0x00, 0x00, 0x00, 0x0C, 0xD5, 0x1B, 0x00, 0x00, 0x00, 0x69, 0xEB, 0xC3, 0xC3, 0xC3, 0x34, 0x00, 0x28, 0x2E, 0x32, 0x27, 0x00, 0x00, 0x05, 0x96, 0x94, 0x03, 0x00, 0x0C, 0x47, 0x47, 0x47, 0x47,
  0x08, 0x14, 0x77, 0x77, 0x9E, 0xE7, 0x0D, 0x00, 0x00, 0x0F, 0xD1, 0x38, 0x00, 0x00, 0x02, 0xB6, 0x60, 0x00, 0x00, 0x00, 0x8A, 0x8F, 0x00, 0x00, 0x00, 0x2D, 0xFF, 0xBF, 0xBB, 0xBB, 0x37, 0x00, 0x00, 0x04, 0x7A, 0xAB, 0x2F, 0x00, 0x00, 0x66,
  0x9E, 0x18, 0x0B, 0x00, 0x1F, 0xAE, 0x85, 0x1A, 0x00, 0x00, 0x2F, 0xBF, 0x9C, 0x28, 0x00, 0x00, 0x00, 0x8F, 0x53, 0x00, 0x00, 0x00, 0x00, 0x8F, 0x53, 0x00, 0x00, 0x00, 0x00, 0x8F, 0x53, 0x00, 0x00, 0x00, 0x00, 0x8F, 0x53, 0x00, 0x00, 0x00,
  0x00, 0x9D, 0x48, 0x00, 0x00, 0x23, 0xA5, 0xCC, 0x0C, 0x00, 0x00, 0x00, 0x1B, 0x03, 0x00, 0x00, 0x00, 0x00, 0x09, 0x59, 0x01, 0x02, 0x95, 0x6B, 0x7B, 0x28, 0x2E, 0x32, 0x27, 0x05, 0x96, 0x94, 0x03, 0x0E, 0x08, 0x09, 0x0E, 0x41, 0xA6, 0xA7,
  0x3E, 0x00, 0x18, 0x17, 0x00, 0x09, 0x09, 0x67, 0x65, 0x32, 0x32, 0x8B, 0x8A, 0x53, 0x52, 0x00, 0x07, 0x17, 0x00, 0xAC, 0x1B, 0x04, 0xD7, 0x69, 0x00, 0x0B, 0x08, 0x00, 0x42, 0x15, 0x31, 0x30, 0x88, 0x9F, 0x91, 0x05, 0x5F, 0x37, 0x3C, 0x6D,
  0x72, 0xA1, 0x0B, 0x00, 0x00, 0x18, 0x16, 0x00, 0x00, 0x00, 0x96, 0xAD, 0xAE, 0x92, 0x00, 0x41, 0xA9, 0x00, 0x00, 0xAB, 0x3A, 0x79, 0x6A, 0x00, 0x00, 0x6F, 0x74, 0x81, 0x63, 0x00, 0x00, 0x68, 0x7C, 0x53, 0x80, 0x00, 0x00, 0x84, 0x51, 0x06,
  0xBC, 0x19, 0x18, 0xB9, 0x05, 0x5D, 0xD4, 0xB3, 0xAB, 0xD4, 0x63, 0x28, 0x47, 0x47, 0x47, 0x47, 0x1A, 0x43, 0xF3, 0x77, 0x97, 0xD3, 0x2C, 0x00, 0xE7, 0x00, 0x3B, 0xAB, 0x00, 0x00, 0xE7, 0x00, 0x3B, 0xAB, 0x00, 0x00, 0xE7, 0x00, 0x3A, 0xAD,
  0x00, 0x00, 0xE7, 0x00, 0x14, 0xE0, 0x82, 0x00, 0x00, 0x00, 0x00, 0x09, 0x07, 0x7A, 0xBF, 0xBF, 0xBF, 0xBF, 0x7D, 0x74, 0xBF, 0xBF, 0xBF, 0xBF, 0x83, 0x0C, 0x56, 0x73, 0x69, 0x8B, 0x43, 0x2E, 0x5C, 0x5A, 0x86, 0x83, 0x29, 0x08, 0x0C, 0x62,
  0x85, 0x90, 0x53, 0x40, 0x01, 0x0C, 0x56, 0x0C, 0x56, 0x73, 0x69, 0x73, 0x69, 0x8B, 0x43, 0x8B, 0x43, 0x2E, 0x5C, 0x2E, 0x5C, 0x5A, 0x86, 0x5A, 0x86, 0x83, 0x29, 0x83, 0x29, 0x01, 0x14, 0x0F, 0x06, 0x12, 0xD5, 0xA6, 0x41, 0x3F, 0xA4, 0xCB,
  0x15, 0x28, 0x1E, 0x3F, 0x00, 0x00, 0x00, 0x0D, 0x0C, 0x00, 0x00, 0x00, 0x00, 0x77, 0x6F, 0x00, 0x00, 0x1E, 0x47, 0x9E, 0x98, 0x47, 0x1E, 0x32, 0x77, 0xB7, 0xB3, 0x77, 0x32, 0x00, 0x00, 0x77, 0x6F, 0x00, 0x00, 0x00, 0x00, 0x77, 0x6F, 0x00,
  0x00, 0x00, 0x00, 0x77, 0x6F, 0x00, 0x00, 0x00, 0x00, 0x77, 0x6F, 0x00, 0x00, 0x00, 0x00, 0x0D, 0x0C, 0x00, 0x00, 0x00, 0x00, 0x77, 0x6F, 0x00, 0x00, 0x1D, 0x47, 0x9E, 0x98, 0x47, 0x1E, 0x30, 0x77, 0xB7, 0xB3, 0x77, 0x32, 0x00, 0x00, 0x77,
  0x6F, 0x00, 0x00, 0x00, 0x00, 0x77, 0x6F, 0x00, 0x00, 0x00, 0x00, 0x77, 0x6F, 0x00, 0x00, 0x4C, 0xBB, 0xDB, 0xD9, 0xBB, 0x4F, 0x00, 0x00, 0x77, 0x6F, 0x00, 0x00, 0x00, 0x00, 0x77, 0x6F, 0x00, 0x00, 0x00, 0x00, 0x03, 0x03, 0x00, 0x00, 0x9E,
  0x9B, 0xF6, 0xF2, 0x38, 0x37, 0x10, 0x20, 0x10, 0x20, 0x10, 0x20, 0x7A, 0xBB, 0x7A, 0xBB, 0x7A, 0xBB, 0x00, 0x05, 0x00, 0x05, 0x00, 0x05, 0x03, 0x28, 0x00, 0x00, 0x00, 0x00, 0x8A, 0x88, 0x76, 0x00, 0x00, 0x00, 0xAA, 0x15, 0x9F, 0x1E, 0x50,
  0x00, 0x3D, 0x9D, 0x6D, 0x91, 0x09, 0x00, 0x00, 0x63, 0x73, 0x00, 0x00, 0x00, 0x36, 0x5C, 0xA0, 0xA3, 0xA6, 0x59, 0x00, 0x4D, 0x5E, 0xA6, 0x16, 0xAB, 0x00, 0x21, 0xB2, 0xCD, 0xA1, 0x86, 0x00, 0x00, 0x0A, 0x05, 0x0F, 0x00, 0x00, 0x01, 0x73,
  0x00, 0x7C, 0x52, 0x02, 0xCE, 0x0B, 0x00, 0x38, 0x8C, 0x00, 0x00, 0x2C, 0x74, 0x01, 0x00, 0x55, 0x7B, 0x00, 0x0D, 0xD0, 0x02, 0x8E, 0x37, 0x00, 0x2C, 0x00, 0x00, 0x00, 0x00, 0x4F, 0x4E, 0x00, 0x03, 0xAF, 0x04, 0x00, 0x64, 0x54, 0x00, 0x09,
  0xAF, 0x00, 0x00, 0x52, 0x42, 0x00, 0x00, 0x00, 0x00, 0x00, 0x19, 0x2A, 0x05, 0x00, 0x01, 0xA6, 0xAE, 0x93, 0x28, 0x00, 0x4C, 0xA4, 0x00, 0x00, 0x00, 0x31, 0xBD, 0xBA, 0x83, 0x25, 0x00, 0x1F, 0xA9, 0x99, 0x53, 0x17, 0x00, 0x20, 0xA3, 0xA3,
  0x57, 0x18, 0x00, 0x00, 0x42, 0xB1, 0x00, 0x00, 0x00, 0x00, 0x00, 0x8A, 0xC5, 0xAC, 0x2D, 0x00, 0x00, 0x00, 0x06, 0x14, 0x00, 0x0D, 0x1B, 0x11, 0x09, 0x08, 0x07, 0x23, 0x9B, 0x54, 0x82, 0x79, 0x43, 0x00, 0x73, 0x37, 0x92, 0x88, 0x43, 0x00,
  0x3B, 0x1C, 0x37, 0x35, 0x23, 0x00, 0x31, 0x5F, 0x3A, 0x00, 0x00, 0x00, 0x79, 0x6E, 0xC4, 0x71, 0x00, 0x00, 0x00, 0x00, 0x09, 0xD9, 0x0A, 0x00, 0x78, 0xC6, 0xB2, 0xD0, 0x3B, 0x31, 0xC2, 0x03, 0x02, 0xBA, 0x52, 0x5C, 0x89, 0x00, 0x00, 0x97,
  0x4B, 0x33, 0xBD, 0x00, 0x03, 0xCC, 0x14, 0x00, 0x87, 0xC1, 0xC3, 0x66, 0x00, 0x00, 0x00, 0x08, 0x08, 0x00, 0x00, 0x00, 0x00, 0x07, 0x0F, 0x00, 0x00, 0x00, 0x00, 0x77, 0xBA, 0x00, 0x00, 0x00, 0x00, 0xC8, 0xC6, 0x13, 0x00, 0x00, 0x2E, 0xAA,
  0x72, 0x63, 0x00, 0x00, 0x89, 0x53, 0x23, 0xB7, 0x00, 0x01, 0xD6, 0x09, 0x00, 0xCF, 0x11, 0x3F, 0xA5, 0x00, 0x00, 0x85, 0x60, 0x9A, 0xD9, 0xBB, 0xBB, 0xD2, 0xB5, 0x05, 0x1B, 0x1B, 0x1B, 0x1B, 0x05, 0x2F, 0xE4, 0x9F, 0x9F, 0xE4, 0x2F, 0x2F,
  0xB7, 0x00, 0x00, 0xB7, 0x2F, 0x2F, 0xB7, 0x00, 0x00, 0xB7, 0x2F, 0x2F, 0xB7, 0x00, 0x00, 0xB7, 0x2F, 0x2F, 0xB7, 0x00, 0x00, 0xB7, 0x2F, 0x2F, 0xB7, 0x00, 0x00, 0xB7, 0x2F, 0x2F, 0xB7, 0x00, 0x00, 0xB7, 0x2F, 0x2F, 0xB7, 0x00, 0x00, 0xB7,
  0x2F, 0x02, 0x08, 0x00, 0x00, 0x08, 0x02, 0x14, 0x1B, 0x1B, 0x1B, 0x1B, 0x0A, 0xAE, 0xCF, 0x9F, 0x9F, 0x9F, 0x3B, 0x19, 0xD1, 0x23, 0x00, 0x00, 0x00, 0x00, 0x31, 0xCA, 0x0E, 0x00, 0x00, 0x00, 0x00, 0x51, 0xB3, 0x02, 0x00, 0x00, 0x00, 0x29,
  0xCE, 0x0D, 0x00, 0x00, 0x15, 0xCD, 0x27, 0x00, 0x00, 0x08, 0xC1, 0x43, 0x00, 0x00, 0x00, 0x97, 0xC2, 0x6B, 0x6B, 0x6B, 0x50, 0x3B, 0x4F, 0x4F, 0x4F, 0x4F, 0x3B, 0x00, 0x00, 0x00, 0x00, 0x06, 0x13, 0x00, 0x00, 0x00, 0x00, 0x6C, 0x7C, 0x00,
  0x00, 0x00, 0x00, 0xC5, 0x1F, 0x00, 0x00, 0x00, 0x23, 0xBD, 0x00, 0x89, 0xC0, 0x04, 0x7E, 0x5D, 0x00, 0x00, 0x98, 0x4D, 0xCC, 0x0B, 0x00, 0x00, 0x35, 0xD1, 0x9E, 0x00, 0x00, 0x00, 0x00, 0xD1, 0x3F, 0x00, 0x00, 0x36, 0x9B, 0x5C, 0x5C, 0x9C,
  0x38, 0x99, 0x02, 0x7D, 0x7E, 0x02, 0x9A, 0x9B, 0x00, 0x76, 0x77, 0x00, 0x9C, 0x43, 0x9D, 0x69, 0x68, 0x9D, 0x43, 0x00, 0x0F, 0x91, 0x7C, 0x00, 0x7A, 0x86, 0x08, 0x00, 0x93, 0x54, 0x00, 0x00, 0x93, 0x53, 0x00, 0x00, 0x93, 0x53, 0x00, 0x00,
  0x93, 0x53, 0x00, 0x00, 0x93, 0x53, 0x00, 0x00, 0x93, 0x53, 0x00, 0x00, 0x99, 0x4D, 0x00, 0x79, 0xD6, 0x14, 0x00, 0x16, 0x08, 0x00, 0x00, 0x1A, 0xC8, 0xC6, 0x6D, 0x6E, 0x3B, 0x1C, 0x11, 0x09, 0x62, 0x6A, 0x02, 0x1A, 0xC0, 0xBB, 0x56, 0x60,
  0x2F, 0x27, 0x18, 0x17, 0x7A, 0x79, 0x03, 0x00, 0x00, 0x00, 0x0B, 0x0C, 0x00, 0x1A, 0x97, 0x97, 0xB9, 0xAA, 0x1C, 0x08, 0x2F, 0x3E, 0x8C, 0x2F, 0x08, 0x18, 0x8F, 0xB6, 0xA3, 0x8F, 0x1A, 0x09, 0x40, 0x8F, 0x37, 0x37, 0x0A, 0x00, 0x00, 0x03,
  0x00, 0x00, 0x00, 0x00, 0x00, 0x00, 0x21, 0x85, 0x0B, 0x02, 0x52, 0xB0, 0xA8, 0x4F, 0x01, 0x0B, 0xC5, 0x94, 0x2D, 0x00, 0x00, 0x00, 0x00, 0x2F, 0x96, 0xC7, 0x0A, 0x00, 0x00, 0x00, 0x00, 0x0C, 0x03, 0x11, 0xBB, 0xBB, 0xBB, 0xB9, 0x00, 0x0A,
  0xA1, 0x3F, 0x01, 0x00, 0x00, 0x00, 0x2E, 0x83, 0xB4, 0x7A, 0x10, 0x00, 0x02, 0x3E, 0x95, 0xB5, 0x22, 0x08, 0xCB, 0x86, 0x24, 0x00, 0x00, 0x01, 0x03, 0x00, 0x00, 0x00, 0x00, 0x08, 0xBB, 0xBB, 0xBB, 0xBB, 0x05, 0x00, 0x00, 0x0A, 0x0A, 0x00,
  0x00, 0x00, 0x00, 0xAB, 0xA6, 0x00, 0x00, 0x00, 0x3E, 0x9A, 0xA1, 0x39, 0x00, 0x00, 0xC3, 0x20, 0x22, 0xC1, 0x00, 0x2C, 0xC0, 0x00, 0x00, 0xC1, 0x2B, 0x00, 0xB9, 0x2C, 0x29, 0xB8, 0x00, 0x00, 0x2F, 0xAB, 0xA5, 0x2F, 0x00, 0x00, 0x00, 0x9D,
  0x9B, 0x00, 0x00, 0x00, 0x13, 0x52, 0x6F, 0x62, 0x6F, 0x74, 0x6F, 0x20, 0x4D, 0x6F, 0x6E, 0x6F, 0x20, 0x52, 0x65, 0x67, 0x75, 0x6C, 0x61, 0x72, 0x00, 0x12, 0x52, 0x6F, 0x62, 0x6F, 0x74, 0x6F, 0x4D, 0x6F, 0x6E, 0x6F, 0x2D, 0x52, 0x65, 0x67,
  0x75, 0x6C, 0x61, 0x72, 0x01, 0x00
};

/*************************** End of file ****************************/
