/*
  C-file generated by Bin2C
  Compiled:    Jun 11 2019 at 16:50:55

  Copyright (C) 2018
  Segger Microcontroller GmbH
  www.segger.com

  The Embedded Experts
*/

static const unsigned char _acRobotoMonoRegular14[28320UL + 1] = {
  0x00, 0x00, 0x01, 0x15, 0x00, 0x00, 0x00, 0x0B, 0x00, 0x00, 0x00, 0x0E, 0x00, 0x00, 0x00, 0x00, 0x00, 0x00, 0x00, 0x0B, 0x00, 0x00, 0x00, 0x03, 0x00, 0x00, 0x00, 0x21, 0x00, 0x00, 0x00, 0x0B, 0x00, 0x00, 0x00, 0x02, 0x00, 0x00, 0x00, 0x08,
  0x00, 0x00, 0x00, 0x0A, 0x00, 0x00, 0x00, 0x03, 0x00, 0x00, 0x00, 0x00, 0x00, 0x00, 0x00, 0x22, 0x00, 0x00, 0x00, 0x04, 0x00, 0x00, 0x00, 0x04, 0x00, 0x00, 0x00, 0x08, 0x00, 0x00, 0x00, 0x0B, 0x00, 0x00, 0x00, 0x02, 0x00, 0x00, 0x00, 0x00,
  0x00, 0x00, 0x00, 0x23, 0x00, 0x00, 0x00, 0x0A, 0x00, 0x00, 0x00, 0x09, 0x00, 0x00, 0x00, 0x08, 0x00, 0x00, 0x00, 0x0A, 0x00, 0x00, 0x00, 0x00, 0x00, 0x00, 0x00, 0x00, 0x00, 0x00, 0x00, 0x24, 0x00, 0x00, 0x00, 0x0E, 0x00, 0x00, 0x00, 0x07,
  0x00, 0x00, 0x00, 0x08, 0x00, 0x00, 0x00, 0x0C, 0x00, 0x00, 0x00, 0x01, 0x00, 0x00, 0x00, 0x00, 0x00, 0x00, 0x00, 0x25, 0x00, 0x00, 0x00, 0x0C, 0x00, 0x00, 0x00, 0x09, 0x00, 0x00, 0x00, 0x08, 0x00, 0x00, 0x00, 0x0B, 0x00, 0x00, 0x00, 0x00,
  0x00, 0x00, 0x00, 0x00, 0x00, 0x00, 0x00, 0x26, 0x00, 0x00, 0x00, 0x0C, 0x00, 0x00, 0x00, 0x09, 0x00, 0x00, 0x00, 0x08, 0x00, 0x00, 0x00, 0x0B, 0x00, 0x00, 0x00, 0x00, 0x00, 0x00, 0x00, 0x00, 0x00, 0x00, 0x00, 0x27, 0x00, 0x00, 0x00, 0x04,
  0x00, 0x00, 0x00, 0x02, 0x00, 0x00, 0x00, 0x08, 0x00, 0x00, 0x00, 0x0B, 0x00, 0x00, 0x00, 0x03, 0x00, 0x00, 0x00, 0x00, 0x00, 0x00, 0x00, 0x28, 0x00, 0x00, 0x00, 0x10, 0x00, 0x00, 0x00, 0x05, 0x00, 0x00, 0x00, 0x08, 0x00, 0x00, 0x00, 0x0C,
  0x00, 0x00, 0x00, 0x02, 0x00, 0x00, 0x00, 0x00, 0x00, 0x00, 0x00, 0x29, 0x00, 0x00, 0x00, 0x10, 0x00, 0x00, 0x00, 0x04, 0x00, 0x00, 0x00, 0x08, 0x00, 0x00, 0x00, 0x0C, 0x00, 0x00, 0x00, 0x02, 0x00, 0x00, 0x00, 0x00, 0x00, 0x00, 0x00, 0x2A,
  0x00, 0x00, 0x00, 0x07, 0x00, 0x00, 0x00, 0x07, 0x00, 0x00, 0x00, 0x08, 0x00, 0x00, 0x00, 0x0A, 0x00, 0x00, 0x00, 0x01, 0x00, 0x00, 0x00, 0x00, 0x00, 0x00, 0x00, 0x2B, 0x00, 0x00, 0x00, 0x08, 0x00, 0x00, 0x00, 0x08, 0x00, 0x00, 0x00, 0x08,
  0x00, 0x00, 0x00, 0x09, 0x00, 0x00, 0x00, 0x00, 0x00, 0x00, 0x00, 0x00, 0x00, 0x00, 0x00, 0x2C, 0x00, 0x00, 0x00, 0x05, 0x00, 0x00, 0x00, 0x03, 0x00, 0x00, 0x00, 0x08, 0x00, 0x00, 0x00, 0x02, 0x00, 0x00, 0x00, 0x02, 0x00, 0x00, 0x00, 0x00,
  0x00, 0x00, 0x00, 0x2D, 0x00, 0x00, 0x00, 0x02, 0x00, 0x00, 0x00, 0x06, 0x00, 0x00, 0x00, 0x08, 0x00, 0x00, 0x00, 0x05, 0x00, 0x00, 0x00, 0x01, 0x00, 0x00, 0x00, 0x00, 0x00, 0x00, 0x00, 0x2E, 0x00, 0x00, 0x00, 0x03, 0x00, 0x00, 0x00, 0x03,
  0x00, 0x00, 0x00, 0x08, 0x00, 0x00, 0x00, 0x02, 0x00, 0x00, 0x00, 0x03, 0x00, 0x00, 0x00, 0x00, 0x00, 0x00, 0x00, 0x2F, 0x00, 0x00, 0x00, 0x0B, 0x00, 0x00, 0x00, 0x06, 0x00, 0x00, 0x00, 0x08, 0x00, 0x00, 0x00, 0x0A, 0x00, 0x00, 0x00, 0x01,
  0x00, 0x00, 0x00, 0x00, 0x00, 0x00, 0x00, 0x30, 0x00, 0x00, 0x00, 0x0C, 0x00, 0x00, 0x00, 0x08, 0x00, 0x00, 0x00, 0x08, 0x00, 0x00, 0x00, 0x0B, 0x00, 0x00, 0x00, 0x00, 0x00, 0x00, 0x00, 0x00, 0x00, 0x00, 0x00, 0x31, 0x00, 0x00, 0x00, 0x0A,
  0x00, 0x00, 0x00, 0x05, 0x00, 0x00, 0x00, 0x08, 0x00, 0x00, 0x00, 0x0A, 0x00, 0x00, 0x00, 0x01, 0x00, 0x00, 0x00, 0x00, 0x00, 0x00, 0x00, 0x32, 0x00, 0x00, 0x00, 0x0B, 0x00, 0x00, 0x00, 0x08, 0x00, 0x00, 0x00, 0x08, 0x00, 0x00, 0x00, 0x0B,
  0x00, 0x00, 0x00, 0x00, 0x00, 0x00, 0x00, 0x00, 0x00, 0x00, 0x00, 0x33, 0x00, 0x00, 0x00, 0x0C, 0x00, 0x00, 0x00, 0x07, 0x00, 0x00, 0x00, 0x08, 0x00, 0x00, 0x00, 0x0B, 0x00, 0x00, 0x00, 0x00, 0x00, 0x00, 0x00, 0x00, 0x00, 0x00, 0x00, 0x34,
  0x00, 0x00, 0x00, 0x0A, 0x00, 0x00, 0x00, 0x08, 0x00, 0x00, 0x00, 0x08, 0x00, 0x00, 0x00, 0x0A, 0x00, 0x00, 0x00, 0x00, 0x00, 0x00, 0x00, 0x00, 0x00, 0x00, 0x00, 0x35, 0x00, 0x00, 0x00, 0x0B, 0x00, 0x00, 0x00, 0x07, 0x00, 0x00, 0x00, 0x08,
  0x00, 0x00, 0x00, 0x0A, 0x00, 0x00, 0x00, 0x01, 0x00, 0x00, 0x00, 0x00, 0x00, 0x00, 0x00, 0x36, 0x00, 0x00, 0x00, 0x0B, 0x00, 0x00, 0x00, 0x08, 0x00, 0x00, 0x00, 0x08, 0x00, 0x00, 0x00, 0x0A, 0x00, 0x00, 0x00, 0x00, 0x00, 0x00, 0x00, 0x00,
  0x00, 0x00, 0x00, 0x37, 0x00, 0x00, 0x00, 0x0A, 0x00, 0x00, 0x00, 0x08, 0x00, 0x00, 0x00, 0x08, 0x00, 0x00, 0x00, 0x0A, 0x00, 0x00, 0x00, 0x00, 0x00, 0x00, 0x00, 0x00, 0x00, 0x00, 0x00, 0x38, 0x00, 0x00, 0x00, 0x0C, 0x00, 0x00, 0x00, 0x07,
  0x00, 0x00, 0x00, 0x08, 0x00, 0x00, 0x00, 0x0B, 0x00, 0x00, 0x00, 0x01, 0x00, 0x00, 0x00, 0x00, 0x00, 0x00, 0x00, 0x39, 0x00, 0x00, 0x00, 0x0B, 0x00, 0x00, 0x00, 0x07, 0x00, 0x00, 0x00, 0x08, 0x00, 0x00, 0x00, 0x0B, 0x00, 0x00, 0x00, 0x01,
  0x00, 0x00, 0x00, 0x00, 0x00, 0x00, 0x00, 0x3A, 0x00, 0x00, 0x00, 0x09, 0x00, 0x00, 0x00, 0x03, 0x00, 0x00, 0x00, 0x08, 0x00, 0x00, 0x00, 0x08, 0x00, 0x00, 0x00, 0x03, 0x00, 0x00, 0x00, 0x00, 0x00, 0x00, 0x00, 0x3B, 0x00, 0x00, 0x00, 0x0B,
  0x00, 0x00, 0x00, 0x03, 0x00, 0x00, 0x00, 0x08, 0x00, 0x00, 0x00, 0x08, 0x00, 0x00, 0x00, 0x03, 0x00, 0x00, 0x00, 0x00, 0x00, 0x00, 0x00, 0x3C, 0x00, 0x00, 0x00, 0x07, 0x00, 0x00, 0x00, 0x06, 0x00, 0x00, 0x00, 0x08, 0x00, 0x00, 0x00, 0x08,
  0x00, 0x00, 0x00, 0x01, 0x00, 0x00, 0x00, 0x00, 0x00, 0x00, 0x00, 0x3D, 0x00, 0x00, 0x00, 0x05, 0x00, 0x00, 0x00, 0x07, 0x00, 0x00, 0x00, 0x08, 0x00, 0x00, 0x00, 0x07, 0x00, 0x00, 0x00, 0x01, 0x00, 0x00, 0x00, 0x00, 0x00, 0x00, 0x00, 0x3E,
  0x00, 0x00, 0x00, 0x07, 0x00, 0x00, 0x00, 0x07, 0x00, 0x00, 0x00, 0x08, 0x00, 0x00, 0x00, 0x08, 0x00, 0x00, 0x00, 0x01, 0x00, 0x00, 0x00, 0x00, 0x00, 0x00, 0x00, 0x3F, 0x00, 0x00, 0x00, 0x0C, 0x00, 0x00, 0x00, 0x07, 0x00, 0x00, 0x00, 0x08,
  0x00, 0x00, 0x00, 0x0B, 0x00, 0x00, 0x00, 0x01, 0x00, 0x00, 0x00, 0x00, 0x00, 0x00, 0x00, 0x40, 0x00, 0x00, 0x00, 0x0B, 0x00, 0x00, 0x00, 0x08, 0x00, 0x00, 0x00, 0x08, 0x00, 0x00, 0x00, 0x0A, 0x00, 0x00, 0x00, 0x00, 0x00, 0x00, 0x00, 0x00,
  0x00, 0x00, 0x00, 0x41, 0x00, 0x00, 0x00, 0x0A, 0x00, 0x00, 0x00, 0x08, 0x00, 0x00, 0x00, 0x08, 0x00, 0x00, 0x00, 0x0A, 0x00, 0x00, 0x00, 0x00, 0x00, 0x00, 0x00, 0x00, 0x00, 0x00, 0x00, 0x42, 0x00, 0x00, 0x00, 0x0A, 0x00, 0x00, 0x00, 0x07,
  0x00, 0x00, 0x00, 0x08, 0x00, 0x00, 0x00, 0x0A, 0x00, 0x00, 0x00, 0x01, 0x00, 0x00, 0x00, 0x00, 0x00, 0x00, 0x00, 0x43, 0x00, 0x00, 0x00, 0x0C, 0x00, 0x00, 0x00, 0x08, 0x00, 0x00, 0x00, 0x08, 0x00, 0x00, 0x00, 0x0B, 0x00, 0x00, 0x00, 0x00,
  0x00, 0x00, 0x00, 0x00, 0x00, 0x00, 0x00, 0x44, 0x00, 0x00, 0x00, 0x0A, 0x00, 0x00, 0x00, 0x07, 0x00, 0x00, 0x00, 0x08, 0x00, 0x00, 0x00, 0x0A, 0x00, 0x00, 0x00, 0x01, 0x00, 0x00, 0x00, 0x00, 0x00, 0x00, 0x00, 0x45, 0x00, 0x00, 0x00, 0x0A,
  0x00, 0x00, 0x00, 0x07, 0x00, 0x00, 0x00, 0x08, 0x00, 0x00, 0x00, 0x0A, 0x00, 0x00, 0x00, 0x01, 0x00, 0x00, 0x00, 0x00, 0x00, 0x00, 0x00, 0x46, 0x00, 0x00, 0x00, 0x0A, 0x00, 0x00, 0x00, 0x07, 0x00, 0x00, 0x00, 0x08, 0x00, 0x00, 0x00, 0x0A,
  0x00, 0x00, 0x00, 0x01, 0x00, 0x00, 0x00, 0x00, 0x00, 0x00, 0x00, 0x47, 0x00, 0x00, 0x00, 0x0C, 0x00, 0x00, 0x00, 0x08, 0x00, 0x00, 0x00, 0x08, 0x00, 0x00, 0x00, 0x0B, 0x00, 0x00, 0x00, 0x00, 0x00, 0x00, 0x00, 0x00, 0x00, 0x00, 0x00, 0x48,
  0x00, 0x00, 0x00, 0x0A, 0x00, 0x00, 0x00, 0x08, 0x00, 0x00, 0x00, 0x08, 0x00, 0x00, 0x00, 0x0A, 0x00, 0x00, 0x00, 0x00, 0x00, 0x00, 0x00, 0x00, 0x00, 0x00, 0x00, 0x49, 0x00, 0x00, 0x00, 0x0A, 0x00, 0x00, 0x00, 0x07, 0x00, 0x00, 0x00, 0x08,
  0x00, 0x00, 0x00, 0x0A, 0x00, 0x00, 0x00, 0x01, 0x00, 0x00, 0x00, 0x00, 0x00, 0x00, 0x00, 0x4A, 0x00, 0x00, 0x00, 0x0B, 0x00, 0x00, 0x00, 0x08, 0x00, 0x00, 0x00, 0x08, 0x00, 0x00, 0x00, 0x0A, 0x00, 0x00, 0x00, 0x00, 0x00, 0x00, 0x00, 0x00,
  0x00, 0x00, 0x00, 0x4B, 0x00, 0x00, 0x00, 0x0A, 0x00, 0x00, 0x00, 0x08, 0x00, 0x00, 0x00, 0x08, 0x00, 0x00, 0x00, 0x0A, 0x00, 0x00, 0x00, 0x01, 0x00, 0x00, 0x00, 0x00, 0x00, 0x00, 0x00, 0x4C, 0x00, 0x00, 0x00, 0x0A, 0x00, 0x00, 0x00, 0x07,
  0x00, 0x00, 0x00, 0x08, 0x00, 0x00, 0x00, 0x0A, 0x00, 0x00, 0x00, 0x01, 0x00, 0x00, 0x00, 0x00, 0x00, 0x00, 0x00, 0x4D, 0x00, 0x00, 0x00, 0x0A, 0x00, 0x00, 0x00, 0x07, 0x00, 0x00, 0x00, 0x08, 0x00, 0x00, 0x00, 0x0A, 0x00, 0x00, 0x00, 0x01,
  0x00, 0x00, 0x00, 0x00, 0x00, 0x00, 0x00, 0x4E, 0x00, 0x00, 0x00, 0x0A, 0x00, 0x00, 0x00, 0x08, 0x00, 0x00, 0x00, 0x08, 0x00, 0x00, 0x00, 0x0A, 0x00, 0x00, 0x00, 0x00, 0x00, 0x00, 0x00, 0x00, 0x00, 0x00, 0x00, 0x4F, 0x00, 0x00, 0x00, 0x0C,
  0x00, 0x00, 0x00, 0x08, 0x00, 0x00, 0x00, 0x08, 0x00, 0x00, 0x00, 0x0B, 0x00, 0x00, 0x00, 0x00, 0x00, 0x00, 0x00, 0x00, 0x00, 0x00, 0x00, 0x50, 0x00, 0x00, 0x00, 0x0A, 0x00, 0x00, 0x00, 0x07, 0x00, 0x00, 0x00, 0x08, 0x00, 0x00, 0x00, 0x0A,
  0x00, 0x00, 0x00, 0x01, 0x00, 0x00, 0x00, 0x00, 0x00, 0x00, 0x00, 0x51, 0x00, 0x00, 0x00, 0x0D, 0x00, 0x00, 0x00, 0x08, 0x00, 0x00, 0x00, 0x08, 0x00, 0x00, 0x00, 0x0B, 0x00, 0x00, 0x00, 0x00, 0x00, 0x00, 0x00, 0x00, 0x00, 0x00, 0x00, 0x52,
  0x00, 0x00, 0x00, 0x0A, 0x00, 0x00, 0x00, 0x07, 0x00, 0x00, 0x00, 0x08, 0x00, 0x00, 0x00, 0x0A, 0x00, 0x00, 0x00, 0x01, 0x00, 0x00, 0x00, 0x00, 0x00, 0x00, 0x00, 0x53, 0x00, 0x00, 0x00, 0x0C, 0x00, 0x00, 0x00, 0x08, 0x00, 0x00, 0x00, 0x08,
  0x00, 0x00, 0x00, 0x0B, 0x00, 0x00, 0x00, 0x00, 0x00, 0x00, 0x00, 0x00, 0x00, 0x00, 0x00, 0x54, 0x00, 0x00, 0x00, 0x0A, 0x00, 0x00, 0x00, 0x08, 0x00, 0x00, 0x00, 0x08, 0x00, 0x00, 0x00, 0x0A, 0x00, 0x00, 0x00, 0x00, 0x00, 0x00, 0x00, 0x00,
  0x00, 0x00, 0x00, 0x55, 0x00, 0x00, 0x00, 0x0B, 0x00, 0x00, 0x00, 0x08, 0x00, 0x00, 0x00, 0x08, 0x00, 0x00, 0x00, 0x0A, 0x00, 0x00, 0x00, 0x00, 0x00, 0x00, 0x00, 0x00, 0x00, 0x00, 0x00, 0x56, 0x00, 0x00, 0x00, 0x0A, 0x00, 0x00, 0x00, 0x08,
  0x00, 0x00, 0x00, 0x08, 0x00, 0x00, 0x00, 0x0A, 0x00, 0x00, 0x00, 0x00, 0x00, 0x00, 0x00, 0x00, 0x00, 0x00, 0x00, 0x57, 0x00, 0x00, 0x00, 0x0A, 0x00, 0x00, 0x00, 0x09, 0x00, 0x00, 0x00, 0x08, 0x00, 0x00, 0x00, 0x0A, 0x00, 0x00, 0x00, 0x00,
  0x00, 0x00, 0x00, 0x00, 0x00, 0x00, 0x00, 0x58, 0x00, 0x00, 0x00, 0x0A, 0x00, 0x00, 0x00, 0x08, 0x00, 0x00, 0x00, 0x08, 0x00, 0x00, 0x00, 0x0A, 0x00, 0x00, 0x00, 0x00, 0x00, 0x00, 0x00, 0x00, 0x00, 0x00, 0x00, 0x59, 0x00, 0x00, 0x00, 0x0A,
  0x00, 0x00, 0x00, 0x08, 0x00, 0x00, 0x00, 0x08, 0x00, 0x00, 0x00, 0x0A, 0x00, 0x00, 0x00, 0x00, 0x00, 0x00, 0x00, 0x00, 0x00, 0x00, 0x00, 0x5A, 0x00, 0x00, 0x00, 0x0A, 0x00, 0x00, 0x00, 0x08, 0x00, 0x00, 0x00, 0x08, 0x00, 0x00, 0x00, 0x0A,
  0x00, 0x00, 0x00, 0x00, 0x00, 0x00, 0x00, 0x00, 0x00, 0x00, 0x00, 0x5B, 0x00, 0x00, 0x00, 0x0F, 0x00, 0x00, 0x00, 0x04, 0x00, 0x00, 0x00, 0x08, 0x00, 0x00, 0x00, 0x0C, 0x00, 0x00, 0x00, 0x02, 0x00, 0x00, 0x00, 0x00, 0x00, 0x00, 0x00, 0x5C,
  0x00, 0x00, 0x00, 0x0B, 0x00, 0x00, 0x00, 0x06, 0x00, 0x00, 0x00, 0x08, 0x00, 0x00, 0x00, 0x0A, 0x00, 0x00, 0x00, 0x01, 0x00, 0x00, 0x00, 0x00, 0x00, 0x00, 0x00, 0x5D, 0x00, 0x00, 0x00, 0x0F, 0x00, 0x00, 0x00, 0x04, 0x00, 0x00, 0x00, 0x08,
  0x00, 0x00, 0x00, 0x0C, 0x00, 0x00, 0x00, 0x02, 0x00, 0x00, 0x00, 0x00, 0x00, 0x00, 0x00, 0x5E, 0x00, 0x00, 0x00, 0x06, 0x00, 0x00, 0x00, 0x06, 0x00, 0x00, 0x00, 0x08, 0x00, 0x00, 0x00, 0x0A, 0x00, 0x00, 0x00, 0x01, 0x00, 0x00, 0x00, 0x00,
  0x00, 0x00, 0x00, 0x5F, 0x00, 0x00, 0x00, 0x02, 0x00, 0x00, 0x00, 0x07, 0x00, 0x00, 0x00, 0x08, 0x00, 0x00, 0x00, 0x00, 0x00, 0x00, 0x00, 0x01, 0x00, 0x00, 0x00, 0x00, 0x00, 0x00, 0x00, 0x60, 0x00, 0x00, 0x00, 0x03, 0x00, 0x00, 0x00, 0x04,
  0x00, 0x00, 0x00, 0x08, 0x00, 0x00, 0x00, 0x0B, 0x00, 0x00, 0x00, 0x02, 0x00, 0x00, 0x00, 0x00, 0x00, 0x00, 0x00, 0x61, 0x00, 0x00, 0x00, 0x09, 0x00, 0x00, 0x00, 0x07, 0x00, 0x00, 0x00, 0x08, 0x00, 0x00, 0x00, 0x08, 0x00, 0x00, 0x00, 0x01,
  0x00, 0x00, 0x00, 0x00, 0x00, 0x00, 0x00, 0x62, 0x00, 0x00, 0x00, 0x0C, 0x00, 0x00, 0x00, 0x07, 0x00, 0x00, 0x00, 0x08, 0x00, 0x00, 0x00, 0x0B, 0x00, 0x00, 0x00, 0x01, 0x00, 0x00, 0x00, 0x00, 0x00, 0x00, 0x00, 0x63, 0x00, 0x00, 0x00, 0x09,
  0x00, 0x00, 0x00, 0x08, 0x00, 0x00, 0x00, 0x08, 0x00, 0x00, 0x00, 0x08, 0x00, 0x00, 0x00, 0x00, 0x00, 0x00, 0x00, 0x00, 0x00, 0x00, 0x00, 0x64, 0x00, 0x00, 0x00, 0x0C, 0x00, 0x00, 0x00, 0x08, 0x00, 0x00, 0x00, 0x08, 0x00, 0x00, 0x00, 0x0B,
  0x00, 0x00, 0x00, 0x00, 0x00, 0x00, 0x00, 0x00, 0x00, 0x00, 0x00, 0x65, 0x00, 0x00, 0x00, 0x09, 0x00, 0x00, 0x00, 0x08, 0x00, 0x00, 0x00, 0x08, 0x00, 0x00, 0x00, 0x08, 0x00, 0x00, 0x00, 0x00, 0x00, 0x00, 0x00, 0x00, 0x00, 0x00, 0x00, 0x66,
  0x00, 0x00, 0x00, 0x0B, 0x00, 0x00, 0x00, 0x07, 0x00, 0x00, 0x00, 0x08, 0x00, 0x00, 0x00, 0x0B, 0x00, 0x00, 0x00, 0x01, 0x00, 0x00, 0x00, 0x00, 0x00, 0x00, 0x00, 0x67, 0x00, 0x00, 0x00, 0x0B, 0x00, 0x00, 0x00, 0x08, 0x00, 0x00, 0x00, 0x08,
  0x00, 0x00, 0x00, 0x08, 0x00, 0x00, 0x00, 0x00, 0x00, 0x00, 0x00, 0x00, 0x00, 0x00, 0x00, 0x68, 0x00, 0x00, 0x00, 0x0B, 0x00, 0x00, 0x00, 0x07, 0x00, 0x00, 0x00, 0x08, 0x00, 0x00, 0x00, 0x0B, 0x00, 0x00, 0x00, 0x01, 0x00, 0x00, 0x00, 0x00,
  0x00, 0x00, 0x00, 0x69, 0x00, 0x00, 0x00, 0x0B, 0x00, 0x00, 0x00, 0x07, 0x00, 0x00, 0x00, 0x08, 0x00, 0x00, 0x00, 0x0B, 0x00, 0x00, 0x00, 0x01, 0x00, 0x00, 0x00, 0x00, 0x00, 0x00, 0x00, 0x6A, 0x00, 0x00, 0x00, 0x0E, 0x00, 0x00, 0x00, 0x05,
  0x00, 0x00, 0x00, 0x08, 0x00, 0x00, 0x00, 0x0B, 0x00, 0x00, 0x00, 0x01, 0x00, 0x00, 0x00, 0x00, 0x00, 0x00, 0x00, 0x6B, 0x00, 0x00, 0x00, 0x0B, 0x00, 0x00, 0x00, 0x07, 0x00, 0x00, 0x00, 0x08, 0x00, 0x00, 0x00, 0x0B, 0x00, 0x00, 0x00, 0x01,
  0x00, 0x00, 0x00, 0x00, 0x00, 0x00, 0x00, 0x6C, 0x00, 0x00, 0x00, 0x0B, 0x00, 0x00, 0x00, 0x07, 0x00, 0x00, 0x00, 0x08, 0x00, 0x00, 0x00, 0x0B, 0x00, 0x00, 0x00, 0x01, 0x00, 0x00, 0x00, 0x00, 0x00, 0x00, 0x00, 0x6D, 0x00, 0x00, 0x00, 0x08,
  0x00, 0x00, 0x00, 0x08, 0x00, 0x00, 0x00, 0x08, 0x00, 0x00, 0x00, 0x08, 0x00, 0x00, 0x00, 0x00, 0x00, 0x00, 0x00, 0x00, 0x00, 0x00, 0x00, 0x6E, 0x00, 0x00, 0x00, 0x08, 0x00, 0x00, 0x00, 0x07, 0x00, 0x00, 0x00, 0x08, 0x00, 0x00, 0x00, 0x08,
  0x00, 0x00, 0x00, 0x01, 0x00, 0x00, 0x00, 0x00, 0x00, 0x00, 0x00, 0x6F, 0x00, 0x00, 0x00, 0x09, 0x00, 0x00, 0x00, 0x08, 0x00, 0x00, 0x00, 0x08, 0x00, 0x00, 0x00, 0x08, 0x00, 0x00, 0x00, 0x00, 0x00, 0x00, 0x00, 0x00, 0x00, 0x00, 0x00, 0x70,
  0x00, 0x00, 0x00, 0x0B, 0x00, 0x00, 0x00, 0x07, 0x00, 0x00, 0x00, 0x08, 0x00, 0x00, 0x00, 0x08, 0x00, 0x00, 0x00, 0x01, 0x00, 0x00, 0x00, 0x00, 0x00, 0x00, 0x00, 0x71, 0x00, 0x00, 0x00, 0x0B, 0x00, 0x00, 0x00, 0x08, 0x00, 0x00, 0x00, 0x08,
  0x00, 0x00, 0x00, 0x08, 0x00, 0x00, 0x00, 0x00, 0x00, 0x00, 0x00, 0x00, 0x00, 0x00, 0x00, 0x72, 0x00, 0x00, 0x00, 0x08, 0x00, 0x00, 0x00, 0x06, 0x00, 0x00, 0x00, 0x08, 0x00, 0x00, 0x00, 0x08, 0x00, 0x00, 0x00, 0x02, 0x00, 0x00, 0x00, 0x00,
  0x00, 0x00, 0x00, 0x73, 0x00, 0x00, 0x00, 0x09, 0x00, 0x00, 0x00, 0x07, 0x00, 0x00, 0x00, 0x08, 0x00, 0x00, 0x00, 0x08, 0x00, 0x00, 0x00, 0x01, 0x00, 0x00, 0x00, 0x00, 0x00, 0x00, 0x00, 0x74, 0x00, 0x00, 0x00, 0x0B, 0x00, 0x00, 0x00, 0x08,
  0x00, 0x00, 0x00, 0x08, 0x00, 0x00, 0x00, 0x0A, 0x00, 0x00, 0x00, 0x00, 0x00, 0x00, 0x00, 0x00, 0x00, 0x00, 0x00, 0x75, 0x00, 0x00, 0x00, 0x09, 0x00, 0x00, 0x00, 0x07, 0x00, 0x00, 0x00, 0x08, 0x00, 0x00, 0x00, 0x08, 0x00, 0x00, 0x00, 0x01,
  0x00, 0x00, 0x00, 0x00, 0x00, 0x00, 0x00, 0x76, 0x00, 0x00, 0x00, 0x08, 0x00, 0x00, 0x00, 0x08, 0x00, 0x00, 0x00, 0x08, 0x00, 0x00, 0x00, 0x08, 0x00, 0x00, 0x00, 0x00, 0x00, 0x00, 0x00, 0x00, 0x00, 0x00, 0x00, 0x77, 0x00, 0x00, 0x00, 0x08,
  0x00, 0x00, 0x00, 0x09, 0x00, 0x00, 0x00, 0x08, 0x00, 0x00, 0x00, 0x08, 0x00, 0x00, 0x00, 0x00, 0x00, 0x00, 0x00, 0x00, 0x00, 0x00, 0x00, 0x78, 0x00, 0x00, 0x00, 0x08, 0x00, 0x00, 0x00, 0x08, 0x00, 0x00, 0x00, 0x08, 0x00, 0x00, 0x00, 0x08,
  0x00, 0x00, 0x00, 0x00, 0x00, 0x00, 0x00, 0x00, 0x00, 0x00, 0x00, 0x79, 0x00, 0x00, 0x00, 0x0B, 0x00, 0x00, 0x00, 0x08, 0x00, 0x00, 0x00, 0x08, 0x00, 0x00, 0x00, 0x08, 0x00, 0x00, 0x00, 0x00, 0x00, 0x00, 0x00, 0x00, 0x00, 0x00, 0x00, 0x7A,
  0x00, 0x00, 0x00, 0x08, 0x00, 0x00, 0x00, 0x07, 0x00, 0x00, 0x00, 0x08, 0x00, 0x00, 0x00, 0x08, 0x00, 0x00, 0x00, 0x01, 0x00, 0x00, 0x00, 0x00, 0x00, 0x00, 0x00, 0x7B, 0x00, 0x00, 0x00, 0x0E, 0x00, 0x00, 0x00, 0x05, 0x00, 0x00, 0x00, 0x08,
  0x00, 0x00, 0x00, 0x0B, 0x00, 0x00, 0x00, 0x02, 0x00, 0x00, 0x00, 0x00, 0x00, 0x00, 0x00, 0x7C, 0x00, 0x00, 0x00, 0x0D, 0x00, 0x00, 0x00, 0x02, 0x00, 0x00, 0x00, 0x08, 0x00, 0x00, 0x00, 0x0A, 0x00, 0x00, 0x00, 0x03, 0x00, 0x00, 0x00, 0x00,
  0x00, 0x00, 0x00, 0x7D, 0x00, 0x00, 0x00, 0x0E, 0x00, 0x00, 0x00, 0x05, 0x00, 0x00, 0x00, 0x08, 0x00, 0x00, 0x00, 0x0B, 0x00, 0x00, 0x00, 0x02, 0x00, 0x00, 0x00, 0x00, 0x00, 0x00, 0x00, 0x7E, 0x00, 0x00, 0x00, 0x04, 0x00, 0x00, 0x00, 0x09,
  0x00, 0x00, 0x00, 0x08, 0x00, 0x00, 0x00, 0x06, 0x00, 0x00, 0x00, 0x00, 0x00, 0x00, 0x00, 0x00, 0x00, 0x00, 0x00, 0xA0, 0x00, 0x00, 0x00, 0x01, 0x00, 0x00, 0x00, 0x01, 0x00, 0x00, 0x00, 0x08, 0x00, 0x00, 0x00, 0x1C, 0xFF, 0xFF, 0xFF, 0xF2,
  0x00, 0x00, 0x00, 0x00, 0x00, 0x00, 0x00, 0xA1, 0x00, 0x00, 0x00, 0x0B, 0x00, 0x00, 0x00, 0x02, 0x00, 0x00, 0x00, 0x08, 0x00, 0x00, 0x00, 0x08, 0x00, 0x00, 0x00, 0x03, 0x00, 0x00, 0x00, 0x00, 0x00, 0x00, 0x00, 0xA2, 0x00, 0x00, 0x00, 0x0C,
  0x00, 0x00, 0x00, 0x07, 0x00, 0x00, 0x00, 0x08, 0x00, 0x00, 0x00, 0x0A, 0x00, 0x00, 0x00, 0x01, 0x00, 0x00, 0x00, 0x00, 0x00, 0x00, 0x00, 0xA3, 0x00, 0x00, 0x00, 0x0B, 0x00, 0x00, 0x00, 0x08, 0x00, 0x00, 0x00, 0x08, 0x00, 0x00, 0x00, 0x0B,
  0x00, 0x00, 0x00, 0x00, 0x00, 0x00, 0x00, 0x00, 0x00, 0x00, 0x00, 0xA4, 0x00, 0x00, 0x00, 0x09, 0x00, 0x00, 0x00, 0x08, 0x00, 0x00, 0x00, 0x08, 0x00, 0x00, 0x00, 0x08, 0x00, 0x00, 0x00, 0x00, 0x00, 0x00, 0x00, 0x00, 0x00, 0x00, 0x00, 0xA5,
  0x00, 0x00, 0x00, 0x0A, 0x00, 0x00, 0x00, 0x09, 0x00, 0x00, 0x00, 0x08, 0x00, 0x00, 0x00, 0x0A, 0x00, 0x00, 0x00, 0x00, 0x00, 0x00, 0x00, 0x00, 0x00, 0x00, 0x00, 0xA6, 0x00, 0x00, 0x00, 0x0C, 0x00, 0x00, 0x00, 0x02, 0x00, 0x00, 0x00, 0x08,
  0x00, 0x00, 0x00, 0x0A, 0x00, 0x00, 0x00, 0x03, 0x00, 0x00, 0x00, 0x00, 0x00, 0x00, 0x00, 0xA7, 0x00, 0x00, 0x00, 0x0F, 0x00, 0x00, 0x00, 0x08, 0x00, 0x00, 0x00, 0x08, 0x00, 0x00, 0x00, 0x0B, 0x00, 0x00, 0x00, 0x00, 0x00, 0x00, 0x00, 0x00,
  0x00, 0x00, 0x00, 0xA8, 0x00, 0x00, 0x00, 0x03, 0x00, 0x00, 0x00, 0x05, 0x00, 0x00, 0x00, 0x08, 0x00, 0x00, 0x00, 0x0B, 0x00, 0x00, 0x00, 0x02, 0x00, 0x00, 0x00, 0x00, 0x00, 0x00, 0x00, 0xA9, 0x00, 0x00, 0x00, 0x09, 0x00, 0x00, 0x00, 0x08,
  0x00, 0x00, 0x00, 0x08, 0x00, 0x00, 0x00, 0x08, 0x00, 0x00, 0x00, 0x00, 0x00, 0x00, 0x00, 0x00, 0x00, 0x00, 0x00, 0xAA, 0x00, 0x00, 0x00, 0x07, 0x00, 0x00, 0x00, 0x06, 0x00, 0x00, 0x00, 0x08, 0x00, 0x00, 0x00, 0x0B, 0x00, 0x00, 0x00, 0x01,
  0x00, 0x00, 0x00, 0x00, 0x00, 0x00, 0x00, 0xAB, 0x00, 0x00, 0x00, 0x06, 0x00, 0x00, 0x00, 0x06, 0x00, 0x00, 0x00, 0x08, 0x00, 0x00, 0x00, 0x07, 0x00, 0x00, 0x00, 0x01, 0x00, 0x00, 0x00, 0x00, 0x00, 0x00, 0x00, 0xAC, 0x00, 0x00, 0x00, 0x04,
  0x00, 0x00, 0x00, 0x06, 0x00, 0x00, 0x00, 0x08, 0x00, 0x00, 0x00, 0x06, 0x00, 0x00, 0x00, 0x01, 0x00, 0x00, 0x00, 0x00, 0x00, 0x00, 0x00, 0xAD, 0x00, 0x00, 0x00, 0x02, 0x00, 0x00, 0x00, 0x06, 0x00, 0x00, 0x00, 0x08, 0x00, 0x00, 0x00, 0x05,
  0x00, 0x00, 0x00, 0x01, 0x00, 0x00, 0x00, 0x00, 0x00, 0x00, 0x00, 0xAE, 0x00, 0x00, 0x00, 0x09, 0x00, 0x00, 0x00, 0x08, 0x00, 0x00, 0x00, 0x08, 0x00, 0x00, 0x00, 0x08, 0x00, 0x00, 0x00, 0x00, 0x00, 0x00, 0x00, 0x00, 0x00, 0x00, 0x00, 0xAF,
  0x00, 0x00, 0x00, 0x02, 0x00, 0x00, 0x00, 0x06, 0x00, 0x00, 0x00, 0x08, 0x00, 0x00, 0x00, 0x0A, 0x00, 0x00, 0x00, 0x01, 0x00, 0x00, 0x00, 0x00, 0x00, 0x00, 0x00, 0xB0, 0x00, 0x00, 0x00, 0x05, 0x00, 0x00, 0x00, 0x04, 0x00, 0x00, 0x00, 0x08,
  0x00, 0x00, 0x00, 0x0B, 0x00, 0x00, 0x00, 0x02, 0x00, 0x00, 0x00, 0x00, 0x00, 0x00, 0x00, 0xB1, 0x00, 0x00, 0x00, 0x09, 0x00, 0x00, 0x00, 0x07, 0x00, 0x00, 0x00, 0x08, 0x00, 0x00, 0x00, 0x09, 0x00, 0x00, 0x00, 0x01, 0x00, 0x00, 0x00, 0x00,
  0x00, 0x00, 0x00, 0xB4, 0x00, 0x00, 0x00, 0x03, 0x00, 0x00, 0x00, 0x04, 0x00, 0x00, 0x00, 0x08, 0x00, 0x00, 0x00, 0x0B, 0x00, 0x00, 0x00, 0x02, 0x00, 0x00, 0x00, 0x00, 0x00, 0x00, 0x00, 0xB5, 0x00, 0x00, 0x00, 0x0B, 0x00, 0x00, 0x00, 0x07,
  0x00, 0x00, 0x00, 0x08, 0x00, 0x00, 0x00, 0x08, 0x00, 0x00, 0x00, 0x01, 0x00, 0x00, 0x00, 0x00, 0x00, 0x00, 0x00, 0xB6, 0x00, 0x00, 0x00, 0x0A, 0x00, 0x00, 0x00, 0x06, 0x00, 0x00, 0x00, 0x08, 0x00, 0x00, 0x00, 0x0A, 0x00, 0x00, 0x00, 0x01,
  0x00, 0x00, 0x00, 0x00, 0x00, 0x00, 0x00, 0xB7, 0x00, 0x00, 0x00, 0x02, 0x00, 0x00, 0x00, 0x02, 0x00, 0x00, 0x00, 0x08, 0x00, 0x00, 0x00, 0x06, 0x00, 0x00, 0x00, 0x03, 0x00, 0x00, 0x00, 0x00, 0x00, 0x00, 0x00, 0xB8, 0x00, 0x00, 0x00, 0x03,
  0x00, 0x00, 0x00, 0x03, 0x00, 0x00, 0x00, 0x08, 0x00, 0x00, 0x00, 0x00, 0x00, 0x00, 0x00, 0x03, 0x00, 0x00, 0x00, 0x00, 0x00, 0x00, 0x00, 0xBA, 0x00, 0x00, 0x00, 0x07, 0x00, 0x00, 0x00, 0x06, 0x00, 0x00, 0x00, 0x08, 0x00, 0x00, 0x00, 0x0B,
  0x00, 0x00, 0x00, 0x01, 0x00, 0x00, 0x00, 0x00, 0x00, 0x00, 0x00, 0xBB, 0x00, 0x00, 0x00, 0x06, 0x00, 0x00, 0x00, 0x06, 0x00, 0x00, 0x00, 0x08, 0x00, 0x00, 0x00, 0x07, 0x00, 0x00, 0x00, 0x01, 0x00, 0x00, 0x00, 0x00, 0x00, 0x00, 0x00, 0xBF,
  0x00, 0x00, 0x00, 0x0B, 0x00, 0x00, 0x00, 0x06, 0x00, 0x00, 0x00, 0x08, 0x00, 0x00, 0x00, 0x08, 0x00, 0x00, 0x00, 0x01, 0x00, 0x00, 0x00, 0x00, 0x00, 0x00, 0x00, 0xC0, 0x00, 0x00, 0x00, 0x0D, 0x00, 0x00, 0x00, 0x08, 0x00, 0x00, 0x00, 0x08,
  0x00, 0x00, 0x00, 0x0D, 0x00, 0x00, 0x00, 0x00, 0x00, 0x00, 0x00, 0x00, 0x00, 0x00, 0x00, 0xC1, 0x00, 0x00, 0x00, 0x0D, 0x00, 0x00, 0x00, 0x08, 0x00, 0x00, 0x00, 0x08, 0x00, 0x00, 0x00, 0x0D, 0x00, 0x00, 0x00, 0x00, 0x00, 0x00, 0x00, 0x00,
  0x00, 0x00, 0x00, 0xC2, 0x00, 0x00, 0x00, 0x0D, 0x00, 0x00, 0x00, 0x08, 0x00, 0x00, 0x00, 0x08, 0x00, 0x00, 0x00, 0x0D, 0x00, 0x00, 0x00, 0x00, 0x00, 0x00, 0x00, 0x00, 0x00, 0x00, 0x00, 0xC3, 0x00, 0x00, 0x00, 0x0D, 0x00, 0x00, 0x00, 0x08,
  0x00, 0x00, 0x00, 0x08, 0x00, 0x00, 0x00, 0x0D, 0x00, 0x00, 0x00, 0x00, 0x00, 0x00, 0x00, 0x00, 0x00, 0x00, 0x00, 0xC4, 0x00, 0x00, 0x00, 0x0D, 0x00, 0x00, 0x00, 0x08, 0x00, 0x00, 0x00, 0x08, 0x00, 0x00, 0x00, 0x0D, 0x00, 0x00, 0x00, 0x00,
  0x00, 0x00, 0x00, 0x00, 0x00, 0x00, 0x00, 0xC5, 0x00, 0x00, 0x00, 0x0E, 0x00, 0x00, 0x00, 0x08, 0x00, 0x00, 0x00, 0x08, 0x00, 0x00, 0x00, 0x0E, 0x00, 0x00, 0x00, 0x00, 0x00, 0x00, 0x00, 0x00, 0x00, 0x00, 0x00, 0xC6, 0x00, 0x00, 0x00, 0x0A,
  0x00, 0x00, 0x00, 0x09, 0x00, 0x00, 0x00, 0x08, 0x00, 0x00, 0x00, 0x0A, 0x00, 0x00, 0x00, 0x00, 0x00, 0x00, 0x00, 0x00, 0x00, 0x00, 0x00, 0xC7, 0x00, 0x00, 0x00, 0x0E, 0x00, 0x00, 0x00, 0x08, 0x00, 0x00, 0x00, 0x08, 0x00, 0x00, 0x00, 0x0B,
  0x00, 0x00, 0x00, 0x00, 0x00, 0x00, 0x00, 0x00, 0x00, 0x00, 0x00, 0xC8, 0x00, 0x00, 0x00, 0x0D, 0x00, 0x00, 0x00, 0x07, 0x00, 0x00, 0x00, 0x08, 0x00, 0x00, 0x00, 0x0D, 0x00, 0x00, 0x00, 0x01, 0x00, 0x00, 0x00, 0x00, 0x00, 0x00, 0x00, 0xC9,
  0x00, 0x00, 0x00, 0x0D, 0x00, 0x00, 0x00, 0x07, 0x00, 0x00, 0x00, 0x08, 0x00, 0x00, 0x00, 0x0D, 0x00, 0x00, 0x00, 0x01, 0x00, 0x00, 0x00, 0x00, 0x00, 0x00, 0x00, 0xCA, 0x00, 0x00, 0x00, 0x0D, 0x00, 0x00, 0x00, 0x07, 0x00, 0x00, 0x00, 0x08,
  0x00, 0x00, 0x00, 0x0D, 0x00, 0x00, 0x00, 0x01, 0x00, 0x00, 0x00, 0x00, 0x00, 0x00, 0x00, 0xCB, 0x00, 0x00, 0x00, 0x0D, 0x00, 0x00, 0x00, 0x07, 0x00, 0x00, 0x00, 0x08, 0x00, 0x00, 0x00, 0x0D, 0x00, 0x00, 0x00, 0x01, 0x00, 0x00, 0x00, 0x00,
  0x00, 0x00, 0x00, 0xCC, 0x00, 0x00, 0x00, 0x0D, 0x00, 0x00, 0x00, 0x07, 0x00, 0x00, 0x00, 0x08, 0x00, 0x00, 0x00, 0x0D, 0x00, 0x00, 0x00, 0x01, 0x00, 0x00, 0x00, 0x00, 0x00, 0x00, 0x00, 0xCD, 0x00, 0x00, 0x00, 0x0D, 0x00, 0x00, 0x00, 0x07,
  0x00, 0x00, 0x00, 0x08, 0x00, 0x00, 0x00, 0x0D, 0x00, 0x00, 0x00, 0x01, 0x00, 0x00, 0x00, 0x00, 0x00, 0x00, 0x00, 0xCE, 0x00, 0x00, 0x00, 0x0D, 0x00, 0x00, 0x00, 0x07, 0x00, 0x00, 0x00, 0x08, 0x00, 0x00, 0x00, 0x0D, 0x00, 0x00, 0x00, 0x01,
  0x00, 0x00, 0x00, 0x00, 0x00, 0x00, 0x00, 0xCF, 0x00, 0x00, 0x00, 0x0D, 0x00, 0x00, 0x00, 0x07, 0x00, 0x00, 0x00, 0x08, 0x00, 0x00, 0x00, 0x0D, 0x00, 0x00, 0x00, 0x01, 0x00, 0x00, 0x00, 0x00, 0x00, 0x00, 0x00, 0xD1, 0x00, 0x00, 0x00, 0x0D,
  0x00, 0x00, 0x00, 0x08, 0x00, 0x00, 0x00, 0x08, 0x00, 0x00, 0x00, 0x0D, 0x00, 0x00, 0x00, 0x00, 0x00, 0x00, 0x00, 0x00, 0x00, 0x00, 0x00, 0xD2, 0x00, 0x00, 0x00, 0x0F, 0x00, 0x00, 0x00, 0x08, 0x00, 0x00, 0x00, 0x08, 0x00, 0x00, 0x00, 0x0E,
  0x00, 0x00, 0x00, 0x00, 0x00, 0x00, 0x00, 0x00, 0x00, 0x00, 0x00, 0xD3, 0x00, 0x00, 0x00, 0x0E, 0x00, 0x00, 0x00, 0x08, 0x00, 0x00, 0x00, 0x08, 0x00, 0x00, 0x00, 0x0D, 0x00, 0x00, 0x00, 0x00, 0x00, 0x00, 0x00, 0x00, 0x00, 0x00, 0x00, 0xD4,
  0x00, 0x00, 0x00, 0x0F, 0x00, 0x00, 0x00, 0x08, 0x00, 0x00, 0x00, 0x08, 0x00, 0x00, 0x00, 0x0E, 0x00, 0x00, 0x00, 0x00, 0x00, 0x00, 0x00, 0x00, 0x00, 0x00, 0x00, 0xD5, 0x00, 0x00, 0x00, 0x0F, 0x00, 0x00, 0x00, 0x08, 0x00, 0x00, 0x00, 0x08,
  0x00, 0x00, 0x00, 0x0E, 0x00, 0x00, 0x00, 0x00, 0x00, 0x00, 0x00, 0x00, 0x00, 0x00, 0x00, 0xD6, 0x00, 0x00, 0x00, 0x0F, 0x00, 0x00, 0x00, 0x08, 0x00, 0x00, 0x00, 0x08, 0x00, 0x00, 0x00, 0x0E, 0x00, 0x00, 0x00, 0x00, 0x00, 0x00, 0x00, 0x00,
  0x00, 0x00, 0x00, 0xD7, 0x00, 0x00, 0x00, 0x07, 0x00, 0x00, 0x00, 0x07, 0x00, 0x00, 0x00, 0x08, 0x00, 0x00, 0x00, 0x08, 0x00, 0x00, 0x00, 0x01, 0x00, 0x00, 0x00, 0x00, 0x00, 0x00, 0x00, 0xD8, 0x00, 0x00, 0x00, 0x0C, 0x00, 0x00, 0x00, 0x08,
  0x00, 0x00, 0x00, 0x08, 0x00, 0x00, 0x00, 0x0B, 0x00, 0x00, 0x00, 0x00, 0x00, 0x00, 0x00, 0x00, 0x00, 0x00, 0x00, 0xD9, 0x00, 0x00, 0x00, 0x0E, 0x00, 0x00, 0x00, 0x08, 0x00, 0x00, 0x00, 0x08, 0x00, 0x00, 0x00, 0x0D, 0x00, 0x00, 0x00, 0x00,
  0x00, 0x00, 0x00, 0x00, 0x00, 0x00, 0x00, 0xDA, 0x00, 0x00, 0x00, 0x0E, 0x00, 0x00, 0x00, 0x08, 0x00, 0x00, 0x00, 0x08, 0x00, 0x00, 0x00, 0x0D, 0x00, 0x00, 0x00, 0x00, 0x00, 0x00, 0x00, 0x00, 0x00, 0x00, 0x00, 0xDB, 0x00, 0x00, 0x00, 0x0E,
  0x00, 0x00, 0x00, 0x08, 0x00, 0x00, 0x00, 0x08, 0x00, 0x00, 0x00, 0x0D, 0x00, 0x00, 0x00, 0x00, 0x00, 0x00, 0x00, 0x00, 0x00, 0x00, 0x00, 0xDC, 0x00, 0x00, 0x00, 0x0E, 0x00, 0x00, 0x00, 0x08, 0x00, 0x00, 0x00, 0x08, 0x00, 0x00, 0x00, 0x0D,
  0x00, 0x00, 0x00, 0x00, 0x00, 0x00, 0x00, 0x00, 0x00, 0x00, 0x00, 0xDD, 0x00, 0x00, 0x00, 0x0D, 0x00, 0x00, 0x00, 0x08, 0x00, 0x00, 0x00, 0x08, 0x00, 0x00, 0x00, 0x0D, 0x00, 0x00, 0x00, 0x00, 0x00, 0x00, 0x00, 0x00, 0x00, 0x00, 0x00, 0xDF,
  0x00, 0x00, 0x00, 0x0C, 0x00, 0x00, 0x00, 0x07, 0x00, 0x00, 0x00, 0x08, 0x00, 0x00, 0x00, 0x0B, 0x00, 0x00, 0x00, 0x01, 0x00, 0x00, 0x00, 0x00, 0x00, 0x00, 0x00, 0xE0, 0x00, 0x00, 0x00, 0x0C, 0x00, 0x00, 0x00, 0x07, 0x00, 0x00, 0x00, 0x08,
  0x00, 0x00, 0x00, 0x0B, 0x00, 0x00, 0x00, 0x01, 0x00, 0x00, 0x00, 0x00, 0x00, 0x00, 0x00, 0xE1, 0x00, 0x00, 0x00, 0x0C, 0x00, 0x00, 0x00, 0x07, 0x00, 0x00, 0x00, 0x08, 0x00, 0x00, 0x00, 0x0B, 0x00, 0x00, 0x00, 0x01, 0x00, 0x00, 0x00, 0x00,
  0x00, 0x00, 0x00, 0xE2, 0x00, 0x00, 0x00, 0x0C, 0x00, 0x00, 0x00, 0x07, 0x00, 0x00, 0x00, 0x08, 0x00, 0x00, 0x00, 0x0B, 0x00, 0x00, 0x00, 0x01, 0x00, 0x00, 0x00, 0x00, 0x00, 0x00, 0x00, 0xE3, 0x00, 0x00, 0x00, 0x0C, 0x00, 0x00, 0x00, 0x07,
  0x00, 0x00, 0x00, 0x08, 0x00, 0x00, 0x00, 0x0B, 0x00, 0x00, 0x00, 0x01, 0x00, 0x00, 0x00, 0x00, 0x00, 0x00, 0x00, 0xE4, 0x00, 0x00, 0x00, 0x0C, 0x00, 0x00, 0x00, 0x07, 0x00, 0x00, 0x00, 0x08, 0x00, 0x00, 0x00, 0x0B, 0x00, 0x00, 0x00, 0x01,
  0x00, 0x00, 0x00, 0x00, 0x00, 0x00, 0x00, 0xE5, 0x00, 0x00, 0x00, 0x0D, 0x00, 0x00, 0x00, 0x07, 0x00, 0x00, 0x00, 0x08, 0x00, 0x00, 0x00, 0x0C, 0x00, 0x00, 0x00, 0x01, 0x00, 0x00, 0x00, 0x00, 0x00, 0x00, 0x00, 0xE6, 0x00, 0x00, 0x00, 0x09,
  0x00, 0x00, 0x00, 0x09, 0x00, 0x00, 0x00, 0x08, 0x00, 0x00, 0x00, 0x08, 0x00, 0x00, 0x00, 0x00, 0x00, 0x00, 0x00, 0x00, 0x00, 0x00, 0x00, 0xE7, 0x00, 0x00, 0x00, 0x0B, 0x00, 0x00, 0x00, 0x08, 0x00, 0x00, 0x00, 0x08, 0x00, 0x00, 0x00, 0x08,
  0x00, 0x00, 0x00, 0x00, 0x00, 0x00, 0x00, 0x00, 0x00, 0x00, 0x00, 0xE8, 0x00, 0x00, 0x00, 0x0C, 0x00, 0x00, 0x00, 0x08, 0x00, 0x00, 0x00, 0x08, 0x00, 0x00, 0x00, 0x0B, 0x00, 0x00, 0x00, 0x00, 0x00, 0x00, 0x00, 0x00, 0x00, 0x00, 0x00, 0xE9,
  0x00, 0x00, 0x00, 0x0C, 0x00, 0x00, 0x00, 0x08, 0x00, 0x00, 0x00, 0x08, 0x00, 0x00, 0x00, 0x0B, 0x00, 0x00, 0x00, 0x00, 0x00, 0x00, 0x00, 0x00, 0x00, 0x00, 0x00, 0xEA, 0x00, 0x00, 0x00, 0x0C, 0x00, 0x00, 0x00, 0x08, 0x00, 0x00, 0x00, 0x08,
  0x00, 0x00, 0x00, 0x0B, 0x00, 0x00, 0x00, 0x00, 0x00, 0x00, 0x00, 0x00, 0x00, 0x00, 0x00, 0xEB, 0x00, 0x00, 0x00, 0x0C, 0x00, 0x00, 0x00, 0x08, 0x00, 0x00, 0x00, 0x08, 0x00, 0x00, 0x00, 0x0B, 0x00, 0x00, 0x00, 0x00, 0x00, 0x00, 0x00, 0x00,
  0x00, 0x00, 0x00, 0xEC, 0x00, 0x00, 0x00, 0x0B, 0x00, 0x00, 0x00, 0x07, 0x00, 0x00, 0x00, 0x08, 0x00, 0x00, 0x00, 0x0B, 0x00, 0x00, 0x00, 0x01, 0x00, 0x00, 0x00, 0x00, 0x00, 0x00, 0x00, 0xED, 0x00, 0x00, 0x00, 0x0B, 0x00, 0x00, 0x00, 0x07,
  0x00, 0x00, 0x00, 0x08, 0x00, 0x00, 0x00, 0x0B, 0x00, 0x00, 0x00, 0x01, 0x00, 0x00, 0x00, 0x00, 0x00, 0x00, 0x00, 0xEE, 0x00, 0x00, 0x00, 0x0B, 0x00, 0x00, 0x00, 0x07, 0x00, 0x00, 0x00, 0x08, 0x00, 0x00, 0x00, 0x0B, 0x00, 0x00, 0x00, 0x01,
  0x00, 0x00, 0x00, 0x00, 0x00, 0x00, 0x00, 0xEF, 0x00, 0x00, 0x00, 0x0B, 0x00, 0x00, 0x00, 0x07, 0x00, 0x00, 0x00, 0x08, 0x00, 0x00, 0x00, 0x0B, 0x00, 0x00, 0x00, 0x01, 0x00, 0x00, 0x00, 0x00, 0x00, 0x00, 0x00, 0xF1, 0x00, 0x00, 0x00, 0x0B,
  0x00, 0x00, 0x00, 0x07, 0x00, 0x00, 0x00, 0x08, 0x00, 0x00, 0x00, 0x0B, 0x00, 0x00, 0x00, 0x01, 0x00, 0x00, 0x00, 0x00, 0x00, 0x00, 0x00, 0xF2, 0x00, 0x00, 0x00, 0x0C, 0x00, 0x00, 0x00, 0x08, 0x00, 0x00, 0x00, 0x08, 0x00, 0x00, 0x00, 0x0B,
  0x00, 0x00, 0x00, 0x00, 0x00, 0x00, 0x00, 0x00, 0x00, 0x00, 0x00, 0xF3, 0x00, 0x00, 0x00, 0x0C, 0x00, 0x00, 0x00, 0x08, 0x00, 0x00, 0x00, 0x08, 0x00, 0x00, 0x00, 0x0B, 0x00, 0x00, 0x00, 0x00, 0x00, 0x00, 0x00, 0x00, 0x00, 0x00, 0x00, 0xF4,
  0x00, 0x00, 0x00, 0x0C, 0x00, 0x00, 0x00, 0x08, 0x00, 0x00, 0x00, 0x08, 0x00, 0x00, 0x00, 0x0B, 0x00, 0x00, 0x00, 0x00, 0x00, 0x00, 0x00, 0x00, 0x00, 0x00, 0x00, 0xF5, 0x00, 0x00, 0x00, 0x0C, 0x00, 0x00, 0x00, 0x08, 0x00, 0x00, 0x00, 0x08,
  0x00, 0x00, 0x00, 0x0B, 0x00, 0x00, 0x00, 0x00, 0x00, 0x00, 0x00, 0x00, 0x00, 0x00, 0x00, 0xF6, 0x00, 0x00, 0x00, 0x0C, 0x00, 0x00, 0x00, 0x08, 0x00, 0x00, 0x00, 0x08, 0x00, 0x00, 0x00, 0x0B, 0x00, 0x00, 0x00, 0x00, 0x00, 0x00, 0x00, 0x00,
  0x00, 0x00, 0x00, 0xF7, 0x00, 0x00, 0x00, 0x08, 0x00, 0x00, 0x00, 0x08, 0x00, 0x00, 0x00, 0x08, 0x00, 0x00, 0x00, 0x09, 0x00, 0x00, 0x00, 0x00, 0x00, 0x00, 0x00, 0x00, 0x00, 0x00, 0x00, 0xF8, 0x00, 0x00, 0x00, 0x0A, 0x00, 0x00, 0x00, 0x08,
  0x00, 0x00, 0x00, 0x08, 0x00, 0x00, 0x00, 0x09, 0x00, 0x00, 0x00, 0x00, 0x00, 0x00, 0x00, 0x00, 0x00, 0x00, 0x00, 0xF9, 0x00, 0x00, 0x00, 0x0C, 0x00, 0x00, 0x00, 0x07, 0x00, 0x00, 0x00, 0x08, 0x00, 0x00, 0x00, 0x0B, 0x00, 0x00, 0x00, 0x01,
  0x00, 0x00, 0x00, 0x00, 0x00, 0x00, 0x00, 0xFA, 0x00, 0x00, 0x00, 0x0C, 0x00, 0x00, 0x00, 0x07, 0x00, 0x00, 0x00, 0x08, 0x00, 0x00, 0x00, 0x0B, 0x00, 0x00, 0x00, 0x01, 0x00, 0x00, 0x00, 0x00, 0x00, 0x00, 0x00, 0xFB, 0x00, 0x00, 0x00, 0x0C,
  0x00, 0x00, 0x00, 0x07, 0x00, 0x00, 0x00, 0x08, 0x00, 0x00, 0x00, 0x0B, 0x00, 0x00, 0x00, 0x01, 0x00, 0x00, 0x00, 0x00, 0x00, 0x00, 0x00, 0xFC, 0x00, 0x00, 0x00, 0x0C, 0x00, 0x00, 0x00, 0x07, 0x00, 0x00, 0x00, 0x08, 0x00, 0x00, 0x00, 0x0B,
  0x00, 0x00, 0x00, 0x01, 0x00, 0x00, 0x00, 0x00, 0x00, 0x00, 0x00, 0xFD, 0x00, 0x00, 0x00, 0x0E, 0x00, 0x00, 0x00, 0x08, 0x00, 0x00, 0x00, 0x08, 0x00, 0x00, 0x00, 0x0B, 0x00, 0x00, 0x00, 0x00, 0x00, 0x00, 0x00, 0x00, 0x00, 0x00, 0x00, 0xFF,
  0x00, 0x00, 0x00, 0x0E, 0x00, 0x00, 0x00, 0x08, 0x00, 0x00, 0x00, 0x08, 0x00, 0x00, 0x00, 0x0B, 0x00, 0x00, 0x00, 0x00, 0x00, 0x00, 0x00, 0x00, 0x00, 0x00, 0x01, 0x02, 0x00, 0x00, 0x00, 0x0D, 0x00, 0x00, 0x00, 0x08, 0x00, 0x00, 0x00, 0x08,
  0x00, 0x00, 0x00, 0x0D, 0x00, 0x00, 0x00, 0x00, 0x00, 0x00, 0x00, 0x00, 0x00, 0x00, 0x01, 0x03, 0x00, 0x00, 0x00, 0x0C, 0x00, 0x00, 0x00, 0x07, 0x00, 0x00, 0x00, 0x08, 0x00, 0x00, 0x00, 0x0B, 0x00, 0x00, 0x00, 0x01, 0x00, 0x00, 0x00, 0x00,
  0x00, 0x00, 0x01, 0x04, 0x00, 0x00, 0x00, 0x0D, 0x00, 0x00, 0x00, 0x08, 0x00, 0x00, 0x00, 0x08, 0x00, 0x00, 0x00, 0x0A, 0x00, 0x00, 0x00, 0x00, 0x00, 0x00, 0x00, 0x00, 0x00, 0x00, 0x01, 0x05, 0x00, 0x00, 0x00, 0x0B, 0x00, 0x00, 0x00, 0x07,
  0x00, 0x00, 0x00, 0x08, 0x00, 0x00, 0x00, 0x08, 0x00, 0x00, 0x00, 0x01, 0x00, 0x00, 0x00, 0x00, 0x00, 0x00, 0x01, 0x06, 0x00, 0x00, 0x00, 0x0E, 0x00, 0x00, 0x00, 0x08, 0x00, 0x00, 0x00, 0x08, 0x00, 0x00, 0x00, 0x0D, 0x00, 0x00, 0x00, 0x00,
  0x00, 0x00, 0x00, 0x00, 0x00, 0x00, 0x01, 0x07, 0x00, 0x00, 0x00, 0x0C, 0x00, 0x00, 0x00, 0x08, 0x00, 0x00, 0x00, 0x08, 0x00, 0x00, 0x00, 0x0B, 0x00, 0x00, 0x00, 0x00, 0x00, 0x00, 0x00, 0x00, 0x00, 0x00, 0x01, 0x0C, 0x00, 0x00, 0x00, 0x0F,
  0x00, 0x00, 0x00, 0x08, 0x00, 0x00, 0x00, 0x08, 0x00, 0x00, 0x00, 0x0E, 0x00, 0x00, 0x00, 0x00, 0x00, 0x00, 0x00, 0x00, 0x00, 0x00, 0x01, 0x0D, 0x00, 0x00, 0x00, 0x0C, 0x00, 0x00, 0x00, 0x08, 0x00, 0x00, 0x00, 0x08, 0x00, 0x00, 0x00, 0x0B,
  0x00, 0x00, 0x00, 0x00, 0x00, 0x00, 0x00, 0x00, 0x00, 0x00, 0x01, 0x0E, 0x00, 0x00, 0x00, 0x0D, 0x00, 0x00, 0x00, 0x07, 0x00, 0x00, 0x00, 0x08, 0x00, 0x00, 0x00, 0x0D, 0x00, 0x00, 0x00, 0x01, 0x00, 0x00, 0x00, 0x00, 0x00, 0x00, 0x01, 0x0F,
  0x00, 0x00, 0x00, 0x0C, 0x00, 0x00, 0x00, 0x0B, 0x00, 0x00, 0x00, 0x08, 0x00, 0x00, 0x00, 0x0B, 0x00, 0x00, 0x00, 0x00, 0x00, 0x00, 0x00, 0x00, 0x00, 0x00, 0x01, 0x10, 0x00, 0x00, 0x00, 0x0A, 0x00, 0x00, 0x00, 0x09, 0x00, 0x00, 0x00, 0x08,
  0x00, 0x00, 0x00, 0x0A, 0xFF, 0xFF, 0xFF, 0xFF, 0x00, 0x00, 0x00, 0x00, 0x00, 0x00, 0x01, 0x11, 0x00, 0x00, 0x00, 0x0C, 0x00, 0x00, 0x00, 0x09, 0x00, 0x00, 0x00, 0x08, 0x00, 0x00, 0x00, 0x0B, 0x00, 0x00, 0x00, 0x00, 0x00, 0x00, 0x00, 0x00,
  0x00, 0x00, 0x01, 0x18, 0x00, 0x00, 0x00, 0x0D, 0x00, 0x00, 0x00, 0x07, 0x00, 0x00, 0x00, 0x08, 0x00, 0x00, 0x00, 0x0A, 0x00, 0x00, 0x00, 0x01, 0x00, 0x00, 0x00, 0x00, 0x00, 0x00, 0x01, 0x19, 0x00, 0x00, 0x00, 0x0B, 0x00, 0x00, 0x00, 0x08,
  0x00, 0x00, 0x00, 0x08, 0x00, 0x00, 0x00, 0x08, 0x00, 0x00, 0x00, 0x00, 0x00, 0x00, 0x00, 0x00, 0x00, 0x00, 0x01, 0x1A, 0x00, 0x00, 0x00, 0x0D, 0x00, 0x00, 0x00, 0x07, 0x00, 0x00, 0x00, 0x08, 0x00, 0x00, 0x00, 0x0D, 0x00, 0x00, 0x00, 0x01,
  0x00, 0x00, 0x00, 0x00, 0x00, 0x00, 0x01, 0x1B, 0x00, 0x00, 0x00, 0x0C, 0x00, 0x00, 0x00, 0x08, 0x00, 0x00, 0x00, 0x08, 0x00, 0x00, 0x00, 0x0B, 0x00, 0x00, 0x00, 0x00, 0x00, 0x00, 0x00, 0x00, 0x00, 0x00, 0x01, 0x31, 0x00, 0x00, 0x00, 0x08,
  0x00, 0x00, 0x00, 0x07, 0x00, 0x00, 0x00, 0x08, 0x00, 0x00, 0x00, 0x08, 0x00, 0x00, 0x00, 0x01, 0x00, 0x00, 0x00, 0x00, 0x00, 0x00, 0x01, 0x39, 0x00, 0x00, 0x00, 0x0D, 0x00, 0x00, 0x00, 0x07, 0x00, 0x00, 0x00, 0x08, 0x00, 0x00, 0x00, 0x0D,
  0x00, 0x00, 0x00, 0x01, 0x00, 0x00, 0x00, 0x00, 0x00, 0x00, 0x01, 0x3A, 0x00, 0x00, 0x00, 0x0E, 0x00, 0x00, 0x00, 0x07, 0x00, 0x00, 0x00, 0x08, 0x00, 0x00, 0x00, 0x0E, 0x00, 0x00, 0x00, 0x01, 0x00, 0x00, 0x00, 0x00, 0x00, 0x00, 0x01, 0x3D,
  0x00, 0x00, 0x00, 0x0A, 0x00, 0x00, 0x00, 0x07, 0x00, 0x00, 0x00, 0x08, 0x00, 0x00, 0x00, 0x0A, 0x00, 0x00, 0x00, 0x01, 0x00, 0x00, 0x00, 0x00, 0x00, 0x00, 0x01, 0x3E, 0x00, 0x00, 0x00, 0x0B, 0x00, 0x00, 0x00, 0x08, 0x00, 0x00, 0x00, 0x08,
  0x00, 0x00, 0x00, 0x0B, 0x00, 0x00, 0x00, 0x01, 0x00, 0x00, 0x00, 0x00, 0x00, 0x00, 0x01, 0x41, 0x00, 0x00, 0x00, 0x0A, 0x00, 0x00, 0x00, 0x08, 0x00, 0x00, 0x00, 0x08, 0x00, 0x00, 0x00, 0x0A, 0x00, 0x00, 0x00, 0x00, 0x00, 0x00, 0x00, 0x00,
  0x00, 0x00, 0x01, 0x42, 0x00, 0x00, 0x00, 0x0B, 0x00, 0x00, 0x00, 0x07, 0x00, 0x00, 0x00, 0x08, 0x00, 0x00, 0x00, 0x0B, 0x00, 0x00, 0x00, 0x01, 0x00, 0x00, 0x00, 0x00, 0x00, 0x00, 0x01, 0x43, 0x00, 0x00, 0x00, 0x0D, 0x00, 0x00, 0x00, 0x08,
  0x00, 0x00, 0x00, 0x08, 0x00, 0x00, 0x00, 0x0D, 0x00, 0x00, 0x00, 0x00, 0x00, 0x00, 0x00, 0x00, 0x00, 0x00, 0x01, 0x44, 0x00, 0x00, 0x00, 0x0B, 0x00, 0x00, 0x00, 0x07, 0x00, 0x00, 0x00, 0x08, 0x00, 0x00, 0x00, 0x0B, 0x00, 0x00, 0x00, 0x01,
  0x00, 0x00, 0x00, 0x00, 0x00, 0x00, 0x01, 0x47, 0x00, 0x00, 0x00, 0x0D, 0x00, 0x00, 0x00, 0x08, 0x00, 0x00, 0x00, 0x08, 0x00, 0x00, 0x00, 0x0D, 0x00, 0x00, 0x00, 0x00, 0x00, 0x00, 0x00, 0x00, 0x00, 0x00, 0x01, 0x48, 0x00, 0x00, 0x00, 0x0B,
  0x00, 0x00, 0x00, 0x07, 0x00, 0x00, 0x00, 0x08, 0x00, 0x00, 0x00, 0x0B, 0x00, 0x00, 0x00, 0x01, 0x00, 0x00, 0x00, 0x00, 0x00, 0x00, 0x01, 0x50, 0x00, 0x00, 0x00, 0x0F, 0x00, 0x00, 0x00, 0x08, 0x00, 0x00, 0x00, 0x08, 0x00, 0x00, 0x00, 0x0E,
  0x00, 0x00, 0x00, 0x00, 0x00, 0x00, 0x00, 0x00, 0x00, 0x00, 0x01, 0x51, 0x00, 0x00, 0x00, 0x0C, 0x00, 0x00, 0x00, 0x08, 0x00, 0x00, 0x00, 0x08, 0x00, 0x00, 0x00, 0x0B, 0x00, 0x00, 0x00, 0x00, 0x00, 0x00, 0x00, 0x00, 0x00, 0x00, 0x01, 0x52,
  0x00, 0x00, 0x00, 0x0C, 0x00, 0x00, 0x00, 0x09, 0x00, 0x00, 0x00, 0x08, 0x00, 0x00, 0x00, 0x0B, 0x00, 0x00, 0x00, 0x00, 0x00, 0x00, 0x00, 0x00, 0x00, 0x00, 0x01, 0x53, 0x00, 0x00, 0x00, 0x09, 0x00, 0x00, 0x00, 0x09, 0x00, 0x00, 0x00, 0x08,
  0x00, 0x00, 0x00, 0x08, 0x00, 0x00, 0x00, 0x00, 0x00, 0x00, 0x00, 0x00, 0x00, 0x00, 0x01, 0x54, 0x00, 0x00, 0x00, 0x0D, 0x00, 0x00, 0x00, 0x07, 0x00, 0x00, 0x00, 0x08, 0x00, 0x00, 0x00, 0x0D, 0x00, 0x00, 0x00, 0x01, 0x00, 0x00, 0x00, 0x00,
  0x00, 0x00, 0x01, 0x55, 0x00, 0x00, 0x00, 0x0B, 0x00, 0x00, 0x00, 0x06, 0x00, 0x00, 0x00, 0x08, 0x00, 0x00, 0x00, 0x0B, 0x00, 0x00, 0x00, 0x02, 0x00, 0x00, 0x00, 0x00, 0x00, 0x00, 0x01, 0x58, 0x00, 0x00, 0x00, 0x0D, 0x00, 0x00, 0x00, 0x07,
  0x00, 0x00, 0x00, 0x08, 0x00, 0x00, 0x00, 0x0D, 0x00, 0x00, 0x00, 0x01, 0x00, 0x00, 0x00, 0x00, 0x00, 0x00, 0x01, 0x59, 0x00, 0x00, 0x00, 0x0B, 0x00, 0x00, 0x00, 0x06, 0x00, 0x00, 0x00, 0x08, 0x00, 0x00, 0x00, 0x0B, 0x00, 0x00, 0x00, 0x02,
  0x00, 0x00, 0x00, 0x00, 0x00, 0x00, 0x01, 0x5A, 0x00, 0x00, 0x00, 0x0E, 0x00, 0x00, 0x00, 0x08, 0x00, 0x00, 0x00, 0x08, 0x00, 0x00, 0x00, 0x0D, 0x00, 0x00, 0x00, 0x00, 0x00, 0x00, 0x00, 0x00, 0x00, 0x00, 0x01, 0x5B, 0x00, 0x00, 0x00, 0x0C,
  0x00, 0x00, 0x00, 0x07, 0x00, 0x00, 0x00, 0x08, 0x00, 0x00, 0x00, 0x0B, 0x00, 0x00, 0x00, 0x01, 0x00, 0x00, 0x00, 0x00, 0x00, 0x00, 0x01, 0x5E, 0x00, 0x00, 0x00, 0x0E, 0x00, 0x00, 0x00, 0x08, 0x00, 0x00, 0x00, 0x08, 0x00, 0x00, 0x00, 0x0B,
  0x00, 0x00, 0x00, 0x00, 0x00, 0x00, 0x00, 0x00, 0x00, 0x00, 0x01, 0x5F, 0x00, 0x00, 0x00, 0x0B, 0x00, 0x00, 0x00, 0x07, 0x00, 0x00, 0x00, 0x08, 0x00, 0x00, 0x00, 0x08, 0x00, 0x00, 0x00, 0x01, 0x00, 0x00, 0x00, 0x00, 0x00, 0x00, 0x01, 0x60,
  0x00, 0x00, 0x00, 0x0F, 0x00, 0x00, 0x00, 0x08, 0x00, 0x00, 0x00, 0x08, 0x00, 0x00, 0x00, 0x0E, 0x00, 0x00, 0x00, 0x00, 0x00, 0x00, 0x00, 0x00, 0x00, 0x00, 0x01, 0x61, 0x00, 0x00, 0x00, 0x0C, 0x00, 0x00, 0x00, 0x07, 0x00, 0x00, 0x00, 0x08,
  0x00, 0x00, 0x00, 0x0B, 0x00, 0x00, 0x00, 0x01, 0x00, 0x00, 0x00, 0x00, 0x00, 0x00, 0x01, 0x62, 0x00, 0x00, 0x00, 0x0D, 0x00, 0x00, 0x00, 0x08, 0x00, 0x00, 0x00, 0x08, 0x00, 0x00, 0x00, 0x0A, 0x00, 0x00, 0x00, 0x00, 0x00, 0x00, 0x00, 0x00,
  0x00, 0x00, 0x01, 0x63, 0x00, 0x00, 0x00, 0x0D, 0x00, 0x00, 0x00, 0x08, 0x00, 0x00, 0x00, 0x08, 0x00, 0x00, 0x00, 0x0A, 0x00, 0x00, 0x00, 0x00, 0x00, 0x00, 0x00, 0x00, 0x00, 0x00, 0x01, 0x64, 0x00, 0x00, 0x00, 0x0D, 0x00, 0x00, 0x00, 0x08,
  0x00, 0x00, 0x00, 0x08, 0x00, 0x00, 0x00, 0x0D, 0x00, 0x00, 0x00, 0x00, 0x00, 0x00, 0x00, 0x00, 0x00, 0x00, 0x01, 0x65, 0x00, 0x00, 0x00, 0x0D, 0x00, 0x00, 0x00, 0x09, 0x00, 0x00, 0x00, 0x08, 0x00, 0x00, 0x00, 0x0C, 0x00, 0x00, 0x00, 0x00,
  0x00, 0x00, 0x00, 0x00, 0x00, 0x00, 0x01, 0x6E, 0x00, 0x00, 0x00, 0x0F, 0x00, 0x00, 0x00, 0x08, 0x00, 0x00, 0x00, 0x08, 0x00, 0x00, 0x00, 0x0E, 0x00, 0x00, 0x00, 0x00, 0x00, 0x00, 0x00, 0x00, 0x00, 0x00, 0x01, 0x6F, 0x00, 0x00, 0x00, 0x0D,
  0x00, 0x00, 0x00, 0x07, 0x00, 0x00, 0x00, 0x08, 0x00, 0x00, 0x00, 0x0C, 0x00, 0x00, 0x00, 0x01, 0x00, 0x00, 0x00, 0x00, 0x00, 0x00, 0x01, 0x70, 0x00, 0x00, 0x00, 0x0E, 0x00, 0x00, 0x00, 0x08, 0x00, 0x00, 0x00, 0x08, 0x00, 0x00, 0x00, 0x0D,
  0x00, 0x00, 0x00, 0x00, 0x00, 0x00, 0x00, 0x00, 0x00, 0x00, 0x01, 0x71, 0x00, 0x00, 0x00, 0x0C, 0x00, 0x00, 0x00, 0x07, 0x00, 0x00, 0x00, 0x08, 0x00, 0x00, 0x00, 0x0B, 0x00, 0x00, 0x00, 0x01, 0x00, 0x00, 0x00, 0x00, 0x00, 0x00, 0x01, 0x78,
  0x00, 0x00, 0x00, 0x0D, 0x00, 0x00, 0x00, 0x08, 0x00, 0x00, 0x00, 0x08, 0x00, 0x00, 0x00, 0x0D, 0x00, 0x00, 0x00, 0x00, 0x00, 0x00, 0x00, 0x00, 0x00, 0x00, 0x01, 0x79, 0x00, 0x00, 0x00, 0x0D, 0x00, 0x00, 0x00, 0x08, 0x00, 0x00, 0x00, 0x08,
  0x00, 0x00, 0x00, 0x0D, 0x00, 0x00, 0x00, 0x00, 0x00, 0x00, 0x00, 0x00, 0x00, 0x00, 0x01, 0x7A, 0x00, 0x00, 0x00, 0x0B, 0x00, 0x00, 0x00, 0x07, 0x00, 0x00, 0x00, 0x08, 0x00, 0x00, 0x00, 0x0B, 0x00, 0x00, 0x00, 0x01, 0x00, 0x00, 0x00, 0x00,
  0x00, 0x00, 0x01, 0x7B, 0x00, 0x00, 0x00, 0x0D, 0x00, 0x00, 0x00, 0x08, 0x00, 0x00, 0x00, 0x08, 0x00, 0x00, 0x00, 0x0D, 0x00, 0x00, 0x00, 0x00, 0x00, 0x00, 0x00, 0x00, 0x00, 0x00, 0x01, 0x7C, 0x00, 0x00, 0x00, 0x0B, 0x00, 0x00, 0x00, 0x07,
  0x00, 0x00, 0x00, 0x08, 0x00, 0x00, 0x00, 0x0B, 0x00, 0x00, 0x00, 0x01, 0x00, 0x00, 0x00, 0x00, 0x00, 0x00, 0x01, 0x7D, 0x00, 0x00, 0x00, 0x0D, 0x00, 0x00, 0x00, 0x08, 0x00, 0x00, 0x00, 0x08, 0x00, 0x00, 0x00, 0x0D, 0x00, 0x00, 0x00, 0x00,
  0x00, 0x00, 0x00, 0x00, 0x00, 0x00, 0x01, 0x7E, 0x00, 0x00, 0x00, 0x0B, 0x00, 0x00, 0x00, 0x07, 0x00, 0x00, 0x00, 0x08, 0x00, 0x00, 0x00, 0x0B, 0x00, 0x00, 0x00, 0x01, 0x00, 0x00, 0x00, 0x00, 0x00, 0x00, 0x01, 0x92, 0x00, 0x00, 0x00, 0x0E,
  0x00, 0x00, 0x00, 0x07, 0x00, 0x00, 0x00, 0x08, 0x00, 0x00, 0x00, 0x0B, 0x00, 0x00, 0x00, 0x01, 0x00, 0x00, 0x00, 0x00, 0x00, 0x00, 0x02, 0xC6, 0x00, 0x00, 0x00, 0x03, 0x00, 0x00, 0x00, 0x05, 0x00, 0x00, 0x00, 0x08, 0x00, 0x00, 0x00, 0x0B,
  0x00, 0x00, 0x00, 0x01, 0x00, 0x00, 0x00, 0x00, 0x00, 0x00, 0x02, 0xC7, 0x00, 0x00, 0x00, 0x03, 0x00, 0x00, 0x00, 0x05, 0x00, 0x00, 0x00, 0x08, 0x00, 0x00, 0x00, 0x0B, 0x00, 0x00, 0x00, 0x02, 0x00, 0x00, 0x00, 0x00, 0x00, 0x00, 0x02, 0xD8,
  0x00, 0x00, 0x00, 0x02, 0x00, 0x00, 0x00, 0x05, 0x00, 0x00, 0x00, 0x08, 0x00, 0x00, 0x00, 0x0A, 0x00, 0x00, 0x00, 0x02, 0x00, 0x00, 0x00, 0x00, 0x00, 0x00, 0x02, 0xD9, 0x00, 0x00, 0x00, 0x03, 0x00, 0x00, 0x00, 0x02, 0x00, 0x00, 0x00, 0x08,
  0x00, 0x00, 0x00, 0x0B, 0x00, 0x00, 0x00, 0x03, 0x00, 0x00, 0x00, 0x00, 0x00, 0x00, 0x02, 0xDA, 0x00, 0x00, 0x00, 0x04, 0x00, 0x00, 0x00, 0x04, 0x00, 0x00, 0x00, 0x08, 0x00, 0x00, 0x00, 0x0B, 0x00, 0x00, 0x00, 0x02, 0x00, 0x00, 0x00, 0x00,
  0x00, 0x00, 0x02, 0xDB, 0x00, 0x00, 0x00, 0x04, 0x00, 0x00, 0x00, 0x04, 0x00, 0x00, 0x00, 0x08, 0x00, 0x00, 0x00, 0x01, 0x00, 0x00, 0x00, 0x02, 0x00, 0x00, 0x00, 0x00, 0x00, 0x00, 0x02, 0xDC, 0x00, 0x00, 0x00, 0x03, 0x00, 0x00, 0x00, 0x06,
  0x00, 0x00, 0x00, 0x08, 0x00, 0x00, 0x00, 0x0B, 0x00, 0x00, 0x00, 0x00, 0x00, 0x00, 0x00, 0x00, 0x00, 0x00, 0x02, 0xDD, 0x00, 0x00, 0x00, 0x03, 0x00, 0x00, 0x00, 0x06, 0x00, 0x00, 0x00, 0x08, 0x00, 0x00, 0x00, 0x0B, 0x00, 0x00, 0x00, 0x01,
  0x00, 0x00, 0x00, 0x00, 0x00, 0x00, 0x03, 0xA9, 0x00, 0x00, 0x00, 0x0B, 0x00, 0x00, 0x00, 0x08, 0x00, 0x00, 0x00, 0x08, 0x00, 0x00, 0x00, 0x0B, 0x00, 0x00, 0x00, 0x00, 0x00, 0x00, 0x00, 0x00, 0x00, 0x00, 0x03, 0xC0, 0x00, 0x00, 0x00, 0x09,
  0x00, 0x00, 0x00, 0x09, 0x00, 0x00, 0x00, 0x08, 0x00, 0x00, 0x00, 0x08, 0x00, 0x00, 0x00, 0x00, 0x00, 0x00, 0x00, 0x00, 0x00, 0x00, 0x20, 0x13, 0x00, 0x00, 0x00, 0x02, 0x00, 0x00, 0x00, 0x08, 0x00, 0x00, 0x00, 0x08, 0x00, 0x00, 0x00, 0x06,
  0x00, 0x00, 0x00, 0x00, 0x00, 0x00, 0x00, 0x00, 0x00, 0x00, 0x20, 0x14, 0x00, 0x00, 0x00, 0x02, 0x00, 0x00, 0x00, 0x08, 0x00, 0x00, 0x00, 0x08, 0x00, 0x00, 0x00, 0x06, 0x00, 0x00, 0x00, 0x00, 0x00, 0x00, 0x00, 0x00, 0x00, 0x00, 0x20, 0x18,
  0x00, 0x00, 0x00, 0x04, 0x00, 0x00, 0x00, 0x03, 0x00, 0x00, 0x00, 0x08, 0x00, 0x00, 0x00, 0x0B, 0x00, 0x00, 0x00, 0x03, 0x00, 0x00, 0x00, 0x00, 0x00, 0x00, 0x20, 0x19, 0x00, 0x00, 0x00, 0x04, 0x00, 0x00, 0x00, 0x03, 0x00, 0x00, 0x00, 0x08,
  0x00, 0x00, 0x00, 0x0B, 0x00, 0x00, 0x00, 0x03, 0x00, 0x00, 0x00, 0x00, 0x00, 0x00, 0x20, 0x1A, 0x00, 0x00, 0x00, 0x05, 0x00, 0x00, 0x00, 0x02, 0x00, 0x00, 0x00, 0x08, 0x00, 0x00, 0x00, 0x02, 0x00, 0x00, 0x00, 0x03, 0x00, 0x00, 0x00, 0x00,
  0x00, 0x00, 0x20, 0x1C, 0x00, 0x00, 0x00, 0x04, 0x00, 0x00, 0x00, 0x05, 0x00, 0x00, 0x00, 0x08, 0x00, 0x00, 0x00, 0x0B, 0x00, 0x00, 0x00, 0x02, 0x00, 0x00, 0x00, 0x00, 0x00, 0x00, 0x20, 0x1D, 0x00, 0x00, 0x00, 0x04, 0x00, 0x00, 0x00, 0x05,
  0x00, 0x00, 0x00, 0x08, 0x00, 0x00, 0x00, 0x0B, 0x00, 0x00, 0x00, 0x02, 0x00, 0x00, 0x00, 0x00, 0x00, 0x00, 0x20, 0x1E, 0x00, 0x00, 0x00, 0x05, 0x00, 0x00, 0x00, 0x04, 0x00, 0x00, 0x00, 0x08, 0x00, 0x00, 0x00, 0x02, 0x00, 0x00, 0x00, 0x02,
  0x00, 0x00, 0x00, 0x00, 0x00, 0x00, 0x20, 0x20, 0x00, 0x00, 0x00, 0x0A, 0x00, 0x00, 0x00, 0x08, 0x00, 0x00, 0x00, 0x08, 0x00, 0x00, 0x00, 0x0A, 0x00, 0x00, 0x00, 0x00, 0x00, 0x00, 0x00, 0x00, 0x00, 0x00, 0x20, 0x21, 0x00, 0x00, 0x00, 0x0D,
  0x00, 0x00, 0x00, 0x08, 0x00, 0x00, 0x00, 0x08, 0x00, 0x00, 0x00, 0x0A, 0x00, 0x00, 0x00, 0x00, 0x00, 0x00, 0x00, 0x00, 0x00, 0x00, 0x20, 0x22, 0x00, 0x00, 0x00, 0x04, 0x00, 0x00, 0x00, 0x04, 0x00, 0x00, 0x00, 0x08, 0x00, 0x00, 0x00, 0x07,
  0x00, 0x00, 0x00, 0x02, 0x00, 0x00, 0x00, 0x00, 0x00, 0x00, 0x20, 0x26, 0x00, 0x00, 0x00, 0x03, 0x00, 0x00, 0x00, 0x09, 0x00, 0x00, 0x00, 0x08, 0x00, 0x00, 0x00, 0x02, 0x00, 0x00, 0x00, 0x01, 0x00, 0x00, 0x00, 0x00, 0x00, 0x00, 0x20, 0x30,
  0x00, 0x00, 0x00, 0x0C, 0x00, 0x00, 0x00, 0x09, 0x00, 0x00, 0x00, 0x08, 0x00, 0x00, 0x00, 0x0B, 0x00, 0x00, 0x00, 0x00, 0x00, 0x00, 0x00, 0x00, 0x00, 0x00, 0x20, 0x39, 0x00, 0x00, 0x00, 0x06, 0x00, 0x00, 0x00, 0x04, 0x00, 0x00, 0x00, 0x08,
  0x00, 0x00, 0x00, 0x07, 0x00, 0x00, 0x00, 0x02, 0x00, 0x00, 0x00, 0x00, 0x00, 0x00, 0x20, 0x3A, 0x00, 0x00, 0x00, 0x06, 0x00, 0x00, 0x00, 0x04, 0x00, 0x00, 0x00, 0x08, 0x00, 0x00, 0x00, 0x07, 0x00, 0x00, 0x00, 0x02, 0x00, 0x00, 0x00, 0x00,
  0x00, 0x00, 0x20, 0x44, 0x00, 0x00, 0x00, 0x08, 0x00, 0x00, 0x00, 0x05, 0x00, 0x00, 0x00, 0x08, 0x00, 0x00, 0x00, 0x09, 0x00, 0x00, 0x00, 0x02, 0x00, 0x00, 0x00, 0x00, 0x00, 0x00, 0x20, 0xAC, 0x00, 0x00, 0x00, 0x0C, 0x00, 0x00, 0x00, 0x08,
  0x00, 0x00, 0x00, 0x08, 0x00, 0x00, 0x00, 0x0B, 0x00, 0x00, 0x00, 0x00, 0x00, 0x00, 0x00, 0x00, 0x00, 0x00, 0x21, 0x22, 0x00, 0x00, 0x00, 0x04, 0x00, 0x00, 0x00, 0x08, 0x00, 0x00, 0x00, 0x08, 0x00, 0x00, 0x00, 0x0A, 0x00, 0x00, 0x00, 0x00,
  0x00, 0x00, 0x00, 0x00, 0x00, 0x00, 0x22, 0x02, 0x00, 0x00, 0x00, 0x0C, 0x00, 0x00, 0x00, 0x08, 0x00, 0x00, 0x00, 0x08, 0x00, 0x00, 0x00, 0x0B, 0x00, 0x00, 0x00, 0x00, 0x00, 0x00, 0x00, 0x00, 0x00, 0x00, 0x22, 0x06, 0x00, 0x00, 0x00, 0x0A,
  0x00, 0x00, 0x00, 0x09, 0x00, 0x00, 0x00, 0x08, 0x00, 0x00, 0x00, 0x0A, 0x00, 0x00, 0x00, 0x00, 0x00, 0x00, 0x00, 0x00, 0x00, 0x00, 0x22, 0x0F, 0x00, 0x00, 0x00, 0x0C, 0x00, 0x00, 0x00, 0x07, 0x00, 0x00, 0x00, 0x08, 0x00, 0x00, 0x00, 0x0A,
  0x00, 0x00, 0x00, 0x01, 0x00, 0x00, 0x00, 0x00, 0x00, 0x00, 0x22, 0x11, 0x00, 0x00, 0x00, 0x0C, 0x00, 0x00, 0x00, 0x09, 0x00, 0x00, 0x00, 0x08, 0x00, 0x00, 0x00, 0x0A, 0x00, 0x00, 0x00, 0x00, 0x00, 0x00, 0x00, 0x00, 0x00, 0x00, 0x22, 0x1A,
  0x00, 0x00, 0x00, 0x0A, 0x00, 0x00, 0x00, 0x08, 0x00, 0x00, 0x00, 0x08, 0x00, 0x00, 0x00, 0x0A, 0x00, 0x00, 0x00, 0x00, 0x00, 0x00, 0x00, 0x00, 0x00, 0x00, 0x22, 0x1E, 0x00, 0x00, 0x00, 0x06, 0x00, 0x00, 0x00, 0x09, 0x00, 0x00, 0x00, 0x08,
  0x00, 0x00, 0x00, 0x07, 0x00, 0x00, 0x00, 0x00, 0x00, 0x00, 0x00, 0x00, 0x00, 0x00, 0x22, 0x2B, 0x00, 0x00, 0x00, 0x0E, 0x00, 0x00, 0x00, 0x06, 0x00, 0x00, 0x00, 0x08, 0x00, 0x00, 0x00, 0x0B, 0x00, 0x00, 0x00, 0x01, 0x00, 0x00, 0x00, 0x00,
  0x00, 0x00, 0x22, 0x48, 0x00, 0x00, 0x00, 0x06, 0x00, 0x00, 0x00, 0x08, 0x00, 0x00, 0x00, 0x08, 0x00, 0x00, 0x00, 0x07, 0x00, 0x00, 0x00, 0x00, 0x00, 0x00, 0x00, 0x00, 0x00, 0x00, 0x22, 0x60, 0x00, 0x00, 0x00, 0x07, 0x00, 0x00, 0x00, 0x07,
  0x00, 0x00, 0x00, 0x08, 0x00, 0x00, 0x00, 0x08, 0x00, 0x00, 0x00, 0x01, 0x00, 0x00, 0x00, 0x00, 0x00, 0x00, 0x22, 0x64, 0x00, 0x00, 0x00, 0x08, 0x00, 0x00, 0x00, 0x07, 0x00, 0x00, 0x00, 0x08, 0x00, 0x00, 0x00, 0x08, 0x00, 0x00, 0x00, 0x01,
  0x00, 0x00, 0x00, 0x00, 0x00, 0x00, 0x22, 0x65, 0x00, 0x00, 0x00, 0x09, 0x00, 0x00, 0x00, 0x07, 0x00, 0x00, 0x00, 0x08, 0x00, 0x00, 0x00, 0x09, 0x00, 0x00, 0x00, 0x01, 0x00, 0x00, 0x00, 0x00, 0x00, 0x00, 0x25, 0xCA, 0x00, 0x00, 0x00, 0x0A,
  0x00, 0x00, 0x00, 0x07, 0x00, 0x00, 0x00, 0x08, 0x00, 0x00, 0x00, 0x0A, 0x00, 0x00, 0x00, 0x01, 0x00, 0x00, 0x00, 0x00, 0x85, 0xAF, 0x8B, 0xB7, 0x8B, 0xB7, 0x8B, 0xB7, 0x8B, 0xB7, 0x8B, 0xB7, 0x6D, 0x8F, 0x00, 0x00, 0x25, 0x3B, 0x8E, 0xC4,
  0x00, 0x03, 0x49, 0x39, 0x0F, 0x73, 0x93, 0x6F, 0x1F, 0xDF, 0x93, 0x61, 0x1F, 0xD1, 0x73, 0x42, 0x18, 0x9A, 0x00, 0x00, 0x00, 0x9C, 0x4F, 0x00, 0xD2, 0x1A, 0x00, 0x00, 0x00, 0x00, 0xD5, 0x21, 0x0E, 0xE8, 0x00, 0x00, 0x01, 0x1B, 0x23, 0xF0,
  0x1C, 0x52, 0xC2, 0x1B, 0x01, 0x0D, 0xD7, 0xE4, 0xF2, 0xD7, 0xED, 0xE9, 0xD7, 0x0A, 0x00, 0x00, 0x6C, 0x8A, 0x00, 0xA4, 0x52, 0x00, 0x00, 0x00, 0x00, 0x9E, 0x59, 0x00, 0xD6, 0x21, 0x00, 0x00, 0x6C, 0xBB, 0xEE, 0xCB, 0xBB, 0xFD, 0xBC, 0x63,
  0x00, 0x1E, 0x3B, 0xF4, 0x34, 0x66, 0xC9, 0x33, 0x1B, 0x00, 0x00, 0x34, 0xC6, 0x00, 0x6C, 0x8E, 0x00, 0x00, 0x00, 0x00, 0x66, 0x94, 0x00, 0x9E, 0x5C, 0x00, 0x00, 0x00, 0x00, 0x00, 0x08, 0x89, 0x00, 0x00, 0x00, 0x00, 0x00, 0x11, 0xF4, 0x00,
  0x00, 0x00, 0x00, 0x77, 0xED, 0xFF, 0xE4, 0x4F, 0x00, 0x40, 0xF9, 0x49, 0x11, 0x80, 0xF2, 0x14, 0x78, 0xCA, 0x00, 0x00, 0x03, 0xF4, 0x4A, 0x54, 0xF3, 0x29, 0x00, 0x00, 0x18, 0x0A, 0x02, 0xAB, 0xF6, 0x9D, 0x33, 0x00, 0x00, 0x00, 0x00, 0x49,
  0xB0, 0xFC, 0x95, 0x00, 0x00, 0x00, 0x00, 0x00, 0x3E, 0xFB, 0x45, 0xC3, 0x6D, 0x00, 0x00, 0x00, 0xD9, 0x6B, 0x91, 0xD8, 0x21, 0x02, 0x54, 0xFC, 0x37, 0x0D, 0xAC, 0xFC, 0xFB, 0xEF, 0x6F, 0x00, 0x00, 0x00, 0x32, 0xDB, 0x02, 0x00, 0x00, 0x00,
  0x00, 0x12, 0x5B, 0x00, 0x00, 0x00, 0x00, 0x02, 0x08, 0x00, 0x00, 0x00, 0x00, 0x00, 0x00, 0x36, 0xD9, 0xD8, 0x6B, 0x00, 0x00, 0x00, 0x00, 0x00, 0xA3, 0x51, 0x0E, 0xE6, 0x00, 0x4A, 0x48, 0x00, 0x00, 0xAB, 0x47, 0x05, 0xED, 0x04, 0xD3, 0x23,
  0x00, 0x00, 0x53, 0xD0, 0xB5, 0x94, 0x69, 0x90, 0x00, 0x00, 0x00, 0x00, 0x24, 0x36, 0x0D, 0xDA, 0x14, 0x00, 0x00, 0x00, 0x00, 0x00, 0x00, 0x80, 0x79, 0x13, 0x2B, 0x01, 0x00, 0x00, 0x00, 0x18, 0xD8, 0x40, 0xD9, 0xB4, 0xA7, 0x00, 0x00, 0x00,
  0x98, 0x61, 0x8E, 0x66, 0x00, 0xE8, 0x0A, 0x00, 0x00, 0x7C, 0x02, 0x8A, 0x6A, 0x01, 0xE9, 0x09, 0x00, 0x00, 0x00, 0x00, 0x2B, 0xD8, 0xC7, 0x91, 0x00, 0x00, 0x00, 0x00, 0x00, 0x00, 0x05, 0x14, 0x00, 0x00, 0x00, 0x00, 0x00, 0x06, 0x06, 0x00,
  0x00, 0x00, 0x00, 0x00, 0x00, 0x96, 0xFA, 0xF7, 0x7A, 0x00, 0x00, 0x00, 0x00, 0x40, 0xFA, 0x29, 0x2B, 0xFD, 0x15, 0x00, 0x00, 0x00, 0x5E, 0xEA, 0x00, 0x1A, 0xFD, 0x18, 0x00, 0x00, 0x00, 0x1E, 0xFA, 0x66, 0xD1, 0x84, 0x00, 0x00, 0x00, 0x00,
  0x00, 0xA2, 0xFF, 0x7B, 0x00, 0x00, 0x00, 0x00, 0x00, 0x67, 0xF2, 0xCC, 0xB7, 0x01, 0x2B, 0x80, 0x00, 0x15, 0xF8, 0x53, 0x16, 0xE5, 0x7B, 0x6A, 0xB8, 0x00, 0x39, 0xFF, 0x09, 0x00, 0x3E, 0xF9, 0xE0, 0x63, 0x00, 0x10, 0xF3, 0x69, 0x00, 0x11,
  0xC9, 0xFD, 0x1D, 0x00, 0x00, 0x4D, 0xE5, 0xEF, 0xF5, 0xA0, 0xBB, 0xC2, 0x04, 0x00, 0x00, 0x00, 0x18, 0x0A, 0x00, 0x00, 0x00, 0x00, 0x4D, 0x3B, 0x9C, 0x73, 0x9E, 0x65, 0x7C, 0x45, 0x00, 0x00, 0x00, 0x0B, 0x00, 0x00, 0x00, 0x2F, 0xD1, 0x01,
  0x00, 0x0E, 0xDF, 0x39, 0x00, 0x00, 0x89, 0x9E, 0x00, 0x00, 0x06, 0xEF, 0x3A, 0x00, 0x00, 0x3E, 0xF3, 0x02, 0x00, 0x00, 0x70, 0xCA, 0x00, 0x00, 0x00, 0x86, 0xBA, 0x00, 0x00, 0x00, 0x85, 0xBA, 0x00, 0x00, 0x00, 0x6F, 0xCB, 0x00, 0x00, 0x00,
  0x3D, 0xF3, 0x02, 0x00, 0x00, 0x05, 0xED, 0x3A, 0x00, 0x00, 0x00, 0x89, 0x9E, 0x00, 0x00, 0x00, 0x0E, 0xDD, 0x36, 0x00, 0x00, 0x00, 0x2D, 0xCC, 0x01, 0x00, 0x00, 0x00, 0x0A, 0x00, 0x0B, 0x00, 0x00, 0x00, 0xA2, 0x5E, 0x00, 0x00, 0x13, 0xE1,
  0x35, 0x00, 0x00, 0x66, 0xC6, 0x00, 0x00, 0x0C, 0xF5, 0x34, 0x00, 0x00, 0xBB, 0x7C, 0x00, 0x00, 0x91, 0xAC, 0x00, 0x00, 0x7F, 0xC1, 0x00, 0x00, 0x7F, 0xC1, 0x00, 0x00, 0x91, 0xAB, 0x00, 0x00, 0xBA, 0x79, 0x00, 0x08, 0xF4, 0x31, 0x00, 0x5F,
  0xC5, 0x00, 0x10, 0xDC, 0x33, 0x00, 0xA2, 0x59, 0x00, 0x00, 0x0A, 0x00, 0x00, 0x00, 0x00, 0x00, 0x2E, 0xEC, 0x00, 0x00, 0x00, 0x04, 0x00, 0x22, 0xE7, 0x00, 0x00, 0x01, 0xB5, 0xAD, 0x56, 0xDA, 0x50, 0xBB, 0x72, 0x30, 0x74, 0xCD, 0xFF, 0xB6,
  0x71, 0x27, 0x00, 0x11, 0xDA, 0xB4, 0x99, 0x00, 0x00, 0x02, 0xB7, 0x99, 0x0D, 0xE6, 0x63, 0x00, 0x00, 0x68, 0x14, 0x00, 0x50, 0x40, 0x00, 0x00, 0x00, 0x00, 0x19, 0x36, 0x00, 0x00, 0x00, 0x00, 0x00, 0x00, 0x67, 0xDB, 0x00, 0x00, 0x00, 0x00,
  0x00, 0x00, 0x67, 0xDB, 0x00, 0x00, 0x00, 0x10, 0x57, 0x57, 0x9C, 0xE8, 0x57, 0x57, 0x38, 0x2C, 0xEB, 0xEB, 0xF4, 0xFD, 0xEB, 0xEB, 0x97, 0x00, 0x00, 0x00, 0x67, 0xDB, 0x00, 0x00, 0x00, 0x00, 0x00, 0x00, 0x67, 0xDB, 0x00, 0x00, 0x00, 0x00,
  0x00, 0x00, 0x67, 0xDB, 0x00, 0x00, 0x00, 0x00, 0x7D, 0x31, 0x00, 0xFC, 0x62, 0x15, 0xFF, 0x41, 0x64, 0xC3, 0x02, 0x07, 0x14, 0x00, 0x73, 0xDF, 0xDF, 0xDF, 0xDF, 0xA0, 0x16, 0x2B, 0x2B, 0x2B, 0x2B, 0x1F, 0x45, 0xBE, 0x25, 0x77, 0xFF, 0x46,
  0x01, 0x14, 0x00, 0x00, 0x00, 0x00, 0x00, 0x4B, 0xC7, 0x00, 0x00, 0x00, 0x00, 0xAF, 0x70, 0x00, 0x00, 0x00, 0x16, 0xF5, 0x15, 0x00, 0x00, 0x00, 0x74, 0xAC, 0x00, 0x00, 0x00, 0x00, 0xD6, 0x4A, 0x00, 0x00, 0x00, 0x38, 0xE5, 0x03, 0x00, 0x00,
  0x00, 0x9B, 0x86, 0x00, 0x00, 0x00, 0x0B, 0xF1, 0x25, 0x00, 0x00, 0x00, 0x60, 0xC2, 0x00, 0x00, 0x00, 0x00, 0xC2, 0x60, 0x00, 0x00, 0x00, 0x1A, 0xD4, 0x0B, 0x00, 0x00, 0x00, 0x00, 0x00, 0x00, 0x06, 0x10, 0x00, 0x00, 0x00, 0x00, 0x05, 0x9B,
  0xF9, 0xFA, 0xD4, 0x34, 0x00, 0x00, 0x73, 0xD6, 0x1B, 0x04, 0x82, 0xDC, 0x04, 0x00, 0xD5, 0x69, 0x00, 0x00, 0x04, 0xF4, 0x41, 0x00, 0xF7, 0x48, 0x00, 0x04, 0x89, 0xFF, 0x63, 0x03, 0xFF, 0x43, 0x19, 0xC2, 0xAE, 0xDE, 0x6F, 0x03, 0xFF, 0x84,
  0xE4, 0x73, 0x00, 0xD3, 0x6F, 0x00, 0xF8, 0xE5, 0x3C, 0x00, 0x00, 0xD8, 0x65, 0x00, 0xD8, 0x66, 0x00, 0x00, 0x03, 0xF4, 0x43, 0x00, 0x79, 0xD0, 0x13, 0x00, 0x75, 0xE0, 0x06, 0x00, 0x07, 0x9B, 0xF6, 0xF1, 0xDA, 0x33, 0x00, 0x00, 0x00, 0x00,
  0x07, 0x1B, 0x01, 0x00, 0x00, 0x00, 0x03, 0x4C, 0xAF, 0x46, 0x5A, 0xE6, 0xDB, 0xFD, 0x4B, 0x50, 0x3E, 0x00, 0xF7, 0x4B, 0x00, 0x00, 0x00, 0xF7, 0x4B, 0x00, 0x00, 0x00, 0xF7, 0x4B, 0x00, 0x00, 0x00, 0xF7, 0x4B, 0x00, 0x00, 0x00, 0xF7, 0x4B,
  0x00, 0x00, 0x00, 0xF7, 0x4B, 0x00, 0x00, 0x00, 0xF7, 0x4B, 0x00, 0x00, 0x00, 0xF7, 0x4B, 0x00, 0x00, 0x00, 0x09, 0x02, 0x00, 0x00, 0x00, 0x00, 0x38, 0xCF, 0xFA, 0xF6, 0x9D, 0x0A, 0x00, 0x13, 0xEC, 0x73, 0x05, 0x22, 0xDC, 0x87, 0x00, 0x53,
  0xE9, 0x00, 0x00, 0x00, 0x7D, 0xC9, 0x00, 0x00, 0x00, 0x00, 0x00, 0x00, 0x9C, 0xAA, 0x00, 0x00, 0x00, 0x00, 0x00, 0x32, 0xF6, 0x35, 0x00, 0x00, 0x00, 0x00, 0x1C, 0xE4, 0x73, 0x00, 0x00, 0x00, 0x00, 0x11, 0xD4, 0x90, 0x00, 0x00, 0x00, 0x00,
  0x08, 0xC3, 0xA3, 0x01, 0x00, 0x00, 0x00, 0x03, 0xAF, 0xBB, 0x0C, 0x07, 0x07, 0x07, 0x02, 0x3B, 0xFF, 0xFF, 0xFF, 0xFF, 0xFF, 0xFF, 0x4B, 0x00, 0x00, 0x00, 0x0A, 0x03, 0x00, 0x00, 0x00, 0x35, 0xCE, 0xFB, 0xF8, 0xA2, 0x09, 0x0B, 0xE8, 0x82,
  0x06, 0x1B, 0xD4, 0x81, 0x24, 0xA7, 0x09, 0x00, 0x00, 0x83, 0xBE, 0x00, 0x00, 0x00, 0x00, 0x00, 0xB6, 0x9B, 0x00, 0x00, 0x30, 0x97, 0xCB, 0xC3, 0x13, 0x00, 0x00, 0x24, 0x73, 0x9D, 0xE8, 0x46, 0x00, 0x00, 0x00, 0x00, 0x00, 0x84, 0xD4, 0x2E,
  0x99, 0x00, 0x00, 0x00, 0x5E, 0xE3, 0x19, 0xF6, 0x65, 0x00, 0x0D, 0xBF, 0x9F, 0x00, 0x4B, 0xE1, 0xF1, 0xF8, 0xB0, 0x11, 0x00, 0x00, 0x00, 0x17, 0x0A, 0x00, 0x00, 0x00, 0x00, 0x00, 0x00, 0x52, 0xF3, 0x4C, 0x00, 0x00, 0x00, 0x00, 0x11, 0xE5,
  0xFD, 0x4F, 0x00, 0x00, 0x00, 0x00, 0x9E, 0x97, 0xF3, 0x4F, 0x00, 0x00, 0x00, 0x44, 0xE3, 0x0E, 0xF3, 0x4F, 0x00, 0x00, 0x0A, 0xDE, 0x4E, 0x00, 0xF3, 0x4F, 0x00, 0x00, 0x8E, 0xA9, 0x00, 0x00, 0xF3, 0x4F, 0x00, 0x36, 0xFB, 0x6F, 0x57, 0x57,
  0xF8, 0x8C, 0x3D, 0x55, 0xAF, 0xAF, 0xAF, 0xAF, 0xFC, 0xC8, 0x7B, 0x00, 0x00, 0x00, 0x00, 0x00, 0xF3, 0x4F, 0x00, 0x00, 0x00, 0x00, 0x00, 0x00, 0xF3, 0x4F, 0x00, 0x00, 0xDD, 0xF3, 0xF3, 0xF3, 0xF3, 0x3C, 0x04, 0xFD, 0x66, 0x47, 0x47, 0x47,
  0x11, 0x1B, 0xFF, 0x12, 0x00, 0x00, 0x00, 0x00, 0x35, 0xF8, 0x4A, 0x74, 0x4D, 0x02, 0x00, 0x4E, 0xFF, 0xC6, 0xB2, 0xF3, 0xB8, 0x01, 0x05, 0x2B, 0x00, 0x00, 0x2B, 0xFA, 0x4A, 0x00, 0x00, 0x00, 0x00, 0x00, 0xC7, 0x7C, 0x65, 0x5A, 0x00, 0x00,
  0x00, 0xD1, 0x70, 0x5E, 0xE4, 0x22, 0x00, 0x50, 0xFC, 0x28, 0x00, 0x85, 0xF6, 0xEF, 0xEE, 0x5F, 0x00, 0x00, 0x00, 0x05, 0x19, 0x00, 0x00, 0x00, 0x00, 0x00, 0x09, 0x7E, 0xD0, 0xCC, 0x00, 0x00, 0x00, 0x06, 0xC5, 0xDC, 0x5C, 0x2B, 0x00, 0x00,
  0x00, 0x70, 0xE3, 0x0E, 0x00, 0x00, 0x00, 0x00, 0x00, 0xC7, 0x78, 0x58, 0x80, 0x4A, 0x00, 0x00, 0x00, 0xF2, 0xE6, 0xB4, 0x9C, 0xF4, 0x7C, 0x00, 0x04, 0xFF, 0x82, 0x00, 0x00, 0x54, 0xF6, 0x0D, 0x03, 0xFB, 0x46, 0x00, 0x00, 0x08, 0xFF, 0x34,
  0x00, 0xD7, 0x70, 0x00, 0x00, 0x17, 0xFF, 0x22, 0x00, 0x6E, 0xE2, 0x21, 0x04, 0x97, 0xCF, 0x01, 0x00, 0x03, 0x8E, 0xFA, 0xF7, 0xD1, 0x27, 0x00, 0x00, 0x00, 0x00, 0x0E, 0x1B, 0x00, 0x00, 0x00, 0x39, 0xF3, 0xF3, 0xF3, 0xF3, 0xF3, 0xF3, 0x76,
  0x09, 0x27, 0x27, 0x27, 0x27, 0x37, 0xF8, 0x2B, 0x00, 0x00, 0x00, 0x00, 0x00, 0x78, 0xB7, 0x00, 0x00, 0x00, 0x00, 0x00, 0x07, 0xE7, 0x45, 0x00, 0x00, 0x00, 0x00, 0x00, 0x66, 0xD2, 0x00, 0x00, 0x00, 0x00, 0x00, 0x02, 0xDA, 0x60, 0x00, 0x00,
  0x00, 0x00, 0x00, 0x54, 0xE8, 0x07, 0x00, 0x00, 0x00, 0x00, 0x00, 0xCA, 0x7C, 0x00, 0x00, 0x00, 0x00, 0x00, 0x42, 0xF6, 0x14, 0x00, 0x00, 0x00, 0x00, 0x00, 0xB8, 0x98, 0x00, 0x00, 0x00, 0x00, 0x00, 0x00, 0x01, 0x0C, 0x00, 0x00, 0x00, 0x00,
  0x7A, 0xF1, 0xFC, 0xDD, 0x49, 0x00, 0x49, 0xF8, 0x3C, 0x04, 0x74, 0xF3, 0x12, 0x84, 0xC2, 0x00, 0x00, 0x04, 0xFC, 0x41, 0x60, 0xE7, 0x0C, 0x00, 0x34, 0xFB, 0x1D, 0x03, 0xA2, 0xDE, 0xAE, 0xEE, 0x66, 0x00, 0x1F, 0xDC, 0xA3, 0x74, 0xC6, 0xAF,
  0x05, 0xA2, 0xAE, 0x00, 0x00, 0x08, 0xE6, 0x5E, 0xBD, 0x87, 0x00, 0x00, 0x00, 0xC6, 0x7D, 0x7D, 0xDD, 0x1D, 0x00, 0x42, 0xF9, 0x3C, 0x05, 0x98, 0xF9, 0xEE, 0xEE, 0x69, 0x00, 0x00, 0x00, 0x06, 0x19, 0x01, 0x00, 0x00, 0x00, 0x00, 0x08, 0x0C,
  0x00, 0x00, 0x00, 0x08, 0x99, 0xFB, 0xFE, 0xB4, 0x14, 0x00, 0x83, 0xD8, 0x22, 0x15, 0xC0, 0xB4, 0x00, 0xDD, 0x65, 0x00, 0x00, 0x36, 0xFE, 0x11, 0xF3, 0x4D, 0x00, 0x00, 0x07, 0xFE, 0x37, 0xCC, 0x89, 0x00, 0x00, 0x2E, 0xFF, 0x42, 0x52, 0xFA,
  0x8A, 0x78, 0xDC, 0xFF, 0x28, 0x00, 0x48, 0xA1, 0x93, 0x4C, 0xFE, 0x0C, 0x00, 0x00, 0x00, 0x00, 0x7F, 0xBF, 0x00, 0x00, 0x14, 0x36, 0x93, 0xF5, 0x32, 0x00, 0x00, 0x92, 0xEC, 0xB1, 0x33, 0x00, 0x00, 0x45, 0xBE, 0x25, 0x77, 0xFF, 0x46, 0x01,
  0x14, 0x00, 0x00, 0x00, 0x00, 0x00, 0x00, 0x00, 0x00, 0x00, 0x00, 0x45, 0xBE, 0x25, 0x77, 0xFF, 0x46, 0x01, 0x14, 0x00, 0x45, 0xBE, 0x25, 0x77, 0xFF, 0x46, 0x01, 0x14, 0x00, 0x00, 0x00, 0x00, 0x00, 0x00, 0x00, 0x00, 0x00, 0x00, 0x00, 0x7D,
  0x31, 0x00, 0xFC, 0x62, 0x15, 0xFF, 0x41, 0x64, 0xC3, 0x02, 0x07, 0x14, 0x00, 0x00, 0x00, 0x00, 0x00, 0x02, 0x49, 0x00, 0x00, 0x0A, 0x6A, 0xDB, 0xEA, 0x19, 0x85, 0xED, 0xCB, 0x66, 0x0D, 0xD6, 0xE2, 0x3E, 0x00, 0x00, 0x00, 0x36, 0xAA, 0xF2,
  0xA1, 0x3E, 0x00, 0x00, 0x00, 0x20, 0x8F, 0xF2, 0xD3, 0x00, 0x00, 0x00, 0x00, 0x0F, 0x6C, 0x5A, 0x6F, 0x6F, 0x6F, 0x6F, 0x6F, 0x1F, 0x8B, 0xAB, 0xAB, 0xAB, 0xAB, 0xAB, 0x30, 0x00, 0x00, 0x00, 0x00, 0x00, 0x00, 0x00, 0x7B, 0x97, 0x97, 0x97,
  0x97, 0x97, 0x2A, 0x67, 0x7F, 0x7F, 0x7F, 0x7F, 0x7F, 0x23, 0x45, 0x09, 0x00, 0x00, 0x00, 0x00, 0x00, 0xB7, 0xED, 0x89, 0x1F, 0x00, 0x00, 0x00, 0x01, 0x42, 0xA1, 0xF1, 0xAE, 0x41, 0x00, 0x00, 0x00, 0x00, 0x0E, 0xA2, 0xFF, 0x3E, 0x00, 0x24,
  0x84, 0xE3, 0xD0, 0x62, 0x07, 0xA0, 0xFB, 0xAC, 0x3E, 0x00, 0x00, 0x00, 0x61, 0x1E, 0x00, 0x00, 0x00, 0x00, 0x00, 0x00, 0x00, 0x02, 0x0C, 0x00, 0x00, 0x00, 0x05, 0x99, 0xF8, 0xFF, 0xDA, 0x44, 0x00, 0x74, 0xE1, 0x2C, 0x0F, 0x87, 0xEE, 0x06,
  0x3E, 0x3B, 0x00, 0x00, 0x20, 0xFF, 0x23, 0x00, 0x00, 0x00, 0x00, 0x66, 0xEC, 0x06, 0x00, 0x00, 0x00, 0x38, 0xF4, 0x5B, 0x00, 0x00, 0x00, 0x25, 0xF1, 0x6F, 0x00, 0x00, 0x00, 0x00, 0x75, 0xD4, 0x00, 0x00, 0x00, 0x00, 0x00, 0x19, 0x27, 0x00,
  0x00, 0x00, 0x00, 0x00, 0x24, 0x3E, 0x00, 0x00, 0x00, 0x00, 0x00, 0x8A, 0xCC, 0x00, 0x00, 0x00, 0x00, 0x00, 0x00, 0x04, 0x00, 0x00, 0x00, 0x00, 0x00, 0x45, 0xC6, 0xDB, 0xCA, 0x46, 0x00, 0x00, 0x46, 0xCA, 0x20, 0x00, 0x24, 0xCD, 0x2C, 0x02,
  0xD3, 0x18, 0x5C, 0xCF, 0x9A, 0x35, 0x9D, 0x3D, 0x9B, 0x22, 0xC3, 0x0B, 0xC4, 0x00, 0xBD, 0x72, 0x6C, 0x76, 0x5E, 0x00, 0xC3, 0x00, 0xBF, 0x81, 0x55, 0x9B, 0x3A, 0x0D, 0xB5, 0x00, 0xBB, 0x6C, 0x64, 0x8E, 0x72, 0x79, 0xB3, 0x3D, 0x8A, 0x39,
  0xAC, 0x28, 0xC0, 0x6E, 0x9D, 0xAC, 0x0D, 0x00, 0xC4, 0x67, 0x00, 0x00, 0x12, 0x00, 0x00, 0x00, 0x19, 0xAE, 0xE2, 0xD7, 0xBC, 0x00, 0x00, 0x00, 0x00, 0x00, 0x02, 0x08, 0x00, 0x00, 0x00, 0x00, 0x00, 0x00, 0x5E, 0xE8, 0x06, 0x00, 0x00, 0x00,
  0x00, 0x00, 0xB4, 0xFF, 0x49, 0x00, 0x00, 0x00, 0x00, 0x0E, 0xF8, 0xB1, 0x9A, 0x00, 0x00, 0x00, 0x00, 0x5A, 0xD4, 0x3F, 0xE9, 0x02, 0x00, 0x00, 0x00, 0xAD, 0x84, 0x04, 0xEE, 0x3C, 0x00, 0x00, 0x0A, 0xF5, 0x35, 0x00, 0xA4, 0x8E, 0x00, 0x00,
  0x52, 0xFF, 0xAD, 0xAB, 0xD1, 0xDF, 0x00, 0x00, 0xA5, 0xBA, 0x6B, 0x6B, 0x6D, 0xFA, 0x30, 0x06, 0xF1, 0x48, 0x00, 0x00, 0x00, 0xBB, 0x81, 0x4A, 0xF1, 0x06, 0x00, 0x00, 0x00, 0x6B, 0xD2, 0xCA, 0xF3, 0xF3, 0xE7, 0xB3, 0x32, 0x00, 0xD3, 0x85,
  0x1F, 0x2D, 0x91, 0xEF, 0x1B, 0xD3, 0x73, 0x00, 0x00, 0x01, 0xF3, 0x5A, 0xD3, 0x73, 0x00, 0x00, 0x38, 0xFE, 0x2D, 0xD3, 0xD6, 0xB3, 0xC0, 0xF6, 0x5E, 0x00, 0xD3, 0xA4, 0x57, 0x5E, 0xA9, 0xDC, 0x1A, 0xD3, 0x73, 0x00, 0x00, 0x00, 0xCB, 0x87,
  0xD3, 0x73, 0x00, 0x00, 0x00, 0xB7, 0x9B, 0xD3, 0x7E, 0x13, 0x1B, 0x6C, 0xFA, 0x3E, 0xD3, 0xFF, 0xFF, 0xF8, 0xCB, 0x4D, 0x00, 0x00, 0x00, 0x00, 0x01, 0x0B, 0x00, 0x00, 0x00, 0x00, 0x02, 0x8A, 0xF3, 0xFA, 0xD6, 0x45, 0x00, 0x00, 0x82, 0xD7,
  0x24, 0x04, 0x6C, 0xF5, 0x21, 0x05, 0xF1, 0x4C, 0x00, 0x00, 0x00, 0xCA, 0x7A, 0x30, 0xFF, 0x11, 0x00, 0x00, 0x00, 0x0F, 0x0F, 0x42, 0xFF, 0x00, 0x00, 0x00, 0x00, 0x00, 0x00, 0x43, 0xFF, 0x00, 0x00, 0x00, 0x00, 0x00, 0x00, 0x32, 0xFF, 0x10,
  0x00, 0x00, 0x00, 0x00, 0x00, 0x07, 0xF4, 0x49, 0x00, 0x00, 0x00, 0xC2, 0x7F, 0x00, 0x8B, 0xCF, 0x17, 0x00, 0x57, 0xF6, 0x25, 0x00, 0x05, 0x98, 0xF9, 0xF1, 0xE0, 0x4A, 0x00, 0x00, 0x00, 0x00, 0x08, 0x16, 0x00, 0x00, 0x00, 0xE4, 0xF3, 0xED,
  0xCA, 0x6D, 0x02, 0x00, 0xEF, 0x65, 0x1B, 0x4F, 0xDB, 0xAA, 0x00, 0xEF, 0x57, 0x00, 0x00, 0x1B, 0xF4, 0x4D, 0xEF, 0x57, 0x00, 0x00, 0x00, 0xA7, 0x9E, 0xEF, 0x57, 0x00, 0x00, 0x00, 0x84, 0xBD, 0xEF, 0x57, 0x00, 0x00, 0x00, 0x84, 0xBF, 0xEF,
  0x57, 0x00, 0x00, 0x00, 0xA5, 0xA3, 0xEF, 0x57, 0x00, 0x00, 0x14, 0xF1, 0x57, 0xEF, 0x5D, 0x0F, 0x41, 0xCE, 0xB9, 0x01, 0xEF, 0xFF, 0xF9, 0xD9, 0x7C, 0x06, 0x00, 0xB6, 0xF3, 0xF3, 0xF3, 0xF3, 0xF3, 0x48, 0xBF, 0x93, 0x1F, 0x1F, 0x1F, 0x1F,
  0x09, 0xBF, 0x83, 0x00, 0x00, 0x00, 0x00, 0x00, 0xBF, 0x83, 0x00, 0x00, 0x00, 0x00, 0x00, 0xBF, 0xD7, 0xAB, 0xAB, 0xAB, 0x73, 0x00, 0xBF, 0xB6, 0x67, 0x67, 0x67, 0x45, 0x00, 0xBF, 0x83, 0x00, 0x00, 0x00, 0x00, 0x00, 0xBF, 0x83, 0x00, 0x00,
  0x00, 0x00, 0x00, 0xBF, 0x8D, 0x13, 0x13, 0x13, 0x13, 0x07, 0xBF, 0xFF, 0xFF, 0xFF, 0xFF, 0xFF, 0x5B, 0xA7, 0xF3, 0xF3, 0xF3, 0xF3, 0xF3, 0x66, 0xAF, 0xA1, 0x1F, 0x1F, 0x1F, 0x1F, 0x0D, 0xAF, 0x93, 0x00, 0x00, 0x00, 0x00, 0x00, 0xAF, 0x93,
  0x00, 0x00, 0x00, 0x00, 0x00, 0xAF, 0xC6, 0x77, 0x77, 0x77, 0x58, 0x00, 0xAF, 0xD5, 0x9B, 0x9B, 0x9B, 0x72, 0x00, 0xAF, 0x93, 0x00, 0x00, 0x00, 0x00, 0x00, 0xAF, 0x93, 0x00, 0x00, 0x00, 0x00, 0x00, 0xAF, 0x93, 0x00, 0x00, 0x00, 0x00, 0x00,
  0xAF, 0x93, 0x00, 0x00, 0x00, 0x00, 0x00, 0x00, 0x00, 0x00, 0x01, 0x0B, 0x00, 0x00, 0x00, 0x00, 0x02, 0x8A, 0xF5, 0xFE, 0xD6, 0x46, 0x00, 0x00, 0x81, 0xDE, 0x31, 0x0A, 0x70, 0xF6, 0x26, 0x07, 0xF4, 0x4F, 0x00, 0x00, 0x00, 0xC3, 0x77, 0x38,
  0xFF, 0x0B, 0x00, 0x00, 0x00, 0x00, 0x00, 0x4D, 0xF5, 0x00, 0x00, 0x00, 0x00, 0x00, 0x00, 0x4E, 0xF5, 0x00, 0x00, 0x98, 0xF3, 0xF3, 0x95, 0x37, 0xFF, 0x0E, 0x00, 0x11, 0x1B, 0xA4, 0x9D, 0x06, 0xF0, 0x5A, 0x00, 0x00, 0x00, 0x9A, 0x9E, 0x00,
  0x78, 0xE6, 0x32, 0x00, 0x18, 0xCA, 0x92, 0x00, 0x01, 0x82, 0xF6, 0xF5, 0xF5, 0x97, 0x0B, 0x00, 0x00, 0x00, 0x04, 0x1B, 0x05, 0x00, 0x00, 0x07, 0xF3, 0x26, 0x00, 0x00, 0x00, 0xBA, 0x6A, 0x07, 0xFF, 0x27, 0x00, 0x00, 0x00, 0xC3, 0x6F, 0x07,
  0xFF, 0x27, 0x00, 0x00, 0x00, 0xC3, 0x6F, 0x07, 0xFF, 0x27, 0x00, 0x00, 0x00, 0xC3, 0x6F, 0x07, 0xFF, 0xB9, 0xAB, 0xAB, 0xAB, 0xEC, 0x6F, 0x07, 0xFF, 0x7F, 0x67, 0x67, 0x67, 0xDC, 0x6F, 0x07, 0xFF, 0x27, 0x00, 0x00, 0x00, 0xC3, 0x6F, 0x07,
  0xFF, 0x27, 0x00, 0x00, 0x00, 0xC3, 0x6F, 0x07, 0xFF, 0x27, 0x00, 0x00, 0x00, 0xC3, 0x6F, 0x07, 0xFF, 0x27, 0x00, 0x00, 0x00, 0xC3, 0x6F, 0xC6, 0xF3, 0xF3, 0xF3, 0xF3, 0xF3, 0x31, 0x1D, 0x23, 0x8E, 0xD6, 0x23, 0x23, 0x07, 0x00, 0x00, 0x7B,
  0xCF, 0x00, 0x00, 0x00, 0x00, 0x00, 0x7B, 0xCF, 0x00, 0x00, 0x00, 0x00, 0x00, 0x7B, 0xCF, 0x00, 0x00, 0x00, 0x00, 0x00, 0x7B, 0xCF, 0x00, 0x00, 0x00, 0x00, 0x00, 0x7B, 0xCF, 0x00, 0x00, 0x00, 0x00, 0x00, 0x7B, 0xCF, 0x00, 0x00, 0x00, 0x13,
  0x17, 0x88, 0xD4, 0x17, 0x17, 0x04, 0xCF, 0xFF, 0xFF, 0xFF, 0xFF, 0xFF, 0x33, 0x00, 0x00, 0x00, 0x00, 0x00, 0x22, 0xF3, 0x26, 0x00, 0x00, 0x00, 0x00, 0x00, 0x23, 0xFF, 0x27, 0x00, 0x00, 0x00, 0x00, 0x00, 0x23, 0xFF, 0x27, 0x00, 0x00, 0x00,
  0x00, 0x00, 0x23, 0xFF, 0x27, 0x00, 0x00, 0x00, 0x00, 0x00, 0x23, 0xFF, 0x27, 0x00, 0x00, 0x00, 0x00, 0x00, 0x23, 0xFF, 0x27, 0x00, 0x00, 0x00, 0x00, 0x00, 0x24, 0xFF, 0x27, 0x31, 0xDE, 0x0B, 0x00, 0x00, 0x40, 0xFD, 0x0D, 0x06, 0xDE, 0x95,
  0x08, 0x14, 0xC2, 0xB2, 0x00, 0x00, 0x2E, 0xD1, 0xFC, 0xFC, 0xB1, 0x14, 0x00, 0x00, 0x00, 0x00, 0x12, 0x0B, 0x00, 0x00, 0x00, 0xCA, 0x72, 0x00, 0x00, 0x1B, 0xE0, 0x7B, 0x00, 0xD3, 0x77, 0x00, 0x07, 0xC8, 0xB8, 0x02, 0x00, 0xD3, 0x77, 0x00,
  0x9B, 0xDC, 0x11, 0x00, 0x00, 0xD3, 0x77, 0x66, 0xF4, 0x2C, 0x00, 0x00, 0x00, 0xD3, 0xB1, 0xF9, 0x96, 0x00, 0x00, 0x00, 0x00, 0xD3, 0xFF, 0xB3, 0xF8, 0x29, 0x00, 0x00, 0x00, 0xD3, 0xA5, 0x00, 0xB1, 0xC8, 0x03, 0x00, 0x00, 0xD3, 0x77, 0x00,
  0x1B, 0xF0, 0x75, 0x00, 0x00, 0xD3, 0x77, 0x00, 0x00, 0x65, 0xF7, 0x28, 0x00, 0xD3, 0x77, 0x00, 0x00, 0x01, 0xBE, 0xC7, 0x02, 0x9C, 0x98, 0x00, 0x00, 0x00, 0x00, 0x00, 0xA3, 0x9F, 0x00, 0x00, 0x00, 0x00, 0x00, 0xA3, 0x9F, 0x00, 0x00, 0x00,
  0x00, 0x00, 0xA3, 0x9F, 0x00, 0x00, 0x00, 0x00, 0x00, 0xA3, 0x9F, 0x00, 0x00, 0x00, 0x00, 0x00, 0xA3, 0x9F, 0x00, 0x00, 0x00, 0x00, 0x00, 0xA3, 0x9F, 0x00, 0x00, 0x00, 0x00, 0x00, 0xA3, 0x9F, 0x00, 0x00, 0x00, 0x00, 0x00, 0xA3, 0xA7, 0x13,
  0x13, 0x13, 0x13, 0x09, 0xA3, 0xFF, 0xFF, 0xFF, 0xFF, 0xFF, 0x7B, 0xF0, 0xB2, 0x00, 0x00, 0x34, 0xF3, 0x7D, 0xFB, 0xFB, 0x12, 0x00, 0x8F, 0xFF, 0x83, 0xFB, 0xDB, 0x60, 0x02, 0xE6, 0xCB, 0x83, 0xFB, 0x8E, 0xB4, 0x43, 0xD4, 0xA5, 0x83, 0xFB,
  0x47, 0xF4, 0xAD, 0x7B, 0xAB, 0x83, 0xFB, 0x3B, 0xBB, 0xFF, 0x24, 0xB1, 0x83, 0xFB, 0x3F, 0x69, 0xCB, 0x00, 0xB3, 0x83, 0xFB, 0x3F, 0x0C, 0x23, 0x00, 0xB3, 0x83, 0xFB, 0x3F, 0x00, 0x00, 0x00, 0xB3, 0x83, 0xFB, 0x3F, 0x00, 0x00, 0x00, 0xB3,
  0x83, 0x03, 0xF3, 0x7C, 0x00, 0x00, 0x00, 0xD2, 0x66, 0x03, 0xFF, 0xF1, 0x13, 0x00, 0x00, 0xDD, 0x6B, 0x03, 0xFF, 0xF3, 0x89, 0x00, 0x00, 0xDD, 0x6B, 0x03, 0xFF, 0x82, 0xF6, 0x19, 0x00, 0xDE, 0x6B, 0x03, 0xFF, 0x45, 0xB7, 0x94, 0x00, 0xDE,
  0x6B, 0x03, 0xFF, 0x44, 0x33, 0xF8, 0x1F, 0xDF, 0x6B, 0x03, 0xFF, 0x43, 0x00, 0xAD, 0x9E, 0xDF, 0x6B, 0x03, 0xFF, 0x42, 0x00, 0x2B, 0xF9, 0xF4, 0x6B, 0x03, 0xFF, 0x41, 0x00, 0x00, 0xA3, 0xFF, 0x6B, 0x03, 0xFF, 0x40, 0x00, 0x00, 0x23, 0xFB,
  0x6B, 0x00, 0x00, 0x00, 0x02, 0x0A, 0x00, 0x00, 0x00, 0x00, 0x02, 0x8D, 0xF7, 0xFE, 0xC4, 0x25, 0x00, 0x00, 0x7D, 0xE0, 0x39, 0x19, 0xA0, 0xD9, 0x05, 0x03, 0xEC, 0x55, 0x00, 0x00, 0x07, 0xEA, 0x56, 0x2F, 0xFF, 0x10, 0x00, 0x00, 0x00, 0xAE,
  0x8F, 0x45, 0xF9, 0x00, 0x00, 0x00, 0x00, 0x99, 0xA5, 0x46, 0xF9, 0x00, 0x00, 0x00, 0x00, 0x99, 0xA5, 0x31, 0xFF, 0x0E, 0x00, 0x00, 0x00, 0xAC, 0x91, 0x04, 0xF0, 0x4F, 0x00, 0x00, 0x03, 0xE5, 0x5A, 0x00, 0x83, 0xDA, 0x2B, 0x0D, 0x90, 0xE0,
  0x07, 0x00, 0x04, 0x97, 0xFC, 0xFF, 0xD2, 0x2C, 0x00, 0x00, 0x00, 0x00, 0x08, 0x15, 0x00, 0x00, 0x00, 0xA7, 0xF3, 0xF3, 0xEF, 0xC7, 0x58, 0x00, 0xAF, 0x9C, 0x13, 0x19, 0x5A, 0xF4, 0x58, 0xAF, 0x93, 0x00, 0x00, 0x00, 0x8E, 0xC2, 0xAF, 0x93,
  0x00, 0x00, 0x00, 0x87, 0xC5, 0xAF, 0x97, 0x07, 0x0C, 0x4A, 0xEF, 0x64, 0xAF, 0xFF, 0xFF, 0xFC, 0xD9, 0x6A, 0x00, 0xAF, 0x93, 0x00, 0x00, 0x00, 0x00, 0x00, 0xAF, 0x93, 0x00, 0x00, 0x00, 0x00, 0x00, 0xAF, 0x93, 0x00, 0x00, 0x00, 0x00, 0x00,
  0xAF, 0x93, 0x00, 0x00, 0x00, 0x00, 0x00, 0x00, 0x00, 0x00, 0x02, 0x0A, 0x00, 0x00, 0x00, 0x00, 0x03, 0x8E, 0xF5, 0xFE, 0xC6, 0x29, 0x00, 0x00, 0x86, 0xDA, 0x36, 0x1A, 0x95, 0xE2, 0x0A, 0x09, 0xF4, 0x48, 0x00, 0x00, 0x02, 0xDD, 0x65, 0x3F,
  0xF9, 0x05, 0x00, 0x00, 0x00, 0x9C, 0xA3, 0x58, 0xE9, 0x00, 0x00, 0x00, 0x00, 0x83, 0xBC, 0x59, 0xE9, 0x00, 0x00, 0x00, 0x00, 0x82, 0xBC, 0x41, 0xF9, 0x04, 0x00, 0x00, 0x00, 0x9A, 0xA5, 0x0B, 0xF6, 0x42, 0x00, 0x00, 0x01, 0xD8, 0x6A, 0x00,
  0x8C, 0xD4, 0x27, 0x0C, 0x87, 0xE8, 0x0D, 0x00, 0x05, 0x9A, 0xFD, 0xFF, 0xFF, 0x82, 0x00, 0x00, 0x00, 0x00, 0x09, 0x1B, 0x57, 0xF6, 0x80, 0x00, 0x00, 0x00, 0x00, 0x00, 0x00, 0x38, 0x4E, 0xBA, 0xF3, 0xF3, 0xE5, 0xB1, 0x33, 0x00, 0xC3, 0x89,
  0x13, 0x23, 0x88, 0xF0, 0x20, 0xC3, 0x7F, 0x00, 0x00, 0x00, 0xD7, 0x77, 0xC3, 0x7F, 0x00, 0x00, 0x00, 0xD8, 0x74, 0xC3, 0x8B, 0x17, 0x26, 0x8E, 0xF0, 0x1D, 0xC3, 0xF7, 0xEF, 0xF8, 0xE3, 0x2D, 0x00, 0xC3, 0x7F, 0x00, 0x3F, 0xF8, 0x1B, 0x00,
  0xC3, 0x7F, 0x00, 0x00, 0xC4, 0x93, 0x00, 0xC3, 0x7F, 0x00, 0x00, 0x49, 0xF8, 0x1A, 0xC3, 0x7F, 0x00, 0x00, 0x00, 0xCD, 0x91, 0x00, 0x00, 0x00, 0x01, 0x0B, 0x00, 0x00, 0x00, 0x00, 0x05, 0x8F, 0xF3, 0xFF, 0xDA, 0x52, 0x00, 0x00, 0x93, 0xDB,
  0x2F, 0x08, 0x61, 0xFB, 0x3C, 0x00, 0xE0, 0x7B, 0x00, 0x00, 0x00, 0xAC, 0x8F, 0x00, 0xB3, 0xCC, 0x12, 0x00, 0x00, 0x00, 0x00, 0x00, 0x15, 0xC7, 0xF1, 0x9B, 0x3A, 0x00, 0x00, 0x00, 0x00, 0x01, 0x4E, 0xAD, 0xFA, 0xA7, 0x04, 0x00, 0x00, 0x00,
  0x00, 0x00, 0x26, 0xEB, 0x7C, 0x12, 0xDF, 0x32, 0x00, 0x00, 0x00, 0xA9, 0xB0, 0x00, 0xB8, 0xC6, 0x1F, 0x00, 0x37, 0xED, 0x71, 0x00, 0x10, 0x9C, 0xF9, 0xF8, 0xF1, 0x81, 0x01, 0x00, 0x00, 0x00, 0x04, 0x1A, 0x02, 0x00, 0x00, 0x76, 0xF3, 0xF3,
  0xF3, 0xF3, 0xF3, 0xF3, 0xDD, 0x0F, 0x1F, 0x1F, 0x7A, 0xD9, 0x1F, 0x1F, 0x1C, 0x00, 0x00, 0x00, 0x67, 0xD3, 0x00, 0x00, 0x00, 0x00, 0x00, 0x00, 0x67, 0xD3, 0x00, 0x00, 0x00, 0x00, 0x00, 0x00, 0x67, 0xD3, 0x00, 0x00, 0x00, 0x00, 0x00, 0x00,
  0x67, 0xD3, 0x00, 0x00, 0x00, 0x00, 0x00, 0x00, 0x67, 0xD3, 0x00, 0x00, 0x00, 0x00, 0x00, 0x00, 0x67, 0xD3, 0x00, 0x00, 0x00, 0x00, 0x00, 0x00, 0x67, 0xD3, 0x00, 0x00, 0x00, 0x00, 0x00, 0x00, 0x67, 0xD3, 0x00, 0x00, 0x00, 0x08, 0xF3, 0x29,
  0x00, 0x00, 0x00, 0xBF, 0x6A, 0x09, 0xFF, 0x2C, 0x00, 0x00, 0x00, 0xCA, 0x70, 0x09, 0xFF, 0x2C, 0x00, 0x00, 0x00, 0xCB, 0x70, 0x0A, 0xFF, 0x2D, 0x00, 0x00, 0x00, 0xCC, 0x71, 0x0A, 0xFF, 0x2D, 0x00, 0x00, 0x00, 0xCD, 0x71, 0x0B, 0xFF, 0x2E,
  0x00, 0x00, 0x00, 0xCE, 0x72, 0x0B, 0xFF, 0x30, 0x00, 0x00, 0x00, 0xD1, 0x72, 0x00, 0xEB, 0x54, 0x00, 0x00, 0x04, 0xEF, 0x50, 0x00, 0x8E, 0xD4, 0x20, 0x07, 0x8A, 0xE4, 0x0D, 0x00, 0x09, 0x9B, 0xFC, 0xFB, 0xD3, 0x30, 0x00, 0x00, 0x00, 0x00,
  0x0E, 0x1B, 0x00, 0x00, 0x00, 0x59, 0xE9, 0x06, 0x00, 0x00, 0x00, 0x98, 0xB0, 0x13, 0xFC, 0x44, 0x00, 0x00, 0x01, 0xE8, 0x6A, 0x00, 0xBE, 0x90, 0x00, 0x00, 0x35, 0xFE, 0x1B, 0x00, 0x6D, 0xDB, 0x00, 0x00, 0x80, 0xC8, 0x00, 0x00, 0x1D, 0xFF,
  0x26, 0x00, 0xCC, 0x77, 0x00, 0x00, 0x00, 0xCB, 0x71, 0x19, 0xFE, 0x27, 0x00, 0x00, 0x00, 0x7B, 0xBD, 0x63, 0xD6, 0x00, 0x00, 0x00, 0x00, 0x2A, 0xFA, 0xBD, 0x85, 0x00, 0x00, 0x00, 0x00, 0x00, 0xD9, 0xFF, 0x34, 0x00, 0x00, 0x00, 0x00, 0x00,
  0x88, 0xE3, 0x00, 0x00, 0x00, 0x6C, 0xB7, 0x00, 0x55, 0xE2, 0x00, 0x27, 0xF2, 0x06, 0x53, 0xDA, 0x00, 0x85, 0xFF, 0x18, 0x43, 0xE6, 0x00, 0x34, 0xF5, 0x00, 0xB2, 0xF4, 0x45, 0x5E, 0xC7, 0x00, 0x15, 0xFF, 0x10, 0xDF, 0xA5, 0x72, 0x79, 0xA8,
  0x00, 0x00, 0xF5, 0x38, 0xF1, 0x5C, 0x9F, 0x94, 0x89, 0x00, 0x00, 0xD7, 0x7E, 0xC7, 0x30, 0xCC, 0xAF, 0x6A, 0x00, 0x00, 0xB8, 0xC7, 0x9B, 0x08, 0xF3, 0xCC, 0x4B, 0x00, 0x00, 0x99, 0xFC, 0x70, 0x00, 0xD9, 0xFC, 0x2C, 0x00, 0x00, 0x7A, 0xFF,
  0x44, 0x00, 0xAD, 0xFF, 0x0E, 0x00, 0x00, 0x5B, 0xFF, 0x19, 0x00, 0x81, 0xEE, 0x00, 0x00, 0x17, 0xE8, 0x64, 0x00, 0x00, 0x02, 0xCA, 0x98, 0x00, 0x7A, 0xE5, 0x0A, 0x00, 0x61, 0xF3, 0x1A, 0x00, 0x07, 0xDD, 0x7A, 0x0A, 0xE4, 0x77, 0x00, 0x00,
  0x00, 0x4E, 0xF1, 0x8F, 0xDB, 0x06, 0x00, 0x00, 0x00, 0x00, 0xB8, 0xFF, 0x4C, 0x00, 0x00, 0x00, 0x00, 0x00, 0xBD, 0xFF, 0x51, 0x00, 0x00, 0x00, 0x00, 0x55, 0xF1, 0x85, 0xDF, 0x09, 0x00, 0x00, 0x0A, 0xE2, 0x79, 0x05, 0xDC, 0x80, 0x00, 0x00,
  0x84, 0xE3, 0x09, 0x00, 0x54, 0xF7, 0x21, 0x23, 0xF8, 0x5E, 0x00, 0x00, 0x00, 0xC6, 0xAF, 0x53, 0xEE, 0x17, 0x00, 0x00, 0x00, 0xC8, 0x8F, 0x02, 0xD8, 0x83, 0x00, 0x00, 0x44, 0xFA, 0x20, 0x00, 0x5C, 0xED, 0x0A, 0x00, 0xB8, 0x9B, 0x00, 0x00,
  0x03, 0xDA, 0x6B, 0x2D, 0xFA, 0x21, 0x00, 0x00, 0x00, 0x5E, 0xDD, 0xA3, 0x9D, 0x00, 0x00, 0x00, 0x00, 0x03, 0xDB, 0xFB, 0x23, 0x00, 0x00, 0x00, 0x00, 0x00, 0x81, 0xC0, 0x00, 0x00, 0x00, 0x00, 0x00, 0x00, 0x7B, 0xB8, 0x00, 0x00, 0x00, 0x00,
  0x00, 0x00, 0x7A, 0xB6, 0x00, 0x00, 0x00, 0x00, 0x00, 0x00, 0x78, 0xB4, 0x00, 0x00, 0x00, 0x1E, 0xF3, 0xF3, 0xF3, 0xF3, 0xF3, 0xF3, 0x2B, 0x03, 0x1F, 0x1F, 0x1F, 0x1F, 0x99, 0xDA, 0x07, 0x00, 0x00, 0x00, 0x00, 0x28, 0xF8, 0x41, 0x00, 0x00,
  0x00, 0x00, 0x01, 0xC0, 0x9F, 0x00, 0x00, 0x00, 0x00, 0x00, 0x62, 0xEB, 0x13, 0x00, 0x00, 0x00, 0x00, 0x15, 0xED, 0x5D, 0x00, 0x00, 0x00, 0x00, 0x00, 0xA4, 0xBD, 0x00, 0x00, 0x00, 0x00, 0x00, 0x44, 0xF7, 0x25, 0x00, 0x00, 0x00, 0x00, 0x08,
  0xDC, 0x8B, 0x13, 0x13, 0x13, 0x13, 0x07, 0x36, 0xFF, 0xFF, 0xFF, 0xFF, 0xFF, 0xFF, 0x5F, 0x08, 0x5F, 0x5F, 0x3B, 0x17, 0xFF, 0xB1, 0x68, 0x17, 0xFF, 0x1B, 0x00, 0x17, 0xFF, 0x1B, 0x00, 0x17, 0xFF, 0x1B, 0x00, 0x17, 0xFF, 0x1B, 0x00, 0x17,
  0xFF, 0x1B, 0x00, 0x17, 0xFF, 0x1B, 0x00, 0x17, 0xFF, 0x1B, 0x00, 0x17, 0xFF, 0x1B, 0x00, 0x17, 0xFF, 0x1B, 0x00, 0x17, 0xFF, 0x1B, 0x00, 0x17, 0xFF, 0x1B, 0x00, 0x17, 0xFF, 0xEA, 0x90, 0x03, 0x23, 0x23, 0x16, 0x3A, 0xD9, 0x02, 0x00, 0x00,
  0x00, 0x01, 0xDC, 0x46, 0x00, 0x00, 0x00, 0x00, 0x7A, 0xA8, 0x00, 0x00, 0x00, 0x00, 0x1B, 0xF5, 0x12, 0x00, 0x00, 0x00, 0x00, 0xB5, 0x6D, 0x00, 0x00, 0x00, 0x00, 0x53, 0xD0, 0x00, 0x00, 0x00, 0x00, 0x06, 0xEB, 0x32, 0x00, 0x00, 0x00, 0x00,
  0x8E, 0x94, 0x00, 0x00, 0x00, 0x00, 0x2C, 0xEE, 0x08, 0x00, 0x00, 0x00, 0x00, 0xC9, 0x59, 0x00, 0x00, 0x00, 0x00, 0x5E, 0x9B, 0x16, 0x5F, 0x5F, 0x2E, 0x27, 0xA7, 0xE7, 0x7B, 0x00, 0x00, 0xB7, 0x7B, 0x00, 0x00, 0xB7, 0x7B, 0x00, 0x00, 0xB7,
  0x7B, 0x00, 0x00, 0xB7, 0x7B, 0x00, 0x00, 0xB7, 0x7B, 0x00, 0x00, 0xB7, 0x7B, 0x00, 0x00, 0xB7, 0x7B, 0x00, 0x00, 0xB7, 0x7B, 0x00, 0x00, 0xB7, 0x7B, 0x00, 0x00, 0xB7, 0x7B, 0x00, 0x00, 0xB7, 0x7B, 0x36, 0xE7, 0xF9, 0x7B, 0x08, 0x23, 0x23,
  0x11, 0x00, 0x00, 0x69, 0xCB, 0x00, 0x00, 0x00, 0x00, 0xD4, 0xF6, 0x3A, 0x00, 0x00, 0x3E, 0xE5, 0x89, 0xA3, 0x00, 0x00, 0xA7, 0x81, 0x20, 0xF6, 0x13, 0x16, 0xF6, 0x1D, 0x00, 0xB6, 0x73, 0x21, 0x4F, 0x00, 0x00, 0x29, 0x46, 0xEF, 0xFF, 0xFF,
  0xFF, 0xFF, 0xFF, 0x53, 0x07, 0x07, 0x07, 0x07, 0x07, 0x07, 0x02, 0x03, 0x1F, 0x0C, 0x00, 0x00, 0x92, 0xC3, 0x02, 0x00, 0x01, 0x89, 0x3A, 0x00, 0x22, 0x6D, 0x7B, 0x45, 0x00, 0x00, 0x48, 0xF2, 0x99, 0x8D, 0xE9, 0x95, 0x00, 0x75, 0x61, 0x00,
  0x00, 0x46, 0xFA, 0x08, 0x00, 0x1C, 0x5F, 0x78, 0x90, 0xFF, 0x1B, 0x5A, 0xEF, 0x94, 0x6E, 0x7F, 0xFF, 0x1B, 0xD6, 0x6A, 0x00, 0x00, 0x28, 0xFF, 0x1B, 0xD1, 0xA2, 0x08, 0x18, 0xAA, 0xFF, 0x1F, 0x3A, 0xE3, 0xFE, 0xF5, 0x8B, 0xFF, 0x44, 0x00,
  0x01, 0x1A, 0x08, 0x00, 0x00, 0x00, 0x65, 0x3B, 0x00, 0x00, 0x00, 0x00, 0x00, 0xCB, 0x77, 0x00, 0x00, 0x00, 0x00, 0x00, 0xCB, 0x77, 0x00, 0x00, 0x00, 0x00, 0x00, 0xCB, 0x79, 0x52, 0x7F, 0x54, 0x03, 0x00, 0xCB, 0xEC, 0xB5, 0x98, 0xEE, 0xA1,
  0x00, 0xCB, 0x9E, 0x00, 0x00, 0x39, 0xFF, 0x2A, 0xCB, 0x77, 0x00, 0x00, 0x00, 0xE2, 0x62, 0xCB, 0x77, 0x00, 0x00, 0x00, 0xD4, 0x6F, 0xCB, 0x78, 0x00, 0x00, 0x07, 0xF3, 0x52, 0xCB, 0xD5, 0x1D, 0x03, 0x89, 0xEF, 0x0F, 0xCB, 0xA9, 0xE7, 0xF9,
  0xED, 0x49, 0x00, 0x00, 0x00, 0x04, 0x1C, 0x06, 0x00, 0x00, 0x00, 0x00, 0x11, 0x6A, 0x7C, 0x47, 0x00, 0x00, 0x00, 0x21, 0xDF, 0xC0, 0x8F, 0xDF, 0xA8, 0x00, 0x00, 0xA8, 0xAF, 0x00, 0x00, 0x18, 0xF8, 0x32, 0x00, 0xEB, 0x54, 0x00, 0x00, 0x00,
  0x1F, 0x0B, 0x01, 0xFC, 0x44, 0x00, 0x00, 0x00, 0x00, 0x00, 0x00, 0xDC, 0x6B, 0x00, 0x00, 0x00, 0x4B, 0x19, 0x00, 0x75, 0xDE, 0x22, 0x00, 0x52, 0xF5, 0x1C, 0x00, 0x03, 0x8B, 0xFA, 0xF0, 0xDF, 0x47, 0x00, 0x00, 0x00, 0x00, 0x0B, 0x18, 0x00,
  0x00, 0x00, 0x00, 0x00, 0x00, 0x00, 0x00, 0x09, 0x7F, 0x17, 0x00, 0x00, 0x00, 0x00, 0x00, 0x13, 0xFF, 0x2F, 0x00, 0x00, 0x00, 0x00, 0x00, 0x13, 0xFF, 0x2F, 0x00, 0x00, 0x22, 0x79, 0x6A, 0x29, 0xFF, 0x2F, 0x00, 0x32, 0xEF, 0xC0, 0x99, 0xDB,
  0xFF, 0x2F, 0x00, 0xB8, 0xA9, 0x00, 0x00, 0x3A, 0xFF, 0x2F, 0x00, 0xF2, 0x4D, 0x00, 0x00, 0x13, 0xFF, 0x2F, 0x05, 0xFE, 0x3D, 0x00, 0x00, 0x13, 0xFF, 0x2F, 0x00, 0xE4, 0x64, 0x00, 0x00, 0x13, 0xFF, 0x2F, 0x00, 0x87, 0xDB, 0x24, 0x02, 0x85,
  0xFF, 0x2F, 0x00, 0x0B, 0xAD, 0xFF, 0xF6, 0x97, 0xFE, 0x2F, 0x00, 0x00, 0x00, 0x16, 0x09, 0x00, 0x00, 0x00, 0x00, 0x00, 0x0A, 0x66, 0x80, 0x4A, 0x00, 0x00, 0x00, 0x1B, 0xDA, 0xBA, 0x90, 0xE5, 0x94, 0x00, 0x00, 0xAB, 0xA7, 0x00, 0x00, 0x20,
  0xF9, 0x2A, 0x04, 0xFA, 0x93, 0x5F, 0x5F, 0x5F, 0xE6, 0x61, 0x0F, 0xFF, 0xBA, 0xA7, 0xA7, 0xA7, 0xA7, 0x4E, 0x00, 0xE9, 0x63, 0x00, 0x00, 0x00, 0x00, 0x00, 0x00, 0x7F, 0xE3, 0x30, 0x00, 0x1C, 0xAD, 0x20, 0x00, 0x05, 0x87, 0xF8, 0xED, 0xF1,
  0x85, 0x01, 0x00, 0x00, 0x00, 0x09, 0x1D, 0x06, 0x00, 0x00, 0x00, 0x00, 0x03, 0x6D, 0xB8, 0xC1, 0x6D, 0x00, 0x00, 0x7D, 0xE8, 0x66, 0x52, 0x47, 0x00, 0x00, 0xD3, 0x73, 0x00, 0x00, 0x00, 0x5F, 0x63, 0xF3, 0x99, 0x63, 0x63, 0x14, 0x8D, 0x93,
  0xF7, 0xB9, 0x93, 0x93, 0x1E, 0x00, 0x00, 0xEB, 0x57, 0x00, 0x00, 0x00, 0x00, 0x00, 0xEB, 0x57, 0x00, 0x00, 0x00, 0x00, 0x00, 0xEB, 0x57, 0x00, 0x00, 0x00, 0x00, 0x00, 0xEB, 0x57, 0x00, 0x00, 0x00, 0x00, 0x00, 0xEB, 0x57, 0x00, 0x00, 0x00,
  0x00, 0x00, 0xEB, 0x57, 0x00, 0x00, 0x00, 0x00, 0x00, 0x23, 0x7A, 0x70, 0x18, 0x60, 0x14, 0x00, 0x33, 0xF0, 0xC0, 0x99, 0xD6, 0xFF, 0x33, 0x00, 0xB8, 0xA9, 0x00, 0x00, 0x31, 0xFF, 0x33, 0x00, 0xF2, 0x4D, 0x00, 0x00, 0x0F, 0xFF, 0x33, 0x05,
  0xFE, 0x3D, 0x00, 0x00, 0x0F, 0xFF, 0x33, 0x00, 0xE4, 0x64, 0x00, 0x00, 0x10, 0xFF, 0x33, 0x00, 0x87, 0xDB, 0x24, 0x03, 0x7E, 0xFF, 0x33, 0x00, 0x0B, 0xAF, 0xFF, 0xF8, 0xAD, 0xFF, 0x33, 0x00, 0x02, 0x01, 0x16, 0x11, 0x2C, 0xFF, 0x15, 0x00,
  0x6F, 0xA6, 0x31, 0x37, 0xC0, 0xB9, 0x00, 0x00, 0x0D, 0x87, 0xD6, 0xD6, 0x94, 0x12, 0x00, 0x67, 0x39, 0x00, 0x00, 0x00, 0x00, 0x00, 0xCF, 0x73, 0x00, 0x00, 0x00, 0x00, 0x00, 0xCF, 0x73, 0x00, 0x00, 0x00, 0x00, 0x00, 0xCF, 0x73, 0x35, 0x7C,
  0x64, 0x0A, 0x00, 0xCF, 0xCA, 0xBF, 0x96, 0xE0, 0xC7, 0x01, 0xCF, 0x9E, 0x00, 0x00, 0x25, 0xFF, 0x2C, 0xCF, 0x73, 0x00, 0x00, 0x00, 0xF9, 0x49, 0xCF, 0x73, 0x00, 0x00, 0x00, 0xF7, 0x4B, 0xCF, 0x73, 0x00, 0x00, 0x00, 0xF7, 0x4B, 0xCF, 0x73,
  0x00, 0x00, 0x00, 0xF7, 0x4B, 0xCF, 0x73, 0x00, 0x00, 0x00, 0xF7, 0x4B, 0x00, 0x00, 0x00, 0x09, 0x00, 0x00, 0x00, 0x00, 0x00, 0x2D, 0xFC, 0x28, 0x00, 0x00, 0x00, 0x00, 0x05, 0x49, 0x04, 0x00, 0x00, 0x3C, 0x63, 0x63, 0x63, 0x11, 0x00, 0x00,
  0x6D, 0xB3, 0xBB, 0xFF, 0x2B, 0x00, 0x00, 0x00, 0x00, 0x17, 0xFF, 0x2B, 0x00, 0x00, 0x00, 0x00, 0x17, 0xFF, 0x2B, 0x00, 0x00, 0x00, 0x00, 0x17, 0xFF, 0x2B, 0x00, 0x00, 0x00, 0x00, 0x17, 0xFF, 0x2B, 0x00, 0x00, 0x0E, 0x17, 0x2D, 0xFF, 0x3F,
  0x17, 0x0D, 0x9B, 0xFF, 0xFF, 0xFF, 0xFF, 0xFF, 0x93, 0x00, 0x00, 0x00, 0x00, 0x03, 0x00, 0x00, 0x00, 0x8C, 0xBA, 0x00, 0x00, 0x00, 0x21, 0x31, 0x00, 0x5F, 0x63, 0x63, 0x4E, 0x00, 0xAB, 0xB3, 0xD8, 0xC7, 0x00, 0x00, 0x00, 0x7B, 0xC7, 0x00,
  0x00, 0x00, 0x7B, 0xC7, 0x00, 0x00, 0x00, 0x7B, 0xC7, 0x00, 0x00, 0x00, 0x7B, 0xC7, 0x00, 0x00, 0x00, 0x7B, 0xC7, 0x00, 0x00, 0x00, 0x7B, 0xC7, 0x00, 0x00, 0x00, 0x8E, 0xB4, 0x10, 0x17, 0x3C, 0xE8, 0x70, 0x7C, 0xF9, 0xE3, 0x8A, 0x04, 0x65,
  0x3B, 0x00, 0x00, 0x00, 0x00, 0x00, 0xCB, 0x77, 0x00, 0x00, 0x00, 0x00, 0x00, 0xCB, 0x77, 0x00, 0x00, 0x00, 0x00, 0x00, 0xCB, 0x77, 0x00, 0x00, 0x2E, 0x62, 0x09, 0xCB, 0x77, 0x00, 0x38, 0xF0, 0x66, 0x00, 0xCB, 0x77, 0x39, 0xF1, 0x6D, 0x00,
  0x00, 0xCB, 0xA9, 0xF1, 0x88, 0x00, 0x00, 0x00, 0xCB, 0xFF, 0xD0, 0xDA, 0x0F, 0x00, 0x00, 0xCB, 0x91, 0x09, 0xCF, 0xB5, 0x02, 0x00, 0xCB, 0x77, 0x00, 0x21, 0xED, 0x84, 0x00, 0xCB, 0x77, 0x00, 0x00, 0x47, 0xFC, 0x52, 0x4D, 0x7F, 0x7F, 0x7F,
  0x15, 0x00, 0x00, 0x5C, 0x97, 0xA1, 0xFF, 0x2B, 0x00, 0x00, 0x00, 0x00, 0x17, 0xFF, 0x2B, 0x00, 0x00, 0x00, 0x00, 0x17, 0xFF, 0x2B, 0x00, 0x00, 0x00, 0x00, 0x17, 0xFF, 0x2B, 0x00, 0x00, 0x00, 0x00, 0x17, 0xFF, 0x2B, 0x00, 0x00, 0x00, 0x00,
  0x17, 0xFF, 0x2B, 0x00, 0x00, 0x00, 0x00, 0x17, 0xFF, 0x2B, 0x00, 0x00, 0x00, 0x00, 0x17, 0xFF, 0x2B, 0x00, 0x00, 0x0E, 0x17, 0x2D, 0xFF, 0x3F, 0x17, 0x0D, 0x9B, 0xFF, 0xFF, 0xFF, 0xFF, 0xFF, 0x93, 0x23, 0x4D, 0x48, 0x7C, 0x1F, 0x65, 0x74,
  0x0E, 0x5B, 0xF2, 0x9C, 0xD8, 0xF2, 0x9E, 0xDD, 0x95, 0x5B, 0xD8, 0x00, 0x68, 0xD3, 0x00, 0x70, 0xC4, 0x5B, 0xD7, 0x00, 0x63, 0xCF, 0x00, 0x6B, 0xC7, 0x5B, 0xD7, 0x00, 0x63, 0xCF, 0x00, 0x6B, 0xC7, 0x5B, 0xD7, 0x00, 0x63, 0xCF, 0x00, 0x6B,
  0xC7, 0x5B, 0xD7, 0x00, 0x63, 0xCF, 0x00, 0x6B, 0xC7, 0x5B, 0xD7, 0x00, 0x63, 0xCF, 0x00, 0x6B, 0xC7, 0x51, 0x22, 0x36, 0x7C, 0x63, 0x09, 0x00, 0xCF, 0xC2, 0xBF, 0x95, 0xDE, 0xC5, 0x01, 0xCF, 0xA1, 0x00, 0x00, 0x26, 0xFF, 0x29, 0xCF, 0x73,
  0x00, 0x00, 0x00, 0xFD, 0x46, 0xCF, 0x73, 0x00, 0x00, 0x00, 0xFB, 0x47, 0xCF, 0x73, 0x00, 0x00, 0x00, 0xFB, 0x47, 0xCF, 0x73, 0x00, 0x00, 0x00, 0xFB, 0x47, 0xCF, 0x73, 0x00, 0x00, 0x00, 0xFB, 0x47, 0x00, 0x00, 0x18, 0x70, 0x7F, 0x3D, 0x00,
  0x00, 0x00, 0x34, 0xEB, 0xB4, 0x96, 0xED, 0x86, 0x00, 0x00, 0xC9, 0x94, 0x00, 0x00, 0x32, 0xFD, 0x2F, 0x0E, 0xFF, 0x30, 0x00, 0x00, 0x00, 0xCF, 0x71, 0x23, 0xFF, 0x1E, 0x00, 0x00, 0x00, 0xBB, 0x87, 0x04, 0xF9, 0x48, 0x00, 0x00, 0x02, 0xE4,
  0x62, 0x00, 0x95, 0xCD, 0x17, 0x03, 0x7B, 0xEB, 0x0F, 0x00, 0x0B, 0xA1, 0xFB, 0xF5, 0xDB, 0x36, 0x00, 0x00, 0x00, 0x00, 0x0F, 0x1B, 0x01, 0x00, 0x00, 0x51, 0x26, 0x55, 0x80, 0x53, 0x00, 0x00, 0xCF, 0xE9, 0xAE, 0xA4, 0xF6, 0x8F, 0x00, 0xCF,
  0x8F, 0x00, 0x00, 0x4A, 0xFC, 0x20, 0xCF, 0x73, 0x00, 0x00, 0x00, 0xEC, 0x55, 0xCF, 0x73, 0x00, 0x00, 0x00, 0xDA, 0x68, 0xCF, 0x73, 0x00, 0x00, 0x0B, 0xF7, 0x47, 0xCF, 0xBD, 0x0E, 0x05, 0x90, 0xE7, 0x07, 0xCF, 0xBE, 0xE6, 0xF6, 0xEA, 0x3E,
  0x00, 0xCF, 0x73, 0x05, 0x1D, 0x05, 0x00, 0x00, 0xCF, 0x73, 0x00, 0x00, 0x00, 0x00, 0x00, 0xAF, 0x61, 0x00, 0x00, 0x00, 0x00, 0x00, 0x00, 0x00, 0x23, 0x79, 0x75, 0x1C, 0x62, 0x12, 0x00, 0x35, 0xF1, 0xBA, 0x8E, 0xD7, 0xFF, 0x2F, 0x00, 0xB9,
  0xAD, 0x00, 0x00, 0x29, 0xFF, 0x2F, 0x00, 0xF2, 0x50, 0x00, 0x00, 0x13, 0xFF, 0x2F, 0x05, 0xFE, 0x3E, 0x00, 0x00, 0x13, 0xFF, 0x2F, 0x00, 0xE4, 0x66, 0x00, 0x00, 0x13, 0xFF, 0x2F, 0x00, 0x87, 0xDB, 0x1C, 0x00, 0x6C, 0xFF, 0x2F, 0x00, 0x0B,
  0xAF, 0xFE, 0xEE, 0xB5, 0xFF, 0x2F, 0x00, 0x00, 0x00, 0x16, 0x12, 0x13, 0xFF, 0x2F, 0x00, 0x00, 0x00, 0x00, 0x00, 0x13, 0xFF, 0x2F, 0x00, 0x00, 0x00, 0x00, 0x00, 0x10, 0xD7, 0x28, 0x4A, 0x2E, 0x1F, 0x75, 0x7F, 0x1E, 0xBF, 0xBA, 0xEB, 0xC4,
  0xC8, 0x32, 0xBF, 0xE3, 0x1C, 0x00, 0x00, 0x00, 0xBF, 0x87, 0x00, 0x00, 0x00, 0x00, 0xBF, 0x83, 0x00, 0x00, 0x00, 0x00, 0xBF, 0x83, 0x00, 0x00, 0x00, 0x00, 0xBF, 0x83, 0x00, 0x00, 0x00, 0x00, 0xBF, 0x83, 0x00, 0x00, 0x00, 0x00, 0x00, 0x12,
  0x66, 0x7C, 0x51, 0x03, 0x00, 0x24, 0xEC, 0xAE, 0x8B, 0xDA, 0xC0, 0x03, 0x7B, 0xC9, 0x00, 0x00, 0x16, 0xC7, 0x28, 0x3C, 0xF5, 0x88, 0x3D, 0x05, 0x00, 0x00, 0x00, 0x2C, 0x95, 0xDB, 0xF0, 0x79, 0x00, 0x37, 0x24, 0x00, 0x00, 0x39, 0xFA, 0x41,
  0x94, 0xCB, 0x13, 0x00, 0x2C, 0xF8, 0x38, 0x0D, 0xA6, 0xF7, 0xEB, 0xF2, 0x79, 0x00, 0x00, 0x00, 0x06, 0x1B, 0x03, 0x00, 0x00, 0x00, 0x00, 0x04, 0x2F, 0x08, 0x00, 0x00, 0x00, 0x00, 0x00, 0x17, 0xFF, 0x2F, 0x00, 0x00, 0x00, 0x03, 0x63, 0x72,
  0xFF, 0x81, 0x63, 0x63, 0x00, 0x04, 0x93, 0x9E, 0xFF, 0xA8, 0x93, 0x93, 0x00, 0x00, 0x00, 0x17, 0xFF, 0x2F, 0x00, 0x00, 0x00, 0x00, 0x00, 0x17, 0xFF, 0x2F, 0x00, 0x00, 0x00, 0x00, 0x00, 0x17, 0xFF, 0x2F, 0x00, 0x00, 0x00, 0x00, 0x00, 0x14,
  0xFF, 0x33, 0x00, 0x00, 0x00, 0x00, 0x00, 0x00, 0xEE, 0x7B, 0x00, 0x0A, 0x04, 0x00, 0x00, 0x00, 0x5E, 0xF7, 0xF5, 0xF6, 0x2B, 0x00, 0x00, 0x00, 0x00, 0x09, 0x1E, 0x06, 0x00, 0x4C, 0x31, 0x00, 0x00, 0x06, 0x63, 0x15, 0xC3, 0x7F, 0x00, 0x00,
  0x0F, 0xFF, 0x37, 0xC3, 0x7F, 0x00, 0x00, 0x0F, 0xFF, 0x37, 0xC3, 0x7F, 0x00, 0x00, 0x0F, 0xFF, 0x37, 0xC3, 0x7F, 0x00, 0x00, 0x0F, 0xFF, 0x37, 0xB5, 0x8B, 0x00, 0x00, 0x10, 0xFF, 0x37, 0x84, 0xD2, 0x0E, 0x07, 0x87, 0xFF, 0x37, 0x12, 0xC8,
  0xFC, 0xF6, 0x6F, 0xF9, 0x37, 0x00, 0x00, 0x16, 0x0C, 0x00, 0x00, 0x00, 0x18, 0x63, 0x04, 0x00, 0x00, 0x00, 0x42, 0x3C, 0x08, 0xED, 0x4E, 0x00, 0x00, 0x04, 0xE8, 0x52, 0x00, 0x8C, 0xAF, 0x00, 0x00, 0x4C, 0xE5, 0x04, 0x00, 0x24, 0xF9, 0x16,
  0x00, 0xAC, 0x81, 0x00, 0x00, 0x00, 0xB9, 0x72, 0x12, 0xF5, 0x1C, 0x00, 0x00, 0x00, 0x50, 0xD4, 0x6B, 0xB0, 0x00, 0x00, 0x00, 0x00, 0x03, 0xE3, 0xE3, 0x47, 0x00, 0x00, 0x00, 0x00, 0x00, 0x7C, 0xDE, 0x01, 0x00, 0x00, 0x3F, 0x30, 0x00, 0x16,
  0x44, 0x00, 0x02, 0x63, 0x09, 0x7B, 0x9D, 0x00, 0x65, 0xDB, 0x00, 0x23, 0xF1, 0x01, 0x44, 0xCB, 0x00, 0xA6, 0xEC, 0x1C, 0x4F, 0xBB, 0x00, 0x0F, 0xF5, 0x03, 0xE2, 0x9A, 0x5B, 0x7B, 0x85, 0x00, 0x00, 0xD7, 0x51, 0xC8, 0x50, 0x9B, 0xA8, 0x4E,
  0x00, 0x00, 0xA0, 0xB9, 0x88, 0x11, 0xD4, 0xD3, 0x18, 0x00, 0x00, 0x6A, 0xFA, 0x47, 0x00, 0xCA, 0xDB, 0x00, 0x00, 0x00, 0x33, 0xFB, 0x0C, 0x00, 0x8C, 0xAA, 0x00, 0x00, 0x05, 0x61, 0x2B, 0x00, 0x00, 0x00, 0x5B, 0x37, 0x00, 0x80, 0xDF, 0x0E,
  0x00, 0x6C, 0xEC, 0x1C, 0x00, 0x02, 0xBD, 0xA5, 0x2C, 0xF6, 0x49, 0x00, 0x00, 0x00, 0x17, 0xE7, 0xEA, 0x86, 0x00, 0x00, 0x00, 0x00, 0x00, 0xA7, 0xFF, 0x2F, 0x00, 0x00, 0x00, 0x00, 0x5B, 0xED, 0x98, 0xD7, 0x0B, 0x00, 0x00, 0x29, 0xF3, 0x51,
  0x03, 0xC4, 0xA4, 0x00, 0x0A, 0xD4, 0x97, 0x00, 0x00, 0x1E, 0xEE, 0x66, 0x2C, 0x5F, 0x00, 0x00, 0x00, 0x00, 0x39, 0x52, 0x23, 0xFD, 0x40, 0x00, 0x00, 0x00, 0xD9, 0x83, 0x00, 0xAD, 0xAD, 0x00, 0x00, 0x40, 0xF9, 0x19, 0x00, 0x39, 0xFC, 0x1E,
  0x00, 0xA6, 0xA1, 0x00, 0x00, 0x00, 0xC5, 0x87, 0x13, 0xF8, 0x32, 0x00, 0x00, 0x00, 0x51, 0xEC, 0x78, 0xC0, 0x00, 0x00, 0x00, 0x00, 0x02, 0xDB, 0xF8, 0x50, 0x00, 0x00, 0x00, 0x00, 0x00, 0x79, 0xDD, 0x02, 0x00, 0x00, 0x00, 0x00, 0x00, 0xC8,
  0x6F, 0x00, 0x00, 0x00, 0x00, 0x1C, 0x82, 0xE7, 0x0C, 0x00, 0x00, 0x00, 0x00, 0xDF, 0xD1, 0x34, 0x00, 0x00, 0x00, 0x00, 0x54, 0x63, 0x63, 0x63, 0x63, 0x63, 0x11, 0x8D, 0xA7, 0xA7, 0xA7, 0xDE, 0xF7, 0x1A, 0x00, 0x00, 0x00, 0x35, 0xF6, 0x5B,
  0x00, 0x00, 0x00, 0x19, 0xE4, 0x89, 0x00, 0x00, 0x00, 0x07, 0xC7, 0xB5, 0x02, 0x00, 0x00, 0x00, 0xA0, 0xD7, 0x0F, 0x00, 0x00, 0x00, 0x72, 0xF2, 0x2E, 0x07, 0x07, 0x07, 0x03, 0xE7, 0xFF, 0xFF, 0xFF, 0xFF, 0xFF, 0x6B, 0x00, 0x00, 0x03, 0x85,
  0x9D, 0x00, 0x00, 0x76, 0xC0, 0x05, 0x00, 0x00, 0xCB, 0x6E, 0x00, 0x00, 0x00, 0xE2, 0x60, 0x00, 0x00, 0x00, 0xEA, 0x5A, 0x00, 0x00, 0x2C, 0xFD, 0x27, 0x00, 0x99, 0xF1, 0x5F, 0x00, 0x00, 0x45, 0xB3, 0xBF, 0x03, 0x00, 0x00, 0x08, 0xF9, 0x44,
  0x00, 0x00, 0x00, 0xE4, 0x5F, 0x00, 0x00, 0x00, 0xDB, 0x64, 0x00, 0x00, 0x00, 0xAC, 0x8D, 0x00, 0x00, 0x00, 0x32, 0xE9, 0x58, 0x00, 0x00, 0x00, 0x29, 0x55, 0x4C, 0xAB, 0x4F, 0xB3, 0x4F, 0xB3, 0x4F, 0xB3, 0x4F, 0xB3, 0x4F, 0xB3, 0x4F, 0xB3,
  0x4F, 0xB3, 0x4F, 0xB3, 0x4F, 0xB3, 0x4F, 0xB3, 0x4F, 0xB3, 0x39, 0x81, 0x94, 0x8A, 0x04, 0x00, 0x00, 0x04, 0xB7, 0x79, 0x00, 0x00, 0x00, 0x63, 0xD0, 0x00, 0x00, 0x00, 0x54, 0xEA, 0x00, 0x00, 0x00, 0x4D, 0xF0, 0x00, 0x00, 0x00, 0x1B, 0xF8,
  0x35, 0x00, 0x00, 0x00, 0x5A, 0xF0, 0xA1, 0x00, 0x00, 0xB3, 0xB8, 0x48, 0x00, 0x37, 0xFC, 0x0C, 0x00, 0x00, 0x53, 0xEC, 0x00, 0x00, 0x00, 0x59, 0xE3, 0x00, 0x00, 0x00, 0x83, 0xB4, 0x00, 0x00, 0x53, 0xE8, 0x39, 0x00, 0x00, 0x51, 0x2C, 0x00,
  0x00, 0x00, 0x00, 0x37, 0x72, 0x37, 0x00, 0x00, 0x00, 0x1C, 0x00, 0x47, 0xEC, 0xAC, 0xF2, 0x94, 0x08, 0x1D, 0xEA, 0x01, 0x7E, 0x50, 0x00, 0x1F, 0xC5, 0xF1, 0xF5, 0x74, 0x00, 0x00, 0x00, 0x00, 0x00, 0x00, 0x2D, 0x22, 0x00, 0x00, 0x00, 0x2D,
  0x5E, 0x6D, 0xC9, 0x00, 0x00, 0x13, 0x24, 0x6F, 0xD3, 0x6F, 0xD3, 0x6F, 0xD3, 0x6F, 0xD3, 0x6F, 0xD3, 0x6F, 0xD3, 0x3D, 0x73, 0x00, 0x00, 0x01, 0x03, 0x00, 0x00, 0x00, 0x00, 0x00, 0x5B, 0xE7, 0x00, 0x00, 0x00, 0x00, 0x0D, 0x93, 0xF3, 0x4D,
  0x01, 0x00, 0x1F, 0xE1, 0xC3, 0x8E, 0xDC, 0xAE, 0x00, 0xA3, 0xB5, 0x01, 0x00, 0x14, 0xF4, 0x3C, 0xE8, 0x59, 0x00, 0x00, 0x00, 0x1D, 0x0C, 0xFA, 0x4B, 0x00, 0x00, 0x00, 0x00, 0x00, 0xD7, 0x70, 0x00, 0x00, 0x00, 0x48, 0x1C, 0x72, 0xE2, 0x25,
  0x00, 0x4C, 0xF6, 0x23, 0x01, 0x8A, 0xF4, 0xF0, 0xE2, 0x4F, 0x00, 0x00, 0x00, 0x5D, 0xE9, 0x01, 0x00, 0x00, 0x00, 0x00, 0x3D, 0x9B, 0x00, 0x00, 0x00, 0x00, 0x00, 0x00, 0x00, 0x09, 0x03, 0x00, 0x00, 0x00, 0x00, 0x29, 0xC7, 0xF8, 0xF7, 0x98,
  0x03, 0x00, 0x00, 0xD5, 0x98, 0x05, 0x25, 0xEA, 0x67, 0x00, 0x1E, 0xFF, 0x23, 0x00, 0x00, 0x61, 0x55, 0x00, 0x2C, 0xFF, 0x17, 0x00, 0x00, 0x00, 0x00, 0x12, 0x6A, 0xFF, 0x64, 0x4F, 0x18, 0x00, 0x00, 0x2B, 0xBE, 0xFF, 0xC4, 0xB7, 0x39, 0x00,
  0x00, 0x00, 0x12, 0xFF, 0x31, 0x00, 0x00, 0x00, 0x00, 0x00, 0x11, 0xFF, 0x31, 0x00, 0x00, 0x00, 0x00, 0x01, 0x52, 0xF6, 0x12, 0x07, 0x07, 0x07, 0x06, 0x33, 0xFF, 0xFF, 0xFF, 0xFF, 0xFF, 0xFF, 0xD7, 0x00, 0x23, 0x00, 0x0A, 0x1F, 0x02, 0x0A,
  0x1A, 0x17, 0xF5, 0xB8, 0xFA, 0xFF, 0xE4, 0xC8, 0xC1, 0x00, 0xA1, 0xE3, 0x3F, 0x10, 0x71, 0xFF, 0x50, 0x00, 0xEA, 0x57, 0x00, 0x00, 0x00, 0xB0, 0x8F, 0x08, 0xFF, 0x27, 0x00, 0x00, 0x00, 0x7F, 0xAE, 0x00, 0xE8, 0x5B, 0x00, 0x00, 0x00, 0xB4,
  0x8D, 0x00, 0xB7, 0xE8, 0x47, 0x18, 0x7A, 0xFF, 0x65, 0x16, 0xE0, 0x9E, 0xF7, 0xFF, 0xDF, 0xAB, 0xB2, 0x00, 0x07, 0x00, 0x05, 0x17, 0x00, 0x01, 0x07, 0x7A, 0xDA, 0x08, 0x00, 0x00, 0x00, 0x84, 0xD3, 0x06, 0x0A, 0xE3, 0x76, 0x00, 0x00, 0x1C,
  0xF6, 0x51, 0x00, 0x00, 0x57, 0xEF, 0x12, 0x00, 0x9E, 0xBC, 0x00, 0x00, 0x00, 0x00, 0xC0, 0x8E, 0x2C, 0xF8, 0x2B, 0x00, 0x00, 0x00, 0x07, 0x36, 0xF6, 0xC6, 0x97, 0x07, 0x03, 0x00, 0x0C, 0xCB, 0xCB, 0xE3, 0xF6, 0xCB, 0xCB, 0x5F, 0x00, 0x00,
  0x0B, 0x0B, 0x7A, 0xD2, 0x0B, 0x0B, 0x05, 0x00, 0x0C, 0xC3, 0xC3, 0xDF, 0xF4, 0xC3, 0xC3, 0x5B, 0x00, 0x00, 0x00, 0x00, 0x73, 0xCF, 0x00, 0x00, 0x00, 0x00, 0x00, 0x00, 0x00, 0x73, 0xCF, 0x00, 0x00, 0x00, 0x00, 0x79, 0xBA, 0x7F, 0xC3, 0x7F,
  0xC3, 0x7F, 0xC3, 0x7F, 0xC3, 0x1D, 0x2D, 0x47, 0x6E, 0x7F, 0xC3, 0x7F, 0xC3, 0x7F, 0xC3, 0x7F, 0xC3, 0x6B, 0xA5, 0x00, 0x00, 0x00, 0x02, 0x0D, 0x00, 0x00, 0x00, 0x00, 0x22, 0xB5, 0xF9, 0xF9, 0xE5, 0x6C, 0x00, 0x00, 0xCE, 0xA5, 0x12, 0x03,
  0x51, 0xFA, 0x4A, 0x05, 0xFF, 0x40, 0x00, 0x00, 0x00, 0x9B, 0x7B, 0x00, 0xCD, 0xC3, 0x2E, 0x00, 0x00, 0x00, 0x00, 0x00, 0x7F, 0xFD, 0xFE, 0xDD, 0x8B, 0x1F, 0x00, 0x2D, 0xFB, 0x30, 0x1B, 0x69, 0xCB, 0xF6, 0x39, 0x4C, 0xF7, 0x07, 0x00, 0x00,
  0x01, 0xB1, 0xAD, 0x12, 0xE8, 0xB4, 0x3A, 0x01, 0x00, 0x98, 0xB4, 0x00, 0x28, 0xAF, 0xFA, 0xE8, 0xB9, 0xE6, 0x33, 0x00, 0x00, 0x00, 0x10, 0x5C, 0xCA, 0xED, 0x1E, 0x36, 0x87, 0x00, 0x00, 0x00, 0x06, 0xE1, 0x71, 0x36, 0xFF, 0x41, 0x00, 0x00,
  0x15, 0xED, 0x5A, 0x00, 0x7A, 0xF7, 0xBF, 0xB3, 0xEF, 0xB3, 0x06, 0x00, 0x00, 0x19, 0x50, 0x58, 0x2E, 0x00, 0x00, 0x06, 0x00, 0x00, 0x05, 0x00, 0xEB, 0x57, 0x06, 0xF3, 0x48, 0x39, 0x0D, 0x00, 0x40, 0x0B, 0x00, 0x00, 0x15, 0x6C, 0x80, 0x46,
  0x00, 0x00, 0x00, 0x3B, 0xA4, 0x40, 0x28, 0x6D, 0x9A, 0x02, 0x0A, 0xA6, 0x1B, 0xB3, 0xB2, 0x6C, 0x48, 0x69, 0x49, 0x5A, 0x81, 0x41, 0x00, 0x7B, 0x00, 0xA5, 0x5D, 0x41, 0x94, 0x2A, 0x00, 0x05, 0x00, 0x9F, 0x30, 0x77, 0x60, 0x7E, 0x2A, 0xBA,
  0x09, 0x9E, 0x00, 0x98, 0x2A, 0x65, 0x86, 0x27, 0x91, 0x2F, 0x00, 0x0B, 0x91, 0x9C, 0x88, 0xAC, 0x44, 0x00, 0x00, 0x00, 0x00, 0x0D, 0x1C, 0x01, 0x00, 0x00, 0x00, 0x00, 0x02, 0x0C, 0x00, 0x00, 0x00, 0x53, 0xE9, 0xEB, 0xB9, 0x04, 0x00, 0x66,
  0x39, 0x04, 0xE7, 0x39, 0x00, 0x5A, 0xC1, 0xC4, 0xF5, 0x47, 0x04, 0xFA, 0x2D, 0x02, 0xDE, 0x47, 0x00, 0xD0, 0xC5, 0xC7, 0xE9, 0x52, 0x00, 0x0A, 0x3D, 0x15, 0x21, 0x14, 0x00, 0x00, 0x39, 0x41, 0x39, 0x41, 0x00, 0x1C, 0xDC, 0x37, 0xDC, 0x1B,
  0x04, 0xC5, 0x6A, 0xC5, 0x65, 0x00, 0x22, 0xF4, 0x46, 0xF4, 0x23, 0x00, 0x00, 0x62, 0xBD, 0x63, 0xBD, 0x00, 0x00, 0x00, 0x9D, 0x5B, 0x9D, 0x5B, 0x54, 0x77, 0x77, 0x77, 0x77, 0x74, 0x70, 0x9F, 0x9F, 0x9F, 0xBC, 0xF7, 0x00, 0x00, 0x00, 0x00,
  0x4B, 0xF7, 0x00, 0x00, 0x00, 0x00, 0x21, 0x6C, 0x73, 0xDF, 0xDF, 0xDF, 0xDF, 0xA0, 0x16, 0x2B, 0x2B, 0x2B, 0x2B, 0x1F, 0x00, 0x00, 0x17, 0x6D, 0x7F, 0x44, 0x00, 0x00, 0x00, 0x3E, 0xA3, 0x3F, 0x29, 0x6F, 0x94, 0x01, 0x0A, 0xA5, 0x40, 0xC7,
  0xAC, 0x64, 0x4D, 0x63, 0x4D, 0x56, 0x43, 0x77, 0x0E, 0xB6, 0x00, 0xA4, 0x61, 0x3D, 0x43, 0xD3, 0xDA, 0x26, 0x00, 0x9F, 0x35, 0x73, 0x43, 0x77, 0x4A, 0x6E, 0x0A, 0x9E, 0x00, 0x9D, 0x42, 0x30, 0x00, 0x50, 0x94, 0x2D, 0x00, 0x0D, 0x93, 0x9B,
  0x88, 0xAC, 0x42, 0x00, 0x00, 0x00, 0x00, 0x0D, 0x1B, 0x01, 0x00, 0x00, 0x3C, 0xF3, 0xF3, 0xF3, 0xF3, 0x9C, 0x01, 0x07, 0x07, 0x07, 0x07, 0x05, 0x00, 0x01, 0x09, 0x00, 0x1E, 0xD5, 0xDD, 0x68, 0x79, 0x63, 0x07, 0xD4, 0x45, 0xC6, 0x8F, 0xA9,
  0x00, 0x39, 0x5D, 0x08, 0x00, 0x00, 0x31, 0x8D, 0x00, 0x00, 0x00, 0x00, 0x00, 0x4B, 0xD7, 0x00, 0x00, 0x00, 0x00, 0x00, 0x4B, 0xD7, 0x00, 0x00, 0x00, 0xCA, 0xD7, 0xE3, 0xF9, 0xD7, 0xD7, 0x46, 0x2C, 0x2F, 0x6D, 0xDF, 0x2F, 0x2F, 0x0F, 0x00,
  0x00, 0x4B, 0xD7, 0x00, 0x00, 0x00, 0x00, 0x00, 0x4B, 0xD7, 0x00, 0x00, 0x00, 0x08, 0x0B, 0x0E, 0x12, 0x0B, 0x0B, 0x00, 0xAB, 0xFF, 0xFF, 0xFF, 0xFF, 0xFF, 0x0B, 0x00, 0x00, 0x1F, 0x10, 0x00, 0x60, 0xDA, 0x1B, 0x07, 0x9B, 0x1A, 0x00, 0x47,
  0x36, 0x00, 0x00, 0x0F, 0x63, 0x0A, 0xB7, 0x8B, 0x00, 0x00, 0x27, 0xFF, 0x1B, 0xB7, 0x8B, 0x00, 0x00, 0x27, 0xFF, 0x1B, 0xB7, 0x8B, 0x00, 0x00, 0x27, 0xFF, 0x1B, 0xB7, 0x8C, 0x00, 0x00, 0x27, 0xFF, 0x1B, 0xB7, 0x9B, 0x00, 0x00, 0x27, 0xFF,
  0x1B, 0xB7, 0xE0, 0x10, 0x01, 0x7C, 0xFF, 0x1B, 0xB7, 0xE5, 0xF4, 0xF1, 0xA9, 0xFF, 0x1B, 0xB7, 0x8B, 0x0E, 0x15, 0x00, 0x00, 0x00, 0xB7, 0x8B, 0x00, 0x00, 0x00, 0x00, 0x00, 0x9B, 0x76, 0x00, 0x00, 0x00, 0x00, 0x00, 0x00, 0x2D, 0xB1, 0xE4,
  0xF3, 0xA3, 0x19, 0xEF, 0xFF, 0xFF, 0xFF, 0xAB, 0x6E, 0xFF, 0xFF, 0xFF, 0xFF, 0xAB, 0x82, 0xFF, 0xFF, 0xFF, 0xFF, 0xAB, 0x4C, 0xFF, 0xFF, 0xFF, 0xFF, 0xAB, 0x00, 0x9E, 0xFF, 0xFF, 0xFF, 0xAB, 0x00, 0x00, 0x31, 0x62, 0xC5, 0xAB, 0x00, 0x00,
  0x00, 0x00, 0x97, 0xAB, 0x00, 0x00, 0x00, 0x00, 0x97, 0xAB, 0x00, 0x00, 0x00, 0x00, 0x97, 0xAB, 0x43, 0x96, 0x47, 0x9C, 0xB2, 0x9F, 0x04, 0x03, 0xD1, 0x35, 0x9D, 0xA8, 0x06, 0x00, 0x00, 0x02, 0x0A, 0x00, 0x00, 0x00, 0x60, 0xED, 0xEC, 0xB3,
  0x07, 0x08, 0xF8, 0x30, 0x04, 0xC6, 0x64, 0x23, 0xF8, 0x00, 0x00, 0x94, 0x87, 0x0F, 0xFD, 0x17, 0x00, 0xB1, 0x70, 0x00, 0x89, 0xDE, 0xBF, 0xDB, 0x13, 0x00, 0x00, 0x25, 0x38, 0x07, 0x00, 0x11, 0x69, 0x11, 0x69, 0x00, 0x00, 0x00, 0xA8, 0x6A,
  0xA8, 0x6A, 0x00, 0x00, 0x16, 0xE5, 0x4A, 0xE5, 0x33, 0x00, 0x00, 0xBD, 0x7D, 0xBD, 0x7C, 0x00, 0x5A, 0xC2, 0x5E, 0xC2, 0x03, 0x11, 0xCD, 0x2B, 0xCD, 0x1A, 0x00, 0x00, 0x00, 0x22, 0x61, 0x00, 0x00, 0x00, 0x00, 0x5C, 0xD8, 0x01, 0x00, 0x00,
  0x00, 0x00, 0x00, 0x00, 0x00, 0x00, 0x00, 0x31, 0x8E, 0x00, 0x00, 0x00, 0x00, 0x89, 0xD2, 0x00, 0x00, 0x00, 0x5B, 0xF3, 0x3D, 0x00, 0x00, 0x23, 0xF7, 0x54, 0x00, 0x00, 0x00, 0x82, 0xC9, 0x00, 0x00, 0x00, 0x00, 0x8A, 0xBE, 0x00, 0x00, 0x48,
  0xB7, 0x36, 0xFB, 0x97, 0x7A, 0xE3, 0x92, 0x00, 0x39, 0x96, 0xA2, 0x63, 0x04, 0x00, 0x03, 0x1F, 0x0C, 0x00, 0x00, 0x00, 0x00, 0x00, 0x00, 0x92, 0xC3, 0x02, 0x00, 0x00, 0x00, 0x00, 0x00, 0x01, 0x89, 0x3A, 0x00, 0x00, 0x00, 0x00, 0x00, 0x00,
  0x5E, 0xE8, 0x06, 0x00, 0x00, 0x00, 0x00, 0x00, 0xB4, 0xFF, 0x49, 0x00, 0x00, 0x00, 0x00, 0x0E, 0xF8, 0xB1, 0x9A, 0x00, 0x00, 0x00, 0x00, 0x5A, 0xD4, 0x3F, 0xE9, 0x02, 0x00, 0x00, 0x00, 0xAD, 0x84, 0x04, 0xEE, 0x3C, 0x00, 0x00, 0x0A, 0xF5,
  0x35, 0x00, 0xA4, 0x8E, 0x00, 0x00, 0x52, 0xFF, 0xAD, 0xAB, 0xD1, 0xDF, 0x00, 0x00, 0xA5, 0xBA, 0x6B, 0x6B, 0x6D, 0xFA, 0x30, 0x06, 0xF1, 0x48, 0x00, 0x00, 0x00, 0xBB, 0x81, 0x4A, 0xF1, 0x06, 0x00, 0x00, 0x00, 0x6B, 0xD2, 0x00, 0x00, 0x00,
  0x00, 0x00, 0x1F, 0x10, 0x00, 0x00, 0x00, 0x00, 0x00, 0x60, 0xDA, 0x1B, 0x00, 0x00, 0x00, 0x00, 0x07, 0x9B, 0x1A, 0x00, 0x00, 0x00, 0x00, 0x00, 0x5E, 0xE8, 0x06, 0x00, 0x00, 0x00, 0x00, 0x00, 0xB4, 0xFF, 0x49, 0x00, 0x00, 0x00, 0x00, 0x0E,
  0xF8, 0xB1, 0x9A, 0x00, 0x00, 0x00, 0x00, 0x5A, 0xD4, 0x3F, 0xE9, 0x02, 0x00, 0x00, 0x00, 0xAD, 0x84, 0x04, 0xEE, 0x3C, 0x00, 0x00, 0x0A, 0xF5, 0x35, 0x00, 0xA4, 0x8E, 0x00, 0x00, 0x52, 0xFF, 0xAD, 0xAB, 0xD1, 0xDF, 0x00, 0x00, 0xA5, 0xBA,
  0x6B, 0x6B, 0x6D, 0xFA, 0x30, 0x06, 0xF1, 0x48, 0x00, 0x00, 0x00, 0xBB, 0x81, 0x4A, 0xF1, 0x06, 0x00, 0x00, 0x00, 0x6B, 0xD2, 0x00, 0x00, 0x00, 0x12, 0x59, 0x02, 0x00, 0x00, 0x00, 0x00, 0x15, 0xCB, 0xAC, 0xA5, 0x03, 0x00, 0x00, 0x00, 0x43,
  0x40, 0x00, 0x5B, 0x29, 0x00, 0x00, 0x00, 0x00, 0x5E, 0xE8, 0x06, 0x00, 0x00, 0x00, 0x00, 0x00, 0xB4, 0xFF, 0x49, 0x00, 0x00, 0x00, 0x00, 0x0E, 0xF8, 0xB1, 0x9A, 0x00, 0x00, 0x00, 0x00, 0x5A, 0xD4, 0x3F, 0xE9, 0x02, 0x00, 0x00, 0x00, 0xAD,
  0x84, 0x04, 0xEE, 0x3C, 0x00, 0x00, 0x0A, 0xF5, 0x35, 0x00, 0xA4, 0x8E, 0x00, 0x00, 0x52, 0xFF, 0xAD, 0xAB, 0xD1, 0xDF, 0x00, 0x00, 0xA5, 0xBA, 0x6B, 0x6B, 0x6D, 0xFA, 0x30, 0x06, 0xF1, 0x48, 0x00, 0x00, 0x00, 0xBB, 0x81, 0x4A, 0xF1, 0x06,
  0x00, 0x00, 0x00, 0x6B, 0xD2, 0x00, 0x00, 0x0C, 0x37, 0x02, 0x0A, 0x2C, 0x00, 0x00, 0x00, 0xCA, 0xC2, 0xD7, 0xC4, 0x6E, 0x00, 0x00, 0x02, 0x48, 0x00, 0x27, 0x43, 0x00, 0x00, 0x00, 0x00, 0x00, 0x5E, 0xE8, 0x06, 0x00, 0x00, 0x00, 0x00, 0x00,
  0xB4, 0xFF, 0x49, 0x00, 0x00, 0x00, 0x00, 0x0E, 0xF8, 0xB1, 0x9A, 0x00, 0x00, 0x00, 0x00, 0x5A, 0xD4, 0x3F, 0xE9, 0x02, 0x00, 0x00, 0x00, 0xAD, 0x84, 0x04, 0xEE, 0x3C, 0x00, 0x00, 0x0A, 0xF5, 0x35, 0x00, 0xA4, 0x8E, 0x00, 0x00, 0x52, 0xFF,
  0xAD, 0xAB, 0xD1, 0xDF, 0x00, 0x00, 0xA5, 0xBA, 0x6B, 0x6B, 0x6D, 0xFA, 0x30, 0x06, 0xF1, 0x48, 0x00, 0x00, 0x00, 0xBB, 0x81, 0x4A, 0xF1, 0x06, 0x00, 0x00, 0x00, 0x6B, 0xD2, 0x00, 0x00, 0x06, 0x00, 0x00, 0x05, 0x00, 0x00, 0x00, 0x00, 0xEB,
  0x57, 0x06, 0xF3, 0x48, 0x00, 0x00, 0x00, 0x39, 0x0D, 0x00, 0x40, 0x0B, 0x00, 0x00, 0x00, 0x00, 0x5E, 0xE8, 0x06, 0x00, 0x00, 0x00, 0x00, 0x00, 0xB4, 0xFF, 0x49, 0x00, 0x00, 0x00, 0x00, 0x0E, 0xF8, 0xB1, 0x9A, 0x00, 0x00, 0x00, 0x00, 0x5A,
  0xD4, 0x3F, 0xE9, 0x02, 0x00, 0x00, 0x00, 0xAD, 0x84, 0x04, 0xEE, 0x3C, 0x00, 0x00, 0x0A, 0xF5, 0x35, 0x00, 0xA4, 0x8E, 0x00, 0x00, 0x52, 0xFF, 0xAD, 0xAB, 0xD1, 0xDF, 0x00, 0x00, 0xA5, 0xBA, 0x6B, 0x6B, 0x6D, 0xFA, 0x30, 0x06, 0xF1, 0x48,
  0x00, 0x00, 0x00, 0xBB, 0x81, 0x4A, 0xF1, 0x06, 0x00, 0x00, 0x00, 0x6B, 0xD2, 0x00, 0x00, 0x00, 0x20, 0x3E, 0x00, 0x00, 0x00, 0x00, 0x00, 0x14, 0xB4, 0x79, 0x6B, 0x00, 0x00, 0x00, 0x00, 0x17, 0xB1, 0x6F, 0x70, 0x00, 0x00, 0x00, 0x00, 0x00,
  0x28, 0x48, 0x02, 0x00, 0x00, 0x00, 0x00, 0x00, 0x5E, 0xE8, 0x06, 0x00, 0x00, 0x00, 0x00, 0x00, 0xB4, 0xFF, 0x49, 0x00, 0x00, 0x00, 0x00, 0x0E, 0xF8, 0xB1, 0x9A, 0x00, 0x00, 0x00, 0x00, 0x5A, 0xD4, 0x3F, 0xE9, 0x02, 0x00, 0x00, 0x00, 0xAD,
  0x84, 0x04, 0xEE, 0x3C, 0x00, 0x00, 0x0A, 0xF5, 0x35, 0x00, 0xA4, 0x8E, 0x00, 0x00, 0x52, 0xFF, 0xAD, 0xAB, 0xD1, 0xDF, 0x00, 0x00, 0xA5, 0xBA, 0x6B, 0x6B, 0x6D, 0xFA, 0x30, 0x06, 0xF1, 0x48, 0x00, 0x00, 0x00, 0xBB, 0x81, 0x4A, 0xF1, 0x06,
  0x00, 0x00, 0x00, 0x6B, 0xD2, 0x00, 0x00, 0x00, 0x21, 0xF3, 0xF3, 0xF3, 0xF3, 0x03, 0x00, 0x00, 0x00, 0x83, 0xF7, 0xBA, 0x13, 0x13, 0x00, 0x00, 0x00, 0x02, 0xE3, 0xAC, 0xB5, 0x00, 0x00, 0x00, 0x00, 0x00, 0x48, 0xD7, 0x7A, 0xB6, 0x00, 0x00,
  0x00, 0x00, 0x00, 0xAA, 0x7C, 0x79, 0xE9, 0xAF, 0x89, 0x00, 0x00, 0x13, 0xF8, 0x24, 0x79, 0xD0, 0x57, 0x44, 0x00, 0x00, 0x6F, 0xF5, 0x9B, 0xCB, 0xB8, 0x00, 0x00, 0x00, 0x00, 0xD1, 0xBA, 0x97, 0xC8, 0xB9, 0x00, 0x00, 0x00, 0x34, 0xFD, 0x1A,
  0x00, 0x76, 0xBD, 0x07, 0x07, 0x01, 0x96, 0xBF, 0x00, 0x00, 0x74, 0xFF, 0xFF, 0xFF, 0x2B, 0x00, 0x00, 0x00, 0x01, 0x0B, 0x00, 0x00, 0x00, 0x00, 0x02, 0x8A, 0xF3, 0xFA, 0xD6, 0x45, 0x00, 0x00, 0x82, 0xD7, 0x24, 0x04, 0x6C, 0xF5, 0x21, 0x05,
  0xF1, 0x4C, 0x00, 0x00, 0x00, 0xCA, 0x7A, 0x30, 0xFF, 0x11, 0x00, 0x00, 0x00, 0x0F, 0x0F, 0x42, 0xFF, 0x00, 0x00, 0x00, 0x00, 0x00, 0x00, 0x43, 0xFF, 0x00, 0x00, 0x00, 0x00, 0x00, 0x00, 0x32, 0xFF, 0x10, 0x00, 0x00, 0x00, 0x00, 0x00, 0x07,
  0xF4, 0x49, 0x00, 0x00, 0x00, 0xC2, 0x7F, 0x00, 0x8B, 0xCF, 0x17, 0x00, 0x57, 0xF6, 0x25, 0x00, 0x05, 0x98, 0xF9, 0xF1, 0xE0, 0x4A, 0x00, 0x00, 0x00, 0x00, 0xBB, 0xB5, 0x04, 0x00, 0x00, 0x00, 0x00, 0x00, 0x03, 0xD1, 0x35, 0x00, 0x00, 0x00,
  0x00, 0x00, 0x9D, 0xA8, 0x06, 0x00, 0x00, 0x03, 0x1F, 0x0C, 0x00, 0x00, 0x00, 0x00, 0x00, 0x92, 0xC3, 0x02, 0x00, 0x00, 0x00, 0x00, 0x01, 0x89, 0x3A, 0x00, 0x00, 0x00, 0xB6, 0xF3, 0xF3, 0xF3, 0xF3, 0xF3, 0x48, 0xBF, 0x93, 0x1F, 0x1F, 0x1F,
  0x1F, 0x09, 0xBF, 0x83, 0x00, 0x00, 0x00, 0x00, 0x00, 0xBF, 0x83, 0x00, 0x00, 0x00, 0x00, 0x00, 0xBF, 0xD7, 0xAB, 0xAB, 0xAB, 0x73, 0x00, 0xBF, 0xB6, 0x67, 0x67, 0x67, 0x45, 0x00, 0xBF, 0x83, 0x00, 0x00, 0x00, 0x00, 0x00, 0xBF, 0x83, 0x00,
  0x00, 0x00, 0x00, 0x00, 0xBF, 0x8D, 0x13, 0x13, 0x13, 0x13, 0x07, 0xBF, 0xFF, 0xFF, 0xFF, 0xFF, 0xFF, 0x5B, 0x00, 0x00, 0x00, 0x00, 0x1F, 0x10, 0x00, 0x00, 0x00, 0x00, 0x60, 0xDA, 0x1B, 0x00, 0x00, 0x00, 0x07, 0x9B, 0x1A, 0x00, 0x00, 0xB6,
  0xF3, 0xF3, 0xF3, 0xF3, 0xF3, 0x48, 0xBF, 0x93, 0x1F, 0x1F, 0x1F, 0x1F, 0x09, 0xBF, 0x83, 0x00, 0x00, 0x00, 0x00, 0x00, 0xBF, 0x83, 0x00, 0x00, 0x00, 0x00, 0x00, 0xBF, 0xD7, 0xAB, 0xAB, 0xAB, 0x73, 0x00, 0xBF, 0xB6, 0x67, 0x67, 0x67, 0x45,
  0x00, 0xBF, 0x83, 0x00, 0x00, 0x00, 0x00, 0x00, 0xBF, 0x83, 0x00, 0x00, 0x00, 0x00, 0x00, 0xBF, 0x8D, 0x13, 0x13, 0x13, 0x13, 0x07, 0xBF, 0xFF, 0xFF, 0xFF, 0xFF, 0xFF, 0x5B, 0x00, 0x00, 0x12, 0x59, 0x02, 0x00, 0x00, 0x00, 0x15, 0xCB, 0xAC,
  0xA5, 0x03, 0x00, 0x00, 0x43, 0x40, 0x00, 0x5B, 0x29, 0x00, 0xB6, 0xF3, 0xF3, 0xF3, 0xF3, 0xF3, 0x48, 0xBF, 0x93, 0x1F, 0x1F, 0x1F, 0x1F, 0x09, 0xBF, 0x83, 0x00, 0x00, 0x00, 0x00, 0x00, 0xBF, 0x83, 0x00, 0x00, 0x00, 0x00, 0x00, 0xBF, 0xD7,
  0xAB, 0xAB, 0xAB, 0x73, 0x00, 0xBF, 0xB6, 0x67, 0x67, 0x67, 0x45, 0x00, 0xBF, 0x83, 0x00, 0x00, 0x00, 0x00, 0x00, 0xBF, 0x83, 0x00, 0x00, 0x00, 0x00, 0x00, 0xBF, 0x8D, 0x13, 0x13, 0x13, 0x13, 0x07, 0xBF, 0xFF, 0xFF, 0xFF, 0xFF, 0xFF, 0x5B,
  0x00, 0x06, 0x00, 0x00, 0x05, 0x00, 0x00, 0x00, 0xEB, 0x57, 0x06, 0xF3, 0x48, 0x00, 0x00, 0x39, 0x0D, 0x00, 0x40, 0x0B, 0x00, 0xB6, 0xF3, 0xF3, 0xF3, 0xF3, 0xF3, 0x48, 0xBF, 0x93, 0x1F, 0x1F, 0x1F, 0x1F, 0x09, 0xBF, 0x83, 0x00, 0x00, 0x00,
  0x00, 0x00, 0xBF, 0x83, 0x00, 0x00, 0x00, 0x00, 0x00, 0xBF, 0xD7, 0xAB, 0xAB, 0xAB, 0x73, 0x00, 0xBF, 0xB6, 0x67, 0x67, 0x67, 0x45, 0x00, 0xBF, 0x83, 0x00, 0x00, 0x00, 0x00, 0x00, 0xBF, 0x83, 0x00, 0x00, 0x00, 0x00, 0x00, 0xBF, 0x8D, 0x13,
  0x13, 0x13, 0x13, 0x07, 0xBF, 0xFF, 0xFF, 0xFF, 0xFF, 0xFF, 0x5B, 0x03, 0x1F, 0x0C, 0x00, 0x00, 0x00, 0x00, 0x00, 0x92, 0xC3, 0x02, 0x00, 0x00, 0x00, 0x00, 0x01, 0x89, 0x3A, 0x00, 0x00, 0x00, 0xC6, 0xF3, 0xF3, 0xF3, 0xF3, 0xF3, 0x31, 0x1D,
  0x23, 0x8E, 0xD6, 0x23, 0x23, 0x07, 0x00, 0x00, 0x7B, 0xCF, 0x00, 0x00, 0x00, 0x00, 0x00, 0x7B, 0xCF, 0x00, 0x00, 0x00, 0x00, 0x00, 0x7B, 0xCF, 0x00, 0x00, 0x00, 0x00, 0x00, 0x7B, 0xCF, 0x00, 0x00, 0x00, 0x00, 0x00, 0x7B, 0xCF, 0x00, 0x00,
  0x00, 0x00, 0x00, 0x7B, 0xCF, 0x00, 0x00, 0x00, 0x13, 0x17, 0x88, 0xD4, 0x17, 0x17, 0x04, 0xCF, 0xFF, 0xFF, 0xFF, 0xFF, 0xFF, 0x33, 0x00, 0x00, 0x00, 0x1F, 0x10, 0x00, 0x00, 0x00, 0x00, 0x60, 0xDA, 0x1B, 0x00, 0x00, 0x00, 0x07, 0x9B, 0x1A,
  0x00, 0x00, 0x00, 0xC6, 0xF3, 0xF3, 0xF3, 0xF3, 0xF3, 0x31, 0x1D, 0x23, 0x8E, 0xD6, 0x23, 0x23, 0x07, 0x00, 0x00, 0x7B, 0xCF, 0x00, 0x00, 0x00, 0x00, 0x00, 0x7B, 0xCF, 0x00, 0x00, 0x00, 0x00, 0x00, 0x7B, 0xCF, 0x00, 0x00, 0x00, 0x00, 0x00,
  0x7B, 0xCF, 0x00, 0x00, 0x00, 0x00, 0x00, 0x7B, 0xCF, 0x00, 0x00, 0x00, 0x00, 0x00, 0x7B, 0xCF, 0x00, 0x00, 0x00, 0x13, 0x17, 0x88, 0xD4, 0x17, 0x17, 0x04, 0xCF, 0xFF, 0xFF, 0xFF, 0xFF, 0xFF, 0x33, 0x00, 0x00, 0x12, 0x59, 0x02, 0x00, 0x00,
  0x00, 0x15, 0xCB, 0xAC, 0xA5, 0x03, 0x00, 0x00, 0x43, 0x40, 0x00, 0x5B, 0x29, 0x00, 0xC6, 0xF3, 0xF3, 0xF3, 0xF3, 0xF3, 0x31, 0x1D, 0x23, 0x8E, 0xD6, 0x23, 0x23, 0x07, 0x00, 0x00, 0x7B, 0xCF, 0x00, 0x00, 0x00, 0x00, 0x00, 0x7B, 0xCF, 0x00,
  0x00, 0x00, 0x00, 0x00, 0x7B, 0xCF, 0x00, 0x00, 0x00, 0x00, 0x00, 0x7B, 0xCF, 0x00, 0x00, 0x00, 0x00, 0x00, 0x7B, 0xCF, 0x00, 0x00, 0x00, 0x00, 0x00, 0x7B, 0xCF, 0x00, 0x00, 0x00, 0x13, 0x17, 0x88, 0xD4, 0x17, 0x17, 0x04, 0xCF, 0xFF, 0xFF,
  0xFF, 0xFF, 0xFF, 0x33, 0x00, 0x06, 0x00, 0x00, 0x05, 0x00, 0x00, 0x00, 0xEB, 0x57, 0x06, 0xF3, 0x48, 0x00, 0x00, 0x39, 0x0D, 0x00, 0x40, 0x0B, 0x00, 0xC6, 0xF3, 0xF3, 0xF3, 0xF3, 0xF3, 0x31, 0x1D, 0x23, 0x8E, 0xD6, 0x23, 0x23, 0x07, 0x00,
  0x00, 0x7B, 0xCF, 0x00, 0x00, 0x00, 0x00, 0x00, 0x7B, 0xCF, 0x00, 0x00, 0x00, 0x00, 0x00, 0x7B, 0xCF, 0x00, 0x00, 0x00, 0x00, 0x00, 0x7B, 0xCF, 0x00, 0x00, 0x00, 0x00, 0x00, 0x7B, 0xCF, 0x00, 0x00, 0x00, 0x00, 0x00, 0x7B, 0xCF, 0x00, 0x00,
  0x00, 0x13, 0x17, 0x88, 0xD4, 0x17, 0x17, 0x04, 0xCF, 0xFF, 0xFF, 0xFF, 0xFF, 0xFF, 0x33, 0x00, 0x00, 0x0C, 0x37, 0x02, 0x0A, 0x2C, 0x00, 0x00, 0x00, 0xCA, 0xC2, 0xD7, 0xC4, 0x6E, 0x00, 0x00, 0x02, 0x48, 0x00, 0x27, 0x43, 0x00, 0x00, 0x03,
  0xF3, 0x7C, 0x00, 0x00, 0x00, 0xD2, 0x66, 0x03, 0xFF, 0xF1, 0x13, 0x00, 0x00, 0xDD, 0x6B, 0x03, 0xFF, 0xF3, 0x89, 0x00, 0x00, 0xDD, 0x6B, 0x03, 0xFF, 0x82, 0xF6, 0x19, 0x00, 0xDE, 0x6B, 0x03, 0xFF, 0x45, 0xB7, 0x94, 0x00, 0xDE, 0x6B, 0x03,
  0xFF, 0x44, 0x33, 0xF8, 0x1F, 0xDF, 0x6B, 0x03, 0xFF, 0x43, 0x00, 0xAD, 0x9E, 0xDF, 0x6B, 0x03, 0xFF, 0x42, 0x00, 0x2B, 0xF9, 0xF4, 0x6B, 0x03, 0xFF, 0x41, 0x00, 0x00, 0xA3, 0xFF, 0x6B, 0x03, 0xFF, 0x40, 0x00, 0x00, 0x23, 0xFB, 0x6B, 0x00,
  0x03, 0x1F, 0x0C, 0x00, 0x00, 0x00, 0x00, 0x00, 0x00, 0x92, 0xC3, 0x02, 0x00, 0x00, 0x00, 0x00, 0x00, 0x01, 0x89, 0x3A, 0x00, 0x00, 0x00, 0x00, 0x00, 0x00, 0x02, 0x0A, 0x00, 0x00, 0x00, 0x00, 0x02, 0x8D, 0xF7, 0xFE, 0xC4, 0x25, 0x00, 0x00,
  0x7D, 0xE0, 0x39, 0x19, 0xA0, 0xD9, 0x05, 0x03, 0xEC, 0x55, 0x00, 0x00, 0x07, 0xEA, 0x56, 0x2F, 0xFF, 0x10, 0x00, 0x00, 0x00, 0xAE, 0x8F, 0x45, 0xF9, 0x00, 0x00, 0x00, 0x00, 0x99, 0xA5, 0x46, 0xF9, 0x00, 0x00, 0x00, 0x00, 0x99, 0xA5, 0x31,
  0xFF, 0x0E, 0x00, 0x00, 0x00, 0xAC, 0x91, 0x04, 0xF0, 0x4F, 0x00, 0x00, 0x03, 0xE5, 0x5A, 0x00, 0x83, 0xDA, 0x2B, 0x0D, 0x90, 0xE0, 0x07, 0x00, 0x04, 0x97, 0xFC, 0xFF, 0xD2, 0x2C, 0x00, 0x00, 0x00, 0x00, 0x08, 0x15, 0x00, 0x00, 0x00, 0x00,
  0x00, 0x00, 0x00, 0x00, 0x1F, 0x10, 0x00, 0x00, 0x00, 0x00, 0x00, 0x60, 0xDA, 0x1B, 0x00, 0x00, 0x00, 0x00, 0x0A, 0xA5, 0x1A, 0x00, 0x00, 0x00, 0x02, 0x8D, 0xF7, 0xFE, 0xC4, 0x25, 0x00, 0x00, 0x7D, 0xE0, 0x39, 0x19, 0xA0, 0xD9, 0x05, 0x03,
  0xEC, 0x55, 0x00, 0x00, 0x07, 0xEA, 0x56, 0x2F, 0xFF, 0x10, 0x00, 0x00, 0x00, 0xAE, 0x8F, 0x45, 0xF9, 0x00, 0x00, 0x00, 0x00, 0x99, 0xA5, 0x46, 0xF9, 0x00, 0x00, 0x00, 0x00, 0x99, 0xA5, 0x31, 0xFF, 0x0E, 0x00, 0x00, 0x00, 0xAC, 0x91, 0x04,
  0xF0, 0x4F, 0x00, 0x00, 0x03, 0xE5, 0x5A, 0x00, 0x83, 0xDA, 0x2B, 0x0D, 0x90, 0xE0, 0x07, 0x00, 0x04, 0x97, 0xFC, 0xFF, 0xD2, 0x2C, 0x00, 0x00, 0x00, 0x00, 0x08, 0x15, 0x00, 0x00, 0x00, 0x00, 0x00, 0x00, 0x12, 0x59, 0x02, 0x00, 0x00, 0x00,
  0x00, 0x15, 0xCB, 0xAC, 0xA5, 0x03, 0x00, 0x00, 0x00, 0x43, 0x40, 0x00, 0x5B, 0x29, 0x00, 0x00, 0x00, 0x00, 0x02, 0x0A, 0x00, 0x00, 0x00, 0x00, 0x02, 0x8D, 0xF7, 0xFE, 0xC4, 0x25, 0x00, 0x00, 0x7D, 0xE0, 0x39, 0x19, 0xA0, 0xD9, 0x05, 0x03,
  0xEC, 0x55, 0x00, 0x00, 0x07, 0xEA, 0x56, 0x2F, 0xFF, 0x10, 0x00, 0x00, 0x00, 0xAE, 0x8F, 0x45, 0xF9, 0x00, 0x00, 0x00, 0x00, 0x99, 0xA5, 0x46, 0xF9, 0x00, 0x00, 0x00, 0x00, 0x99, 0xA5, 0x31, 0xFF, 0x0E, 0x00, 0x00, 0x00, 0xAC, 0x91, 0x04,
  0xF0, 0x4F, 0x00, 0x00, 0x03, 0xE5, 0x5A, 0x00, 0x83, 0xDA, 0x2B, 0x0D, 0x90, 0xE0, 0x07, 0x00, 0x04, 0x97, 0xFC, 0xFF, 0xD2, 0x2C, 0x00, 0x00, 0x00, 0x00, 0x08, 0x15, 0x00, 0x00, 0x00, 0x00, 0x00, 0x0C, 0x37, 0x02, 0x0A, 0x2C, 0x00, 0x00,
  0x00, 0xCA, 0xC2, 0xD7, 0xC4, 0x6E, 0x00, 0x00, 0x02, 0x48, 0x00, 0x27, 0x43, 0x00, 0x00, 0x00, 0x00, 0x00, 0x02, 0x0A, 0x00, 0x00, 0x00, 0x00, 0x02, 0x8D, 0xF7, 0xFE, 0xC4, 0x25, 0x00, 0x00, 0x7D, 0xE0, 0x39, 0x19, 0xA0, 0xD9, 0x05, 0x03,
  0xEC, 0x55, 0x00, 0x00, 0x07, 0xEA, 0x56, 0x2F, 0xFF, 0x10, 0x00, 0x00, 0x00, 0xAE, 0x8F, 0x45, 0xF9, 0x00, 0x00, 0x00, 0x00, 0x99, 0xA5, 0x46, 0xF9, 0x00, 0x00, 0x00, 0x00, 0x99, 0xA5, 0x31, 0xFF, 0x0E, 0x00, 0x00, 0x00, 0xAC, 0x91, 0x04,
  0xF0, 0x4F, 0x00, 0x00, 0x03, 0xE5, 0x5A, 0x00, 0x83, 0xDA, 0x2B, 0x0D, 0x90, 0xE0, 0x07, 0x00, 0x04, 0x97, 0xFC, 0xFF, 0xD2, 0x2C, 0x00, 0x00, 0x00, 0x00, 0x08, 0x15, 0x00, 0x00, 0x00, 0x00, 0x00, 0x06, 0x00, 0x00, 0x05, 0x00, 0x00, 0x00,
  0x00, 0xEB, 0x57, 0x06, 0xF3, 0x48, 0x00, 0x00, 0x00, 0x39, 0x0D, 0x00, 0x40, 0x0B, 0x00, 0x00, 0x00, 0x00, 0x02, 0x0A, 0x00, 0x00, 0x00, 0x00, 0x02, 0x8D, 0xF7, 0xFE, 0xC4, 0x25, 0x00, 0x00, 0x7D, 0xE0, 0x39, 0x19, 0xA0, 0xD9, 0x05, 0x03,
  0xEC, 0x55, 0x00, 0x00, 0x07, 0xEA, 0x56, 0x2F, 0xFF, 0x10, 0x00, 0x00, 0x00, 0xAE, 0x8F, 0x45, 0xF9, 0x00, 0x00, 0x00, 0x00, 0x99, 0xA5, 0x46, 0xF9, 0x00, 0x00, 0x00, 0x00, 0x99, 0xA5, 0x31, 0xFF, 0x0E, 0x00, 0x00, 0x00, 0xAC, 0x91, 0x04,
  0xF0, 0x4F, 0x00, 0x00, 0x03, 0xE5, 0x5A, 0x00, 0x83, 0xDA, 0x2B, 0x0D, 0x90, 0xE0, 0x07, 0x00, 0x04, 0x97, 0xFC, 0xFF, 0xD2, 0x2C, 0x00, 0x00, 0x00, 0x00, 0x08, 0x15, 0x00, 0x00, 0x00, 0x2B, 0x45, 0x00, 0x00, 0x01, 0x69, 0x06, 0x61, 0xF5,
  0x42, 0x00, 0x96, 0xE5, 0x1E, 0x00, 0x6E, 0xF4, 0xAD, 0xE8, 0x28, 0x00, 0x00, 0x00, 0xBF, 0xFF, 0x62, 0x00, 0x00, 0x00, 0x88, 0xEB, 0x92, 0xF2, 0x37, 0x00, 0x75, 0xED, 0x30, 0x00, 0x7E, 0xF0, 0x25, 0x24, 0x32, 0x00, 0x00, 0x00, 0x54, 0x02,
  0x00, 0x00, 0x00, 0x06, 0x0C, 0x00, 0x0B, 0x4D, 0x00, 0x02, 0x8F, 0xFA, 0xFF, 0xC2, 0x9E, 0x71, 0x00, 0x8B, 0xDE, 0x2D, 0x1A, 0xAA, 0xF5, 0x06, 0x0B, 0xF7, 0x4C, 0x00, 0x00, 0xB3, 0xF9, 0x40, 0x34, 0xFE, 0x06, 0x00, 0x4A, 0xAD, 0xBC, 0x7D,
  0x50, 0xEE, 0x00, 0x06, 0xD1, 0x1F, 0xA6, 0x98, 0x52, 0xEC, 0x00, 0x79, 0x7E, 0x00, 0xA6, 0x98, 0x41, 0xF9, 0x20, 0xD3, 0x08, 0x00, 0xBC, 0x7B, 0x0E, 0xF8, 0xD3, 0x4E, 0x00, 0x07, 0xED, 0x4B, 0x00, 0x9C, 0xEE, 0x25, 0x13, 0x9D, 0xD6, 0x05,
  0x03, 0xCC, 0xAA, 0xFD, 0xFF, 0xCB, 0x1B, 0x00, 0x35, 0x69, 0x00, 0x0A, 0x19, 0x00, 0x00, 0x00, 0x00, 0x00, 0x03, 0x1F, 0x0C, 0x00, 0x00, 0x00, 0x00, 0x00, 0x00, 0x92, 0xC3, 0x02, 0x00, 0x00, 0x00, 0x00, 0x00, 0x01, 0x89, 0x3A, 0x00, 0x00,
  0x08, 0xF3, 0x29, 0x00, 0x00, 0x00, 0xBF, 0x6A, 0x09, 0xFF, 0x2C, 0x00, 0x00, 0x00, 0xCA, 0x70, 0x09, 0xFF, 0x2C, 0x00, 0x00, 0x00, 0xCB, 0x70, 0x0A, 0xFF, 0x2D, 0x00, 0x00, 0x00, 0xCC, 0x71, 0x0A, 0xFF, 0x2D, 0x00, 0x00, 0x00, 0xCD, 0x71,
  0x0B, 0xFF, 0x2E, 0x00, 0x00, 0x00, 0xCE, 0x72, 0x0B, 0xFF, 0x30, 0x00, 0x00, 0x00, 0xD1, 0x72, 0x00, 0xEB, 0x54, 0x00, 0x00, 0x04, 0xEF, 0x50, 0x00, 0x8E, 0xD4, 0x20, 0x07, 0x8A, 0xE4, 0x0D, 0x00, 0x09, 0x9B, 0xFC, 0xFB, 0xD3, 0x30, 0x00,
  0x00, 0x00, 0x00, 0x0E, 0x1B, 0x00, 0x00, 0x00, 0x00, 0x00, 0x00, 0x00, 0x00, 0x1F, 0x10, 0x00, 0x00, 0x00, 0x00, 0x00, 0x60, 0xDA, 0x1B, 0x00, 0x00, 0x00, 0x00, 0x07, 0x9B, 0x1A, 0x00, 0x00, 0x08, 0xF3, 0x29, 0x00, 0x00, 0x00, 0xBF, 0x6A,
  0x09, 0xFF, 0x2C, 0x00, 0x00, 0x00, 0xCA, 0x70, 0x09, 0xFF, 0x2C, 0x00, 0x00, 0x00, 0xCB, 0x70, 0x0A, 0xFF, 0x2D, 0x00, 0x00, 0x00, 0xCC, 0x71, 0x0A, 0xFF, 0x2D, 0x00, 0x00, 0x00, 0xCD, 0x71, 0x0B, 0xFF, 0x2E, 0x00, 0x00, 0x00, 0xCE, 0x72,
  0x0B, 0xFF, 0x30, 0x00, 0x00, 0x00, 0xD1, 0x72, 0x00, 0xEB, 0x54, 0x00, 0x00, 0x04, 0xEF, 0x50, 0x00, 0x8E, 0xD4, 0x20, 0x07, 0x8A, 0xE4, 0x0D, 0x00, 0x09, 0x9B, 0xFC, 0xFB, 0xD3, 0x30, 0x00, 0x00, 0x00, 0x00, 0x0E, 0x1B, 0x00, 0x00, 0x00,
  0x00, 0x00, 0x00, 0x12, 0x59, 0x02, 0x00, 0x00, 0x00, 0x00, 0x15, 0xCB, 0xAC, 0xA5, 0x03, 0x00, 0x00, 0x00, 0x43, 0x40, 0x00, 0x5B, 0x29, 0x00, 0x08, 0xF3, 0x29, 0x00, 0x00, 0x00, 0xBF, 0x6A, 0x09, 0xFF, 0x2C, 0x00, 0x00, 0x00, 0xCA, 0x70,
  0x09, 0xFF, 0x2C, 0x00, 0x00, 0x00, 0xCB, 0x70, 0x0A, 0xFF, 0x2D, 0x00, 0x00, 0x00, 0xCC, 0x71, 0x0A, 0xFF, 0x2D, 0x00, 0x00, 0x00, 0xCD, 0x71, 0x0B, 0xFF, 0x2E, 0x00, 0x00, 0x00, 0xCE, 0x72, 0x0B, 0xFF, 0x30, 0x00, 0x00, 0x00, 0xD1, 0x72,
  0x00, 0xEB, 0x54, 0x00, 0x00, 0x04, 0xEF, 0x50, 0x00, 0x8E, 0xD4, 0x20, 0x07, 0x8A, 0xE4, 0x0D, 0x00, 0x09, 0x9B, 0xFC, 0xFB, 0xD3, 0x30, 0x00, 0x00, 0x00, 0x00, 0x0E, 0x1B, 0x00, 0x00, 0x00, 0x00, 0x00, 0x06, 0x00, 0x00, 0x05, 0x00, 0x00,
  0x00, 0x00, 0xEB, 0x57, 0x06, 0xF3, 0x48, 0x00, 0x00, 0x00, 0x39, 0x0D, 0x00, 0x40, 0x0B, 0x00, 0x08, 0xF3, 0x29, 0x00, 0x00, 0x00, 0xBF, 0x6A, 0x09, 0xFF, 0x2C, 0x00, 0x00, 0x00, 0xCA, 0x70, 0x09, 0xFF, 0x2C, 0x00, 0x00, 0x00, 0xCB, 0x70,
  0x0A, 0xFF, 0x2D, 0x00, 0x00, 0x00, 0xCC, 0x71, 0x0A, 0xFF, 0x2D, 0x00, 0x00, 0x00, 0xCD, 0x71, 0x0B, 0xFF, 0x2E, 0x00, 0x00, 0x00, 0xCE, 0x72, 0x0B, 0xFF, 0x30, 0x00, 0x00, 0x00, 0xD1, 0x72, 0x00, 0xEB, 0x54, 0x00, 0x00, 0x04, 0xEF, 0x50,
  0x00, 0x8E, 0xD4, 0x20, 0x07, 0x8A, 0xE4, 0x0D, 0x00, 0x09, 0x9B, 0xFC, 0xFB, 0xD3, 0x30, 0x00, 0x00, 0x00, 0x00, 0x0E, 0x1B, 0x00, 0x00, 0x00, 0x00, 0x00, 0x00, 0x00, 0x00, 0x1F, 0x10, 0x00, 0x00, 0x00, 0x00, 0x00, 0x60, 0xDA, 0x1B, 0x00,
  0x00, 0x00, 0x00, 0x07, 0x9B, 0x1A, 0x00, 0x00, 0x53, 0xEE, 0x17, 0x00, 0x00, 0x00, 0xC8, 0x8F, 0x02, 0xD8, 0x83, 0x00, 0x00, 0x44, 0xFA, 0x20, 0x00, 0x5C, 0xED, 0x0A, 0x00, 0xB8, 0x9B, 0x00, 0x00, 0x03, 0xDA, 0x6B, 0x2D, 0xFA, 0x21, 0x00,
  0x00, 0x00, 0x5E, 0xDD, 0xA3, 0x9D, 0x00, 0x00, 0x00, 0x00, 0x03, 0xDB, 0xFB, 0x23, 0x00, 0x00, 0x00, 0x00, 0x00, 0x81, 0xC0, 0x00, 0x00, 0x00, 0x00, 0x00, 0x00, 0x7B, 0xB8, 0x00, 0x00, 0x00, 0x00, 0x00, 0x00, 0x7A, 0xB6, 0x00, 0x00, 0x00,
  0x00, 0x00, 0x00, 0x78, 0xB4, 0x00, 0x00, 0x00, 0x00, 0x3C, 0x94, 0x8C, 0x23, 0x00, 0x00, 0x3F, 0xF7, 0x84, 0xA3, 0xE7, 0x0D, 0x00, 0xAD, 0x9A, 0x00, 0x03, 0xF5, 0x3E, 0x00, 0xD2, 0x6C, 0x00, 0x1B, 0xFC, 0x24, 0x00, 0xD7, 0x67, 0x00, 0x9B,
  0xB4, 0x00, 0x00, 0xD7, 0x67, 0x00, 0xCC, 0x7D, 0x00, 0x00, 0xD7, 0x67, 0x00, 0x7A, 0xE9, 0x25, 0x00, 0xD7, 0x67, 0x00, 0x01, 0x9D, 0xE5, 0x15, 0xD7, 0x67, 0x00, 0x00, 0x03, 0xDE, 0x71, 0xD7, 0x67, 0x2B, 0x05, 0x0D, 0xE5, 0x66, 0xD7, 0x67,
  0xB1, 0xF4, 0xF6, 0xC2, 0x0B, 0x00, 0x00, 0x00, 0x15, 0x16, 0x00, 0x00, 0x03, 0x1F, 0x0C, 0x00, 0x00, 0x00, 0x00, 0x00, 0x92, 0xC3, 0x02, 0x00, 0x00, 0x00, 0x00, 0x01, 0x89, 0x3A, 0x00, 0x00, 0x00, 0x00, 0x22, 0x6D, 0x7B, 0x45, 0x00, 0x00,
  0x48, 0xF2, 0x99, 0x8D, 0xE9, 0x95, 0x00, 0x75, 0x61, 0x00, 0x00, 0x46, 0xFA, 0x08, 0x00, 0x1C, 0x5F, 0x78, 0x90, 0xFF, 0x1B, 0x5A, 0xEF, 0x94, 0x6E, 0x7F, 0xFF, 0x1B, 0xD6, 0x6A, 0x00, 0x00, 0x28, 0xFF, 0x1B, 0xD1, 0xA2, 0x08, 0x18, 0xAA,
  0xFF, 0x1F, 0x3A, 0xE3, 0xFE, 0xF5, 0x8B, 0xFF, 0x44, 0x00, 0x01, 0x1A, 0x08, 0x00, 0x00, 0x00, 0x00, 0x00, 0x00, 0x00, 0x1F, 0x10, 0x00, 0x00, 0x00, 0x00, 0x60, 0xDA, 0x1B, 0x00, 0x00, 0x00, 0x07, 0x9B, 0x1A, 0x00, 0x00, 0x00, 0x22, 0x6D,
  0x7B, 0x45, 0x00, 0x00, 0x48, 0xF2, 0x99, 0x8D, 0xE9, 0x95, 0x00, 0x75, 0x61, 0x00, 0x00, 0x46, 0xFA, 0x08, 0x00, 0x1C, 0x5F, 0x78, 0x90, 0xFF, 0x1B, 0x5A, 0xEF, 0x94, 0x6E, 0x7F, 0xFF, 0x1B, 0xD6, 0x6A, 0x00, 0x00, 0x28, 0xFF, 0x1B, 0xD1,
  0xA2, 0x08, 0x18, 0xAA, 0xFF, 0x1F, 0x3A, 0xE3, 0xFE, 0xF5, 0x8B, 0xFF, 0x44, 0x00, 0x01, 0x1A, 0x08, 0x00, 0x00, 0x00, 0x00, 0x00, 0x12, 0x59, 0x02, 0x00, 0x00, 0x00, 0x15, 0xCB, 0xAC, 0xA5, 0x03, 0x00, 0x00, 0x43, 0x40, 0x00, 0x5B, 0x29,
  0x00, 0x00, 0x22, 0x6D, 0x7B, 0x45, 0x00, 0x00, 0x48, 0xF2, 0x99, 0x8D, 0xE9, 0x95, 0x00, 0x75, 0x61, 0x00, 0x00, 0x46, 0xFA, 0x08, 0x00, 0x1C, 0x5F, 0x78, 0x90, 0xFF, 0x1B, 0x5A, 0xEF, 0x94, 0x6E, 0x7F, 0xFF, 0x1B, 0xD6, 0x6A, 0x00, 0x00,
  0x28, 0xFF, 0x1B, 0xD1, 0xA2, 0x08, 0x18, 0xAA, 0xFF, 0x1F, 0x3A, 0xE3, 0xFE, 0xF5, 0x8B, 0xFF, 0x44, 0x00, 0x01, 0x1A, 0x08, 0x00, 0x00, 0x00, 0x00, 0x0C, 0x37, 0x02, 0x0A, 0x2C, 0x00, 0x00, 0xCA, 0xC2, 0xD7, 0xC4, 0x6E, 0x00, 0x02, 0x48,
  0x00, 0x27, 0x43, 0x00, 0x00, 0x00, 0x22, 0x6D, 0x7B, 0x45, 0x00, 0x00, 0x48, 0xF2, 0x99, 0x8D, 0xE9, 0x95, 0x00, 0x75, 0x61, 0x00, 0x00, 0x46, 0xFA, 0x08, 0x00, 0x1C, 0x5F, 0x78, 0x90, 0xFF, 0x1B, 0x5A, 0xEF, 0x94, 0x6E, 0x7F, 0xFF, 0x1B,
  0xD6, 0x6A, 0x00, 0x00, 0x28, 0xFF, 0x1B, 0xD1, 0xA2, 0x08, 0x18, 0xAA, 0xFF, 0x1F, 0x3A, 0xE3, 0xFE, 0xF5, 0x8B, 0xFF, 0x44, 0x00, 0x01, 0x1A, 0x08, 0x00, 0x00, 0x00, 0x00, 0x06, 0x00, 0x00, 0x05, 0x00, 0x00, 0x00, 0xEB, 0x57, 0x06, 0xF3,
  0x48, 0x00, 0x00, 0x39, 0x0D, 0x00, 0x40, 0x0B, 0x00, 0x00, 0x22, 0x6D, 0x7B, 0x45, 0x00, 0x00, 0x48, 0xF2, 0x99, 0x8D, 0xE9, 0x95, 0x00, 0x75, 0x61, 0x00, 0x00, 0x46, 0xFA, 0x08, 0x00, 0x1C, 0x5F, 0x78, 0x90, 0xFF, 0x1B, 0x5A, 0xEF, 0x94,
  0x6E, 0x7F, 0xFF, 0x1B, 0xD6, 0x6A, 0x00, 0x00, 0x28, 0xFF, 0x1B, 0xD1, 0xA2, 0x08, 0x18, 0xAA, 0xFF, 0x1F, 0x3A, 0xE3, 0xFE, 0xF5, 0x8B, 0xFF, 0x44, 0x00, 0x01, 0x1A, 0x08, 0x00, 0x00, 0x00, 0x00, 0x00, 0x20, 0x3E, 0x00, 0x00, 0x00, 0x00,
  0x14, 0xB4, 0x79, 0x6B, 0x00, 0x00, 0x00, 0x17, 0xB1, 0x6F, 0x70, 0x00, 0x00, 0x00, 0x00, 0x28, 0x48, 0x02, 0x00, 0x00, 0x00, 0x22, 0x6D, 0x7B, 0x45, 0x00, 0x00, 0x48, 0xF2, 0x99, 0x8D, 0xE9, 0x95, 0x00, 0x75, 0x61, 0x00, 0x00, 0x46, 0xFA,
  0x08, 0x00, 0x1C, 0x5F, 0x78, 0x90, 0xFF, 0x1B, 0x5A, 0xEF, 0x94, 0x6E, 0x7F, 0xFF, 0x1B, 0xD6, 0x6A, 0x00, 0x00, 0x28, 0xFF, 0x1B, 0xD1, 0xA2, 0x08, 0x18, 0xAA, 0xFF, 0x1F, 0x3A, 0xE3, 0xFE, 0xF5, 0x8B, 0xFF, 0x44, 0x00, 0x01, 0x1A, 0x08,
  0x00, 0x00, 0x00, 0x00, 0x3D, 0x7D, 0x57, 0x1A, 0x76, 0x68, 0x0A, 0x00, 0x48, 0xF5, 0x90, 0xE9, 0xF6, 0xA3, 0xC4, 0xBF, 0x00, 0x4A, 0x63, 0x00, 0x87, 0xCF, 0x00, 0x1C, 0xFF, 0x14, 0x00, 0x0E, 0x42, 0xAB, 0xD0, 0x5F, 0x67, 0xFF, 0x27, 0x2E,
  0xEB, 0xC2, 0xCE, 0xE2, 0x9B, 0x9B, 0x9B, 0x18, 0x9B, 0xB4, 0x00, 0x7F, 0xBB, 0x00, 0x00, 0x00, 0x00, 0xA2, 0xAC, 0x00, 0x96, 0xF0, 0x22, 0x00, 0x22, 0x00, 0x36, 0xED, 0xF0, 0xB6, 0x90, 0xF9, 0xEC, 0xD2, 0x01, 0x00, 0x05, 0x19, 0x00, 0x00,
  0x0F, 0x1A, 0x00, 0x00, 0x00, 0x00, 0x11, 0x6A, 0x7C, 0x47, 0x00, 0x00, 0x00, 0x21, 0xDF, 0xC0, 0x8F, 0xDF, 0xA8, 0x00, 0x00, 0xA8, 0xAF, 0x00, 0x00, 0x18, 0xF8, 0x32, 0x00, 0xEB, 0x54, 0x00, 0x00, 0x00, 0x1F, 0x0B, 0x01, 0xFC, 0x44, 0x00,
  0x00, 0x00, 0x00, 0x00, 0x00, 0xDC, 0x6B, 0x00, 0x00, 0x00, 0x4B, 0x19, 0x00, 0x75, 0xDE, 0x22, 0x00, 0x52, 0xF5, 0x1C, 0x00, 0x03, 0x8B, 0xFA, 0xF0, 0xDF, 0x47, 0x00, 0x00, 0x00, 0x00, 0x0B, 0xCB, 0x9F, 0x04, 0x00, 0x00, 0x00, 0x00, 0x00,
  0x03, 0xD1, 0x35, 0x00, 0x00, 0x00, 0x00, 0x00, 0x9D, 0xA8, 0x06, 0x00, 0x00, 0x03, 0x1F, 0x0C, 0x00, 0x00, 0x00, 0x00, 0x00, 0x00, 0x92, 0xC3, 0x02, 0x00, 0x00, 0x00, 0x00, 0x00, 0x01, 0x89, 0x3A, 0x00, 0x00, 0x00, 0x00, 0x00, 0x0A, 0x66,
  0x80, 0x4A, 0x00, 0x00, 0x00, 0x1B, 0xDA, 0xBA, 0x90, 0xE5, 0x94, 0x00, 0x00, 0xAB, 0xA7, 0x00, 0x00, 0x20, 0xF9, 0x2A, 0x04, 0xFA, 0x93, 0x5F, 0x5F, 0x5F, 0xE6, 0x61, 0x0F, 0xFF, 0xBA, 0xA7, 0xA7, 0xA7, 0xA7, 0x4E, 0x00, 0xE9, 0x63, 0x00,
  0x00, 0x00, 0x00, 0x00, 0x00, 0x7F, 0xE3, 0x30, 0x00, 0x1C, 0xAD, 0x20, 0x00, 0x05, 0x87, 0xF8, 0xED, 0xF1, 0x85, 0x01, 0x00, 0x00, 0x00, 0x09, 0x1D, 0x06, 0x00, 0x00, 0x00, 0x00, 0x00, 0x00, 0x00, 0x1F, 0x10, 0x00, 0x00, 0x00, 0x00, 0x00,
  0x60, 0xDA, 0x1B, 0x00, 0x00, 0x00, 0x00, 0x07, 0x9B, 0x1A, 0x00, 0x00, 0x00, 0x00, 0x0A, 0x66, 0x80, 0x4A, 0x00, 0x00, 0x00, 0x1B, 0xDA, 0xBA, 0x90, 0xE5, 0x94, 0x00, 0x00, 0xAB, 0xA7, 0x00, 0x00, 0x20, 0xF9, 0x2A, 0x04, 0xFA, 0x93, 0x5F,
  0x5F, 0x5F, 0xE6, 0x61, 0x0F, 0xFF, 0xBA, 0xA7, 0xA7, 0xA7, 0xA7, 0x4E, 0x00, 0xE9, 0x63, 0x00, 0x00, 0x00, 0x00, 0x00, 0x00, 0x7F, 0xE3, 0x30, 0x00, 0x1C, 0xAD, 0x20, 0x00, 0x05, 0x87, 0xF8, 0xED, 0xF1, 0x85, 0x01, 0x00, 0x00, 0x00, 0x09,
  0x1D, 0x06, 0x00, 0x00, 0x00, 0x00, 0x00, 0x12, 0x59, 0x02, 0x00, 0x00, 0x00, 0x00, 0x15, 0xCB, 0xAC, 0xA5, 0x03, 0x00, 0x00, 0x00, 0x43, 0x40, 0x00, 0x5B, 0x29, 0x00, 0x00, 0x00, 0x0A, 0x66, 0x80, 0x4A, 0x00, 0x00, 0x00, 0x1B, 0xDA, 0xBA,
  0x90, 0xE5, 0x94, 0x00, 0x00, 0xAB, 0xA7, 0x00, 0x00, 0x20, 0xF9, 0x2A, 0x04, 0xFA, 0x93, 0x5F, 0x5F, 0x5F, 0xE6, 0x61, 0x0F, 0xFF, 0xBA, 0xA7, 0xA7, 0xA7, 0xA7, 0x4E, 0x00, 0xE9, 0x63, 0x00, 0x00, 0x00, 0x00, 0x00, 0x00, 0x7F, 0xE3, 0x30,
  0x00, 0x1C, 0xAD, 0x20, 0x00, 0x05, 0x87, 0xF8, 0xED, 0xF1, 0x85, 0x01, 0x00, 0x00, 0x00, 0x09, 0x1D, 0x06, 0x00, 0x00, 0x00, 0x00, 0x06, 0x00, 0x00, 0x05, 0x00, 0x00, 0x00, 0x00, 0xEB, 0x57, 0x06, 0xF3, 0x48, 0x00, 0x00, 0x00, 0x39, 0x0D,
  0x00, 0x40, 0x0B, 0x00, 0x00, 0x00, 0x0A, 0x66, 0x80, 0x4A, 0x00, 0x00, 0x00, 0x1B, 0xDA, 0xBA, 0x90, 0xE5, 0x94, 0x00, 0x00, 0xAB, 0xA7, 0x00, 0x00, 0x20, 0xF9, 0x2A, 0x04, 0xFA, 0x93, 0x5F, 0x5F, 0x5F, 0xE6, 0x61, 0x0F, 0xFF, 0xBA, 0xA7,
  0xA7, 0xA7, 0xA7, 0x4E, 0x00, 0xE9, 0x63, 0x00, 0x00, 0x00, 0x00, 0x00, 0x00, 0x7F, 0xE3, 0x30, 0x00, 0x1C, 0xAD, 0x20, 0x00, 0x05, 0x87, 0xF8, 0xED, 0xF1, 0x85, 0x01, 0x00, 0x00, 0x00, 0x09, 0x1D, 0x06, 0x00, 0x00, 0x00, 0x03, 0x1F, 0x0C,
  0x00, 0x00, 0x00, 0x00, 0x00, 0x92, 0xC3, 0x02, 0x00, 0x00, 0x00, 0x00, 0x01, 0x89, 0x3A, 0x00, 0x00, 0x3C, 0x63, 0x63, 0x63, 0x11, 0x00, 0x00, 0x6D, 0xB3, 0xBB, 0xFF, 0x2B, 0x00, 0x00, 0x00, 0x00, 0x17, 0xFF, 0x2B, 0x00, 0x00, 0x00, 0x00,
  0x17, 0xFF, 0x2B, 0x00, 0x00, 0x00, 0x00, 0x17, 0xFF, 0x2B, 0x00, 0x00, 0x00, 0x00, 0x17, 0xFF, 0x2B, 0x00, 0x00, 0x0E, 0x17, 0x2D, 0xFF, 0x3F, 0x17, 0x0D, 0x9B, 0xFF, 0xFF, 0xFF, 0xFF, 0xFF, 0x93, 0x00, 0x00, 0x00, 0x00, 0x1F, 0x10, 0x00,
  0x00, 0x00, 0x00, 0x60, 0xDA, 0x1B, 0x00, 0x00, 0x00, 0x07, 0x9B, 0x1A, 0x00, 0x00, 0x3C, 0x63, 0x63, 0x63, 0x11, 0x00, 0x00, 0x6D, 0xB3, 0xBB, 0xFF, 0x2B, 0x00, 0x00, 0x00, 0x00, 0x17, 0xFF, 0x2B, 0x00, 0x00, 0x00, 0x00, 0x17, 0xFF, 0x2B,
  0x00, 0x00, 0x00, 0x00, 0x17, 0xFF, 0x2B, 0x00, 0x00, 0x00, 0x00, 0x17, 0xFF, 0x2B, 0x00, 0x00, 0x0E, 0x17, 0x2D, 0xFF, 0x3F, 0x17, 0x0D, 0x9B, 0xFF, 0xFF, 0xFF, 0xFF, 0xFF, 0x93, 0x00, 0x00, 0x12, 0x59, 0x02, 0x00, 0x00, 0x00, 0x15, 0xCB,
  0xAC, 0xA5, 0x03, 0x00, 0x00, 0x43, 0x40, 0x00, 0x5B, 0x29, 0x00, 0x3C, 0x63, 0x63, 0x63, 0x11, 0x00, 0x00, 0x6D, 0xB3, 0xBB, 0xFF, 0x2B, 0x00, 0x00, 0x00, 0x00, 0x17, 0xFF, 0x2B, 0x00, 0x00, 0x00, 0x00, 0x17, 0xFF, 0x2B, 0x00, 0x00, 0x00,
  0x00, 0x17, 0xFF, 0x2B, 0x00, 0x00, 0x00, 0x00, 0x17, 0xFF, 0x2B, 0x00, 0x00, 0x0E, 0x17, 0x2D, 0xFF, 0x3F, 0x17, 0x0D, 0x9B, 0xFF, 0xFF, 0xFF, 0xFF, 0xFF, 0x93, 0x00, 0x06, 0x00, 0x00, 0x05, 0x00, 0x00, 0x00, 0xEB, 0x57, 0x06, 0xF3, 0x48,
  0x00, 0x00, 0x39, 0x0D, 0x00, 0x40, 0x0B, 0x00, 0x3C, 0x63, 0x63, 0x63, 0x11, 0x00, 0x00, 0x6D, 0xB3, 0xBB, 0xFF, 0x2B, 0x00, 0x00, 0x00, 0x00, 0x17, 0xFF, 0x2B, 0x00, 0x00, 0x00, 0x00, 0x17, 0xFF, 0x2B, 0x00, 0x00, 0x00, 0x00, 0x17, 0xFF,
  0x2B, 0x00, 0x00, 0x00, 0x00, 0x17, 0xFF, 0x2B, 0x00, 0x00, 0x0E, 0x17, 0x2D, 0xFF, 0x3F, 0x17, 0x0D, 0x9B, 0xFF, 0xFF, 0xFF, 0xFF, 0xFF, 0x93, 0x00, 0x0C, 0x37, 0x02, 0x0A, 0x2C, 0x00, 0x00, 0xCA, 0xC2, 0xD7, 0xC4, 0x6E, 0x00, 0x02, 0x48,
  0x00, 0x27, 0x43, 0x00, 0x00, 0x51, 0x22, 0x36, 0x7C, 0x63, 0x09, 0x00, 0xCF, 0xC2, 0xBF, 0x95, 0xDE, 0xC5, 0x01, 0xCF, 0xA1, 0x00, 0x00, 0x26, 0xFF, 0x29, 0xCF, 0x73, 0x00, 0x00, 0x00, 0xFD, 0x46, 0xCF, 0x73, 0x00, 0x00, 0x00, 0xFB, 0x47,
  0xCF, 0x73, 0x00, 0x00, 0x00, 0xFB, 0x47, 0xCF, 0x73, 0x00, 0x00, 0x00, 0xFB, 0x47, 0xCF, 0x73, 0x00, 0x00, 0x00, 0xFB, 0x47, 0x00, 0x03, 0x1F, 0x0C, 0x00, 0x00, 0x00, 0x00, 0x00, 0x00, 0x92, 0xC3, 0x02, 0x00, 0x00, 0x00, 0x00, 0x00, 0x01,
  0x89, 0x3A, 0x00, 0x00, 0x00, 0x00, 0x00, 0x18, 0x70, 0x7F, 0x3D, 0x00, 0x00, 0x00, 0x34, 0xEB, 0xB4, 0x96, 0xED, 0x86, 0x00, 0x00, 0xC9, 0x94, 0x00, 0x00, 0x32, 0xFD, 0x2F, 0x0E, 0xFF, 0x30, 0x00, 0x00, 0x00, 0xCF, 0x71, 0x23, 0xFF, 0x1E,
  0x00, 0x00, 0x00, 0xBB, 0x87, 0x04, 0xF9, 0x48, 0x00, 0x00, 0x02, 0xE4, 0x62, 0x00, 0x95, 0xCD, 0x17, 0x03, 0x7B, 0xEB, 0x0F, 0x00, 0x0B, 0xA1, 0xFB, 0xF5, 0xDB, 0x36, 0x00, 0x00, 0x00, 0x00, 0x0F, 0x1B, 0x01, 0x00, 0x00, 0x00, 0x00, 0x00,
  0x00, 0x00, 0x1F, 0x10, 0x00, 0x00, 0x00, 0x00, 0x00, 0x60, 0xDA, 0x1B, 0x00, 0x00, 0x00, 0x00, 0x07, 0x9B, 0x1A, 0x00, 0x00, 0x00, 0x00, 0x18, 0x70, 0x7F, 0x3D, 0x00, 0x00, 0x00, 0x34, 0xEB, 0xB4, 0x96, 0xED, 0x86, 0x00, 0x00, 0xC9, 0x94,
  0x00, 0x00, 0x32, 0xFD, 0x2F, 0x0E, 0xFF, 0x30, 0x00, 0x00, 0x00, 0xCF, 0x71, 0x23, 0xFF, 0x1E, 0x00, 0x00, 0x00, 0xBB, 0x87, 0x04, 0xF9, 0x48, 0x00, 0x00, 0x02, 0xE4, 0x62, 0x00, 0x95, 0xCD, 0x17, 0x03, 0x7B, 0xEB, 0x0F, 0x00, 0x0B, 0xA1,
  0xFB, 0xF5, 0xDB, 0x36, 0x00, 0x00, 0x00, 0x00, 0x0F, 0x1B, 0x01, 0x00, 0x00, 0x00, 0x00, 0x00, 0x12, 0x59, 0x02, 0x00, 0x00, 0x00, 0x00, 0x15, 0xCB, 0xAC, 0xA5, 0x03, 0x00, 0x00, 0x00, 0x43, 0x40, 0x00, 0x5B, 0x29, 0x00, 0x00, 0x00, 0x18,
  0x70, 0x7F, 0x3D, 0x00, 0x00, 0x00, 0x34, 0xEB, 0xB4, 0x96, 0xED, 0x86, 0x00, 0x00, 0xC9, 0x94, 0x00, 0x00, 0x32, 0xFD, 0x2F, 0x0E, 0xFF, 0x30, 0x00, 0x00, 0x00, 0xCF, 0x71, 0x23, 0xFF, 0x1E, 0x00, 0x00, 0x00, 0xBB, 0x87, 0x04, 0xF9, 0x48,
  0x00, 0x00, 0x02, 0xE4, 0x62, 0x00, 0x95, 0xCD, 0x17, 0x03, 0x7B, 0xEB, 0x0F, 0x00, 0x0B, 0xA1, 0xFB, 0xF5, 0xDB, 0x36, 0x00, 0x00, 0x00, 0x00, 0x0F, 0x1B, 0x01, 0x00, 0x00, 0x00, 0x00, 0x0C, 0x37, 0x02, 0x0A, 0x2C, 0x00, 0x00, 0x00, 0xCA,
  0xC2, 0xD7, 0xC4, 0x6E, 0x00, 0x00, 0x02, 0x48, 0x00, 0x27, 0x43, 0x00, 0x00, 0x00, 0x00, 0x18, 0x70, 0x7F, 0x3D, 0x00, 0x00, 0x00, 0x34, 0xEB, 0xB4, 0x96, 0xED, 0x86, 0x00, 0x00, 0xC9, 0x94, 0x00, 0x00, 0x32, 0xFD, 0x2F, 0x0E, 0xFF, 0x30,
  0x00, 0x00, 0x00, 0xCF, 0x71, 0x23, 0xFF, 0x1E, 0x00, 0x00, 0x00, 0xBB, 0x87, 0x04, 0xF9, 0x48, 0x00, 0x00, 0x02, 0xE4, 0x62, 0x00, 0x95, 0xCD, 0x17, 0x03, 0x7B, 0xEB, 0x0F, 0x00, 0x0B, 0xA1, 0xFB, 0xF5, 0xDB, 0x36, 0x00, 0x00, 0x00, 0x00,
  0x0F, 0x1B, 0x01, 0x00, 0x00, 0x00, 0x00, 0x06, 0x00, 0x00, 0x05, 0x00, 0x00, 0x00, 0x00, 0xEB, 0x57, 0x06, 0xF3, 0x48, 0x00, 0x00, 0x00, 0x39, 0x0D, 0x00, 0x40, 0x0B, 0x00, 0x00, 0x00, 0x18, 0x70, 0x7F, 0x3D, 0x00, 0x00, 0x00, 0x34, 0xEB,
  0xB4, 0x96, 0xED, 0x86, 0x00, 0x00, 0xC9, 0x94, 0x00, 0x00, 0x32, 0xFD, 0x2F, 0x0E, 0xFF, 0x30, 0x00, 0x00, 0x00, 0xCF, 0x71, 0x23, 0xFF, 0x1E, 0x00, 0x00, 0x00, 0xBB, 0x87, 0x04, 0xF9, 0x48, 0x00, 0x00, 0x02, 0xE4, 0x62, 0x00, 0x95, 0xCD,
  0x17, 0x03, 0x7B, 0xEB, 0x0F, 0x00, 0x0B, 0xA1, 0xFB, 0xF5, 0xDB, 0x36, 0x00, 0x00, 0x00, 0x00, 0x0F, 0x1B, 0x01, 0x00, 0x00, 0x00, 0x00, 0x00, 0x07, 0x1C, 0x00, 0x00, 0x00, 0x00, 0x00, 0x00, 0x70, 0xDE, 0x00, 0x00, 0x00, 0x00, 0x00, 0x00,
  0x06, 0x1A, 0x00, 0x00, 0x00, 0x14, 0x5B, 0x5B, 0x5B, 0x5B, 0x5B, 0x5B, 0x38, 0x31, 0xE3, 0xE3, 0xE3, 0xE3, 0xE3, 0xE3, 0x8A, 0x00, 0x00, 0x00, 0x00, 0x00, 0x00, 0x00, 0x00, 0x00, 0x00, 0x00, 0x37, 0x76, 0x00, 0x00, 0x00, 0x00, 0x00, 0x00,
  0x4C, 0x9A, 0x00, 0x00, 0x00, 0x00, 0x00, 0x00, 0x00, 0x00, 0x00, 0x38, 0x00, 0x00, 0x00, 0x18, 0x70, 0x7E, 0x7A, 0x8B, 0x00, 0x00, 0x34, 0xEB, 0xB4, 0x90, 0xFD, 0x94, 0x00, 0x00, 0xC9, 0x94, 0x00, 0x4A, 0xAF, 0xFC, 0x32, 0x0E, 0xFF, 0x30,
  0x00, 0xBF, 0x17, 0xCB, 0x79, 0x26, 0xFF, 0x1F, 0x47, 0x8F, 0x00, 0xBB, 0x87, 0x0B, 0xF9, 0x48, 0xBD, 0x19, 0x02, 0xE4, 0x62, 0x00, 0x9F, 0xE2, 0x94, 0x03, 0x7B, 0xEB, 0x0F, 0x00, 0x0B, 0xE7, 0xF7, 0xF4, 0xDB, 0x36, 0x00, 0x00, 0x35, 0x90,
  0x0F, 0x1B, 0x01, 0x00, 0x00, 0x03, 0x1F, 0x0C, 0x00, 0x00, 0x00, 0x00, 0x00, 0x92, 0xC3, 0x02, 0x00, 0x00, 0x00, 0x00, 0x01, 0x89, 0x3A, 0x00, 0x00, 0x00, 0x4C, 0x31, 0x00, 0x00, 0x06, 0x63, 0x15, 0xC3, 0x7F, 0x00, 0x00, 0x0F, 0xFF, 0x37,
  0xC3, 0x7F, 0x00, 0x00, 0x0F, 0xFF, 0x37, 0xC3, 0x7F, 0x00, 0x00, 0x0F, 0xFF, 0x37, 0xC3, 0x7F, 0x00, 0x00, 0x0F, 0xFF, 0x37, 0xB5, 0x8B, 0x00, 0x00, 0x10, 0xFF, 0x37, 0x84, 0xD2, 0x0E, 0x07, 0x87, 0xFF, 0x37, 0x12, 0xC8, 0xFC, 0xF6, 0x6F,
  0xF9, 0x37, 0x00, 0x00, 0x16, 0x0C, 0x00, 0x00, 0x00, 0x00, 0x00, 0x00, 0x00, 0x1F, 0x10, 0x00, 0x00, 0x00, 0x00, 0x60, 0xDA, 0x1B, 0x00, 0x00, 0x00, 0x07, 0x9B, 0x1A, 0x00, 0x00, 0x4C, 0x31, 0x00, 0x00, 0x06, 0x63, 0x15, 0xC3, 0x7F, 0x00,
  0x00, 0x0F, 0xFF, 0x37, 0xC3, 0x7F, 0x00, 0x00, 0x0F, 0xFF, 0x37, 0xC3, 0x7F, 0x00, 0x00, 0x0F, 0xFF, 0x37, 0xC3, 0x7F, 0x00, 0x00, 0x0F, 0xFF, 0x37, 0xB5, 0x8B, 0x00, 0x00, 0x10, 0xFF, 0x37, 0x84, 0xD2, 0x0E, 0x07, 0x87, 0xFF, 0x37, 0x12,
  0xC8, 0xFC, 0xF6, 0x6F, 0xF9, 0x37, 0x00, 0x00, 0x16, 0x0C, 0x00, 0x00, 0x00, 0x00, 0x00, 0x12, 0x59, 0x02, 0x00, 0x00, 0x00, 0x15, 0xCB, 0xAC, 0xA5, 0x03, 0x00, 0x00, 0x43, 0x40, 0x00, 0x5B, 0x29, 0x00, 0x4C, 0x31, 0x00, 0x00, 0x06, 0x63,
  0x15, 0xC3, 0x7F, 0x00, 0x00, 0x0F, 0xFF, 0x37, 0xC3, 0x7F, 0x00, 0x00, 0x0F, 0xFF, 0x37, 0xC3, 0x7F, 0x00, 0x00, 0x0F, 0xFF, 0x37, 0xC3, 0x7F, 0x00, 0x00, 0x0F, 0xFF, 0x37, 0xB5, 0x8B, 0x00, 0x00, 0x10, 0xFF, 0x37, 0x84, 0xD2, 0x0E, 0x07,
  0x87, 0xFF, 0x37, 0x12, 0xC8, 0xFC, 0xF6, 0x6F, 0xF9, 0x37, 0x00, 0x00, 0x16, 0x0C, 0x00, 0x00, 0x00, 0x00, 0x06, 0x00, 0x00, 0x05, 0x00, 0x00, 0x00, 0xEB, 0x57, 0x06, 0xF3, 0x48, 0x00, 0x00, 0x39, 0x0D, 0x00, 0x40, 0x0B, 0x00, 0x4C, 0x31,
  0x00, 0x00, 0x06, 0x63, 0x15, 0xC3, 0x7F, 0x00, 0x00, 0x0F, 0xFF, 0x37, 0xC3, 0x7F, 0x00, 0x00, 0x0F, 0xFF, 0x37, 0xC3, 0x7F, 0x00, 0x00, 0x0F, 0xFF, 0x37, 0xC3, 0x7F, 0x00, 0x00, 0x0F, 0xFF, 0x37, 0xB5, 0x8B, 0x00, 0x00, 0x10, 0xFF, 0x37,
  0x84, 0xD2, 0x0E, 0x07, 0x87, 0xFF, 0x37, 0x12, 0xC8, 0xFC, 0xF6, 0x6F, 0xF9, 0x37, 0x00, 0x00, 0x16, 0x0C, 0x00, 0x00, 0x00, 0x00, 0x00, 0x00, 0x00, 0x00, 0x1F, 0x10, 0x00, 0x00, 0x00, 0x00, 0x00, 0x60, 0xDA, 0x1B, 0x00, 0x00, 0x00, 0x00,
  0x07, 0x9B, 0x1A, 0x00, 0x00, 0x2C, 0x5F, 0x00, 0x00, 0x00, 0x00, 0x39, 0x52, 0x23, 0xFD, 0x40, 0x00, 0x00, 0x00, 0xD9, 0x83, 0x00, 0xAD, 0xAD, 0x00, 0x00, 0x40, 0xF9, 0x19, 0x00, 0x39, 0xFC, 0x1E, 0x00, 0xA6, 0xA1, 0x00, 0x00, 0x00, 0xC5,
  0x87, 0x13, 0xF8, 0x32, 0x00, 0x00, 0x00, 0x51, 0xEC, 0x78, 0xC0, 0x00, 0x00, 0x00, 0x00, 0x02, 0xDB, 0xF8, 0x50, 0x00, 0x00, 0x00, 0x00, 0x00, 0x79, 0xDD, 0x02, 0x00, 0x00, 0x00, 0x00, 0x00, 0xC8, 0x6F, 0x00, 0x00, 0x00, 0x00, 0x1C, 0x82,
  0xE7, 0x0C, 0x00, 0x00, 0x00, 0x00, 0xDF, 0xD1, 0x34, 0x00, 0x00, 0x00, 0x00, 0x00, 0x00, 0x06, 0x00, 0x00, 0x05, 0x00, 0x00, 0x00, 0x00, 0xEB, 0x57, 0x06, 0xF3, 0x48, 0x00, 0x00, 0x00, 0x39, 0x0D, 0x00, 0x40, 0x0B, 0x00, 0x2C, 0x5F, 0x00,
  0x00, 0x00, 0x00, 0x39, 0x52, 0x23, 0xFD, 0x40, 0x00, 0x00, 0x00, 0xD9, 0x83, 0x00, 0xAD, 0xAD, 0x00, 0x00, 0x40, 0xF9, 0x19, 0x00, 0x39, 0xFC, 0x1E, 0x00, 0xA6, 0xA1, 0x00, 0x00, 0x00, 0xC5, 0x87, 0x13, 0xF8, 0x32, 0x00, 0x00, 0x00, 0x51,
  0xEC, 0x78, 0xC0, 0x00, 0x00, 0x00, 0x00, 0x02, 0xDB, 0xF8, 0x50, 0x00, 0x00, 0x00, 0x00, 0x00, 0x79, 0xDD, 0x02, 0x00, 0x00, 0x00, 0x00, 0x00, 0xC8, 0x6F, 0x00, 0x00, 0x00, 0x00, 0x1C, 0x82, 0xE7, 0x0C, 0x00, 0x00, 0x00, 0x00, 0xDF, 0xD1,
  0x34, 0x00, 0x00, 0x00, 0x00, 0x00, 0x00, 0xB7, 0x56, 0x0E, 0xDF, 0x21, 0x00, 0x00, 0x00, 0x2C, 0xBA, 0xCC, 0x6E, 0x00, 0x00, 0x00, 0x00, 0x00, 0x00, 0x00, 0x00, 0x00, 0x00, 0x00, 0x00, 0x00, 0x5E, 0xE8, 0x06, 0x00, 0x00, 0x00, 0x00, 0x00,
  0xB4, 0xFF, 0x49, 0x00, 0x00, 0x00, 0x00, 0x0E, 0xF8, 0xB1, 0x9A, 0x00, 0x00, 0x00, 0x00, 0x5A, 0xD4, 0x3F, 0xE9, 0x02, 0x00, 0x00, 0x00, 0xAD, 0x84, 0x04, 0xEE, 0x3C, 0x00, 0x00, 0x0A, 0xF5, 0x35, 0x00, 0xA4, 0x8E, 0x00, 0x00, 0x52, 0xFF,
  0xAD, 0xAB, 0xD1, 0xDF, 0x00, 0x00, 0xA5, 0xBA, 0x6B, 0x6B, 0x6D, 0xFA, 0x30, 0x06, 0xF1, 0x48, 0x00, 0x00, 0x00, 0xBB, 0x81, 0x4A, 0xF1, 0x06, 0x00, 0x00, 0x00, 0x6B, 0xD2, 0x00, 0xB7, 0x56, 0x0E, 0xDF, 0x21, 0x00, 0x00, 0x2C, 0xBA, 0xCC,
  0x6E, 0x00, 0x00, 0x00, 0x00, 0x00, 0x00, 0x00, 0x00, 0x00, 0x00, 0x22, 0x6D, 0x7B, 0x45, 0x00, 0x00, 0x48, 0xF2, 0x99, 0x8D, 0xE9, 0x95, 0x00, 0x75, 0x61, 0x00, 0x00, 0x46, 0xFA, 0x08, 0x00, 0x1C, 0x5F, 0x78, 0x90, 0xFF, 0x1B, 0x5A, 0xEF,
  0x94, 0x6E, 0x7F, 0xFF, 0x1B, 0xD6, 0x6A, 0x00, 0x00, 0x28, 0xFF, 0x1B, 0xD1, 0xA2, 0x08, 0x18, 0xAA, 0xFF, 0x1F, 0x3A, 0xE3, 0xFE, 0xF5, 0x8B, 0xFF, 0x44, 0x00, 0x01, 0x1A, 0x08, 0x00, 0x00, 0x00, 0x00, 0x00, 0x00, 0x5E, 0xE8, 0x06, 0x00,
  0x00, 0x00, 0x00, 0x00, 0xB4, 0xFF, 0x49, 0x00, 0x00, 0x00, 0x00, 0x0E, 0xF8, 0xB1, 0x9A, 0x00, 0x00, 0x00, 0x00, 0x5A, 0xD4, 0x3F, 0xE9, 0x02, 0x00, 0x00, 0x00, 0xAD, 0x84, 0x04, 0xEE, 0x3C, 0x00, 0x00, 0x0A, 0xF5, 0x35, 0x00, 0xA4, 0x8E,
  0x00, 0x00, 0x52, 0xFF, 0xAD, 0xAB, 0xD1, 0xDF, 0x00, 0x00, 0xA5, 0xBA, 0x6B, 0x6B, 0x6D, 0xFA, 0x30, 0x06, 0xF1, 0x48, 0x00, 0x00, 0x00, 0xBB, 0x81, 0x4A, 0xF1, 0x06, 0x00, 0x00, 0x00, 0x74, 0xD2, 0x00, 0x00, 0x00, 0x00, 0x00, 0x25, 0xCF,
  0x24, 0x00, 0x00, 0x00, 0x00, 0x00, 0x8F, 0x92, 0x0B, 0x00, 0x00, 0x00, 0x00, 0x00, 0x4B, 0xE7, 0xB1, 0x00, 0x22, 0x6D, 0x7B, 0x45, 0x00, 0x00, 0x48, 0xF2, 0x99, 0x8D, 0xE9, 0x95, 0x00, 0x75, 0x61, 0x00, 0x00, 0x46, 0xFA, 0x08, 0x00, 0x1C,
  0x5F, 0x78, 0x90, 0xFF, 0x1B, 0x5A, 0xEE, 0x93, 0x6E, 0x7F, 0xFF, 0x1B, 0xD6, 0x68, 0x00, 0x00, 0x28, 0xFF, 0x1B, 0xD1, 0xA2, 0x08, 0x18, 0xAA, 0xFF, 0x1F, 0x3A, 0xE3, 0xFE, 0xF5, 0x8B, 0xFF, 0x44, 0x00, 0x01, 0x1A, 0x08, 0x9E, 0x79, 0x01,
  0x00, 0x00, 0x00, 0x1D, 0xFB, 0x0E, 0x06, 0x00, 0x00, 0x00, 0x06, 0xBF, 0xE6, 0x37, 0x00, 0x00, 0x00, 0x00, 0x00, 0x1F, 0x10, 0x00, 0x00, 0x00, 0x00, 0x00, 0x60, 0xDA, 0x1B, 0x00, 0x00, 0x00, 0x00, 0x09, 0xA6, 0x1A, 0x00, 0x00, 0x00, 0x02,
  0x8A, 0xF3, 0xFA, 0xD6, 0x45, 0x00, 0x00, 0x82, 0xD7, 0x24, 0x04, 0x6C, 0xF5, 0x21, 0x05, 0xF1, 0x4C, 0x00, 0x00, 0x00, 0xCA, 0x7A, 0x30, 0xFF, 0x11, 0x00, 0x00, 0x00, 0x0F, 0x0F, 0x42, 0xFF, 0x00, 0x00, 0x00, 0x00, 0x00, 0x00, 0x43, 0xFF,
  0x00, 0x00, 0x00, 0x00, 0x00, 0x00, 0x32, 0xFF, 0x10, 0x00, 0x00, 0x00, 0x00, 0x00, 0x07, 0xF4, 0x49, 0x00, 0x00, 0x00, 0xC2, 0x7F, 0x00, 0x8B, 0xCF, 0x17, 0x00, 0x57, 0xF6, 0x25, 0x00, 0x05, 0x98, 0xF9, 0xF1, 0xE0, 0x4A, 0x00, 0x00, 0x00,
  0x00, 0x08, 0x16, 0x00, 0x00, 0x00, 0x00, 0x00, 0x00, 0x00, 0x00, 0x1F, 0x10, 0x00, 0x00, 0x00, 0x00, 0x00, 0x60, 0xDA, 0x1B, 0x00, 0x00, 0x00, 0x00, 0x07, 0x9B, 0x1A, 0x00, 0x00, 0x00, 0x00, 0x11, 0x6A, 0x7C, 0x47, 0x00, 0x00, 0x00, 0x21,
  0xDF, 0xC0, 0x8F, 0xDF, 0xA8, 0x00, 0x00, 0xA8, 0xAF, 0x00, 0x00, 0x18, 0xF8, 0x32, 0x00, 0xEB, 0x54, 0x00, 0x00, 0x00, 0x1F, 0x0B, 0x01, 0xFC, 0x44, 0x00, 0x00, 0x00, 0x00, 0x00, 0x00, 0xDC, 0x6B, 0x00, 0x00, 0x00, 0x4B, 0x19, 0x00, 0x75,
  0xDE, 0x22, 0x00, 0x52, 0xF5, 0x1C, 0x00, 0x03, 0x8B, 0xFA, 0xF0, 0xDF, 0x47, 0x00, 0x00, 0x00, 0x00, 0x0B, 0x18, 0x00, 0x00, 0x00, 0x00, 0x00, 0x51, 0x20, 0x02, 0x59, 0x15, 0x00, 0x00, 0x00, 0x3A, 0xD4, 0xAB, 0x8C, 0x00, 0x00, 0x00, 0x00,
  0x00, 0x32, 0x5D, 0x00, 0x00, 0x00, 0x00, 0x00, 0x00, 0x01, 0x0B, 0x00, 0x00, 0x00, 0x00, 0x02, 0x8A, 0xF3, 0xFA, 0xD6, 0x45, 0x00, 0x00, 0x82, 0xD7, 0x24, 0x04, 0x6C, 0xF5, 0x21, 0x05, 0xF1, 0x4C, 0x00, 0x00, 0x00, 0xCA, 0x7A, 0x30, 0xFF,
  0x11, 0x00, 0x00, 0x00, 0x0F, 0x0F, 0x42, 0xFF, 0x00, 0x00, 0x00, 0x00, 0x00, 0x00, 0x43, 0xFF, 0x00, 0x00, 0x00, 0x00, 0x00, 0x00, 0x32, 0xFF, 0x10, 0x00, 0x00, 0x00, 0x00, 0x00, 0x07, 0xF4, 0x49, 0x00, 0x00, 0x00, 0xC2, 0x7F, 0x00, 0x8B,
  0xCF, 0x17, 0x00, 0x57, 0xF6, 0x25, 0x00, 0x05, 0x98, 0xF9, 0xF1, 0xE0, 0x4A, 0x00, 0x00, 0x00, 0x00, 0x08, 0x16, 0x00, 0x00, 0x00, 0x00, 0x00, 0x51, 0x20, 0x02, 0x59, 0x15, 0x00, 0x00, 0x00, 0x3A, 0xD4, 0xAB, 0x8C, 0x00, 0x00, 0x00, 0x00,
  0x00, 0x32, 0x5D, 0x00, 0x00, 0x00, 0x00, 0x00, 0x11, 0x6A, 0x7C, 0x47, 0x00, 0x00, 0x00, 0x21, 0xDF, 0xC0, 0x8F, 0xDF, 0xA8, 0x00, 0x00, 0xA8, 0xAF, 0x00, 0x00, 0x18, 0xF8, 0x32, 0x00, 0xEB, 0x54, 0x00, 0x00, 0x00, 0x1F, 0x0B, 0x01, 0xFC,
  0x44, 0x00, 0x00, 0x00, 0x00, 0x00, 0x00, 0xDC, 0x6B, 0x00, 0x00, 0x00, 0x4B, 0x19, 0x00, 0x75, 0xDE, 0x22, 0x00, 0x52, 0xF5, 0x1C, 0x00, 0x03, 0x8B, 0xFA, 0xF0, 0xDF, 0x47, 0x00, 0x00, 0x00, 0x00, 0x0B, 0x18, 0x00, 0x00, 0x00, 0x00, 0x51,
  0x20, 0x02, 0x59, 0x15, 0x00, 0x00, 0x3A, 0xD4, 0xAB, 0x8C, 0x00, 0x00, 0x00, 0x00, 0x32, 0x5D, 0x00, 0x00, 0x00, 0xE4, 0xF3, 0xED, 0xCA, 0x6D, 0x02, 0x00, 0xEF, 0x65, 0x1B, 0x4F, 0xDB, 0xAA, 0x00, 0xEF, 0x57, 0x00, 0x00, 0x1B, 0xF4, 0x4D,
  0xEF, 0x57, 0x00, 0x00, 0x00, 0xA7, 0x9E, 0xEF, 0x57, 0x00, 0x00, 0x00, 0x84, 0xBD, 0xEF, 0x57, 0x00, 0x00, 0x00, 0x84, 0xBF, 0xEF, 0x57, 0x00, 0x00, 0x00, 0xA5, 0xA3, 0xEF, 0x57, 0x00, 0x00, 0x14, 0xF1, 0x57, 0xEF, 0x5D, 0x0F, 0x41, 0xCE,
  0xB9, 0x01, 0xEF, 0xFF, 0xF9, 0xD9, 0x7C, 0x06, 0x00, 0x00, 0x00, 0x00, 0x00, 0x00, 0x09, 0x7F, 0x17, 0x22, 0xA7, 0x05, 0x00, 0x00, 0x00, 0x00, 0x00, 0x13, 0xFF, 0x2F, 0x3C, 0xFD, 0x03, 0x00, 0x00, 0x00, 0x00, 0x00, 0x13, 0xFF, 0x2F, 0x6D,
  0xC9, 0x00, 0x00, 0x00, 0x22, 0x79, 0x6A, 0x29, 0xFF, 0x2F, 0x91, 0x3E, 0x00, 0x00, 0x32, 0xEF, 0xC0, 0x99, 0xDB, 0xFF, 0x2F, 0x00, 0x00, 0x00, 0x00, 0xB8, 0xA9, 0x00, 0x00, 0x3A, 0xFF, 0x2F, 0x00, 0x00, 0x00, 0x00, 0xF2, 0x4D, 0x00, 0x00,
  0x13, 0xFF, 0x2F, 0x00, 0x00, 0x00, 0x05, 0xFE, 0x3D, 0x00, 0x00, 0x13, 0xFF, 0x2F, 0x00, 0x00, 0x00, 0x00, 0xE4, 0x64, 0x00, 0x00, 0x13, 0xFF, 0x2F, 0x00, 0x00, 0x00, 0x00, 0x87, 0xDB, 0x24, 0x02, 0x85, 0xFF, 0x2F, 0x00, 0x00, 0x00, 0x00,
  0x0B, 0xAD, 0xFF, 0xF6, 0x97, 0xFE, 0x2F, 0x00, 0x00, 0x00, 0x00, 0x00, 0x00, 0x16, 0x09, 0x00, 0x00, 0x00, 0x00, 0x00, 0x00, 0x00, 0x00, 0xCD, 0xF3, 0xF0, 0xD1, 0x7B, 0x09, 0x00, 0x00, 0x00, 0xD7, 0x7E, 0x17, 0x43, 0xD4, 0xC4, 0x06, 0x00,
  0x00, 0xD7, 0x73, 0x00, 0x00, 0x0F, 0xEC, 0x6B, 0x00, 0x00, 0xD7, 0x73, 0x00, 0x00, 0x00, 0x91, 0xBB, 0x3C, 0x93, 0xEF, 0xC4, 0x8D, 0x00, 0x00, 0x6B, 0xDB, 0x2F, 0x73, 0xEA, 0xB3, 0x6E, 0x00, 0x00, 0x6B, 0xDB, 0x00, 0x00, 0xD7, 0x73, 0x00,
  0x00, 0x00, 0x8E, 0xBE, 0x00, 0x00, 0xD7, 0x73, 0x00, 0x00, 0x0A, 0xE7, 0x71, 0x00, 0x00, 0xD7, 0x78, 0x0F, 0x3E, 0xC8, 0xCD, 0x09, 0x00, 0x00, 0xD7, 0xFF, 0xFD, 0xE0, 0x8B, 0x0D, 0x00, 0x00, 0x00, 0x00, 0x00, 0x00, 0x15, 0x7F, 0x0B, 0x00,
  0x00, 0x00, 0x00, 0x00, 0x6E, 0x8F, 0xFF, 0x84, 0x34, 0x00, 0x00, 0x00, 0x00, 0x84, 0xA3, 0xFF, 0x9A, 0x3E, 0x00, 0x00, 0x2C, 0x7D, 0x6B, 0x3E, 0xFF, 0x17, 0x00, 0x00, 0x44, 0xF7, 0xB5, 0x9C, 0xE4, 0xFF, 0x17, 0x00, 0x00, 0xD3, 0x8F, 0x00,
  0x00, 0x4B, 0xFF, 0x17, 0x00, 0x0E, 0xFF, 0x31, 0x00, 0x00, 0x2B, 0xFF, 0x17, 0x00, 0x20, 0xFF, 0x21, 0x00, 0x00, 0x2B, 0xFF, 0x17, 0x00, 0x04, 0xFB, 0x49, 0x00, 0x00, 0x2B, 0xFF, 0x17, 0x00, 0x00, 0xA1, 0xCC, 0x19, 0x07, 0x95, 0xFF, 0x17,
  0x00, 0x00, 0x13, 0xBF, 0xFF, 0xF6, 0xA1, 0xFF, 0x17, 0x00, 0x00, 0x00, 0x00, 0x19, 0x0E, 0x00, 0x00, 0x00, 0x00, 0xB6, 0xF3, 0xF3, 0xF3, 0xF3, 0xF3, 0x48, 0xBF, 0x93, 0x1F, 0x1F, 0x1F, 0x1F, 0x09, 0xBF, 0x83, 0x00, 0x00, 0x00, 0x00, 0x00,
  0xBF, 0x83, 0x00, 0x00, 0x00, 0x00, 0x00, 0xBF, 0xD7, 0xAB, 0xAB, 0xAB, 0x73, 0x00, 0xBF, 0xB6, 0x67, 0x67, 0x67, 0x45, 0x00, 0xBF, 0x83, 0x00, 0x00, 0x00, 0x00, 0x00, 0xBF, 0x83, 0x00, 0x00, 0x00, 0x00, 0x00, 0xBF, 0x8D, 0x13, 0x13, 0x13,
  0x13, 0x07, 0xBF, 0xFF, 0xFF, 0xFF, 0xFF, 0xFF, 0x5B, 0x00, 0x00, 0x00, 0x15, 0xD0, 0x36, 0x00, 0x00, 0x00, 0x00, 0x71, 0xB1, 0x0B, 0x00, 0x00, 0x00, 0x00, 0x34, 0xE1, 0xCE, 0x01, 0x00, 0x00, 0x0A, 0x66, 0x80, 0x4A, 0x00, 0x00, 0x00, 0x1B,
  0xDA, 0xBA, 0x90, 0xE5, 0x94, 0x00, 0x00, 0xAB, 0xA7, 0x00, 0x00, 0x21, 0xFA, 0x2A, 0x04, 0xFA, 0x93, 0x5F, 0x5F, 0x5F, 0xE7, 0x61, 0x0F, 0xFF, 0xBB, 0xA7, 0xA7, 0xA7, 0xA7, 0x4E, 0x00, 0xE9, 0x62, 0x00, 0x00, 0x00, 0x00, 0x00, 0x00, 0x7D,
  0xE4, 0x2F, 0x00, 0x1C, 0xAD, 0x1F, 0x00, 0x04, 0x87, 0xF3, 0xED, 0xF6, 0x84, 0x01, 0x00, 0x00, 0x00, 0x12, 0xDE, 0x30, 0x00, 0x00, 0x00, 0x00, 0x00, 0x52, 0xD5, 0x2C, 0x00, 0x00, 0x00, 0x00, 0x00, 0x16, 0xBC, 0xC1, 0x0F, 0x00, 0x00, 0x51,
  0x20, 0x02, 0x59, 0x15, 0x00, 0x00, 0x3A, 0xD4, 0xAB, 0x8C, 0x00, 0x00, 0x00, 0x00, 0x32, 0x5D, 0x00, 0x00, 0x00, 0xB6, 0xF3, 0xF3, 0xF3, 0xF3, 0xF3, 0x48, 0xBF, 0x93, 0x1F, 0x1F, 0x1F, 0x1F, 0x09, 0xBF, 0x83, 0x00, 0x00, 0x00, 0x00, 0x00,
  0xBF, 0x83, 0x00, 0x00, 0x00, 0x00, 0x00, 0xBF, 0xD7, 0xAB, 0xAB, 0xAB, 0x73, 0x00, 0xBF, 0xB6, 0x67, 0x67, 0x67, 0x45, 0x00, 0xBF, 0x83, 0x00, 0x00, 0x00, 0x00, 0x00, 0xBF, 0x83, 0x00, 0x00, 0x00, 0x00, 0x00, 0xBF, 0x8D, 0x13, 0x13, 0x13,
  0x13, 0x07, 0xBF, 0xFF, 0xFF, 0xFF, 0xFF, 0xFF, 0x5B, 0x00, 0x00, 0x51, 0x20, 0x02, 0x59, 0x15, 0x00, 0x00, 0x00, 0x3A, 0xD4, 0xAB, 0x8C, 0x00, 0x00, 0x00, 0x00, 0x00, 0x32, 0x5D, 0x00, 0x00, 0x00, 0x00, 0x00, 0x0A, 0x66, 0x80, 0x4A, 0x00,
  0x00, 0x00, 0x1B, 0xDA, 0xBA, 0x90, 0xE5, 0x94, 0x00, 0x00, 0xAB, 0xA7, 0x00, 0x00, 0x20, 0xF9, 0x2A, 0x04, 0xFA, 0x93, 0x5F, 0x5F, 0x5F, 0xE6, 0x61, 0x0F, 0xFF, 0xBA, 0xA7, 0xA7, 0xA7, 0xA7, 0x4E, 0x00, 0xE9, 0x63, 0x00, 0x00, 0x00, 0x00,
  0x00, 0x00, 0x7F, 0xE3, 0x30, 0x00, 0x1C, 0xAD, 0x20, 0x00, 0x05, 0x87, 0xF8, 0xED, 0xF1, 0x85, 0x01, 0x00, 0x00, 0x00, 0x09, 0x1D, 0x06, 0x00, 0x00, 0x3C, 0x63, 0x63, 0x63, 0x11, 0x00, 0x00, 0x6D, 0xB3, 0xBB, 0xFF, 0x2B, 0x00, 0x00, 0x00,
  0x00, 0x17, 0xFF, 0x2B, 0x00, 0x00, 0x00, 0x00, 0x17, 0xFF, 0x2B, 0x00, 0x00, 0x00, 0x00, 0x17, 0xFF, 0x2B, 0x00, 0x00, 0x00, 0x00, 0x17, 0xFF, 0x2B, 0x00, 0x00, 0x0E, 0x17, 0x2D, 0xFF, 0x3F, 0x17, 0x0D, 0x9B, 0xFF, 0xFF, 0xFF, 0xFF, 0xFF,
  0x93, 0x00, 0x00, 0x1F, 0x10, 0x00, 0x00, 0x00, 0x00, 0x60, 0xDA, 0x1B, 0x00, 0x00, 0x00, 0x07, 0x9B, 0x1A, 0x00, 0x00, 0x00, 0x00, 0x9C, 0x98, 0x00, 0x00, 0x00, 0x00, 0x00, 0xA3, 0x9F, 0x00, 0x00, 0x00, 0x00, 0x00, 0xA3, 0x9F, 0x00, 0x00,
  0x00, 0x00, 0x00, 0xA3, 0x9F, 0x00, 0x00, 0x00, 0x00, 0x00, 0xA3, 0x9F, 0x00, 0x00, 0x00, 0x00, 0x00, 0xA3, 0x9F, 0x00, 0x00, 0x00, 0x00, 0x00, 0xA3, 0x9F, 0x00, 0x00, 0x00, 0x00, 0x00, 0xA3, 0x9F, 0x00, 0x00, 0x00, 0x00, 0x00, 0xA3, 0xA7,
  0x13, 0x13, 0x13, 0x13, 0x09, 0xA3, 0xFF, 0xFF, 0xFF, 0xFF, 0xFF, 0x7B, 0x00, 0x00, 0x00, 0x00, 0x1F, 0x10, 0x00, 0x00, 0x00, 0x00, 0x60, 0xDA, 0x1B, 0x00, 0x00, 0x00, 0x07, 0x9B, 0x1A, 0x00, 0x00, 0x4D, 0x7F, 0x7F, 0x7F, 0x15, 0x00, 0x00,
  0x5C, 0x97, 0xA1, 0xFF, 0x2B, 0x00, 0x00, 0x00, 0x00, 0x17, 0xFF, 0x2B, 0x00, 0x00, 0x00, 0x00, 0x17, 0xFF, 0x2B, 0x00, 0x00, 0x00, 0x00, 0x17, 0xFF, 0x2B, 0x00, 0x00, 0x00, 0x00, 0x17, 0xFF, 0x2B, 0x00, 0x00, 0x00, 0x00, 0x17, 0xFF, 0x2B,
  0x00, 0x00, 0x00, 0x00, 0x17, 0xFF, 0x2B, 0x00, 0x00, 0x00, 0x00, 0x17, 0xFF, 0x2B, 0x00, 0x00, 0x0E, 0x17, 0x2D, 0xFF, 0x3F, 0x17, 0x0D, 0x9B, 0xFF, 0xFF, 0xFF, 0xFF, 0xFF, 0x93, 0x9C, 0x98, 0x00, 0x00, 0x22, 0xA7, 0x05, 0xA3, 0x9F, 0x00,
  0x00, 0x3C, 0xFD, 0x03, 0xA3, 0x9F, 0x00, 0x00, 0x6D, 0xC9, 0x00, 0xA3, 0x9F, 0x00, 0x00, 0x91, 0x3E, 0x00, 0xA3, 0x9F, 0x00, 0x00, 0x00, 0x00, 0x00, 0xA3, 0x9F, 0x00, 0x00, 0x00, 0x00, 0x00, 0xA3, 0x9F, 0x00, 0x00, 0x00, 0x00, 0x00, 0xA3,
  0x9F, 0x00, 0x00, 0x00, 0x00, 0x00, 0xA3, 0xA7, 0x13, 0x13, 0x13, 0x13, 0x09, 0xA3, 0xFF, 0xFF, 0xFF, 0xFF, 0xFF, 0x7B, 0x4D, 0x7F, 0x7F, 0x7F, 0x15, 0x22, 0xA7, 0x05, 0x5C, 0x97, 0xA1, 0xFF, 0x2B, 0x3C, 0xFD, 0x03, 0x00, 0x00, 0x17, 0xFF,
  0x2B, 0x6D, 0xC9, 0x00, 0x00, 0x00, 0x17, 0xFF, 0x2B, 0x91, 0x3E, 0x00, 0x00, 0x00, 0x17, 0xFF, 0x2B, 0x00, 0x00, 0x00, 0x00, 0x00, 0x17, 0xFF, 0x2B, 0x00, 0x00, 0x00, 0x00, 0x00, 0x17, 0xFF, 0x2B, 0x00, 0x00, 0x00, 0x00, 0x00, 0x17, 0xFF,
  0x2B, 0x00, 0x00, 0x00, 0x00, 0x00, 0x17, 0xFF, 0x2B, 0x00, 0x00, 0x00, 0x0E, 0x17, 0x2D, 0xFF, 0x3F, 0x17, 0x0D, 0x00, 0x9B, 0xFF, 0xFF, 0xFF, 0xFF, 0xFF, 0x93, 0x00, 0x00, 0x98, 0x9C, 0x00, 0x00, 0x00, 0x00, 0x00, 0x00, 0x9F, 0xA3, 0x00,
  0x00, 0x00, 0x00, 0x00, 0x00, 0x9F, 0xA3, 0x00, 0x00, 0x00, 0x00, 0x00, 0x00, 0x9F, 0xA3, 0x11, 0x1E, 0x00, 0x00, 0x00, 0x18, 0xBE, 0xF0, 0xF7, 0x5D, 0x00, 0x00, 0x00, 0x93, 0xEC, 0xBD, 0x13, 0x00, 0x00, 0x00, 0x00, 0x00, 0x9F, 0xA3, 0x00,
  0x00, 0x00, 0x00, 0x00, 0x00, 0x9F, 0xA3, 0x00, 0x00, 0x00, 0x00, 0x00, 0x00, 0x9F, 0xAB, 0x13, 0x13, 0x13, 0x13, 0x0A, 0x00, 0x9F, 0xFF, 0xFF, 0xFF, 0xFF, 0xFF, 0x83, 0x4D, 0x7F, 0x7F, 0x7F, 0x15, 0x00, 0x00, 0x5C, 0x97, 0xA1, 0xFF, 0x2B,
  0x00, 0x00, 0x00, 0x00, 0x17, 0xFF, 0x2B, 0x00, 0x00, 0x00, 0x00, 0x17, 0xFF, 0x2C, 0x40, 0x13, 0x00, 0x00, 0x19, 0xFF, 0xDE, 0xD6, 0x15, 0x0B, 0x6D, 0xE0, 0xFF, 0x63, 0x01, 0x00, 0x65, 0xAD, 0x4F, 0xFF, 0x2B, 0x00, 0x00, 0x02, 0x00, 0x17,
  0xFF, 0x2B, 0x00, 0x00, 0x00, 0x00, 0x17, 0xFF, 0x2B, 0x00, 0x00, 0x0E, 0x17, 0x2D, 0xFF, 0x3F, 0x17, 0x0D, 0x9B, 0xFF, 0xFF, 0xFF, 0xFF, 0xFF, 0x93, 0x00, 0x00, 0x00, 0x00, 0x00, 0x1F, 0x10, 0x00, 0x00, 0x00, 0x00, 0x00, 0x60, 0xDA, 0x1B,
  0x00, 0x00, 0x00, 0x00, 0x07, 0x9B, 0x1A, 0x00, 0x00, 0x03, 0xF3, 0x7C, 0x00, 0x00, 0x00, 0xD2, 0x66, 0x03, 0xFF, 0xF1, 0x13, 0x00, 0x00, 0xDD, 0x6B, 0x03, 0xFF, 0xF3, 0x89, 0x00, 0x00, 0xDD, 0x6B, 0x03, 0xFF, 0x82, 0xF6, 0x19, 0x00, 0xDE,
  0x6B, 0x03, 0xFF, 0x45, 0xB7, 0x94, 0x00, 0xDE, 0x6B, 0x03, 0xFF, 0x44, 0x33, 0xF8, 0x1F, 0xDF, 0x6B, 0x03, 0xFF, 0x43, 0x00, 0xAD, 0x9E, 0xDF, 0x6B, 0x03, 0xFF, 0x42, 0x00, 0x2B, 0xF9, 0xF4, 0x6B, 0x03, 0xFF, 0x41, 0x00, 0x00, 0xA3, 0xFF,
  0x6B, 0x03, 0xFF, 0x40, 0x00, 0x00, 0x23, 0xFB, 0x6B, 0x00, 0x00, 0x00, 0x00, 0x1F, 0x10, 0x00, 0x00, 0x00, 0x00, 0x60, 0xDA, 0x1B, 0x00, 0x00, 0x00, 0x07, 0x9B, 0x1A, 0x00, 0x00, 0x51, 0x22, 0x36, 0x7C, 0x63, 0x09, 0x00, 0xCF, 0xC2, 0xBF,
  0x95, 0xDE, 0xC5, 0x01, 0xCF, 0xA1, 0x00, 0x00, 0x26, 0xFF, 0x29, 0xCF, 0x73, 0x00, 0x00, 0x00, 0xFD, 0x46, 0xCF, 0x73, 0x00, 0x00, 0x00, 0xFB, 0x47, 0xCF, 0x73, 0x00, 0x00, 0x00, 0xFB, 0x47, 0xCF, 0x73, 0x00, 0x00, 0x00, 0xFB, 0x47, 0xCF,
  0x73, 0x00, 0x00, 0x00, 0xFB, 0x47, 0x00, 0x00, 0x51, 0x20, 0x02, 0x59, 0x15, 0x00, 0x00, 0x00, 0x3A, 0xD4, 0xAB, 0x8C, 0x00, 0x00, 0x00, 0x00, 0x00, 0x32, 0x5D, 0x00, 0x00, 0x00, 0x03, 0xF3, 0x7C, 0x00, 0x00, 0x00, 0xD2, 0x66, 0x03, 0xFF,
  0xF1, 0x13, 0x00, 0x00, 0xDD, 0x6B, 0x03, 0xFF, 0xF3, 0x89, 0x00, 0x00, 0xDD, 0x6B, 0x03, 0xFF, 0x82, 0xF6, 0x19, 0x00, 0xDE, 0x6B, 0x03, 0xFF, 0x45, 0xB7, 0x94, 0x00, 0xDE, 0x6B, 0x03, 0xFF, 0x44, 0x33, 0xF8, 0x1F, 0xDF, 0x6B, 0x03, 0xFF,
  0x43, 0x00, 0xAD, 0x9E, 0xDF, 0x6B, 0x03, 0xFF, 0x42, 0x00, 0x2B, 0xF9, 0xF4, 0x6B, 0x03, 0xFF, 0x41, 0x00, 0x00, 0xA3, 0xFF, 0x6B, 0x03, 0xFF, 0x40, 0x00, 0x00, 0x23, 0xFB, 0x6B, 0x00, 0x51, 0x20, 0x02, 0x59, 0x15, 0x00, 0x00, 0x3A, 0xD4,
  0xAB, 0x8C, 0x00, 0x00, 0x00, 0x00, 0x32, 0x5D, 0x00, 0x00, 0x00, 0x51, 0x22, 0x36, 0x7C, 0x63, 0x09, 0x00, 0xCF, 0xC2, 0xBF, 0x95, 0xDE, 0xC5, 0x01, 0xCF, 0xA1, 0x00, 0x00, 0x26, 0xFF, 0x29, 0xCF, 0x73, 0x00, 0x00, 0x00, 0xFD, 0x46, 0xCF,
  0x73, 0x00, 0x00, 0x00, 0xFB, 0x47, 0xCF, 0x73, 0x00, 0x00, 0x00, 0xFB, 0x47, 0xCF, 0x73, 0x00, 0x00, 0x00, 0xFB, 0x47, 0xCF, 0x73, 0x00, 0x00, 0x00, 0xFB, 0x47, 0x00, 0x00, 0x00, 0x10, 0x63, 0x18, 0x5F, 0x31, 0x00, 0x00, 0x00, 0xA6, 0x92,
  0xA5, 0xAC, 0x08, 0x00, 0x00, 0x11, 0x67, 0x27, 0x64, 0x02, 0x00, 0x00, 0x00, 0x00, 0x02, 0x0A, 0x00, 0x00, 0x00, 0x00, 0x02, 0x8D, 0xF7, 0xFE, 0xC4, 0x25, 0x00, 0x00, 0x7D, 0xE0, 0x39, 0x19, 0xA0, 0xD9, 0x05, 0x03, 0xEC, 0x55, 0x00, 0x00,
  0x07, 0xEA, 0x56, 0x2F, 0xFF, 0x10, 0x00, 0x00, 0x00, 0xAE, 0x8F, 0x45, 0xF9, 0x00, 0x00, 0x00, 0x00, 0x99, 0xA5, 0x46, 0xF9, 0x00, 0x00, 0x00, 0x00, 0x99, 0xA5, 0x31, 0xFF, 0x0E, 0x00, 0x00, 0x00, 0xAC, 0x91, 0x04, 0xF0, 0x4F, 0x00, 0x00,
  0x03, 0xE5, 0x5A, 0x00, 0x83, 0xDA, 0x2B, 0x0D, 0x90, 0xE0, 0x07, 0x00, 0x04, 0x97, 0xFC, 0xFF, 0xD2, 0x2C, 0x00, 0x00, 0x00, 0x00, 0x08, 0x15, 0x00, 0x00, 0x00, 0x00, 0x00, 0x00, 0x10, 0x63, 0x18, 0x5F, 0x31, 0x00, 0x00, 0x00, 0xA6, 0x92,
  0xA5, 0xAC, 0x08, 0x00, 0x00, 0x11, 0x67, 0x27, 0x64, 0x02, 0x00, 0x00, 0x00, 0x18, 0x70, 0x7F, 0x3D, 0x00, 0x00, 0x00, 0x34, 0xEB, 0xB4, 0x96, 0xED, 0x86, 0x00, 0x00, 0xC9, 0x94, 0x00, 0x00, 0x32, 0xFD, 0x2F, 0x0E, 0xFF, 0x30, 0x00, 0x00,
  0x00, 0xCF, 0x71, 0x23, 0xFF, 0x1E, 0x00, 0x00, 0x00, 0xBB, 0x87, 0x04, 0xF9, 0x48, 0x00, 0x00, 0x02, 0xE4, 0x62, 0x00, 0x95, 0xCD, 0x17, 0x03, 0x7B, 0xEB, 0x0F, 0x00, 0x0B, 0xA1, 0xFB, 0xF5, 0xDB, 0x36, 0x00, 0x00, 0x00, 0x00, 0x0F, 0x1B,
  0x01, 0x00, 0x00, 0x00, 0x00, 0x00, 0x11, 0x07, 0x00, 0x00, 0x00, 0x00, 0x00, 0x4E, 0xE7, 0xF8, 0xFE, 0xF4, 0xF3, 0xF3, 0x0F, 0x14, 0xF3, 0x50, 0x00, 0xE7, 0x68, 0x13, 0x13, 0x01, 0x55, 0xE6, 0x00, 0x00, 0xE7, 0x5B, 0x00, 0x00, 0x00, 0x70,
  0xD2, 0x00, 0x00, 0xE7, 0x5B, 0x00, 0x00, 0x00, 0x73, 0xCF, 0x00, 0x00, 0xE7, 0xC7, 0xA7, 0x76, 0x00, 0x73, 0xCF, 0x00, 0x00, 0xE7, 0x99, 0x5F, 0x43, 0x00, 0x71, 0xD1, 0x00, 0x00, 0xE7, 0x5B, 0x00, 0x00, 0x00, 0x57, 0xE4, 0x00, 0x00, 0xE7,
  0x5B, 0x00, 0x00, 0x00, 0x19, 0xF6, 0x44, 0x00, 0xE7, 0x61, 0x07, 0x07, 0x01, 0x00, 0x59, 0xEF, 0xE8, 0xFD, 0xFF, 0xFF, 0xFF, 0x23, 0x00, 0x00, 0x02, 0x1D, 0x12, 0x00, 0x00, 0x00, 0x00, 0x00, 0x2A, 0x78, 0x53, 0x09, 0x69, 0x6B, 0x0C, 0x00,
  0x28, 0xF4, 0x9B, 0xE6, 0xE6, 0xC8, 0xC0, 0xB9, 0x00, 0x88, 0xBB, 0x00, 0x66, 0xFF, 0x34, 0x20, 0xFF, 0x17, 0xAA, 0x9A, 0x00, 0x46, 0xFF, 0x79, 0x75, 0xFF, 0x31, 0xAF, 0x97, 0x00, 0x44, 0xFF, 0xA3, 0x9B, 0x9B, 0x1F, 0xA0, 0x9F, 0x00, 0x4D,
  0xFF, 0x1A, 0x00, 0x00, 0x00, 0x6B, 0xDA, 0x07, 0x8E, 0xFF, 0x5F, 0x00, 0x20, 0x00, 0x0A, 0xBF, 0xF4, 0xEB, 0x8B, 0xF3, 0xEE, 0xA7, 0x00, 0x00, 0x00, 0x15, 0x06, 0x00, 0x0B, 0x1B, 0x00, 0x00, 0x00, 0x00, 0x00, 0x00, 0x1F, 0x10, 0x00, 0x00,
  0x00, 0x00, 0x60, 0xDA, 0x1B, 0x00, 0x00, 0x00, 0x07, 0x9B, 0x1A, 0x00, 0x00, 0xBA, 0xF3, 0xF3, 0xE5, 0xB1, 0x33, 0x00, 0xC3, 0x89, 0x13, 0x23, 0x88, 0xF0, 0x20, 0xC3, 0x7F, 0x00, 0x00, 0x00, 0xD7, 0x77, 0xC3, 0x7F, 0x00, 0x00, 0x00, 0xD8,
  0x74, 0xC3, 0x8B, 0x17, 0x26, 0x8E, 0xF0, 0x1D, 0xC3, 0xF7, 0xEF, 0xF8, 0xE3, 0x2D, 0x00, 0xC3, 0x7F, 0x00, 0x3F, 0xF8, 0x1B, 0x00, 0xC3, 0x7F, 0x00, 0x00, 0xC4, 0x93, 0x00, 0xC3, 0x7F, 0x00, 0x00, 0x49, 0xF8, 0x1A, 0xC3, 0x7F, 0x00, 0x00,
  0x00, 0xCD, 0x91, 0x00, 0x00, 0x00, 0x1F, 0x10, 0x00, 0x00, 0x00, 0x60, 0xDA, 0x1B, 0x00, 0x00, 0x07, 0x9B, 0x1A, 0x00, 0x00, 0x4A, 0x2E, 0x1F, 0x75, 0x7F, 0x1E, 0xBF, 0xBA, 0xEB, 0xC4, 0xC8, 0x32, 0xBF, 0xE3, 0x1C, 0x00, 0x00, 0x00, 0xBF,
  0x87, 0x00, 0x00, 0x00, 0x00, 0xBF, 0x83, 0x00, 0x00, 0x00, 0x00, 0xBF, 0x83, 0x00, 0x00, 0x00, 0x00, 0xBF, 0x83, 0x00, 0x00, 0x00, 0x00, 0xBF, 0x83, 0x00, 0x00, 0x00, 0x00, 0x00, 0x51, 0x20, 0x02, 0x59, 0x15, 0x00, 0x00, 0x3A, 0xD4, 0xAB,
  0x8C, 0x00, 0x00, 0x00, 0x00, 0x32, 0x5D, 0x00, 0x00, 0x00, 0xBA, 0xF3, 0xF3, 0xE5, 0xB1, 0x33, 0x00, 0xC3, 0x89, 0x13, 0x23, 0x88, 0xF0, 0x20, 0xC3, 0x7F, 0x00, 0x00, 0x00, 0xD7, 0x77, 0xC3, 0x7F, 0x00, 0x00, 0x00, 0xD8, 0x74, 0xC3, 0x8B,
  0x17, 0x26, 0x8E, 0xF0, 0x1D, 0xC3, 0xF7, 0xEF, 0xF8, 0xE3, 0x2D, 0x00, 0xC3, 0x7F, 0x00, 0x3F, 0xF8, 0x1B, 0x00, 0xC3, 0x7F, 0x00, 0x00, 0xC4, 0x93, 0x00, 0xC3, 0x7F, 0x00, 0x00, 0x49, 0xF8, 0x1A, 0xC3, 0x7F, 0x00, 0x00, 0x00, 0xCD, 0x91,
  0x51, 0x20, 0x02, 0x59, 0x15, 0x00, 0x3A, 0xD4, 0xAB, 0x8C, 0x00, 0x00, 0x00, 0x32, 0x5D, 0x00, 0x00, 0x00, 0x4A, 0x2E, 0x1F, 0x75, 0x7F, 0x1E, 0xBF, 0xBA, 0xEB, 0xC4, 0xC8, 0x32, 0xBF, 0xE3, 0x1C, 0x00, 0x00, 0x00, 0xBF, 0x87, 0x00, 0x00,
  0x00, 0x00, 0xBF, 0x83, 0x00, 0x00, 0x00, 0x00, 0xBF, 0x83, 0x00, 0x00, 0x00, 0x00, 0xBF, 0x83, 0x00, 0x00, 0x00, 0x00, 0xBF, 0x83, 0x00, 0x00, 0x00, 0x00, 0x00, 0x00, 0x00, 0x00, 0x00, 0x1F, 0x10, 0x00, 0x00, 0x00, 0x00, 0x00, 0x60, 0xDA,
  0x1B, 0x00, 0x00, 0x00, 0x00, 0x08, 0xA7, 0x1A, 0x00, 0x00, 0x00, 0x05, 0x8F, 0xF3, 0xFF, 0xDA, 0x52, 0x00, 0x00, 0x93, 0xDB, 0x2F, 0x08, 0x61, 0xFB, 0x3C, 0x00, 0xE0, 0x7B, 0x00, 0x00, 0x00, 0xAC, 0x8F, 0x00, 0xB3, 0xCC, 0x12, 0x00, 0x00,
  0x00, 0x00, 0x00, 0x15, 0xC7, 0xF1, 0x9B, 0x3A, 0x00, 0x00, 0x00, 0x00, 0x01, 0x4E, 0xAD, 0xFA, 0xA7, 0x04, 0x00, 0x00, 0x00, 0x00, 0x00, 0x26, 0xEB, 0x7C, 0x12, 0xDF, 0x32, 0x00, 0x00, 0x00, 0xA9, 0xB0, 0x00, 0xB8, 0xC6, 0x1F, 0x00, 0x37,
  0xED, 0x71, 0x00, 0x10, 0x9C, 0xF9, 0xF8, 0xF1, 0x81, 0x01, 0x00, 0x00, 0x00, 0x04, 0x1A, 0x02, 0x00, 0x00, 0x00, 0x00, 0x00, 0x00, 0x1F, 0x10, 0x00, 0x00, 0x00, 0x00, 0x60, 0xDA, 0x1B, 0x00, 0x00, 0x00, 0x07, 0x9B, 0x1A, 0x00, 0x00, 0x00,
  0x12, 0x66, 0x7C, 0x51, 0x03, 0x00, 0x24, 0xEC, 0xAE, 0x8B, 0xDA, 0xC0, 0x03, 0x7B, 0xC9, 0x00, 0x00, 0x16, 0xC7, 0x28, 0x3C, 0xF5, 0x88, 0x3D, 0x05, 0x00, 0x00, 0x00, 0x2C, 0x95, 0xDB, 0xF0, 0x79, 0x00, 0x37, 0x24, 0x00, 0x00, 0x39, 0xFA,
  0x41, 0x94, 0xCB, 0x13, 0x00, 0x2C, 0xF8, 0x38, 0x0D, 0xA6, 0xF7, 0xEB, 0xF2, 0x79, 0x00, 0x00, 0x00, 0x06, 0x1B, 0x03, 0x00, 0x00, 0x00, 0x00, 0x00, 0x01, 0x0B, 0x00, 0x00, 0x00, 0x00, 0x05, 0x8F, 0xF3, 0xFF, 0xDA, 0x52, 0x00, 0x00, 0x93,
  0xDB, 0x2F, 0x08, 0x61, 0xFB, 0x3C, 0x00, 0xE0, 0x7B, 0x00, 0x00, 0x00, 0xAC, 0x8F, 0x00, 0xB3, 0xCC, 0x12, 0x00, 0x00, 0x00, 0x00, 0x00, 0x15, 0xC7, 0xF1, 0x9B, 0x3A, 0x00, 0x00, 0x00, 0x00, 0x01, 0x4E, 0xAD, 0xFA, 0xA7, 0x04, 0x00, 0x00,
  0x00, 0x00, 0x00, 0x26, 0xEB, 0x7C, 0x12, 0xDF, 0x32, 0x00, 0x00, 0x00, 0xA9, 0xB0, 0x00, 0xB8, 0xC6, 0x1F, 0x00, 0x37, 0xED, 0x71, 0x00, 0x10, 0x9C, 0xF9, 0xF8, 0xF1, 0x81, 0x01, 0x00, 0x00, 0x00, 0x04, 0xCC, 0xA1, 0x04, 0x00, 0x00, 0x00,
  0x00, 0x00, 0x03, 0xD1, 0x35, 0x00, 0x00, 0x00, 0x00, 0x00, 0x9D, 0xA8, 0x06, 0x00, 0x00, 0x12, 0x66, 0x7C, 0x51, 0x03, 0x00, 0x24, 0xEC, 0xAE, 0x8B, 0xDA, 0xC0, 0x03, 0x7B, 0xC9, 0x00, 0x00, 0x16, 0xC7, 0x28, 0x3C, 0xF5, 0x88, 0x3D, 0x05,
  0x00, 0x00, 0x00, 0x2C, 0x95, 0xDB, 0xF0, 0x79, 0x00, 0x37, 0x24, 0x00, 0x00, 0x39, 0xFA, 0x41, 0x94, 0xCB, 0x13, 0x00, 0x2C, 0xF8, 0x38, 0x0D, 0xA6, 0xF7, 0xEB, 0xF2, 0x79, 0x00, 0x00, 0x00, 0xB8, 0xBA, 0x07, 0x00, 0x00, 0x00, 0x00, 0x03,
  0xD1, 0x35, 0x00, 0x00, 0x00, 0x00, 0x9D, 0xA8, 0x06, 0x00, 0x00, 0x00, 0x00, 0x51, 0x20, 0x02, 0x59, 0x15, 0x00, 0x00, 0x00, 0x3A, 0xD4, 0xAB, 0x8C, 0x00, 0x00, 0x00, 0x00, 0x00, 0x32, 0x5D, 0x00, 0x00, 0x00, 0x00, 0x00, 0x00, 0x01, 0x0B,
  0x00, 0x00, 0x00, 0x00, 0x05, 0x8F, 0xF3, 0xFF, 0xDA, 0x52, 0x00, 0x00, 0x93, 0xDB, 0x2F, 0x08, 0x61, 0xFB, 0x3C, 0x00, 0xE0, 0x7B, 0x00, 0x00, 0x00, 0xAC, 0x8F, 0x00, 0xB3, 0xCC, 0x12, 0x00, 0x00, 0x00, 0x00, 0x00, 0x15, 0xC7, 0xF1, 0x9B,
  0x3A, 0x00, 0x00, 0x00, 0x00, 0x01, 0x4E, 0xAD, 0xFA, 0xA7, 0x04, 0x00, 0x00, 0x00, 0x00, 0x00, 0x26, 0xEB, 0x7C, 0x12, 0xDF, 0x32, 0x00, 0x00, 0x00, 0xA9, 0xB0, 0x00, 0xB8, 0xC6, 0x1F, 0x00, 0x37, 0xED, 0x71, 0x00, 0x10, 0x9C, 0xF9, 0xF8,
  0xF1, 0x81, 0x01, 0x00, 0x00, 0x00, 0x04, 0x1A, 0x02, 0x00, 0x00, 0x00, 0x51, 0x20, 0x02, 0x59, 0x15, 0x00, 0x00, 0x3A, 0xD4, 0xAB, 0x8C, 0x00, 0x00, 0x00, 0x00, 0x32, 0x5D, 0x00, 0x00, 0x00, 0x00, 0x12, 0x66, 0x7C, 0x51, 0x03, 0x00, 0x24,
  0xEC, 0xAE, 0x8B, 0xDA, 0xC0, 0x03, 0x7B, 0xC9, 0x00, 0x00, 0x16, 0xC7, 0x28, 0x3C, 0xF5, 0x88, 0x3D, 0x05, 0x00, 0x00, 0x00, 0x2C, 0x95, 0xDB, 0xF0, 0x79, 0x00, 0x37, 0x24, 0x00, 0x00, 0x39, 0xFA, 0x41, 0x94, 0xCB, 0x13, 0x00, 0x2C, 0xF8,
  0x38, 0x0D, 0xA6, 0xF7, 0xEB, 0xF2, 0x79, 0x00, 0x00, 0x00, 0x06, 0x1B, 0x03, 0x00, 0x00, 0x76, 0xF3, 0xF3, 0xF3, 0xF3, 0xF3, 0xF3, 0xDD, 0x0F, 0x1F, 0x1F, 0x7A, 0xD9, 0x1F, 0x1F, 0x1C, 0x00, 0x00, 0x00, 0x67, 0xD3, 0x00, 0x00, 0x00, 0x00,
  0x00, 0x00, 0x67, 0xD3, 0x00, 0x00, 0x00, 0x00, 0x00, 0x00, 0x67, 0xD3, 0x00, 0x00, 0x00, 0x00, 0x00, 0x00, 0x67, 0xD3, 0x00, 0x00, 0x00, 0x00, 0x00, 0x00, 0x67, 0xD3, 0x00, 0x00, 0x00, 0x00, 0x00, 0x00, 0x67, 0xD3, 0x00, 0x00, 0x00, 0x00,
  0x00, 0x00, 0x67, 0xD3, 0x00, 0x00, 0x00, 0x00, 0x00, 0x00, 0x67, 0xD3, 0x00, 0x00, 0x00, 0x00, 0x00, 0x00, 0xB2, 0x9F, 0x04, 0x00, 0x00, 0x00, 0x00, 0x00, 0x03, 0xD1, 0x35, 0x00, 0x00, 0x00, 0x00, 0x00, 0x9D, 0xA8, 0x06, 0x00, 0x00, 0x00,
  0x00, 0x04, 0x2F, 0x08, 0x00, 0x00, 0x00, 0x00, 0x00, 0x17, 0xFF, 0x2F, 0x00, 0x00, 0x00, 0x03, 0x63, 0x72, 0xFF, 0x81, 0x63, 0x63, 0x00, 0x04, 0x93, 0x9E, 0xFF, 0xA8, 0x93, 0x93, 0x00, 0x00, 0x00, 0x17, 0xFF, 0x2F, 0x00, 0x00, 0x00, 0x00,
  0x00, 0x17, 0xFF, 0x2F, 0x00, 0x00, 0x00, 0x00, 0x00, 0x17, 0xFF, 0x2F, 0x00, 0x00, 0x00, 0x00, 0x00, 0x14, 0xFF, 0x33, 0x00, 0x00, 0x00, 0x00, 0x00, 0x00, 0xEE, 0x7B, 0x00, 0x0A, 0x04, 0x00, 0x00, 0x00, 0x5E, 0xF7, 0xF5, 0xF6, 0x2B, 0x00,
  0x00, 0x00, 0x00, 0xBB, 0xBD, 0x0A, 0x00, 0x00, 0x00, 0x00, 0x00, 0x03, 0xD1, 0x35, 0x00, 0x00, 0x00, 0x00, 0x00, 0x9D, 0xA8, 0x06, 0x00, 0x00, 0x00, 0x51, 0x20, 0x02, 0x59, 0x15, 0x00, 0x00, 0x00, 0x3A, 0xD4, 0xAB, 0x8C, 0x00, 0x00, 0x00,
  0x00, 0x00, 0x32, 0x5D, 0x00, 0x00, 0x00, 0x76, 0xF3, 0xF3, 0xF3, 0xF3, 0xF3, 0xF3, 0xDD, 0x0F, 0x1F, 0x1F, 0x7A, 0xD9, 0x1F, 0x1F, 0x1C, 0x00, 0x00, 0x00, 0x67, 0xD3, 0x00, 0x00, 0x00, 0x00, 0x00, 0x00, 0x67, 0xD3, 0x00, 0x00, 0x00, 0x00,
  0x00, 0x00, 0x67, 0xD3, 0x00, 0x00, 0x00, 0x00, 0x00, 0x00, 0x67, 0xD3, 0x00, 0x00, 0x00, 0x00, 0x00, 0x00, 0x67, 0xD3, 0x00, 0x00, 0x00, 0x00, 0x00, 0x00, 0x67, 0xD3, 0x00, 0x00, 0x00, 0x00, 0x00, 0x00, 0x67, 0xD3, 0x00, 0x00, 0x00, 0x00,
  0x00, 0x00, 0x67, 0xD3, 0x00, 0x00, 0x00, 0x00, 0x00, 0x00, 0x00, 0x00, 0x00, 0x22, 0xA7, 0x05, 0x00, 0x00, 0x00, 0x00, 0x00, 0x00, 0x3C, 0xFD, 0x03, 0x00, 0x00, 0x04, 0x2F, 0x08, 0x00, 0x6D, 0xC9, 0x00, 0x00, 0x00, 0x17, 0xFF, 0x2F, 0x00,
  0x91, 0x3E, 0x00, 0x03, 0x63, 0x72, 0xFF, 0x81, 0x63, 0x63, 0x00, 0x00, 0x04, 0x93, 0x9E, 0xFF, 0xA8, 0x93, 0x93, 0x00, 0x00, 0x00, 0x00, 0x17, 0xFF, 0x2F, 0x00, 0x00, 0x00, 0x00, 0x00, 0x00, 0x17, 0xFF, 0x2F, 0x00, 0x00, 0x00, 0x00, 0x00,
  0x00, 0x17, 0xFF, 0x2F, 0x00, 0x00, 0x00, 0x00, 0x00, 0x00, 0x14, 0xFF, 0x33, 0x00, 0x00, 0x00, 0x00, 0x00, 0x00, 0x00, 0xEE, 0x7B, 0x00, 0x0A, 0x04, 0x00, 0x00, 0x00, 0x00, 0x5E, 0xF7, 0xF5, 0xF6, 0x2B, 0x00, 0x00, 0x00, 0x00, 0x00, 0x09,
  0x1E, 0x06, 0x00, 0x00, 0x00, 0x00, 0x00, 0x20, 0x3E, 0x00, 0x00, 0x00, 0x00, 0x00, 0x14, 0xB4, 0x79, 0x6B, 0x00, 0x00, 0x00, 0x00, 0x17, 0xB1, 0x6F, 0x70, 0x00, 0x00, 0x00, 0x00, 0x00, 0x28, 0x48, 0x02, 0x00, 0x00, 0x08, 0xF3, 0x29, 0x00,
  0x00, 0x00, 0xBF, 0x6A, 0x09, 0xFF, 0x2C, 0x00, 0x00, 0x00, 0xCA, 0x70, 0x09, 0xFF, 0x2C, 0x00, 0x00, 0x00, 0xCB, 0x70, 0x0A, 0xFF, 0x2D, 0x00, 0x00, 0x00, 0xCC, 0x71, 0x0A, 0xFF, 0x2D, 0x00, 0x00, 0x00, 0xCD, 0x71, 0x0B, 0xFF, 0x2E, 0x00,
  0x00, 0x00, 0xCE, 0x72, 0x0B, 0xFF, 0x30, 0x00, 0x00, 0x00, 0xD1, 0x72, 0x00, 0xEB, 0x54, 0x00, 0x00, 0x04, 0xEF, 0x50, 0x00, 0x8E, 0xD4, 0x20, 0x07, 0x8A, 0xE4, 0x0D, 0x00, 0x09, 0x9B, 0xFC, 0xFB, 0xD3, 0x30, 0x00, 0x00, 0x00, 0x00, 0x0E,
  0x1B, 0x00, 0x00, 0x00, 0x00, 0x00, 0x20, 0x3E, 0x00, 0x00, 0x00, 0x00, 0x14, 0xB4, 0x79, 0x6B, 0x00, 0x00, 0x00, 0x17, 0xB1, 0x6F, 0x70, 0x00, 0x00, 0x00, 0x00, 0x28, 0x48, 0x02, 0x00, 0x00, 0x4C, 0x31, 0x00, 0x00, 0x06, 0x63, 0x15, 0xC3,
  0x7F, 0x00, 0x00, 0x0F, 0xFF, 0x37, 0xC3, 0x7F, 0x00, 0x00, 0x0F, 0xFF, 0x37, 0xC3, 0x7F, 0x00, 0x00, 0x0F, 0xFF, 0x37, 0xC3, 0x7F, 0x00, 0x00, 0x0F, 0xFF, 0x37, 0xB5, 0x8B, 0x00, 0x00, 0x10, 0xFF, 0x37, 0x84, 0xD2, 0x0E, 0x07, 0x87, 0xFF,
  0x37, 0x12, 0xC8, 0xFC, 0xF6, 0x6F, 0xF9, 0x37, 0x00, 0x00, 0x16, 0x0C, 0x00, 0x00, 0x00, 0x00, 0x00, 0x00, 0x10, 0x63, 0x18, 0x5F, 0x31, 0x00, 0x00, 0x00, 0xA6, 0x92, 0xA5, 0xAC, 0x08, 0x00, 0x00, 0x11, 0x67, 0x27, 0x64, 0x02, 0x00, 0x08,
  0xF3, 0x29, 0x00, 0x00, 0x00, 0xBF, 0x6A, 0x09, 0xFF, 0x2C, 0x00, 0x00, 0x00, 0xCA, 0x70, 0x09, 0xFF, 0x2C, 0x00, 0x00, 0x00, 0xCB, 0x70, 0x0A, 0xFF, 0x2D, 0x00, 0x00, 0x00, 0xCC, 0x71, 0x0A, 0xFF, 0x2D, 0x00, 0x00, 0x00, 0xCD, 0x71, 0x0B,
  0xFF, 0x2E, 0x00, 0x00, 0x00, 0xCE, 0x72, 0x0B, 0xFF, 0x30, 0x00, 0x00, 0x00, 0xD1, 0x72, 0x00, 0xEB, 0x54, 0x00, 0x00, 0x04, 0xEF, 0x50, 0x00, 0x8E, 0xD4, 0x20, 0x07, 0x8A, 0xE4, 0x0D, 0x00, 0x09, 0x9B, 0xFC, 0xFB, 0xD3, 0x30, 0x00, 0x00,
  0x00, 0x00, 0x0E, 0x1B, 0x00, 0x00, 0x00, 0x00, 0x00, 0x10, 0x63, 0x18, 0x5F, 0x31, 0x00, 0x00, 0xA6, 0x92, 0xA5, 0xAC, 0x08, 0x00, 0x11, 0x67, 0x27, 0x64, 0x02, 0x00, 0x4C, 0x31, 0x00, 0x00, 0x06, 0x63, 0x15, 0xC3, 0x7F, 0x00, 0x00, 0x0F,
  0xFF, 0x37, 0xC3, 0x7F, 0x00, 0x00, 0x0F, 0xFF, 0x37, 0xC3, 0x7F, 0x00, 0x00, 0x0F, 0xFF, 0x37, 0xC3, 0x7F, 0x00, 0x00, 0x0F, 0xFF, 0x37, 0xB5, 0x8B, 0x00, 0x00, 0x10, 0xFF, 0x37, 0x84, 0xD2, 0x0E, 0x07, 0x87, 0xFF, 0x37, 0x12, 0xC8, 0xFC,
  0xF6, 0x6F, 0xF9, 0x37, 0x00, 0x00, 0x16, 0x0C, 0x00, 0x00, 0x00, 0x00, 0x00, 0x06, 0x00, 0x00, 0x05, 0x00, 0x00, 0x00, 0x00, 0xEB, 0x57, 0x06, 0xF3, 0x48, 0x00, 0x00, 0x00, 0x39, 0x0D, 0x00, 0x40, 0x0B, 0x00, 0x53, 0xEE, 0x17, 0x00, 0x00,
  0x00, 0xC8, 0x8F, 0x02, 0xD8, 0x83, 0x00, 0x00, 0x44, 0xFA, 0x20, 0x00, 0x5C, 0xED, 0x0A, 0x00, 0xB8, 0x9B, 0x00, 0x00, 0x03, 0xDA, 0x6B, 0x2D, 0xFA, 0x21, 0x00, 0x00, 0x00, 0x5E, 0xDD, 0xA3, 0x9D, 0x00, 0x00, 0x00, 0x00, 0x03, 0xDB, 0xFB,
  0x23, 0x00, 0x00, 0x00, 0x00, 0x00, 0x81, 0xC0, 0x00, 0x00, 0x00, 0x00, 0x00, 0x00, 0x7B, 0xB8, 0x00, 0x00, 0x00, 0x00, 0x00, 0x00, 0x7A, 0xB6, 0x00, 0x00, 0x00, 0x00, 0x00, 0x00, 0x78, 0xB4, 0x00, 0x00, 0x00, 0x00, 0x00, 0x00, 0x00, 0x00,
  0x1F, 0x10, 0x00, 0x00, 0x00, 0x00, 0x00, 0x60, 0xDA, 0x1B, 0x00, 0x00, 0x00, 0x00, 0x07, 0x9B, 0x1A, 0x00, 0x00, 0x1E, 0xF3, 0xF3, 0xF3, 0xF3, 0xF3, 0xF3, 0x2B, 0x03, 0x1F, 0x1F, 0x1F, 0x1F, 0x99, 0xDA, 0x07, 0x00, 0x00, 0x00, 0x00, 0x28,
  0xF8, 0x41, 0x00, 0x00, 0x00, 0x00, 0x01, 0xC0, 0x9F, 0x00, 0x00, 0x00, 0x00, 0x00, 0x62, 0xEB, 0x13, 0x00, 0x00, 0x00, 0x00, 0x15, 0xED, 0x5D, 0x00, 0x00, 0x00, 0x00, 0x00, 0xA4, 0xBD, 0x00, 0x00, 0x00, 0x00, 0x00, 0x44, 0xF7, 0x25, 0x00,
  0x00, 0x00, 0x00, 0x08, 0xDC, 0x8B, 0x13, 0x13, 0x13, 0x13, 0x07, 0x36, 0xFF, 0xFF, 0xFF, 0xFF, 0xFF, 0xFF, 0x5F, 0x00, 0x00, 0x00, 0x00, 0x1F, 0x10, 0x00, 0x00, 0x00, 0x00, 0x60, 0xDA, 0x1B, 0x00, 0x00, 0x00, 0x07, 0x9B, 0x1A, 0x00, 0x00,
  0x54, 0x63, 0x63, 0x63, 0x63, 0x63, 0x11, 0x8D, 0xA7, 0xA7, 0xA7, 0xDE, 0xF7, 0x1A, 0x00, 0x00, 0x00, 0x35, 0xF6, 0x5B, 0x00, 0x00, 0x00, 0x19, 0xE4, 0x89, 0x00, 0x00, 0x00, 0x07, 0xC7, 0xB5, 0x02, 0x00, 0x00, 0x00, 0xA0, 0xD7, 0x0F, 0x00,
  0x00, 0x00, 0x72, 0xF2, 0x2E, 0x07, 0x07, 0x07, 0x03, 0xE7, 0xFF, 0xFF, 0xFF, 0xFF, 0xFF, 0x6B, 0x00, 0x00, 0x00, 0x00, 0x01, 0x00, 0x00, 0x00, 0x00, 0x00, 0x00, 0x74, 0xD6, 0x00, 0x00, 0x00, 0x00, 0x00, 0x00, 0x24, 0x4E, 0x00, 0x00, 0x00,
  0x1E, 0xF3, 0xF3, 0xF3, 0xF3, 0xF3, 0xF3, 0x2B, 0x03, 0x1F, 0x1F, 0x1F, 0x1F, 0x99, 0xDA, 0x07, 0x00, 0x00, 0x00, 0x00, 0x28, 0xF8, 0x41, 0x00, 0x00, 0x00, 0x00, 0x01, 0xC0, 0x9F, 0x00, 0x00, 0x00, 0x00, 0x00, 0x62, 0xEB, 0x13, 0x00, 0x00,
  0x00, 0x00, 0x15, 0xED, 0x5D, 0x00, 0x00, 0x00, 0x00, 0x00, 0xA4, 0xBD, 0x00, 0x00, 0x00, 0x00, 0x00, 0x44, 0xF7, 0x25, 0x00, 0x00, 0x00, 0x00, 0x08, 0xDC, 0x8B, 0x13, 0x13, 0x13, 0x13, 0x07, 0x36, 0xFF, 0xFF, 0xFF, 0xFF, 0xFF, 0xFF, 0x5F,
  0x00, 0x00, 0x00, 0x01, 0x00, 0x00, 0x00, 0x00, 0x00, 0x74, 0xD6, 0x00, 0x00, 0x00, 0x00, 0x00, 0x24, 0x4E, 0x00, 0x00, 0x00, 0x54, 0x63, 0x63, 0x63, 0x63, 0x63, 0x11, 0x8D, 0xA7, 0xA7, 0xA7, 0xDE, 0xF7, 0x1A, 0x00, 0x00, 0x00, 0x35, 0xF6,
  0x5B, 0x00, 0x00, 0x00, 0x19, 0xE4, 0x89, 0x00, 0x00, 0x00, 0x07, 0xC7, 0xB5, 0x02, 0x00, 0x00, 0x00, 0xA0, 0xD7, 0x0F, 0x00, 0x00, 0x00, 0x72, 0xF2, 0x2E, 0x07, 0x07, 0x07, 0x03, 0xE7, 0xFF, 0xFF, 0xFF, 0xFF, 0xFF, 0x6B, 0x00, 0x00, 0x51,
  0x20, 0x02, 0x59, 0x15, 0x00, 0x00, 0x00, 0x3A, 0xD4, 0xAB, 0x8C, 0x00, 0x00, 0x00, 0x00, 0x00, 0x32, 0x5D, 0x00, 0x00, 0x00, 0x1E, 0xF3, 0xF3, 0xF3, 0xF3, 0xF3, 0xF3, 0x2B, 0x03, 0x1F, 0x1F, 0x1F, 0x1F, 0x99, 0xDA, 0x07, 0x00, 0x00, 0x00,
  0x00, 0x28, 0xF8, 0x41, 0x00, 0x00, 0x00, 0x00, 0x01, 0xC0, 0x9F, 0x00, 0x00, 0x00, 0x00, 0x00, 0x62, 0xEB, 0x13, 0x00, 0x00, 0x00, 0x00, 0x15, 0xED, 0x5D, 0x00, 0x00, 0x00, 0x00, 0x00, 0xA4, 0xBD, 0x00, 0x00, 0x00, 0x00, 0x00, 0x44, 0xF7,
  0x25, 0x00, 0x00, 0x00, 0x00, 0x08, 0xDC, 0x8B, 0x13, 0x13, 0x13, 0x13, 0x07, 0x36, 0xFF, 0xFF, 0xFF, 0xFF, 0xFF, 0xFF, 0x5F, 0x00, 0x51, 0x20, 0x02, 0x59, 0x15, 0x00, 0x00, 0x3A, 0xD4, 0xAB, 0x8C, 0x00, 0x00, 0x00, 0x00, 0x32, 0x5D, 0x00,
  0x00, 0x00, 0x54, 0x63, 0x63, 0x63, 0x63, 0x63, 0x11, 0x8D, 0xA7, 0xA7, 0xA7, 0xDE, 0xF7, 0x1A, 0x00, 0x00, 0x00, 0x35, 0xF6, 0x5B, 0x00, 0x00, 0x00, 0x19, 0xE4, 0x89, 0x00, 0x00, 0x00, 0x07, 0xC7, 0xB5, 0x02, 0x00, 0x00, 0x00, 0xA0, 0xD7,
  0x0F, 0x00, 0x00, 0x00, 0x72, 0xF2, 0x2E, 0x07, 0x07, 0x07, 0x03, 0xE7, 0xFF, 0xFF, 0xFF, 0xFF, 0xFF, 0x6B, 0x00, 0x00, 0x00, 0x47, 0xAD, 0xC1, 0x47, 0x00, 0x00, 0x38, 0xFC, 0x80, 0x50, 0x2A, 0x00, 0x00, 0x86, 0xBC, 0x00, 0x00, 0x00, 0x00,
  0x51, 0xC0, 0xCB, 0x63, 0x0C, 0x00, 0x00, 0x78, 0xD4, 0xDC, 0x93, 0x12, 0x00, 0x00, 0x00, 0x97, 0xAB, 0x00, 0x00, 0x00, 0x00, 0x00, 0x97, 0xAB, 0x00, 0x00, 0x00, 0x00, 0x00, 0x97, 0xAB, 0x00, 0x00, 0x00, 0x00, 0x00, 0x97, 0xAB, 0x00, 0x00,
  0x00, 0x00, 0x00, 0x97, 0xAB, 0x00, 0x00, 0x00, 0x00, 0x00, 0x97, 0xAB, 0x00, 0x00, 0x00, 0x00, 0x00, 0xA0, 0xA3, 0x00, 0x00, 0x00, 0x1E, 0x22, 0xE5, 0x6F, 0x00, 0x00, 0x00, 0xC7, 0xED, 0x9E, 0x07, 0x00, 0x00, 0x00, 0x00, 0x12, 0x59, 0x02,
  0x00, 0x15, 0xCB, 0xAC, 0xA5, 0x03, 0x43, 0x40, 0x00, 0x5B, 0x29, 0x51, 0x20, 0x02, 0x59, 0x15, 0x3A, 0xD4, 0xAB, 0x8C, 0x00, 0x00, 0x32, 0x5D, 0x00, 0x00, 0xB7, 0x56, 0x0E, 0xDF, 0x21, 0x2C, 0xBA, 0xCC, 0x6E, 0x00, 0x00, 0x01, 0x74, 0xD6,
  0x24, 0x4E, 0x00, 0x20, 0x3E, 0x00, 0x14, 0xB4, 0x79, 0x6B, 0x17, 0xB1, 0x6F, 0x70, 0x00, 0x28, 0x48, 0x02, 0x00, 0x03, 0x39, 0x00, 0x02, 0xB8, 0x5C, 0x00, 0x3A, 0xE5, 0x0C, 0x02, 0x12, 0xCE, 0xE2, 0x1F, 0x00, 0x0C, 0x37, 0x02, 0x0A, 0x2C,
  0x00, 0xCA, 0xC2, 0xD7, 0xC4, 0x6E, 0x02, 0x48, 0x00, 0x27, 0x43, 0x00, 0x00, 0x10, 0x63, 0x18, 0x5F, 0x31, 0x00, 0xA6, 0x92, 0xA5, 0xAC, 0x08, 0x11, 0x67, 0x27, 0x64, 0x02, 0x00, 0x00, 0x00, 0x00, 0x06, 0x0E, 0x00, 0x00, 0x00, 0x00, 0x04,
  0x8E, 0xF8, 0xFB, 0xC8, 0x22, 0x00, 0x00, 0x8D, 0xCB, 0x1D, 0x08, 0x7E, 0xE4, 0x09, 0x11, 0xF7, 0x3A, 0x00, 0x00, 0x01, 0xD8, 0x69, 0x3C, 0xFD, 0x04, 0x00, 0x00, 0x00, 0xA1, 0x9B, 0x56, 0xED, 0x00, 0x00, 0x00, 0x00, 0x8D, 0xB6, 0x46, 0xF5,
  0x00, 0x00, 0x00, 0x00, 0x97, 0xA5, 0x14, 0xFC, 0x1A, 0x00, 0x00, 0x00, 0xB8, 0x73, 0x00, 0xA8, 0x71, 0x00, 0x00, 0x15, 0xEA, 0x1A, 0x02, 0x22, 0xD7, 0x61, 0x21, 0xC8, 0x67, 0x05, 0x4F, 0xFF, 0xFF, 0xC7, 0x57, 0xFF, 0xFF, 0xBB, 0x27, 0x63,
  0x63, 0x63, 0x63, 0x63, 0x63, 0x33, 0x00, 0x41, 0xD2, 0xEC, 0xA7, 0xA7, 0xE7, 0xD8, 0x56, 0x00, 0x00, 0x7B, 0xC7, 0x00, 0x00, 0xB7, 0x8B, 0x00, 0x00, 0x00, 0x7B, 0xC7, 0x00, 0x00, 0xB7, 0x8B, 0x00, 0x00, 0x00, 0x7B, 0xC7, 0x00, 0x00, 0xB7,
  0x8B, 0x00, 0x00, 0x00, 0x7B, 0xC7, 0x00, 0x00, 0xB7, 0x8B, 0x00, 0x00, 0x00, 0x7B, 0xC7, 0x00, 0x00, 0xAC, 0x9D, 0x03, 0x00, 0x00, 0x7B, 0xC7, 0x00, 0x00, 0x59, 0xFC, 0xEF, 0x0B, 0x00, 0x00, 0x00, 0x00, 0x00, 0x00, 0x10, 0x0D, 0x00, 0x3D,
  0x7B, 0x7B, 0x7B, 0x7B, 0x7B, 0x7B, 0x72, 0x45, 0x8B, 0x8B, 0x8B, 0x8B, 0x8B, 0x8B, 0x81, 0x38, 0x7B, 0x7B, 0x7B, 0x7B, 0x7B, 0x7B, 0x76, 0x3F, 0x8B, 0x8B, 0x8B, 0x8B, 0x8B, 0x8B, 0x85, 0x00, 0x75, 0x0F, 0x4A, 0xE2, 0x05, 0x96, 0xA5, 0x00,
  0x92, 0x87, 0x00, 0x22, 0xA7, 0x05, 0x3C, 0xFD, 0x03, 0x6D, 0xC9, 0x00, 0x91, 0x3E, 0x00, 0x2C, 0x7F, 0x58, 0xEB, 0x80, 0xBE, 0xBE, 0x3F, 0x01, 0x00, 0x00, 0x75, 0x10, 0x75, 0x0F, 0x4A, 0xE2, 0x50, 0xE2, 0x05, 0x96, 0xA5, 0x96, 0xA5, 0x00,
  0x92, 0x87, 0x92, 0x87, 0x00, 0x22, 0xA7, 0x27, 0xA7, 0x05, 0x3C, 0xFD, 0x40, 0xFD, 0x03, 0x6D, 0xC9, 0x6D, 0xC9, 0x00, 0x91, 0x3E, 0x91, 0x3E, 0x00, 0x26, 0x85, 0x28, 0x83, 0x4C, 0xF7, 0x50, 0xF3, 0x76, 0xC9, 0x7A, 0xC3, 0xB4, 0x48, 0xBB,
  0x44, 0x01, 0x00, 0x01, 0x00, 0x00, 0x00, 0x00, 0x6E, 0xC6, 0x00, 0x00, 0x00, 0x00, 0x00, 0x00, 0x73, 0xCF, 0x00, 0x00, 0x00, 0x12, 0x63, 0x63, 0xAA, 0xE2, 0x63, 0x63, 0x39, 0x1F, 0xA7, 0xA7, 0xCF, 0xEF, 0xA7, 0xA7, 0x61, 0x00, 0x00, 0x00,
  0x73, 0xCF, 0x00, 0x00, 0x00, 0x00, 0x00, 0x00, 0x73, 0xCF, 0x00, 0x00, 0x00, 0x00, 0x00, 0x00, 0x73, 0xCF, 0x00, 0x00, 0x00, 0x00, 0x00, 0x00, 0x73, 0xCF, 0x00, 0x00, 0x00, 0x00, 0x00, 0x00, 0x73, 0xCF, 0x00, 0x00, 0x00, 0x00, 0x00, 0x00,
  0x73, 0xCF, 0x00, 0x00, 0x00, 0x00, 0x00, 0x00, 0x6E, 0xC6, 0x00, 0x00, 0x00, 0x00, 0x00, 0x00, 0x73, 0xCF, 0x00, 0x00, 0x00, 0x11, 0x63, 0x63, 0xAA, 0xE2, 0x63, 0x63, 0x3B, 0x1C, 0xA7, 0xA7, 0xCF, 0xEF, 0xA7, 0xA7, 0x63, 0x00, 0x00, 0x00,
  0x73, 0xCF, 0x00, 0x00, 0x00, 0x00, 0x00, 0x00, 0x73, 0xCF, 0x00, 0x00, 0x00, 0x00, 0x00, 0x00, 0x73, 0xCF, 0x00, 0x00, 0x00, 0x00, 0x00, 0x00, 0x73, 0xCF, 0x00, 0x00, 0x00, 0x01, 0x07, 0x07, 0x78, 0xD1, 0x07, 0x07, 0x04, 0x2B, 0xFF, 0xFF,
  0xFF, 0xFF, 0xFF, 0xFF, 0x97, 0x00, 0x00, 0x00, 0x73, 0xCF, 0x00, 0x00, 0x00, 0x00, 0x00, 0x00, 0x73, 0xCF, 0x00, 0x00, 0x00, 0x00, 0x00, 0x00, 0x61, 0xAF, 0x00, 0x00, 0x00, 0x00, 0x87, 0xAC, 0x23, 0x2B, 0xFF, 0xFF, 0x8B, 0x18, 0xF7, 0xFF,
  0x70, 0x00, 0x27, 0x46, 0x01, 0x45, 0xBE, 0x25, 0x45, 0xBE, 0x25, 0x45, 0xBE, 0x25, 0x77, 0xFF, 0x46, 0x77, 0xFF, 0x46, 0x77, 0xFF, 0x46, 0x01, 0x14, 0x00, 0x01, 0x14, 0x00, 0x01, 0x14, 0x00, 0x00, 0x04, 0x05, 0x00, 0x00, 0x00, 0x00, 0x00,
  0x00, 0x31, 0xDA, 0xDB, 0x3F, 0x00, 0x00, 0x00, 0x00, 0x00, 0x94, 0x5F, 0x4B, 0xAA, 0x00, 0x00, 0x00, 0x00, 0x00, 0x90, 0x61, 0x4E, 0xA8, 0x02, 0x86, 0x50, 0x00, 0x00, 0x29, 0xD3, 0xD6, 0x45, 0xAF, 0x6E, 0x00, 0x00, 0x00, 0x00, 0x00, 0x25,
  0xC3, 0x43, 0x00, 0x00, 0x00, 0x00, 0x00, 0x44, 0xC2, 0x22, 0x00, 0x00, 0x00, 0x00, 0x00, 0x12, 0xA3, 0x36, 0xCF, 0xD5, 0xB5, 0xDA, 0x7D, 0x00, 0x00, 0x00, 0x97, 0x5D, 0x5A, 0xC5, 0x04, 0xEA, 0x09, 0x00, 0x00, 0x9E, 0x53, 0x50, 0xBB, 0x00,
  0xE7, 0x0D, 0x00, 0x00, 0x3E, 0xD8, 0xDA, 0xD9, 0xC5, 0xA3, 0x00, 0x00, 0x00, 0x00, 0x0B, 0x10, 0x03, 0x18, 0x00, 0x00, 0x00, 0x00, 0x39, 0x41, 0x00, 0x1C, 0xDC, 0x1B, 0x04, 0xC5, 0x65, 0x00, 0x22, 0xF4, 0x23, 0x00, 0x00, 0x62, 0xBD, 0x00,
  0x00, 0x00, 0x9D, 0x5B, 0x11, 0x69, 0x00, 0x00, 0x00, 0xA8, 0x6A, 0x00, 0x00, 0x16, 0xE5, 0x33, 0x00, 0x00, 0xBD, 0x7C, 0x00, 0x5A, 0xC2, 0x03, 0x11, 0xCD, 0x1A, 0x00, 0x00, 0x00, 0x00, 0x2E, 0x06, 0x00, 0x00, 0x0B, 0xDE, 0x1B, 0x00, 0x00,
  0x7C, 0x86, 0x00, 0x00, 0x14, 0xDF, 0x0F, 0x00, 0x00, 0x8F, 0x72, 0x00, 0x00, 0x1F, 0xDB, 0x07, 0x00, 0x00, 0xA2, 0x5F, 0x00, 0x00, 0x00, 0x50, 0x02, 0x00, 0x00, 0x00, 0x00, 0x00, 0x00, 0x00, 0x00, 0x0B, 0x08, 0x00, 0x00, 0x00, 0x00, 0x58,
  0xDB, 0xF8, 0xFC, 0x4F, 0x00, 0x00, 0x4B, 0xF9, 0x50, 0x03, 0x08, 0x0B, 0x00, 0x00, 0xB9, 0x99, 0x00, 0x00, 0x00, 0x00, 0x0A, 0x53, 0xEA, 0x9A, 0x53, 0x53, 0x00, 0x00, 0x10, 0x83, 0xF4, 0xB0, 0x83, 0x83, 0x00, 0x00, 0x11, 0x8B, 0xF5, 0xB5,
  0x8B, 0x8B, 0x00, 0x00, 0x08, 0x47, 0xE9, 0x93, 0x47, 0x47, 0x00, 0x00, 0x00, 0x00, 0xBC, 0x96, 0x00, 0x00, 0x00, 0x00, 0x00, 0x00, 0x52, 0xF7, 0x46, 0x00, 0x01, 0x06, 0x00, 0x00, 0x00, 0x65, 0xEB, 0xF0, 0xF3, 0x53, 0x00, 0x00, 0x00, 0x00,
  0x00, 0x18, 0x16, 0x00, 0x29, 0xAA, 0xAE, 0x4A, 0xC9, 0x00, 0x89, 0x5B, 0x00, 0x4B, 0x53, 0x1B, 0xD5, 0x2E, 0xBB, 0x5F, 0x00, 0x4B, 0x53, 0x1B, 0x89, 0xBA, 0x77, 0x5F, 0x00, 0x36, 0x3C, 0x14, 0x5B, 0x6D, 0x2C, 0x44, 0x00, 0x00, 0x33, 0x57,
  0x3F, 0x03, 0x00, 0x00, 0x00, 0x61, 0xE4, 0xC6, 0xF3, 0xD1, 0x18, 0x00, 0x00, 0x07, 0x00, 0x00, 0x14, 0xCC, 0xB1, 0x00, 0x00, 0x00, 0x00, 0x00, 0x00, 0x36, 0xFF, 0x19, 0x00, 0x09, 0x8E, 0xEB, 0xEB, 0x83, 0xEA, 0x4C, 0x00, 0x99, 0xD5, 0x33,
  0x1C, 0x85, 0xFF, 0x66, 0x05, 0xFA, 0x4A, 0x00, 0x00, 0x00, 0xD5, 0x79, 0x1C, 0xFF, 0x25, 0x00, 0x00, 0x00, 0xD2, 0x69, 0x04, 0xFA, 0x49, 0x00, 0x00, 0x0D, 0xF7, 0x37, 0x00, 0x9E, 0xC7, 0x12, 0x03, 0x92, 0xC8, 0x00, 0x00, 0x0F, 0xAA, 0xFB,
  0xF2, 0xCA, 0x1D, 0x00, 0x00, 0x00, 0x00, 0x11, 0x15, 0x00, 0x00, 0x00, 0x00, 0x00, 0x00, 0x4B, 0xF3, 0x1B, 0x00, 0x00, 0x00, 0x00, 0x00, 0x00, 0xA8, 0xFC, 0x6D, 0x00, 0x00, 0x00, 0x00, 0x00, 0x0D, 0xF6, 0x8A, 0xC2, 0x00, 0x00, 0x00, 0x00,
  0x00, 0x5F, 0xCB, 0x19, 0xFC, 0x19, 0x00, 0x00, 0x00, 0x00, 0xBA, 0x75, 0x00, 0xC8, 0x6B, 0x00, 0x00, 0x00, 0x18, 0xFC, 0x20, 0x00, 0x78, 0xBF, 0x00, 0x00, 0x00, 0x71, 0xC8, 0x00, 0x00, 0x28, 0xFD, 0x17, 0x00, 0x00, 0xCC, 0x71, 0x00, 0x00,
  0x00, 0xD9, 0x68, 0x00, 0x27, 0xFE, 0x25, 0x07, 0x07, 0x07, 0x8E, 0xBC, 0x00, 0x82, 0xFF, 0xFF, 0xFF, 0xFF, 0xFF, 0xFF, 0xFC, 0x15, 0xD1, 0xF3, 0xF3, 0xF3, 0xF3, 0xF3, 0x3C, 0xDB, 0x73, 0x13, 0x13, 0x17, 0xFF, 0x3F, 0xDB, 0x67, 0x00, 0x00,
  0x03, 0xFF, 0x3F, 0xDB, 0x67, 0x00, 0x00, 0x03, 0xFF, 0x3F, 0xDB, 0x67, 0x00, 0x00, 0x03, 0xFF, 0x3F, 0xDB, 0x67, 0x00, 0x00, 0x03, 0xFF, 0x3F, 0xDB, 0x67, 0x00, 0x00, 0x03, 0xFF, 0x3F, 0xDB, 0x67, 0x00, 0x00, 0x03, 0xFF, 0x3F, 0xDB, 0x67,
  0x00, 0x00, 0x03, 0xFF, 0x3F, 0xDB, 0x67, 0x00, 0x00, 0x03, 0xFF, 0x3F, 0xDB, 0x67, 0x00, 0x00, 0x03, 0xFF, 0x3F, 0x63, 0x2F, 0x00, 0x00, 0x01, 0x73, 0x1C, 0xA0, 0xF3, 0xF3, 0xF3, 0xF3, 0xF3, 0xF3, 0x7D, 0x00, 0x46, 0xF9, 0x52, 0x13, 0x13,
  0x13, 0x13, 0x0A, 0x00, 0x00, 0x6B, 0xEB, 0x21, 0x00, 0x00, 0x00, 0x00, 0x00, 0x00, 0x00, 0x94, 0xD3, 0x0D, 0x00, 0x00, 0x00, 0x00, 0x00, 0x00, 0x03, 0xB8, 0xB2, 0x02, 0x00, 0x00, 0x00, 0x00, 0x00, 0x00, 0x0F, 0xD6, 0x87, 0x00, 0x00, 0x00,
  0x00, 0x00, 0x00, 0x15, 0xDE, 0x7D, 0x00, 0x00, 0x00, 0x00, 0x00, 0x07, 0xC5, 0xA6, 0x00, 0x00, 0x00, 0x00, 0x00, 0x00, 0xA5, 0xC8, 0x08, 0x00, 0x00, 0x00, 0x00, 0x00, 0x80, 0xE2, 0x18, 0x00, 0x00, 0x00, 0x00, 0x00, 0x58, 0xFD, 0x63, 0x33,
  0x33, 0x33, 0x33, 0x33, 0x02, 0x8D, 0xD7, 0xD7, 0xD7, 0xD7, 0xD7, 0xD7, 0xD7, 0x0A, 0x00, 0x00, 0x00, 0x00, 0x00, 0x00, 0x71, 0xC8, 0x00, 0x00, 0x00, 0x00, 0x00, 0x00, 0xD0, 0x74, 0x00, 0x00, 0x00, 0x00, 0x00, 0x2B, 0xFC, 0x19, 0x00, 0x00,
  0x00, 0x00, 0x00, 0x86, 0xB6, 0x00, 0x35, 0x57, 0x35, 0x00, 0x01, 0xDF, 0x57, 0x00, 0x6D, 0xC9, 0xDA, 0x00, 0x3C, 0xEF, 0x08, 0x00, 0x00, 0x11, 0xF7, 0x39, 0x97, 0x98, 0x00, 0x00, 0x00, 0x00, 0xA5, 0x9A, 0xEC, 0x39, 0x00, 0x00, 0x00, 0x00,
  0x41, 0xF6, 0xDA, 0x00, 0x00, 0x00, 0x00, 0x00, 0x01, 0xDC, 0x7B, 0x00, 0x00, 0x00, 0x02, 0x86, 0xB2, 0x35, 0x09, 0x92, 0xAD, 0x29, 0x00, 0x63, 0x8F, 0x25, 0xC4, 0xA4, 0x61, 0x33, 0xC7, 0x00, 0x9E, 0x38, 0x00, 0x58, 0xC1, 0x00, 0x00, 0xD0,
  0x06, 0x97, 0x42, 0x00, 0x75, 0xD5, 0x03, 0x00, 0xD5, 0x03, 0x3F, 0xBE, 0x6F, 0xBB, 0x63, 0xA6, 0x7E, 0xA8, 0x00, 0x00, 0x3E, 0x68, 0x0E, 0x00, 0x47, 0x62, 0x09, 0x00, 0x00, 0x00, 0x01, 0x73, 0xBF, 0x75, 0x00, 0x00, 0x58, 0xF5, 0x5C, 0x27,
  0x00, 0x00, 0x93, 0xB1, 0x00, 0x00, 0x00, 0x00, 0x9B, 0xA7, 0x00, 0x00, 0x00, 0x00, 0x9B, 0xA7, 0x00, 0x00, 0x00, 0x00, 0x9B, 0xA7, 0x00, 0x00, 0x00, 0x00, 0x9B, 0xA7, 0x00, 0x00, 0x00, 0x00, 0x9B, 0xA7, 0x00, 0x00, 0x00, 0x00, 0x9B, 0xA7,
  0x00, 0x00, 0x00, 0x00, 0x9B, 0xA7, 0x00, 0x00, 0x00, 0x00, 0x9B, 0xA7, 0x00, 0x00, 0x00, 0x00, 0x9E, 0xA5, 0x00, 0x00, 0x06, 0x17, 0xD6, 0x7F, 0x00, 0x00, 0x3C, 0xF5, 0xBA, 0x12, 0x00, 0x00, 0x00, 0x6C, 0xEB, 0xC5, 0x5A, 0x0B, 0x41, 0x51,
  0x00, 0xB4, 0x41, 0x5D, 0xCB, 0xFF, 0xE8, 0x28, 0x00, 0x05, 0x04, 0x00, 0x00, 0x1B, 0x0B, 0x00, 0x00, 0x8E, 0xFD, 0xDC, 0x69, 0x1F, 0x60, 0x4C, 0x02, 0xA3, 0x27, 0x4A, 0xBB, 0xFE, 0xD1, 0x18, 0x00, 0x01, 0x00, 0x00, 0x00, 0x08, 0x01, 0x00,
  0x00, 0x00, 0x00, 0x00, 0x2E, 0x00, 0x00, 0x5E, 0x6F, 0x6F, 0x6F, 0xD4, 0x6F, 0x1D, 0x91, 0xAB, 0xAB, 0xE0, 0xB2, 0xAB, 0x2D, 0x00, 0x00, 0x0C, 0xA7, 0x00, 0x00, 0x00, 0x80, 0x97, 0xB9, 0xBF, 0x97, 0x97, 0x28, 0x6B, 0x8D, 0xCD, 0x7F, 0x7F,
  0x7F, 0x21, 0x00, 0x31, 0x39, 0x00, 0x00, 0x00, 0x00, 0x00, 0x00, 0x00, 0x0D, 0x67, 0xCE, 0x17, 0x00, 0x33, 0x99, 0xF0, 0xB9, 0x5E, 0x04, 0x9A, 0xEF, 0x72, 0x17, 0x00, 0x00, 0x00, 0x38, 0xA8, 0xE5, 0x96, 0x3F, 0x02, 0x00, 0x00, 0x00, 0x16,
  0x77, 0xDD, 0xE5, 0x11, 0x00, 0x00, 0x00, 0x00, 0x01, 0x46, 0x0B, 0x11, 0x17, 0x17, 0x17, 0x17, 0x17, 0x00, 0xAC, 0xEF, 0xEF, 0xEF, 0xEF, 0xEC, 0x00, 0x0B, 0x00, 0x00, 0x00, 0x00, 0x00, 0x00, 0xAA, 0xBB, 0x58, 0x07, 0x00, 0x00, 0x00, 0x13,
  0x64, 0xB9, 0xE9, 0x93, 0x30, 0x00, 0x00, 0x00, 0x00, 0x14, 0x9B, 0xFE, 0x55, 0x00, 0x35, 0x8C, 0xE1, 0xC4, 0x61, 0x0A, 0x9E, 0xE7, 0x89, 0x27, 0x00, 0x00, 0x00, 0x2A, 0x04, 0x00, 0x00, 0x00, 0x00, 0x00, 0x0D, 0x13, 0x13, 0x13, 0x13, 0x13,
  0x00, 0xA3, 0xF3, 0xF3, 0xF3, 0xF3, 0xF3, 0x0B, 0x00, 0x00, 0x88, 0xDB, 0x09, 0x00, 0x00, 0x00, 0x1F, 0xED, 0xBB, 0x79, 0x00, 0x00, 0x00, 0xA4, 0x8A, 0x2E, 0xF0, 0x16, 0x00, 0x32, 0xF2, 0x15, 0x00, 0xA9, 0x95, 0x00, 0xBD, 0x88, 0x00, 0x00,
  0x29, 0xF8, 0x28, 0xC5, 0x82, 0x00, 0x00, 0x21, 0xF8, 0x2F, 0x39, 0xF1, 0x13, 0x00, 0x9E, 0x9F, 0x00, 0x00, 0xAA, 0x8A, 0x23, 0xF1, 0x1B, 0x00, 0x00, 0x23, 0xF0, 0xB0, 0x83, 0x00, 0x00, 0x00, 0x00, 0x8E, 0xE9, 0x0D, 0x00, 0x00, 0x00, 0x13,
  0x52, 0x6F, 0x62, 0x6F, 0x74, 0x6F, 0x20, 0x4D, 0x6F, 0x6E, 0x6F, 0x20, 0x52, 0x65, 0x67, 0x75, 0x6C, 0x61, 0x72, 0x00, 0x12, 0x52, 0x6F, 0x62, 0x6F, 0x74, 0x6F, 0x4D, 0x6F, 0x6E, 0x6F, 0x2D, 0x52, 0x65, 0x67, 0x75, 0x6C, 0x61, 0x72, 0x01,
  0x00
};

/*************************** End of file ****************************/
