/*
  C-file generated by Bin2C
  Compiled:    Jun 11 2019 at 16:50:55

  Copyright (C) 2018
  Segger Microcontroller GmbH
  www.segger.com

  The Embedded Experts
*/

static const unsigned char _acRobotoMonoRegular12[23311UL + 1] = {
  0x00, 0x00, 0x01, 0x15, 0x00, 0x00, 0x00, 0x0B, 0x00, 0x00, 0x00, 0x0C, 0x00, 0x00, 0x00, 0x00, 0x00, 0x00, 0x00, 0x09, 0x00, 0x00, 0x00, 0x03, 0x00, 0x00, 0x00, 0x21, 0x00, 0x00, 0x00, 0x0A, 0x00, 0x00, 0x00, 0x03, 0x00, 0x00, 0x00, 0x07,
  0x00, 0x00, 0x00, 0x09, 0x00, 0x00, 0x00, 0x02, 0x00, 0x00, 0x00, 0x00, 0x00, 0x00, 0x00, 0x22, 0x00, 0x00, 0x00, 0x03, 0x00, 0x00, 0x00, 0x04, 0x00, 0x00, 0x00, 0x07, 0x00, 0x00, 0x00, 0x09, 0x00, 0x00, 0x00, 0x02, 0x00, 0x00, 0x00, 0x00,
  0x00, 0x00, 0x00, 0x23, 0x00, 0x00, 0x00, 0x09, 0x00, 0x00, 0x00, 0x07, 0x00, 0x00, 0x00, 0x07, 0x00, 0x00, 0x00, 0x09, 0x00, 0x00, 0x00, 0x00, 0x00, 0x00, 0x00, 0x00, 0x00, 0x00, 0x00, 0x24, 0x00, 0x00, 0x00, 0x0C, 0x00, 0x00, 0x00, 0x07,
  0x00, 0x00, 0x00, 0x07, 0x00, 0x00, 0x00, 0x0A, 0x00, 0x00, 0x00, 0x00, 0x00, 0x00, 0x00, 0x00, 0x00, 0x00, 0x00, 0x25, 0x00, 0x00, 0x00, 0x0A, 0x00, 0x00, 0x00, 0x07, 0x00, 0x00, 0x00, 0x07, 0x00, 0x00, 0x00, 0x09, 0x00, 0x00, 0x00, 0x00,
  0x00, 0x00, 0x00, 0x00, 0x00, 0x00, 0x00, 0x26, 0x00, 0x00, 0x00, 0x0A, 0x00, 0x00, 0x00, 0x07, 0x00, 0x00, 0x00, 0x07, 0x00, 0x00, 0x00, 0x09, 0x00, 0x00, 0x00, 0x00, 0x00, 0x00, 0x00, 0x00, 0x00, 0x00, 0x00, 0x27, 0x00, 0x00, 0x00, 0x03,
  0x00, 0x00, 0x00, 0x02, 0x00, 0x00, 0x00, 0x07, 0x00, 0x00, 0x00, 0x09, 0x00, 0x00, 0x00, 0x02, 0x00, 0x00, 0x00, 0x00, 0x00, 0x00, 0x00, 0x28, 0x00, 0x00, 0x00, 0x0D, 0x00, 0x00, 0x00, 0x04, 0x00, 0x00, 0x00, 0x07, 0x00, 0x00, 0x00, 0x0A,
  0x00, 0x00, 0x00, 0x02, 0x00, 0x00, 0x00, 0x00, 0x00, 0x00, 0x00, 0x29, 0x00, 0x00, 0x00, 0x0D, 0x00, 0x00, 0x00, 0x04, 0x00, 0x00, 0x00, 0x07, 0x00, 0x00, 0x00, 0x0A, 0x00, 0x00, 0x00, 0x01, 0x00, 0x00, 0x00, 0x00, 0x00, 0x00, 0x00, 0x2A,
  0x00, 0x00, 0x00, 0x07, 0x00, 0x00, 0x00, 0x07, 0x00, 0x00, 0x00, 0x07, 0x00, 0x00, 0x00, 0x09, 0x00, 0x00, 0x00, 0x00, 0x00, 0x00, 0x00, 0x00, 0x00, 0x00, 0x00, 0x2B, 0x00, 0x00, 0x00, 0x08, 0x00, 0x00, 0x00, 0x07, 0x00, 0x00, 0x00, 0x07,
  0x00, 0x00, 0x00, 0x08, 0x00, 0x00, 0x00, 0x00, 0x00, 0x00, 0x00, 0x00, 0x00, 0x00, 0x00, 0x2C, 0x00, 0x00, 0x00, 0x04, 0x00, 0x00, 0x00, 0x02, 0x00, 0x00, 0x00, 0x07, 0x00, 0x00, 0x00, 0x02, 0x00, 0x00, 0x00, 0x02, 0x00, 0x00, 0x00, 0x00,
  0x00, 0x00, 0x00, 0x2D, 0x00, 0x00, 0x00, 0x02, 0x00, 0x00, 0x00, 0x05, 0x00, 0x00, 0x00, 0x07, 0x00, 0x00, 0x00, 0x05, 0x00, 0x00, 0x00, 0x01, 0x00, 0x00, 0x00, 0x00, 0x00, 0x00, 0x00, 0x2E, 0x00, 0x00, 0x00, 0x03, 0x00, 0x00, 0x00, 0x03,
  0x00, 0x00, 0x00, 0x07, 0x00, 0x00, 0x00, 0x02, 0x00, 0x00, 0x00, 0x02, 0x00, 0x00, 0x00, 0x00, 0x00, 0x00, 0x00, 0x2F, 0x00, 0x00, 0x00, 0x0A, 0x00, 0x00, 0x00, 0x05, 0x00, 0x00, 0x00, 0x07, 0x00, 0x00, 0x00, 0x09, 0x00, 0x00, 0x00, 0x01,
  0x00, 0x00, 0x00, 0x00, 0x00, 0x00, 0x00, 0x30, 0x00, 0x00, 0x00, 0x0A, 0x00, 0x00, 0x00, 0x07, 0x00, 0x00, 0x00, 0x07, 0x00, 0x00, 0x00, 0x09, 0x00, 0x00, 0x00, 0x00, 0x00, 0x00, 0x00, 0x00, 0x00, 0x00, 0x00, 0x31, 0x00, 0x00, 0x00, 0x09,
  0x00, 0x00, 0x00, 0x04, 0x00, 0x00, 0x00, 0x07, 0x00, 0x00, 0x00, 0x09, 0x00, 0x00, 0x00, 0x01, 0x00, 0x00, 0x00, 0x00, 0x00, 0x00, 0x00, 0x32, 0x00, 0x00, 0x00, 0x09, 0x00, 0x00, 0x00, 0x07, 0x00, 0x00, 0x00, 0x07, 0x00, 0x00, 0x00, 0x09,
  0x00, 0x00, 0x00, 0x00, 0x00, 0x00, 0x00, 0x00, 0x00, 0x00, 0x00, 0x33, 0x00, 0x00, 0x00, 0x0A, 0x00, 0x00, 0x00, 0x06, 0x00, 0x00, 0x00, 0x07, 0x00, 0x00, 0x00, 0x09, 0x00, 0x00, 0x00, 0x00, 0x00, 0x00, 0x00, 0x00, 0x00, 0x00, 0x00, 0x34,
  0x00, 0x00, 0x00, 0x09, 0x00, 0x00, 0x00, 0x07, 0x00, 0x00, 0x00, 0x07, 0x00, 0x00, 0x00, 0x09, 0x00, 0x00, 0x00, 0x00, 0x00, 0x00, 0x00, 0x00, 0x00, 0x00, 0x00, 0x35, 0x00, 0x00, 0x00, 0x0A, 0x00, 0x00, 0x00, 0x06, 0x00, 0x00, 0x00, 0x07,
  0x00, 0x00, 0x00, 0x09, 0x00, 0x00, 0x00, 0x01, 0x00, 0x00, 0x00, 0x00, 0x00, 0x00, 0x00, 0x36, 0x00, 0x00, 0x00, 0x0A, 0x00, 0x00, 0x00, 0x07, 0x00, 0x00, 0x00, 0x07, 0x00, 0x00, 0x00, 0x09, 0x00, 0x00, 0x00, 0x00, 0x00, 0x00, 0x00, 0x00,
  0x00, 0x00, 0x00, 0x37, 0x00, 0x00, 0x00, 0x09, 0x00, 0x00, 0x00, 0x07, 0x00, 0x00, 0x00, 0x07, 0x00, 0x00, 0x00, 0x09, 0x00, 0x00, 0x00, 0x00, 0x00, 0x00, 0x00, 0x00, 0x00, 0x00, 0x00, 0x38, 0x00, 0x00, 0x00, 0x0A, 0x00, 0x00, 0x00, 0x06,
  0x00, 0x00, 0x00, 0x07, 0x00, 0x00, 0x00, 0x09, 0x00, 0x00, 0x00, 0x01, 0x00, 0x00, 0x00, 0x00, 0x00, 0x00, 0x00, 0x39, 0x00, 0x00, 0x00, 0x09, 0x00, 0x00, 0x00, 0x07, 0x00, 0x00, 0x00, 0x07, 0x00, 0x00, 0x00, 0x09, 0x00, 0x00, 0x00, 0x00,
  0x00, 0x00, 0x00, 0x00, 0x00, 0x00, 0x00, 0x3A, 0x00, 0x00, 0x00, 0x08, 0x00, 0x00, 0x00, 0x03, 0x00, 0x00, 0x00, 0x07, 0x00, 0x00, 0x00, 0x07, 0x00, 0x00, 0x00, 0x02, 0x00, 0x00, 0x00, 0x00, 0x00, 0x00, 0x00, 0x3B, 0x00, 0x00, 0x00, 0x09,
  0x00, 0x00, 0x00, 0x03, 0x00, 0x00, 0x00, 0x07, 0x00, 0x00, 0x00, 0x07, 0x00, 0x00, 0x00, 0x02, 0x00, 0x00, 0x00, 0x00, 0x00, 0x00, 0x00, 0x3C, 0x00, 0x00, 0x00, 0x06, 0x00, 0x00, 0x00, 0x05, 0x00, 0x00, 0x00, 0x07, 0x00, 0x00, 0x00, 0x07,
  0x00, 0x00, 0x00, 0x01, 0x00, 0x00, 0x00, 0x00, 0x00, 0x00, 0x00, 0x3D, 0x00, 0x00, 0x00, 0x04, 0x00, 0x00, 0x00, 0x06, 0x00, 0x00, 0x00, 0x07, 0x00, 0x00, 0x00, 0x06, 0x00, 0x00, 0x00, 0x01, 0x00, 0x00, 0x00, 0x00, 0x00, 0x00, 0x00, 0x3E,
  0x00, 0x00, 0x00, 0x06, 0x00, 0x00, 0x00, 0x06, 0x00, 0x00, 0x00, 0x07, 0x00, 0x00, 0x00, 0x07, 0x00, 0x00, 0x00, 0x01, 0x00, 0x00, 0x00, 0x00, 0x00, 0x00, 0x00, 0x3F, 0x00, 0x00, 0x00, 0x0A, 0x00, 0x00, 0x00, 0x06, 0x00, 0x00, 0x00, 0x07,
  0x00, 0x00, 0x00, 0x09, 0x00, 0x00, 0x00, 0x01, 0x00, 0x00, 0x00, 0x00, 0x00, 0x00, 0x00, 0x40, 0x00, 0x00, 0x00, 0x0A, 0x00, 0x00, 0x00, 0x07, 0x00, 0x00, 0x00, 0x07, 0x00, 0x00, 0x00, 0x09, 0x00, 0x00, 0x00, 0x00, 0x00, 0x00, 0x00, 0x00,
  0x00, 0x00, 0x00, 0x41, 0x00, 0x00, 0x00, 0x09, 0x00, 0x00, 0x00, 0x07, 0x00, 0x00, 0x00, 0x07, 0x00, 0x00, 0x00, 0x09, 0x00, 0x00, 0x00, 0x00, 0x00, 0x00, 0x00, 0x00, 0x00, 0x00, 0x00, 0x42, 0x00, 0x00, 0x00, 0x09, 0x00, 0x00, 0x00, 0x06,
  0x00, 0x00, 0x00, 0x07, 0x00, 0x00, 0x00, 0x09, 0x00, 0x00, 0x00, 0x01, 0x00, 0x00, 0x00, 0x00, 0x00, 0x00, 0x00, 0x43, 0x00, 0x00, 0x00, 0x0A, 0x00, 0x00, 0x00, 0x07, 0x00, 0x00, 0x00, 0x07, 0x00, 0x00, 0x00, 0x09, 0x00, 0x00, 0x00, 0x00,
  0x00, 0x00, 0x00, 0x00, 0x00, 0x00, 0x00, 0x44, 0x00, 0x00, 0x00, 0x09, 0x00, 0x00, 0x00, 0x07, 0x00, 0x00, 0x00, 0x07, 0x00, 0x00, 0x00, 0x09, 0x00, 0x00, 0x00, 0x00, 0x00, 0x00, 0x00, 0x00, 0x00, 0x00, 0x00, 0x45, 0x00, 0x00, 0x00, 0x09,
  0x00, 0x00, 0x00, 0x06, 0x00, 0x00, 0x00, 0x07, 0x00, 0x00, 0x00, 0x09, 0x00, 0x00, 0x00, 0x01, 0x00, 0x00, 0x00, 0x00, 0x00, 0x00, 0x00, 0x46, 0x00, 0x00, 0x00, 0x09, 0x00, 0x00, 0x00, 0x06, 0x00, 0x00, 0x00, 0x07, 0x00, 0x00, 0x00, 0x09,
  0x00, 0x00, 0x00, 0x01, 0x00, 0x00, 0x00, 0x00, 0x00, 0x00, 0x00, 0x47, 0x00, 0x00, 0x00, 0x0A, 0x00, 0x00, 0x00, 0x07, 0x00, 0x00, 0x00, 0x07, 0x00, 0x00, 0x00, 0x09, 0x00, 0x00, 0x00, 0x00, 0x00, 0x00, 0x00, 0x00, 0x00, 0x00, 0x00, 0x48,
  0x00, 0x00, 0x00, 0x09, 0x00, 0x00, 0x00, 0x07, 0x00, 0x00, 0x00, 0x07, 0x00, 0x00, 0x00, 0x09, 0x00, 0x00, 0x00, 0x00, 0x00, 0x00, 0x00, 0x00, 0x00, 0x00, 0x00, 0x49, 0x00, 0x00, 0x00, 0x09, 0x00, 0x00, 0x00, 0x06, 0x00, 0x00, 0x00, 0x07,
  0x00, 0x00, 0x00, 0x09, 0x00, 0x00, 0x00, 0x01, 0x00, 0x00, 0x00, 0x00, 0x00, 0x00, 0x00, 0x4A, 0x00, 0x00, 0x00, 0x0A, 0x00, 0x00, 0x00, 0x07, 0x00, 0x00, 0x00, 0x07, 0x00, 0x00, 0x00, 0x09, 0x00, 0x00, 0x00, 0x00, 0x00, 0x00, 0x00, 0x00,
  0x00, 0x00, 0x00, 0x4B, 0x00, 0x00, 0x00, 0x09, 0x00, 0x00, 0x00, 0x06, 0x00, 0x00, 0x00, 0x07, 0x00, 0x00, 0x00, 0x09, 0x00, 0x00, 0x00, 0x01, 0x00, 0x00, 0x00, 0x00, 0x00, 0x00, 0x00, 0x4C, 0x00, 0x00, 0x00, 0x09, 0x00, 0x00, 0x00, 0x06,
  0x00, 0x00, 0x00, 0x07, 0x00, 0x00, 0x00, 0x09, 0x00, 0x00, 0x00, 0x01, 0x00, 0x00, 0x00, 0x00, 0x00, 0x00, 0x00, 0x4D, 0x00, 0x00, 0x00, 0x09, 0x00, 0x00, 0x00, 0x07, 0x00, 0x00, 0x00, 0x07, 0x00, 0x00, 0x00, 0x09, 0x00, 0x00, 0x00, 0x00,
  0x00, 0x00, 0x00, 0x00, 0x00, 0x00, 0x00, 0x4E, 0x00, 0x00, 0x00, 0x09, 0x00, 0x00, 0x00, 0x07, 0x00, 0x00, 0x00, 0x07, 0x00, 0x00, 0x00, 0x09, 0x00, 0x00, 0x00, 0x00, 0x00, 0x00, 0x00, 0x00, 0x00, 0x00, 0x00, 0x4F, 0x00, 0x00, 0x00, 0x0A,
  0x00, 0x00, 0x00, 0x07, 0x00, 0x00, 0x00, 0x07, 0x00, 0x00, 0x00, 0x09, 0x00, 0x00, 0x00, 0x00, 0x00, 0x00, 0x00, 0x00, 0x00, 0x00, 0x00, 0x50, 0x00, 0x00, 0x00, 0x09, 0x00, 0x00, 0x00, 0x06, 0x00, 0x00, 0x00, 0x07, 0x00, 0x00, 0x00, 0x09,
  0x00, 0x00, 0x00, 0x01, 0x00, 0x00, 0x00, 0x00, 0x00, 0x00, 0x00, 0x51, 0x00, 0x00, 0x00, 0x0B, 0x00, 0x00, 0x00, 0x07, 0x00, 0x00, 0x00, 0x07, 0x00, 0x00, 0x00, 0x09, 0x00, 0x00, 0x00, 0x00, 0x00, 0x00, 0x00, 0x00, 0x00, 0x00, 0x00, 0x52,
  0x00, 0x00, 0x00, 0x09, 0x00, 0x00, 0x00, 0x06, 0x00, 0x00, 0x00, 0x07, 0x00, 0x00, 0x00, 0x09, 0x00, 0x00, 0x00, 0x01, 0x00, 0x00, 0x00, 0x00, 0x00, 0x00, 0x00, 0x53, 0x00, 0x00, 0x00, 0x0A, 0x00, 0x00, 0x00, 0x07, 0x00, 0x00, 0x00, 0x07,
  0x00, 0x00, 0x00, 0x09, 0x00, 0x00, 0x00, 0x00, 0x00, 0x00, 0x00, 0x00, 0x00, 0x00, 0x00, 0x54, 0x00, 0x00, 0x00, 0x09, 0x00, 0x00, 0x00, 0x07, 0x00, 0x00, 0x00, 0x07, 0x00, 0x00, 0x00, 0x09, 0x00, 0x00, 0x00, 0x00, 0x00, 0x00, 0x00, 0x00,
  0x00, 0x00, 0x00, 0x55, 0x00, 0x00, 0x00, 0x0A, 0x00, 0x00, 0x00, 0x07, 0x00, 0x00, 0x00, 0x07, 0x00, 0x00, 0x00, 0x09, 0x00, 0x00, 0x00, 0x00, 0x00, 0x00, 0x00, 0x00, 0x00, 0x00, 0x00, 0x56, 0x00, 0x00, 0x00, 0x09, 0x00, 0x00, 0x00, 0x07,
  0x00, 0x00, 0x00, 0x07, 0x00, 0x00, 0x00, 0x09, 0x00, 0x00, 0x00, 0x00, 0x00, 0x00, 0x00, 0x00, 0x00, 0x00, 0x00, 0x57, 0x00, 0x00, 0x00, 0x09, 0x00, 0x00, 0x00, 0x07, 0x00, 0x00, 0x00, 0x07, 0x00, 0x00, 0x00, 0x09, 0x00, 0x00, 0x00, 0x00,
  0x00, 0x00, 0x00, 0x00, 0x00, 0x00, 0x00, 0x58, 0x00, 0x00, 0x00, 0x09, 0x00, 0x00, 0x00, 0x07, 0x00, 0x00, 0x00, 0x07, 0x00, 0x00, 0x00, 0x09, 0x00, 0x00, 0x00, 0x00, 0x00, 0x00, 0x00, 0x00, 0x00, 0x00, 0x00, 0x59, 0x00, 0x00, 0x00, 0x09,
  0x00, 0x00, 0x00, 0x07, 0x00, 0x00, 0x00, 0x07, 0x00, 0x00, 0x00, 0x09, 0x00, 0x00, 0x00, 0x00, 0x00, 0x00, 0x00, 0x00, 0x00, 0x00, 0x00, 0x5A, 0x00, 0x00, 0x00, 0x09, 0x00, 0x00, 0x00, 0x07, 0x00, 0x00, 0x00, 0x07, 0x00, 0x00, 0x00, 0x09,
  0x00, 0x00, 0x00, 0x00, 0x00, 0x00, 0x00, 0x00, 0x00, 0x00, 0x00, 0x5B, 0x00, 0x00, 0x00, 0x0C, 0x00, 0x00, 0x00, 0x03, 0x00, 0x00, 0x00, 0x07, 0x00, 0x00, 0x00, 0x0A, 0x00, 0x00, 0x00, 0x02, 0x00, 0x00, 0x00, 0x00, 0x00, 0x00, 0x00, 0x5C,
  0x00, 0x00, 0x00, 0x0A, 0x00, 0x00, 0x00, 0x05, 0x00, 0x00, 0x00, 0x07, 0x00, 0x00, 0x00, 0x09, 0x00, 0x00, 0x00, 0x01, 0x00, 0x00, 0x00, 0x00, 0x00, 0x00, 0x00, 0x5D, 0x00, 0x00, 0x00, 0x0C, 0x00, 0x00, 0x00, 0x03, 0x00, 0x00, 0x00, 0x07,
  0x00, 0x00, 0x00, 0x0A, 0x00, 0x00, 0x00, 0x02, 0x00, 0x00, 0x00, 0x00, 0x00, 0x00, 0x00, 0x5E, 0x00, 0x00, 0x00, 0x06, 0x00, 0x00, 0x00, 0x05, 0x00, 0x00, 0x00, 0x07, 0x00, 0x00, 0x00, 0x09, 0x00, 0x00, 0x00, 0x01, 0x00, 0x00, 0x00, 0x00,
  0x00, 0x00, 0x00, 0x5F, 0x00, 0x00, 0x00, 0x01, 0x00, 0x00, 0x00, 0x07, 0x00, 0x00, 0x00, 0x07, 0x00, 0x00, 0x00, 0x00, 0x00, 0x00, 0x00, 0x00, 0x00, 0x00, 0x00, 0x00, 0x00, 0x00, 0x00, 0x60, 0x00, 0x00, 0x00, 0x02, 0x00, 0x00, 0x00, 0x03,
  0x00, 0x00, 0x00, 0x07, 0x00, 0x00, 0x00, 0x09, 0x00, 0x00, 0x00, 0x02, 0x00, 0x00, 0x00, 0x00, 0x00, 0x00, 0x00, 0x61, 0x00, 0x00, 0x00, 0x08, 0x00, 0x00, 0x00, 0x07, 0x00, 0x00, 0x00, 0x07, 0x00, 0x00, 0x00, 0x07, 0x00, 0x00, 0x00, 0x00,
  0x00, 0x00, 0x00, 0x00, 0x00, 0x00, 0x00, 0x62, 0x00, 0x00, 0x00, 0x0A, 0x00, 0x00, 0x00, 0x06, 0x00, 0x00, 0x00, 0x07, 0x00, 0x00, 0x00, 0x09, 0x00, 0x00, 0x00, 0x01, 0x00, 0x00, 0x00, 0x00, 0x00, 0x00, 0x00, 0x63, 0x00, 0x00, 0x00, 0x08,
  0x00, 0x00, 0x00, 0x07, 0x00, 0x00, 0x00, 0x07, 0x00, 0x00, 0x00, 0x07, 0x00, 0x00, 0x00, 0x00, 0x00, 0x00, 0x00, 0x00, 0x00, 0x00, 0x00, 0x64, 0x00, 0x00, 0x00, 0x0A, 0x00, 0x00, 0x00, 0x07, 0x00, 0x00, 0x00, 0x07, 0x00, 0x00, 0x00, 0x09,
  0x00, 0x00, 0x00, 0x00, 0x00, 0x00, 0x00, 0x00, 0x00, 0x00, 0x00, 0x65, 0x00, 0x00, 0x00, 0x08, 0x00, 0x00, 0x00, 0x07, 0x00, 0x00, 0x00, 0x07, 0x00, 0x00, 0x00, 0x07, 0x00, 0x00, 0x00, 0x00, 0x00, 0x00, 0x00, 0x00, 0x00, 0x00, 0x00, 0x66,
  0x00, 0x00, 0x00, 0x0A, 0x00, 0x00, 0x00, 0x07, 0x00, 0x00, 0x00, 0x07, 0x00, 0x00, 0x00, 0x0A, 0x00, 0x00, 0x00, 0x00, 0x00, 0x00, 0x00, 0x00, 0x00, 0x00, 0x00, 0x67, 0x00, 0x00, 0x00, 0x0A, 0x00, 0x00, 0x00, 0x07, 0x00, 0x00, 0x00, 0x07,
  0x00, 0x00, 0x00, 0x07, 0x00, 0x00, 0x00, 0x00, 0x00, 0x00, 0x00, 0x00, 0x00, 0x00, 0x00, 0x68, 0x00, 0x00, 0x00, 0x09, 0x00, 0x00, 0x00, 0x06, 0x00, 0x00, 0x00, 0x07, 0x00, 0x00, 0x00, 0x09, 0x00, 0x00, 0x00, 0x01, 0x00, 0x00, 0x00, 0x00,
  0x00, 0x00, 0x00, 0x69, 0x00, 0x00, 0x00, 0x09, 0x00, 0x00, 0x00, 0x06, 0x00, 0x00, 0x00, 0x07, 0x00, 0x00, 0x00, 0x09, 0x00, 0x00, 0x00, 0x01, 0x00, 0x00, 0x00, 0x00, 0x00, 0x00, 0x00, 0x6A, 0x00, 0x00, 0x00, 0x0C, 0x00, 0x00, 0x00, 0x04,
  0x00, 0x00, 0x00, 0x07, 0x00, 0x00, 0x00, 0x09, 0x00, 0x00, 0x00, 0x01, 0x00, 0x00, 0x00, 0x00, 0x00, 0x00, 0x00, 0x6B, 0x00, 0x00, 0x00, 0x09, 0x00, 0x00, 0x00, 0x06, 0x00, 0x00, 0x00, 0x07, 0x00, 0x00, 0x00, 0x09, 0x00, 0x00, 0x00, 0x01,
  0x00, 0x00, 0x00, 0x00, 0x00, 0x00, 0x00, 0x6C, 0x00, 0x00, 0x00, 0x09, 0x00, 0x00, 0x00, 0x06, 0x00, 0x00, 0x00, 0x07, 0x00, 0x00, 0x00, 0x09, 0x00, 0x00, 0x00, 0x01, 0x00, 0x00, 0x00, 0x00, 0x00, 0x00, 0x00, 0x6D, 0x00, 0x00, 0x00, 0x07,
  0x00, 0x00, 0x00, 0x07, 0x00, 0x00, 0x00, 0x07, 0x00, 0x00, 0x00, 0x07, 0x00, 0x00, 0x00, 0x00, 0x00, 0x00, 0x00, 0x00, 0x00, 0x00, 0x00, 0x6E, 0x00, 0x00, 0x00, 0x07, 0x00, 0x00, 0x00, 0x06, 0x00, 0x00, 0x00, 0x07, 0x00, 0x00, 0x00, 0x07,
  0x00, 0x00, 0x00, 0x01, 0x00, 0x00, 0x00, 0x00, 0x00, 0x00, 0x00, 0x6F, 0x00, 0x00, 0x00, 0x08, 0x00, 0x00, 0x00, 0x07, 0x00, 0x00, 0x00, 0x07, 0x00, 0x00, 0x00, 0x07, 0x00, 0x00, 0x00, 0x00, 0x00, 0x00, 0x00, 0x00, 0x00, 0x00, 0x00, 0x70,
  0x00, 0x00, 0x00, 0x0A, 0x00, 0x00, 0x00, 0x06, 0x00, 0x00, 0x00, 0x07, 0x00, 0x00, 0x00, 0x07, 0x00, 0x00, 0x00, 0x01, 0x00, 0x00, 0x00, 0x00, 0x00, 0x00, 0x00, 0x71, 0x00, 0x00, 0x00, 0x0A, 0x00, 0x00, 0x00, 0x07, 0x00, 0x00, 0x00, 0x07,
  0x00, 0x00, 0x00, 0x07, 0x00, 0x00, 0x00, 0x00, 0x00, 0x00, 0x00, 0x00, 0x00, 0x00, 0x00, 0x72, 0x00, 0x00, 0x00, 0x07, 0x00, 0x00, 0x00, 0x06, 0x00, 0x00, 0x00, 0x07, 0x00, 0x00, 0x00, 0x07, 0x00, 0x00, 0x00, 0x01, 0x00, 0x00, 0x00, 0x00,
  0x00, 0x00, 0x00, 0x73, 0x00, 0x00, 0x00, 0x08, 0x00, 0x00, 0x00, 0x06, 0x00, 0x00, 0x00, 0x07, 0x00, 0x00, 0x00, 0x07, 0x00, 0x00, 0x00, 0x01, 0x00, 0x00, 0x00, 0x00, 0x00, 0x00, 0x00, 0x74, 0x00, 0x00, 0x00, 0x09, 0x00, 0x00, 0x00, 0x07,
  0x00, 0x00, 0x00, 0x07, 0x00, 0x00, 0x00, 0x08, 0x00, 0x00, 0x00, 0x00, 0x00, 0x00, 0x00, 0x00, 0x00, 0x00, 0x00, 0x75, 0x00, 0x00, 0x00, 0x08, 0x00, 0x00, 0x00, 0x06, 0x00, 0x00, 0x00, 0x07, 0x00, 0x00, 0x00, 0x07, 0x00, 0x00, 0x00, 0x01,
  0x00, 0x00, 0x00, 0x00, 0x00, 0x00, 0x00, 0x76, 0x00, 0x00, 0x00, 0x07, 0x00, 0x00, 0x00, 0x07, 0x00, 0x00, 0x00, 0x07, 0x00, 0x00, 0x00, 0x07, 0x00, 0x00, 0x00, 0x00, 0x00, 0x00, 0x00, 0x00, 0x00, 0x00, 0x00, 0x77, 0x00, 0x00, 0x00, 0x07,
  0x00, 0x00, 0x00, 0x07, 0x00, 0x00, 0x00, 0x07, 0x00, 0x00, 0x00, 0x07, 0x00, 0x00, 0x00, 0x00, 0x00, 0x00, 0x00, 0x00, 0x00, 0x00, 0x00, 0x78, 0x00, 0x00, 0x00, 0x07, 0x00, 0x00, 0x00, 0x07, 0x00, 0x00, 0x00, 0x07, 0x00, 0x00, 0x00, 0x07,
  0x00, 0x00, 0x00, 0x00, 0x00, 0x00, 0x00, 0x00, 0x00, 0x00, 0x00, 0x79, 0x00, 0x00, 0x00, 0x0A, 0x00, 0x00, 0x00, 0x07, 0x00, 0x00, 0x00, 0x07, 0x00, 0x00, 0x00, 0x07, 0x00, 0x00, 0x00, 0x00, 0x00, 0x00, 0x00, 0x00, 0x00, 0x00, 0x00, 0x7A,
  0x00, 0x00, 0x00, 0x07, 0x00, 0x00, 0x00, 0x07, 0x00, 0x00, 0x00, 0x07, 0x00, 0x00, 0x00, 0x07, 0x00, 0x00, 0x00, 0x00, 0x00, 0x00, 0x00, 0x00, 0x00, 0x00, 0x00, 0x7B, 0x00, 0x00, 0x00, 0x0D, 0x00, 0x00, 0x00, 0x05, 0x00, 0x00, 0x00, 0x07,
  0x00, 0x00, 0x00, 0x0A, 0x00, 0x00, 0x00, 0x01, 0x00, 0x00, 0x00, 0x00, 0x00, 0x00, 0x00, 0x7C, 0x00, 0x00, 0x00, 0x0C, 0x00, 0x00, 0x00, 0x02, 0x00, 0x00, 0x00, 0x07, 0x00, 0x00, 0x00, 0x09, 0x00, 0x00, 0x00, 0x03, 0x00, 0x00, 0x00, 0x00,
  0x00, 0x00, 0x00, 0x7D, 0x00, 0x00, 0x00, 0x0D, 0x00, 0x00, 0x00, 0x05, 0x00, 0x00, 0x00, 0x07, 0x00, 0x00, 0x00, 0x0A, 0x00, 0x00, 0x00, 0x01, 0x00, 0x00, 0x00, 0x00, 0x00, 0x00, 0x00, 0x7E, 0x00, 0x00, 0x00, 0x03, 0x00, 0x00, 0x00, 0x07,
  0x00, 0x00, 0x00, 0x07, 0x00, 0x00, 0x00, 0x05, 0x00, 0x00, 0x00, 0x00, 0x00, 0x00, 0x00, 0x00, 0x00, 0x00, 0x00, 0xA0, 0x00, 0x00, 0x00, 0x01, 0x00, 0x00, 0x00, 0x01, 0x00, 0x00, 0x00, 0x07, 0x00, 0x00, 0x00, 0x18, 0xFF, 0xFF, 0xFF, 0xF4,
  0x00, 0x00, 0x00, 0x00, 0x00, 0x00, 0x00, 0xA1, 0x00, 0x00, 0x00, 0x0A, 0x00, 0x00, 0x00, 0x03, 0x00, 0x00, 0x00, 0x07, 0x00, 0x00, 0x00, 0x07, 0x00, 0x00, 0x00, 0x02, 0x00, 0x00, 0x00, 0x00, 0x00, 0x00, 0x00, 0xA2, 0x00, 0x00, 0x00, 0x0A,
  0x00, 0x00, 0x00, 0x07, 0x00, 0x00, 0x00, 0x07, 0x00, 0x00, 0x00, 0x08, 0x00, 0x00, 0x00, 0x00, 0x00, 0x00, 0x00, 0x00, 0x00, 0x00, 0x00, 0xA3, 0x00, 0x00, 0x00, 0x09, 0x00, 0x00, 0x00, 0x07, 0x00, 0x00, 0x00, 0x07, 0x00, 0x00, 0x00, 0x09,
  0x00, 0x00, 0x00, 0x00, 0x00, 0x00, 0x00, 0x00, 0x00, 0x00, 0x00, 0xA4, 0x00, 0x00, 0x00, 0x08, 0x00, 0x00, 0x00, 0x07, 0x00, 0x00, 0x00, 0x07, 0x00, 0x00, 0x00, 0x07, 0x00, 0x00, 0x00, 0x00, 0x00, 0x00, 0x00, 0x00, 0x00, 0x00, 0x00, 0xA5,
  0x00, 0x00, 0x00, 0x09, 0x00, 0x00, 0x00, 0x07, 0x00, 0x00, 0x00, 0x07, 0x00, 0x00, 0x00, 0x09, 0x00, 0x00, 0x00, 0x00, 0x00, 0x00, 0x00, 0x00, 0x00, 0x00, 0x00, 0xA6, 0x00, 0x00, 0x00, 0x0B, 0x00, 0x00, 0x00, 0x02, 0x00, 0x00, 0x00, 0x07,
  0x00, 0x00, 0x00, 0x09, 0x00, 0x00, 0x00, 0x03, 0x00, 0x00, 0x00, 0x00, 0x00, 0x00, 0x00, 0xA7, 0x00, 0x00, 0x00, 0x0C, 0x00, 0x00, 0x00, 0x07, 0x00, 0x00, 0x00, 0x07, 0x00, 0x00, 0x00, 0x09, 0x00, 0x00, 0x00, 0x00, 0x00, 0x00, 0x00, 0x00,
  0x00, 0x00, 0x00, 0xA8, 0x00, 0x00, 0x00, 0x02, 0x00, 0x00, 0x00, 0x05, 0x00, 0x00, 0x00, 0x07, 0x00, 0x00, 0x00, 0x09, 0x00, 0x00, 0x00, 0x01, 0x00, 0x00, 0x00, 0x00, 0x00, 0x00, 0x00, 0xA9, 0x00, 0x00, 0x00, 0x08, 0x00, 0x00, 0x00, 0x07,
  0x00, 0x00, 0x00, 0x07, 0x00, 0x00, 0x00, 0x07, 0x00, 0x00, 0x00, 0x00, 0x00, 0x00, 0x00, 0x00, 0x00, 0x00, 0x00, 0xAA, 0x00, 0x00, 0x00, 0x05, 0x00, 0x00, 0x00, 0x05, 0x00, 0x00, 0x00, 0x07, 0x00, 0x00, 0x00, 0x09, 0x00, 0x00, 0x00, 0x01,
  0x00, 0x00, 0x00, 0x00, 0x00, 0x00, 0x00, 0xAB, 0x00, 0x00, 0x00, 0x06, 0x00, 0x00, 0x00, 0x05, 0x00, 0x00, 0x00, 0x07, 0x00, 0x00, 0x00, 0x06, 0x00, 0x00, 0x00, 0x01, 0x00, 0x00, 0x00, 0x00, 0x00, 0x00, 0x00, 0xAC, 0x00, 0x00, 0x00, 0x03,
  0x00, 0x00, 0x00, 0x05, 0x00, 0x00, 0x00, 0x07, 0x00, 0x00, 0x00, 0x05, 0x00, 0x00, 0x00, 0x01, 0x00, 0x00, 0x00, 0x00, 0x00, 0x00, 0x00, 0xAD, 0x00, 0x00, 0x00, 0x02, 0x00, 0x00, 0x00, 0x05, 0x00, 0x00, 0x00, 0x07, 0x00, 0x00, 0x00, 0x05,
  0x00, 0x00, 0x00, 0x01, 0x00, 0x00, 0x00, 0x00, 0x00, 0x00, 0x00, 0xAE, 0x00, 0x00, 0x00, 0x08, 0x00, 0x00, 0x00, 0x07, 0x00, 0x00, 0x00, 0x07, 0x00, 0x00, 0x00, 0x07, 0x00, 0x00, 0x00, 0x00, 0x00, 0x00, 0x00, 0x00, 0x00, 0x00, 0x00, 0xAF,
  0x00, 0x00, 0x00, 0x02, 0x00, 0x00, 0x00, 0x05, 0x00, 0x00, 0x00, 0x07, 0x00, 0x00, 0x00, 0x09, 0x00, 0x00, 0x00, 0x01, 0x00, 0x00, 0x00, 0x00, 0x00, 0x00, 0x00, 0xB0, 0x00, 0x00, 0x00, 0x04, 0x00, 0x00, 0x00, 0x04, 0x00, 0x00, 0x00, 0x07,
  0x00, 0x00, 0x00, 0x09, 0x00, 0x00, 0x00, 0x02, 0x00, 0x00, 0x00, 0x00, 0x00, 0x00, 0x00, 0xB1, 0x00, 0x00, 0x00, 0x08, 0x00, 0x00, 0x00, 0x07, 0x00, 0x00, 0x00, 0x07, 0x00, 0x00, 0x00, 0x08, 0x00, 0x00, 0x00, 0x00, 0x00, 0x00, 0x00, 0x00,
  0x00, 0x00, 0x00, 0xB4, 0x00, 0x00, 0x00, 0x02, 0x00, 0x00, 0x00, 0x03, 0x00, 0x00, 0x00, 0x07, 0x00, 0x00, 0x00, 0x09, 0x00, 0x00, 0x00, 0x02, 0x00, 0x00, 0x00, 0x00, 0x00, 0x00, 0x00, 0xB5, 0x00, 0x00, 0x00, 0x0A, 0x00, 0x00, 0x00, 0x06,
  0x00, 0x00, 0x00, 0x07, 0x00, 0x00, 0x00, 0x07, 0x00, 0x00, 0x00, 0x01, 0x00, 0x00, 0x00, 0x00, 0x00, 0x00, 0x00, 0xB6, 0x00, 0x00, 0x00, 0x09, 0x00, 0x00, 0x00, 0x05, 0x00, 0x00, 0x00, 0x07, 0x00, 0x00, 0x00, 0x09, 0x00, 0x00, 0x00, 0x01,
  0x00, 0x00, 0x00, 0x00, 0x00, 0x00, 0x00, 0xB7, 0x00, 0x00, 0x00, 0x02, 0x00, 0x00, 0x00, 0x03, 0x00, 0x00, 0x00, 0x07, 0x00, 0x00, 0x00, 0x05, 0x00, 0x00, 0x00, 0x02, 0x00, 0x00, 0x00, 0x00, 0x00, 0x00, 0x00, 0xB8, 0x00, 0x00, 0x00, 0x03,
  0x00, 0x00, 0x00, 0x03, 0x00, 0x00, 0x00, 0x07, 0x00, 0x00, 0x00, 0x00, 0x00, 0x00, 0x00, 0x02, 0x00, 0x00, 0x00, 0x00, 0x00, 0x00, 0x00, 0xBA, 0x00, 0x00, 0x00, 0x05, 0x00, 0x00, 0x00, 0x05, 0x00, 0x00, 0x00, 0x07, 0x00, 0x00, 0x00, 0x09,
  0x00, 0x00, 0x00, 0x01, 0x00, 0x00, 0x00, 0x00, 0x00, 0x00, 0x00, 0xBB, 0x00, 0x00, 0x00, 0x06, 0x00, 0x00, 0x00, 0x05, 0x00, 0x00, 0x00, 0x07, 0x00, 0x00, 0x00, 0x06, 0x00, 0x00, 0x00, 0x01, 0x00, 0x00, 0x00, 0x00, 0x00, 0x00, 0x00, 0xBF,
  0x00, 0x00, 0x00, 0x0A, 0x00, 0x00, 0x00, 0x05, 0x00, 0x00, 0x00, 0x07, 0x00, 0x00, 0x00, 0x07, 0x00, 0x00, 0x00, 0x01, 0x00, 0x00, 0x00, 0x00, 0x00, 0x00, 0x00, 0xC0, 0x00, 0x00, 0x00, 0x0B, 0x00, 0x00, 0x00, 0x07, 0x00, 0x00, 0x00, 0x07,
  0x00, 0x00, 0x00, 0x0B, 0x00, 0x00, 0x00, 0x00, 0x00, 0x00, 0x00, 0x00, 0x00, 0x00, 0x00, 0xC1, 0x00, 0x00, 0x00, 0x0B, 0x00, 0x00, 0x00, 0x07, 0x00, 0x00, 0x00, 0x07, 0x00, 0x00, 0x00, 0x0B, 0x00, 0x00, 0x00, 0x00, 0x00, 0x00, 0x00, 0x00,
  0x00, 0x00, 0x00, 0xC2, 0x00, 0x00, 0x00, 0x0B, 0x00, 0x00, 0x00, 0x07, 0x00, 0x00, 0x00, 0x07, 0x00, 0x00, 0x00, 0x0B, 0x00, 0x00, 0x00, 0x00, 0x00, 0x00, 0x00, 0x00, 0x00, 0x00, 0x00, 0xC3, 0x00, 0x00, 0x00, 0x0B, 0x00, 0x00, 0x00, 0x07,
  0x00, 0x00, 0x00, 0x07, 0x00, 0x00, 0x00, 0x0B, 0x00, 0x00, 0x00, 0x00, 0x00, 0x00, 0x00, 0x00, 0x00, 0x00, 0x00, 0xC4, 0x00, 0x00, 0x00, 0x0B, 0x00, 0x00, 0x00, 0x07, 0x00, 0x00, 0x00, 0x07, 0x00, 0x00, 0x00, 0x0B, 0x00, 0x00, 0x00, 0x00,
  0x00, 0x00, 0x00, 0x00, 0x00, 0x00, 0x00, 0xC5, 0x00, 0x00, 0x00, 0x0B, 0x00, 0x00, 0x00, 0x07, 0x00, 0x00, 0x00, 0x07, 0x00, 0x00, 0x00, 0x0B, 0x00, 0x00, 0x00, 0x00, 0x00, 0x00, 0x00, 0x00, 0x00, 0x00, 0x00, 0xC6, 0x00, 0x00, 0x00, 0x09,
  0x00, 0x00, 0x00, 0x07, 0x00, 0x00, 0x00, 0x07, 0x00, 0x00, 0x00, 0x09, 0x00, 0x00, 0x00, 0x00, 0x00, 0x00, 0x00, 0x00, 0x00, 0x00, 0x00, 0xC7, 0x00, 0x00, 0x00, 0x0C, 0x00, 0x00, 0x00, 0x07, 0x00, 0x00, 0x00, 0x07, 0x00, 0x00, 0x00, 0x09,
  0x00, 0x00, 0x00, 0x00, 0x00, 0x00, 0x00, 0x00, 0x00, 0x00, 0x00, 0xC8, 0x00, 0x00, 0x00, 0x0B, 0x00, 0x00, 0x00, 0x06, 0x00, 0x00, 0x00, 0x07, 0x00, 0x00, 0x00, 0x0B, 0x00, 0x00, 0x00, 0x01, 0x00, 0x00, 0x00, 0x00, 0x00, 0x00, 0x00, 0xC9,
  0x00, 0x00, 0x00, 0x0B, 0x00, 0x00, 0x00, 0x06, 0x00, 0x00, 0x00, 0x07, 0x00, 0x00, 0x00, 0x0B, 0x00, 0x00, 0x00, 0x01, 0x00, 0x00, 0x00, 0x00, 0x00, 0x00, 0x00, 0xCA, 0x00, 0x00, 0x00, 0x0B, 0x00, 0x00, 0x00, 0x06, 0x00, 0x00, 0x00, 0x07,
  0x00, 0x00, 0x00, 0x0B, 0x00, 0x00, 0x00, 0x01, 0x00, 0x00, 0x00, 0x00, 0x00, 0x00, 0x00, 0xCB, 0x00, 0x00, 0x00, 0x0B, 0x00, 0x00, 0x00, 0x06, 0x00, 0x00, 0x00, 0x07, 0x00, 0x00, 0x00, 0x0B, 0x00, 0x00, 0x00, 0x01, 0x00, 0x00, 0x00, 0x00,
  0x00, 0x00, 0x00, 0xCC, 0x00, 0x00, 0x00, 0x0B, 0x00, 0x00, 0x00, 0x06, 0x00, 0x00, 0x00, 0x07, 0x00, 0x00, 0x00, 0x0B, 0x00, 0x00, 0x00, 0x01, 0x00, 0x00, 0x00, 0x00, 0x00, 0x00, 0x00, 0xCD, 0x00, 0x00, 0x00, 0x0B, 0x00, 0x00, 0x00, 0x06,
  0x00, 0x00, 0x00, 0x07, 0x00, 0x00, 0x00, 0x0B, 0x00, 0x00, 0x00, 0x01, 0x00, 0x00, 0x00, 0x00, 0x00, 0x00, 0x00, 0xCE, 0x00, 0x00, 0x00, 0x0B, 0x00, 0x00, 0x00, 0x06, 0x00, 0x00, 0x00, 0x07, 0x00, 0x00, 0x00, 0x0B, 0x00, 0x00, 0x00, 0x01,
  0x00, 0x00, 0x00, 0x00, 0x00, 0x00, 0x00, 0xCF, 0x00, 0x00, 0x00, 0x0B, 0x00, 0x00, 0x00, 0x06, 0x00, 0x00, 0x00, 0x07, 0x00, 0x00, 0x00, 0x0B, 0x00, 0x00, 0x00, 0x01, 0x00, 0x00, 0x00, 0x00, 0x00, 0x00, 0x00, 0xD1, 0x00, 0x00, 0x00, 0x0B,
  0x00, 0x00, 0x00, 0x07, 0x00, 0x00, 0x00, 0x07, 0x00, 0x00, 0x00, 0x0B, 0x00, 0x00, 0x00, 0x00, 0x00, 0x00, 0x00, 0x00, 0x00, 0x00, 0x00, 0xD2, 0x00, 0x00, 0x00, 0x0C, 0x00, 0x00, 0x00, 0x07, 0x00, 0x00, 0x00, 0x07, 0x00, 0x00, 0x00, 0x0B,
  0x00, 0x00, 0x00, 0x00, 0x00, 0x00, 0x00, 0x00, 0x00, 0x00, 0x00, 0xD3, 0x00, 0x00, 0x00, 0x0C, 0x00, 0x00, 0x00, 0x07, 0x00, 0x00, 0x00, 0x07, 0x00, 0x00, 0x00, 0x0B, 0x00, 0x00, 0x00, 0x00, 0x00, 0x00, 0x00, 0x00, 0x00, 0x00, 0x00, 0xD4,
  0x00, 0x00, 0x00, 0x0C, 0x00, 0x00, 0x00, 0x07, 0x00, 0x00, 0x00, 0x07, 0x00, 0x00, 0x00, 0x0B, 0x00, 0x00, 0x00, 0x00, 0x00, 0x00, 0x00, 0x00, 0x00, 0x00, 0x00, 0xD5, 0x00, 0x00, 0x00, 0x0C, 0x00, 0x00, 0x00, 0x07, 0x00, 0x00, 0x00, 0x07,
  0x00, 0x00, 0x00, 0x0B, 0x00, 0x00, 0x00, 0x00, 0x00, 0x00, 0x00, 0x00, 0x00, 0x00, 0x00, 0xD6, 0x00, 0x00, 0x00, 0x0C, 0x00, 0x00, 0x00, 0x07, 0x00, 0x00, 0x00, 0x07, 0x00, 0x00, 0x00, 0x0B, 0x00, 0x00, 0x00, 0x00, 0x00, 0x00, 0x00, 0x00,
  0x00, 0x00, 0x00, 0xD7, 0x00, 0x00, 0x00, 0x06, 0x00, 0x00, 0x00, 0x06, 0x00, 0x00, 0x00, 0x07, 0x00, 0x00, 0x00, 0x07, 0x00, 0x00, 0x00, 0x01, 0x00, 0x00, 0x00, 0x00, 0x00, 0x00, 0x00, 0xD8, 0x00, 0x00, 0x00, 0x0A, 0x00, 0x00, 0x00, 0x07,
  0x00, 0x00, 0x00, 0x07, 0x00, 0x00, 0x00, 0x09, 0x00, 0x00, 0x00, 0x00, 0x00, 0x00, 0x00, 0x00, 0x00, 0x00, 0x00, 0xD9, 0x00, 0x00, 0x00, 0x0C, 0x00, 0x00, 0x00, 0x07, 0x00, 0x00, 0x00, 0x07, 0x00, 0x00, 0x00, 0x0B, 0x00, 0x00, 0x00, 0x00,
  0x00, 0x00, 0x00, 0x00, 0x00, 0x00, 0x00, 0xDA, 0x00, 0x00, 0x00, 0x0C, 0x00, 0x00, 0x00, 0x07, 0x00, 0x00, 0x00, 0x07, 0x00, 0x00, 0x00, 0x0B, 0x00, 0x00, 0x00, 0x00, 0x00, 0x00, 0x00, 0x00, 0x00, 0x00, 0x00, 0xDB, 0x00, 0x00, 0x00, 0x0C,
  0x00, 0x00, 0x00, 0x07, 0x00, 0x00, 0x00, 0x07, 0x00, 0x00, 0x00, 0x0B, 0x00, 0x00, 0x00, 0x00, 0x00, 0x00, 0x00, 0x00, 0x00, 0x00, 0x00, 0xDC, 0x00, 0x00, 0x00, 0x0C, 0x00, 0x00, 0x00, 0x07, 0x00, 0x00, 0x00, 0x07, 0x00, 0x00, 0x00, 0x0B,
  0x00, 0x00, 0x00, 0x00, 0x00, 0x00, 0x00, 0x00, 0x00, 0x00, 0x00, 0xDD, 0x00, 0x00, 0x00, 0x0B, 0x00, 0x00, 0x00, 0x07, 0x00, 0x00, 0x00, 0x07, 0x00, 0x00, 0x00, 0x0B, 0x00, 0x00, 0x00, 0x00, 0x00, 0x00, 0x00, 0x00, 0x00, 0x00, 0x00, 0xDF,
  0x00, 0x00, 0x00, 0x0B, 0x00, 0x00, 0x00, 0x07, 0x00, 0x00, 0x00, 0x07, 0x00, 0x00, 0x00, 0x0A, 0x00, 0x00, 0x00, 0x00, 0x00, 0x00, 0x00, 0x00, 0x00, 0x00, 0x00, 0xE0, 0x00, 0x00, 0x00, 0x0A, 0x00, 0x00, 0x00, 0x07, 0x00, 0x00, 0x00, 0x07,
  0x00, 0x00, 0x00, 0x09, 0x00, 0x00, 0x00, 0x00, 0x00, 0x00, 0x00, 0x00, 0x00, 0x00, 0x00, 0xE1, 0x00, 0x00, 0x00, 0x0A, 0x00, 0x00, 0x00, 0x07, 0x00, 0x00, 0x00, 0x07, 0x00, 0x00, 0x00, 0x09, 0x00, 0x00, 0x00, 0x00, 0x00, 0x00, 0x00, 0x00,
  0x00, 0x00, 0x00, 0xE2, 0x00, 0x00, 0x00, 0x0A, 0x00, 0x00, 0x00, 0x07, 0x00, 0x00, 0x00, 0x07, 0x00, 0x00, 0x00, 0x09, 0x00, 0x00, 0x00, 0x00, 0x00, 0x00, 0x00, 0x00, 0x00, 0x00, 0x00, 0xE3, 0x00, 0x00, 0x00, 0x0A, 0x00, 0x00, 0x00, 0x07,
  0x00, 0x00, 0x00, 0x07, 0x00, 0x00, 0x00, 0x09, 0x00, 0x00, 0x00, 0x00, 0x00, 0x00, 0x00, 0x00, 0x00, 0x00, 0x00, 0xE4, 0x00, 0x00, 0x00, 0x0A, 0x00, 0x00, 0x00, 0x07, 0x00, 0x00, 0x00, 0x07, 0x00, 0x00, 0x00, 0x09, 0x00, 0x00, 0x00, 0x00,
  0x00, 0x00, 0x00, 0x00, 0x00, 0x00, 0x00, 0xE5, 0x00, 0x00, 0x00, 0x0B, 0x00, 0x00, 0x00, 0x07, 0x00, 0x00, 0x00, 0x07, 0x00, 0x00, 0x00, 0x0A, 0x00, 0x00, 0x00, 0x00, 0x00, 0x00, 0x00, 0x00, 0x00, 0x00, 0x00, 0xE6, 0x00, 0x00, 0x00, 0x08,
  0x00, 0x00, 0x00, 0x07, 0x00, 0x00, 0x00, 0x07, 0x00, 0x00, 0x00, 0x07, 0x00, 0x00, 0x00, 0x00, 0x00, 0x00, 0x00, 0x00, 0x00, 0x00, 0x00, 0xE7, 0x00, 0x00, 0x00, 0x0A, 0x00, 0x00, 0x00, 0x07, 0x00, 0x00, 0x00, 0x07, 0x00, 0x00, 0x00, 0x07,
  0x00, 0x00, 0x00, 0x00, 0x00, 0x00, 0x00, 0x00, 0x00, 0x00, 0x00, 0xE8, 0x00, 0x00, 0x00, 0x0A, 0x00, 0x00, 0x00, 0x07, 0x00, 0x00, 0x00, 0x07, 0x00, 0x00, 0x00, 0x09, 0x00, 0x00, 0x00, 0x00, 0x00, 0x00, 0x00, 0x00, 0x00, 0x00, 0x00, 0xE9,
  0x00, 0x00, 0x00, 0x0A, 0x00, 0x00, 0x00, 0x07, 0x00, 0x00, 0x00, 0x07, 0x00, 0x00, 0x00, 0x09, 0x00, 0x00, 0x00, 0x00, 0x00, 0x00, 0x00, 0x00, 0x00, 0x00, 0x00, 0xEA, 0x00, 0x00, 0x00, 0x0A, 0x00, 0x00, 0x00, 0x07, 0x00, 0x00, 0x00, 0x07,
  0x00, 0x00, 0x00, 0x09, 0x00, 0x00, 0x00, 0x00, 0x00, 0x00, 0x00, 0x00, 0x00, 0x00, 0x00, 0xEB, 0x00, 0x00, 0x00, 0x0A, 0x00, 0x00, 0x00, 0x07, 0x00, 0x00, 0x00, 0x07, 0x00, 0x00, 0x00, 0x09, 0x00, 0x00, 0x00, 0x00, 0x00, 0x00, 0x00, 0x00,
  0x00, 0x00, 0x00, 0xEC, 0x00, 0x00, 0x00, 0x09, 0x00, 0x00, 0x00, 0x06, 0x00, 0x00, 0x00, 0x07, 0x00, 0x00, 0x00, 0x09, 0x00, 0x00, 0x00, 0x01, 0x00, 0x00, 0x00, 0x00, 0x00, 0x00, 0x00, 0xED, 0x00, 0x00, 0x00, 0x09, 0x00, 0x00, 0x00, 0x06,
  0x00, 0x00, 0x00, 0x07, 0x00, 0x00, 0x00, 0x09, 0x00, 0x00, 0x00, 0x01, 0x00, 0x00, 0x00, 0x00, 0x00, 0x00, 0x00, 0xEE, 0x00, 0x00, 0x00, 0x09, 0x00, 0x00, 0x00, 0x06, 0x00, 0x00, 0x00, 0x07, 0x00, 0x00, 0x00, 0x09, 0x00, 0x00, 0x00, 0x01,
  0x00, 0x00, 0x00, 0x00, 0x00, 0x00, 0x00, 0xEF, 0x00, 0x00, 0x00, 0x09, 0x00, 0x00, 0x00, 0x06, 0x00, 0x00, 0x00, 0x07, 0x00, 0x00, 0x00, 0x09, 0x00, 0x00, 0x00, 0x01, 0x00, 0x00, 0x00, 0x00, 0x00, 0x00, 0x00, 0xF1, 0x00, 0x00, 0x00, 0x09,
  0x00, 0x00, 0x00, 0x06, 0x00, 0x00, 0x00, 0x07, 0x00, 0x00, 0x00, 0x09, 0x00, 0x00, 0x00, 0x01, 0x00, 0x00, 0x00, 0x00, 0x00, 0x00, 0x00, 0xF2, 0x00, 0x00, 0x00, 0x0A, 0x00, 0x00, 0x00, 0x07, 0x00, 0x00, 0x00, 0x07, 0x00, 0x00, 0x00, 0x09,
  0x00, 0x00, 0x00, 0x00, 0x00, 0x00, 0x00, 0x00, 0x00, 0x00, 0x00, 0xF3, 0x00, 0x00, 0x00, 0x0A, 0x00, 0x00, 0x00, 0x07, 0x00, 0x00, 0x00, 0x07, 0x00, 0x00, 0x00, 0x09, 0x00, 0x00, 0x00, 0x00, 0x00, 0x00, 0x00, 0x00, 0x00, 0x00, 0x00, 0xF4,
  0x00, 0x00, 0x00, 0x0A, 0x00, 0x00, 0x00, 0x07, 0x00, 0x00, 0x00, 0x07, 0x00, 0x00, 0x00, 0x09, 0x00, 0x00, 0x00, 0x00, 0x00, 0x00, 0x00, 0x00, 0x00, 0x00, 0x00, 0xF5, 0x00, 0x00, 0x00, 0x0A, 0x00, 0x00, 0x00, 0x07, 0x00, 0x00, 0x00, 0x07,
  0x00, 0x00, 0x00, 0x09, 0x00, 0x00, 0x00, 0x00, 0x00, 0x00, 0x00, 0x00, 0x00, 0x00, 0x00, 0xF6, 0x00, 0x00, 0x00, 0x0A, 0x00, 0x00, 0x00, 0x07, 0x00, 0x00, 0x00, 0x07, 0x00, 0x00, 0x00, 0x09, 0x00, 0x00, 0x00, 0x00, 0x00, 0x00, 0x00, 0x00,
  0x00, 0x00, 0x00, 0xF7, 0x00, 0x00, 0x00, 0x07, 0x00, 0x00, 0x00, 0x07, 0x00, 0x00, 0x00, 0x07, 0x00, 0x00, 0x00, 0x08, 0x00, 0x00, 0x00, 0x00, 0x00, 0x00, 0x00, 0x00, 0x00, 0x00, 0x00, 0xF8, 0x00, 0x00, 0x00, 0x09, 0x00, 0x00, 0x00, 0x07,
  0x00, 0x00, 0x00, 0x07, 0x00, 0x00, 0x00, 0x08, 0x00, 0x00, 0x00, 0x00, 0x00, 0x00, 0x00, 0x00, 0x00, 0x00, 0x00, 0xF9, 0x00, 0x00, 0x00, 0x0A, 0x00, 0x00, 0x00, 0x06, 0x00, 0x00, 0x00, 0x07, 0x00, 0x00, 0x00, 0x09, 0x00, 0x00, 0x00, 0x01,
  0x00, 0x00, 0x00, 0x00, 0x00, 0x00, 0x00, 0xFA, 0x00, 0x00, 0x00, 0x0A, 0x00, 0x00, 0x00, 0x06, 0x00, 0x00, 0x00, 0x07, 0x00, 0x00, 0x00, 0x09, 0x00, 0x00, 0x00, 0x01, 0x00, 0x00, 0x00, 0x00, 0x00, 0x00, 0x00, 0xFB, 0x00, 0x00, 0x00, 0x0A,
  0x00, 0x00, 0x00, 0x06, 0x00, 0x00, 0x00, 0x07, 0x00, 0x00, 0x00, 0x09, 0x00, 0x00, 0x00, 0x01, 0x00, 0x00, 0x00, 0x00, 0x00, 0x00, 0x00, 0xFC, 0x00, 0x00, 0x00, 0x0A, 0x00, 0x00, 0x00, 0x06, 0x00, 0x00, 0x00, 0x07, 0x00, 0x00, 0x00, 0x09,
  0x00, 0x00, 0x00, 0x01, 0x00, 0x00, 0x00, 0x00, 0x00, 0x00, 0x00, 0xFD, 0x00, 0x00, 0x00, 0x0C, 0x00, 0x00, 0x00, 0x07, 0x00, 0x00, 0x00, 0x07, 0x00, 0x00, 0x00, 0x09, 0x00, 0x00, 0x00, 0x00, 0x00, 0x00, 0x00, 0x00, 0x00, 0x00, 0x00, 0xFF,
  0x00, 0x00, 0x00, 0x0C, 0x00, 0x00, 0x00, 0x07, 0x00, 0x00, 0x00, 0x07, 0x00, 0x00, 0x00, 0x09, 0x00, 0x00, 0x00, 0x00, 0x00, 0x00, 0x00, 0x00, 0x00, 0x00, 0x01, 0x02, 0x00, 0x00, 0x00, 0x0B, 0x00, 0x00, 0x00, 0x07, 0x00, 0x00, 0x00, 0x07,
  0x00, 0x00, 0x00, 0x0B, 0x00, 0x00, 0x00, 0x00, 0x00, 0x00, 0x00, 0x00, 0x00, 0x00, 0x01, 0x03, 0x00, 0x00, 0x00, 0x0B, 0x00, 0x00, 0x00, 0x07, 0x00, 0x00, 0x00, 0x07, 0x00, 0x00, 0x00, 0x0A, 0x00, 0x00, 0x00, 0x00, 0x00, 0x00, 0x00, 0x00,
  0x00, 0x00, 0x01, 0x04, 0x00, 0x00, 0x00, 0x0C, 0x00, 0x00, 0x00, 0x07, 0x00, 0x00, 0x00, 0x07, 0x00, 0x00, 0x00, 0x09, 0x00, 0x00, 0x00, 0x00, 0x00, 0x00, 0x00, 0x00, 0x00, 0x00, 0x01, 0x05, 0x00, 0x00, 0x00, 0x0A, 0x00, 0x00, 0x00, 0x07,
  0x00, 0x00, 0x00, 0x07, 0x00, 0x00, 0x00, 0x07, 0x00, 0x00, 0x00, 0x00, 0x00, 0x00, 0x00, 0x00, 0x00, 0x00, 0x01, 0x06, 0x00, 0x00, 0x00, 0x0C, 0x00, 0x00, 0x00, 0x07, 0x00, 0x00, 0x00, 0x07, 0x00, 0x00, 0x00, 0x0B, 0x00, 0x00, 0x00, 0x00,
  0x00, 0x00, 0x00, 0x00, 0x00, 0x00, 0x01, 0x07, 0x00, 0x00, 0x00, 0x0A, 0x00, 0x00, 0x00, 0x07, 0x00, 0x00, 0x00, 0x07, 0x00, 0x00, 0x00, 0x09, 0x00, 0x00, 0x00, 0x00, 0x00, 0x00, 0x00, 0x00, 0x00, 0x00, 0x01, 0x0C, 0x00, 0x00, 0x00, 0x0C,
  0x00, 0x00, 0x00, 0x07, 0x00, 0x00, 0x00, 0x07, 0x00, 0x00, 0x00, 0x0B, 0x00, 0x00, 0x00, 0x00, 0x00, 0x00, 0x00, 0x00, 0x00, 0x00, 0x01, 0x0D, 0x00, 0x00, 0x00, 0x0A, 0x00, 0x00, 0x00, 0x07, 0x00, 0x00, 0x00, 0x07, 0x00, 0x00, 0x00, 0x09,
  0x00, 0x00, 0x00, 0x00, 0x00, 0x00, 0x00, 0x00, 0x00, 0x00, 0x01, 0x0E, 0x00, 0x00, 0x00, 0x0B, 0x00, 0x00, 0x00, 0x07, 0x00, 0x00, 0x00, 0x07, 0x00, 0x00, 0x00, 0x0B, 0x00, 0x00, 0x00, 0x00, 0x00, 0x00, 0x00, 0x00, 0x00, 0x00, 0x01, 0x0F,
  0x00, 0x00, 0x00, 0x0B, 0x00, 0x00, 0x00, 0x09, 0x00, 0x00, 0x00, 0x07, 0x00, 0x00, 0x00, 0x0A, 0x00, 0x00, 0x00, 0x00, 0x00, 0x00, 0x00, 0x00, 0x00, 0x00, 0x01, 0x10, 0x00, 0x00, 0x00, 0x09, 0x00, 0x00, 0x00, 0x08, 0x00, 0x00, 0x00, 0x07,
  0x00, 0x00, 0x00, 0x09, 0xFF, 0xFF, 0xFF, 0xFF, 0x00, 0x00, 0x00, 0x00, 0x00, 0x00, 0x01, 0x11, 0x00, 0x00, 0x00, 0x0A, 0x00, 0x00, 0x00, 0x08, 0x00, 0x00, 0x00, 0x07, 0x00, 0x00, 0x00, 0x09, 0x00, 0x00, 0x00, 0x00, 0x00, 0x00, 0x00, 0x00,
  0x00, 0x00, 0x01, 0x18, 0x00, 0x00, 0x00, 0x0C, 0x00, 0x00, 0x00, 0x06, 0x00, 0x00, 0x00, 0x07, 0x00, 0x00, 0x00, 0x09, 0x00, 0x00, 0x00, 0x01, 0x00, 0x00, 0x00, 0x00, 0x00, 0x00, 0x01, 0x19, 0x00, 0x00, 0x00, 0x0A, 0x00, 0x00, 0x00, 0x07,
  0x00, 0x00, 0x00, 0x07, 0x00, 0x00, 0x00, 0x07, 0x00, 0x00, 0x00, 0x00, 0x00, 0x00, 0x00, 0x00, 0x00, 0x00, 0x01, 0x1A, 0x00, 0x00, 0x00, 0x0B, 0x00, 0x00, 0x00, 0x06, 0x00, 0x00, 0x00, 0x07, 0x00, 0x00, 0x00, 0x0B, 0x00, 0x00, 0x00, 0x01,
  0x00, 0x00, 0x00, 0x00, 0x00, 0x00, 0x01, 0x1B, 0x00, 0x00, 0x00, 0x0A, 0x00, 0x00, 0x00, 0x07, 0x00, 0x00, 0x00, 0x07, 0x00, 0x00, 0x00, 0x09, 0x00, 0x00, 0x00, 0x00, 0x00, 0x00, 0x00, 0x00, 0x00, 0x00, 0x01, 0x31, 0x00, 0x00, 0x00, 0x07,
  0x00, 0x00, 0x00, 0x06, 0x00, 0x00, 0x00, 0x07, 0x00, 0x00, 0x00, 0x07, 0x00, 0x00, 0x00, 0x01, 0x00, 0x00, 0x00, 0x00, 0x00, 0x00, 0x01, 0x39, 0x00, 0x00, 0x00, 0x0B, 0x00, 0x00, 0x00, 0x06, 0x00, 0x00, 0x00, 0x07, 0x00, 0x00, 0x00, 0x0B,
  0x00, 0x00, 0x00, 0x01, 0x00, 0x00, 0x00, 0x00, 0x00, 0x00, 0x01, 0x3A, 0x00, 0x00, 0x00, 0x0B, 0x00, 0x00, 0x00, 0x06, 0x00, 0x00, 0x00, 0x07, 0x00, 0x00, 0x00, 0x0B, 0x00, 0x00, 0x00, 0x01, 0x00, 0x00, 0x00, 0x00, 0x00, 0x00, 0x01, 0x3D,
  0x00, 0x00, 0x00, 0x09, 0x00, 0x00, 0x00, 0x06, 0x00, 0x00, 0x00, 0x07, 0x00, 0x00, 0x00, 0x09, 0x00, 0x00, 0x00, 0x01, 0x00, 0x00, 0x00, 0x00, 0x00, 0x00, 0x01, 0x3E, 0x00, 0x00, 0x00, 0x0A, 0x00, 0x00, 0x00, 0x07, 0x00, 0x00, 0x00, 0x07,
  0x00, 0x00, 0x00, 0x0A, 0x00, 0x00, 0x00, 0x01, 0x00, 0x00, 0x00, 0x00, 0x00, 0x00, 0x01, 0x41, 0x00, 0x00, 0x00, 0x09, 0x00, 0x00, 0x00, 0x07, 0x00, 0x00, 0x00, 0x07, 0x00, 0x00, 0x00, 0x09, 0x00, 0x00, 0x00, 0x00, 0x00, 0x00, 0x00, 0x00,
  0x00, 0x00, 0x01, 0x42, 0x00, 0x00, 0x00, 0x09, 0x00, 0x00, 0x00, 0x06, 0x00, 0x00, 0x00, 0x07, 0x00, 0x00, 0x00, 0x09, 0x00, 0x00, 0x00, 0x01, 0x00, 0x00, 0x00, 0x00, 0x00, 0x00, 0x01, 0x43, 0x00, 0x00, 0x00, 0x0B, 0x00, 0x00, 0x00, 0x07,
  0x00, 0x00, 0x00, 0x07, 0x00, 0x00, 0x00, 0x0B, 0x00, 0x00, 0x00, 0x00, 0x00, 0x00, 0x00, 0x00, 0x00, 0x00, 0x01, 0x44, 0x00, 0x00, 0x00, 0x09, 0x00, 0x00, 0x00, 0x06, 0x00, 0x00, 0x00, 0x07, 0x00, 0x00, 0x00, 0x09, 0x00, 0x00, 0x00, 0x01,
  0x00, 0x00, 0x00, 0x00, 0x00, 0x00, 0x01, 0x47, 0x00, 0x00, 0x00, 0x0B, 0x00, 0x00, 0x00, 0x07, 0x00, 0x00, 0x00, 0x07, 0x00, 0x00, 0x00, 0x0B, 0x00, 0x00, 0x00, 0x00, 0x00, 0x00, 0x00, 0x00, 0x00, 0x00, 0x01, 0x48, 0x00, 0x00, 0x00, 0x09,
  0x00, 0x00, 0x00, 0x06, 0x00, 0x00, 0x00, 0x07, 0x00, 0x00, 0x00, 0x09, 0x00, 0x00, 0x00, 0x01, 0x00, 0x00, 0x00, 0x00, 0x00, 0x00, 0x01, 0x50, 0x00, 0x00, 0x00, 0x0C, 0x00, 0x00, 0x00, 0x07, 0x00, 0x00, 0x00, 0x07, 0x00, 0x00, 0x00, 0x0B,
  0x00, 0x00, 0x00, 0x00, 0x00, 0x00, 0x00, 0x00, 0x00, 0x00, 0x01, 0x51, 0x00, 0x00, 0x00, 0x0A, 0x00, 0x00, 0x00, 0x07, 0x00, 0x00, 0x00, 0x07, 0x00, 0x00, 0x00, 0x09, 0x00, 0x00, 0x00, 0x00, 0x00, 0x00, 0x00, 0x00, 0x00, 0x00, 0x01, 0x52,
  0x00, 0x00, 0x00, 0x0A, 0x00, 0x00, 0x00, 0x07, 0x00, 0x00, 0x00, 0x07, 0x00, 0x00, 0x00, 0x09, 0x00, 0x00, 0x00, 0x00, 0x00, 0x00, 0x00, 0x00, 0x00, 0x00, 0x01, 0x53, 0x00, 0x00, 0x00, 0x08, 0x00, 0x00, 0x00, 0x08, 0x00, 0x00, 0x00, 0x07,
  0x00, 0x00, 0x00, 0x07, 0x00, 0x00, 0x00, 0x00, 0x00, 0x00, 0x00, 0x00, 0x00, 0x00, 0x01, 0x54, 0x00, 0x00, 0x00, 0x0B, 0x00, 0x00, 0x00, 0x06, 0x00, 0x00, 0x00, 0x07, 0x00, 0x00, 0x00, 0x0B, 0x00, 0x00, 0x00, 0x01, 0x00, 0x00, 0x00, 0x00,
  0x00, 0x00, 0x01, 0x55, 0x00, 0x00, 0x00, 0x09, 0x00, 0x00, 0x00, 0x06, 0x00, 0x00, 0x00, 0x07, 0x00, 0x00, 0x00, 0x09, 0x00, 0x00, 0x00, 0x01, 0x00, 0x00, 0x00, 0x00, 0x00, 0x00, 0x01, 0x58, 0x00, 0x00, 0x00, 0x0B, 0x00, 0x00, 0x00, 0x06,
  0x00, 0x00, 0x00, 0x07, 0x00, 0x00, 0x00, 0x0B, 0x00, 0x00, 0x00, 0x01, 0x00, 0x00, 0x00, 0x00, 0x00, 0x00, 0x01, 0x59, 0x00, 0x00, 0x00, 0x09, 0x00, 0x00, 0x00, 0x06, 0x00, 0x00, 0x00, 0x07, 0x00, 0x00, 0x00, 0x09, 0x00, 0x00, 0x00, 0x01,
  0x00, 0x00, 0x00, 0x00, 0x00, 0x00, 0x01, 0x5A, 0x00, 0x00, 0x00, 0x0C, 0x00, 0x00, 0x00, 0x07, 0x00, 0x00, 0x00, 0x07, 0x00, 0x00, 0x00, 0x0B, 0x00, 0x00, 0x00, 0x00, 0x00, 0x00, 0x00, 0x00, 0x00, 0x00, 0x01, 0x5B, 0x00, 0x00, 0x00, 0x0A,
  0x00, 0x00, 0x00, 0x06, 0x00, 0x00, 0x00, 0x07, 0x00, 0x00, 0x00, 0x09, 0x00, 0x00, 0x00, 0x01, 0x00, 0x00, 0x00, 0x00, 0x00, 0x00, 0x01, 0x5E, 0x00, 0x00, 0x00, 0x0C, 0x00, 0x00, 0x00, 0x07, 0x00, 0x00, 0x00, 0x07, 0x00, 0x00, 0x00, 0x09,
  0x00, 0x00, 0x00, 0x00, 0x00, 0x00, 0x00, 0x00, 0x00, 0x00, 0x01, 0x5F, 0x00, 0x00, 0x00, 0x0A, 0x00, 0x00, 0x00, 0x06, 0x00, 0x00, 0x00, 0x07, 0x00, 0x00, 0x00, 0x07, 0x00, 0x00, 0x00, 0x01, 0x00, 0x00, 0x00, 0x00, 0x00, 0x00, 0x01, 0x60,
  0x00, 0x00, 0x00, 0x0C, 0x00, 0x00, 0x00, 0x07, 0x00, 0x00, 0x00, 0x07, 0x00, 0x00, 0x00, 0x0B, 0x00, 0x00, 0x00, 0x00, 0x00, 0x00, 0x00, 0x00, 0x00, 0x00, 0x01, 0x61, 0x00, 0x00, 0x00, 0x0A, 0x00, 0x00, 0x00, 0x06, 0x00, 0x00, 0x00, 0x07,
  0x00, 0x00, 0x00, 0x09, 0x00, 0x00, 0x00, 0x01, 0x00, 0x00, 0x00, 0x00, 0x00, 0x00, 0x01, 0x62, 0x00, 0x00, 0x00, 0x0C, 0x00, 0x00, 0x00, 0x07, 0x00, 0x00, 0x00, 0x07, 0x00, 0x00, 0x00, 0x09, 0x00, 0x00, 0x00, 0x00, 0x00, 0x00, 0x00, 0x00,
  0x00, 0x00, 0x01, 0x63, 0x00, 0x00, 0x00, 0x0B, 0x00, 0x00, 0x00, 0x07, 0x00, 0x00, 0x00, 0x07, 0x00, 0x00, 0x00, 0x08, 0x00, 0x00, 0x00, 0x00, 0x00, 0x00, 0x00, 0x00, 0x00, 0x00, 0x01, 0x64, 0x00, 0x00, 0x00, 0x0B, 0x00, 0x00, 0x00, 0x07,
  0x00, 0x00, 0x00, 0x07, 0x00, 0x00, 0x00, 0x0B, 0x00, 0x00, 0x00, 0x00, 0x00, 0x00, 0x00, 0x00, 0x00, 0x00, 0x01, 0x65, 0x00, 0x00, 0x00, 0x0C, 0x00, 0x00, 0x00, 0x07, 0x00, 0x00, 0x00, 0x07, 0x00, 0x00, 0x00, 0x0B, 0x00, 0x00, 0x00, 0x00,
  0x00, 0x00, 0x00, 0x00, 0x00, 0x00, 0x01, 0x6E, 0x00, 0x00, 0x00, 0x0C, 0x00, 0x00, 0x00, 0x07, 0x00, 0x00, 0x00, 0x07, 0x00, 0x00, 0x00, 0x0B, 0x00, 0x00, 0x00, 0x00, 0x00, 0x00, 0x00, 0x00, 0x00, 0x00, 0x01, 0x6F, 0x00, 0x00, 0x00, 0x0A,
  0x00, 0x00, 0x00, 0x06, 0x00, 0x00, 0x00, 0x07, 0x00, 0x00, 0x00, 0x09, 0x00, 0x00, 0x00, 0x01, 0x00, 0x00, 0x00, 0x00, 0x00, 0x00, 0x01, 0x70, 0x00, 0x00, 0x00, 0x0C, 0x00, 0x00, 0x00, 0x07, 0x00, 0x00, 0x00, 0x07, 0x00, 0x00, 0x00, 0x0B,
  0x00, 0x00, 0x00, 0x00, 0x00, 0x00, 0x00, 0x00, 0x00, 0x00, 0x01, 0x71, 0x00, 0x00, 0x00, 0x0A, 0x00, 0x00, 0x00, 0x06, 0x00, 0x00, 0x00, 0x07, 0x00, 0x00, 0x00, 0x09, 0x00, 0x00, 0x00, 0x01, 0x00, 0x00, 0x00, 0x00, 0x00, 0x00, 0x01, 0x78,
  0x00, 0x00, 0x00, 0x0B, 0x00, 0x00, 0x00, 0x07, 0x00, 0x00, 0x00, 0x07, 0x00, 0x00, 0x00, 0x0B, 0x00, 0x00, 0x00, 0x00, 0x00, 0x00, 0x00, 0x00, 0x00, 0x00, 0x01, 0x79, 0x00, 0x00, 0x00, 0x0B, 0x00, 0x00, 0x00, 0x07, 0x00, 0x00, 0x00, 0x07,
  0x00, 0x00, 0x00, 0x0B, 0x00, 0x00, 0x00, 0x00, 0x00, 0x00, 0x00, 0x00, 0x00, 0x00, 0x01, 0x7A, 0x00, 0x00, 0x00, 0x09, 0x00, 0x00, 0x00, 0x07, 0x00, 0x00, 0x00, 0x07, 0x00, 0x00, 0x00, 0x09, 0x00, 0x00, 0x00, 0x00, 0x00, 0x00, 0x00, 0x00,
  0x00, 0x00, 0x01, 0x7B, 0x00, 0x00, 0x00, 0x0B, 0x00, 0x00, 0x00, 0x07, 0x00, 0x00, 0x00, 0x07, 0x00, 0x00, 0x00, 0x0B, 0x00, 0x00, 0x00, 0x00, 0x00, 0x00, 0x00, 0x00, 0x00, 0x00, 0x01, 0x7C, 0x00, 0x00, 0x00, 0x09, 0x00, 0x00, 0x00, 0x07,
  0x00, 0x00, 0x00, 0x07, 0x00, 0x00, 0x00, 0x09, 0x00, 0x00, 0x00, 0x00, 0x00, 0x00, 0x00, 0x00, 0x00, 0x00, 0x01, 0x7D, 0x00, 0x00, 0x00, 0x0B, 0x00, 0x00, 0x00, 0x07, 0x00, 0x00, 0x00, 0x07, 0x00, 0x00, 0x00, 0x0B, 0x00, 0x00, 0x00, 0x00,
  0x00, 0x00, 0x00, 0x00, 0x00, 0x00, 0x01, 0x7E, 0x00, 0x00, 0x00, 0x09, 0x00, 0x00, 0x00, 0x07, 0x00, 0x00, 0x00, 0x07, 0x00, 0x00, 0x00, 0x09, 0x00, 0x00, 0x00, 0x00, 0x00, 0x00, 0x00, 0x00, 0x00, 0x00, 0x01, 0x92, 0x00, 0x00, 0x00, 0x0D,
  0x00, 0x00, 0x00, 0x07, 0x00, 0x00, 0x00, 0x07, 0x00, 0x00, 0x00, 0x0A, 0x00, 0x00, 0x00, 0x00, 0x00, 0x00, 0x00, 0x00, 0x00, 0x00, 0x02, 0xC6, 0x00, 0x00, 0x00, 0x02, 0x00, 0x00, 0x00, 0x04, 0x00, 0x00, 0x00, 0x07, 0x00, 0x00, 0x00, 0x09,
  0x00, 0x00, 0x00, 0x01, 0x00, 0x00, 0x00, 0x00, 0x00, 0x00, 0x02, 0xC7, 0x00, 0x00, 0x00, 0x02, 0x00, 0x00, 0x00, 0x05, 0x00, 0x00, 0x00, 0x07, 0x00, 0x00, 0x00, 0x09, 0x00, 0x00, 0x00, 0x01, 0x00, 0x00, 0x00, 0x00, 0x00, 0x00, 0x02, 0xD8,
  0x00, 0x00, 0x00, 0x02, 0x00, 0x00, 0x00, 0x05, 0x00, 0x00, 0x00, 0x07, 0x00, 0x00, 0x00, 0x09, 0x00, 0x00, 0x00, 0x01, 0x00, 0x00, 0x00, 0x00, 0x00, 0x00, 0x02, 0xD9, 0x00, 0x00, 0x00, 0x02, 0x00, 0x00, 0x00, 0x03, 0x00, 0x00, 0x00, 0x07,
  0x00, 0x00, 0x00, 0x09, 0x00, 0x00, 0x00, 0x02, 0x00, 0x00, 0x00, 0x00, 0x00, 0x00, 0x02, 0xDA, 0x00, 0x00, 0x00, 0x03, 0x00, 0x00, 0x00, 0x03, 0x00, 0x00, 0x00, 0x07, 0x00, 0x00, 0x00, 0x09, 0x00, 0x00, 0x00, 0x02, 0x00, 0x00, 0x00, 0x00,
  0x00, 0x00, 0x02, 0xDB, 0x00, 0x00, 0x00, 0x04, 0x00, 0x00, 0x00, 0x03, 0x00, 0x00, 0x00, 0x07, 0x00, 0x00, 0x00, 0x01, 0x00, 0x00, 0x00, 0x02, 0x00, 0x00, 0x00, 0x00, 0x00, 0x00, 0x02, 0xDC, 0x00, 0x00, 0x00, 0x02, 0x00, 0x00, 0x00, 0x05,
  0x00, 0x00, 0x00, 0x07, 0x00, 0x00, 0x00, 0x09, 0x00, 0x00, 0x00, 0x00, 0x00, 0x00, 0x00, 0x00, 0x00, 0x00, 0x02, 0xDD, 0x00, 0x00, 0x00, 0x02, 0x00, 0x00, 0x00, 0x05, 0x00, 0x00, 0x00, 0x07, 0x00, 0x00, 0x00, 0x09, 0x00, 0x00, 0x00, 0x01,
  0x00, 0x00, 0x00, 0x00, 0x00, 0x00, 0x03, 0xA9, 0x00, 0x00, 0x00, 0x09, 0x00, 0x00, 0x00, 0x07, 0x00, 0x00, 0x00, 0x07, 0x00, 0x00, 0x00, 0x09, 0x00, 0x00, 0x00, 0x00, 0x00, 0x00, 0x00, 0x00, 0x00, 0x00, 0x03, 0xC0, 0x00, 0x00, 0x00, 0x08,
  0x00, 0x00, 0x00, 0x07, 0x00, 0x00, 0x00, 0x07, 0x00, 0x00, 0x00, 0x07, 0x00, 0x00, 0x00, 0x00, 0x00, 0x00, 0x00, 0x00, 0x00, 0x00, 0x20, 0x13, 0x00, 0x00, 0x00, 0x02, 0x00, 0x00, 0x00, 0x07, 0x00, 0x00, 0x00, 0x07, 0x00, 0x00, 0x00, 0x05,
  0x00, 0x00, 0x00, 0x00, 0x00, 0x00, 0x00, 0x00, 0x00, 0x00, 0x20, 0x14, 0x00, 0x00, 0x00, 0x02, 0x00, 0x00, 0x00, 0x07, 0x00, 0x00, 0x00, 0x07, 0x00, 0x00, 0x00, 0x05, 0x00, 0x00, 0x00, 0x00, 0x00, 0x00, 0x00, 0x00, 0x00, 0x00, 0x20, 0x18,
  0x00, 0x00, 0x00, 0x04, 0x00, 0x00, 0x00, 0x03, 0x00, 0x00, 0x00, 0x07, 0x00, 0x00, 0x00, 0x0A, 0x00, 0x00, 0x00, 0x02, 0x00, 0x00, 0x00, 0x00, 0x00, 0x00, 0x20, 0x19, 0x00, 0x00, 0x00, 0x04, 0x00, 0x00, 0x00, 0x03, 0x00, 0x00, 0x00, 0x07,
  0x00, 0x00, 0x00, 0x0A, 0x00, 0x00, 0x00, 0x02, 0x00, 0x00, 0x00, 0x00, 0x00, 0x00, 0x20, 0x1A, 0x00, 0x00, 0x00, 0x04, 0x00, 0x00, 0x00, 0x03, 0x00, 0x00, 0x00, 0x07, 0x00, 0x00, 0x00, 0x02, 0x00, 0x00, 0x00, 0x02, 0x00, 0x00, 0x00, 0x00,
  0x00, 0x00, 0x20, 0x1C, 0x00, 0x00, 0x00, 0x04, 0x00, 0x00, 0x00, 0x05, 0x00, 0x00, 0x00, 0x07, 0x00, 0x00, 0x00, 0x0A, 0x00, 0x00, 0x00, 0x01, 0x00, 0x00, 0x00, 0x00, 0x00, 0x00, 0x20, 0x1D, 0x00, 0x00, 0x00, 0x04, 0x00, 0x00, 0x00, 0x05,
  0x00, 0x00, 0x00, 0x07, 0x00, 0x00, 0x00, 0x0A, 0x00, 0x00, 0x00, 0x01, 0x00, 0x00, 0x00, 0x00, 0x00, 0x00, 0x20, 0x1E, 0x00, 0x00, 0x00, 0x04, 0x00, 0x00, 0x00, 0x05, 0x00, 0x00, 0x00, 0x07, 0x00, 0x00, 0x00, 0x02, 0x00, 0x00, 0x00, 0x01,
  0x00, 0x00, 0x00, 0x00, 0x00, 0x00, 0x20, 0x20, 0x00, 0x00, 0x00, 0x09, 0x00, 0x00, 0x00, 0x07, 0x00, 0x00, 0x00, 0x07, 0x00, 0x00, 0x00, 0x09, 0x00, 0x00, 0x00, 0x00, 0x00, 0x00, 0x00, 0x00, 0x00, 0x00, 0x20, 0x21, 0x00, 0x00, 0x00, 0x0C,
  0x00, 0x00, 0x00, 0x07, 0x00, 0x00, 0x00, 0x07, 0x00, 0x00, 0x00, 0x09, 0x00, 0x00, 0x00, 0x00, 0x00, 0x00, 0x00, 0x00, 0x00, 0x00, 0x20, 0x22, 0x00, 0x00, 0x00, 0x03, 0x00, 0x00, 0x00, 0x03, 0x00, 0x00, 0x00, 0x07, 0x00, 0x00, 0x00, 0x06,
  0x00, 0x00, 0x00, 0x02, 0x00, 0x00, 0x00, 0x00, 0x00, 0x00, 0x20, 0x26, 0x00, 0x00, 0x00, 0x03, 0x00, 0x00, 0x00, 0x07, 0x00, 0x00, 0x00, 0x07, 0x00, 0x00, 0x00, 0x02, 0x00, 0x00, 0x00, 0x01, 0x00, 0x00, 0x00, 0x00, 0x00, 0x00, 0x20, 0x30,
  0x00, 0x00, 0x00, 0x0A, 0x00, 0x00, 0x00, 0x07, 0x00, 0x00, 0x00, 0x07, 0x00, 0x00, 0x00, 0x09, 0x00, 0x00, 0x00, 0x00, 0x00, 0x00, 0x00, 0x00, 0x00, 0x00, 0x20, 0x39, 0x00, 0x00, 0x00, 0x06, 0x00, 0x00, 0x00, 0x03, 0x00, 0x00, 0x00, 0x07,
  0x00, 0x00, 0x00, 0x06, 0x00, 0x00, 0x00, 0x02, 0x00, 0x00, 0x00, 0x00, 0x00, 0x00, 0x20, 0x3A, 0x00, 0x00, 0x00, 0x06, 0x00, 0x00, 0x00, 0x03, 0x00, 0x00, 0x00, 0x07, 0x00, 0x00, 0x00, 0x06, 0x00, 0x00, 0x00, 0x02, 0x00, 0x00, 0x00, 0x00,
  0x00, 0x00, 0x20, 0x44, 0x00, 0x00, 0x00, 0x07, 0x00, 0x00, 0x00, 0x05, 0x00, 0x00, 0x00, 0x07, 0x00, 0x00, 0x00, 0x08, 0x00, 0x00, 0x00, 0x01, 0x00, 0x00, 0x00, 0x00, 0x00, 0x00, 0x20, 0xAC, 0x00, 0x00, 0x00, 0x0A, 0x00, 0x00, 0x00, 0x07,
  0x00, 0x00, 0x00, 0x07, 0x00, 0x00, 0x00, 0x09, 0x00, 0x00, 0x00, 0x00, 0x00, 0x00, 0x00, 0x00, 0x00, 0x00, 0x21, 0x22, 0x00, 0x00, 0x00, 0x04, 0x00, 0x00, 0x00, 0x07, 0x00, 0x00, 0x00, 0x07, 0x00, 0x00, 0x00, 0x09, 0x00, 0x00, 0x00, 0x00,
  0x00, 0x00, 0x00, 0x00, 0x00, 0x00, 0x22, 0x02, 0x00, 0x00, 0x00, 0x0A, 0x00, 0x00, 0x00, 0x07, 0x00, 0x00, 0x00, 0x07, 0x00, 0x00, 0x00, 0x09, 0x00, 0x00, 0x00, 0x00, 0x00, 0x00, 0x00, 0x00, 0x00, 0x00, 0x22, 0x06, 0x00, 0x00, 0x00, 0x09,
  0x00, 0x00, 0x00, 0x08, 0x00, 0x00, 0x00, 0x07, 0x00, 0x00, 0x00, 0x09, 0x00, 0x00, 0x00, 0x00, 0x00, 0x00, 0x00, 0x00, 0x00, 0x00, 0x22, 0x0F, 0x00, 0x00, 0x00, 0x0B, 0x00, 0x00, 0x00, 0x07, 0x00, 0x00, 0x00, 0x07, 0x00, 0x00, 0x00, 0x09,
  0x00, 0x00, 0x00, 0x00, 0x00, 0x00, 0x00, 0x00, 0x00, 0x00, 0x22, 0x11, 0x00, 0x00, 0x00, 0x0B, 0x00, 0x00, 0x00, 0x07, 0x00, 0x00, 0x00, 0x07, 0x00, 0x00, 0x00, 0x09, 0x00, 0x00, 0x00, 0x00, 0x00, 0x00, 0x00, 0x00, 0x00, 0x00, 0x22, 0x1A,
  0x00, 0x00, 0x00, 0x09, 0x00, 0x00, 0x00, 0x07, 0x00, 0x00, 0x00, 0x07, 0x00, 0x00, 0x00, 0x09, 0x00, 0x00, 0x00, 0x00, 0x00, 0x00, 0x00, 0x00, 0x00, 0x00, 0x22, 0x1E, 0x00, 0x00, 0x00, 0x05, 0x00, 0x00, 0x00, 0x07, 0x00, 0x00, 0x00, 0x07,
  0x00, 0x00, 0x00, 0x06, 0x00, 0x00, 0x00, 0x00, 0x00, 0x00, 0x00, 0x00, 0x00, 0x00, 0x22, 0x2B, 0x00, 0x00, 0x00, 0x0D, 0x00, 0x00, 0x00, 0x05, 0x00, 0x00, 0x00, 0x07, 0x00, 0x00, 0x00, 0x0A, 0x00, 0x00, 0x00, 0x01, 0x00, 0x00, 0x00, 0x00,
  0x00, 0x00, 0x22, 0x48, 0x00, 0x00, 0x00, 0x05, 0x00, 0x00, 0x00, 0x07, 0x00, 0x00, 0x00, 0x07, 0x00, 0x00, 0x00, 0x06, 0x00, 0x00, 0x00, 0x00, 0x00, 0x00, 0x00, 0x00, 0x00, 0x00, 0x22, 0x60, 0x00, 0x00, 0x00, 0x06, 0x00, 0x00, 0x00, 0x07,
  0x00, 0x00, 0x00, 0x07, 0x00, 0x00, 0x00, 0x07, 0x00, 0x00, 0x00, 0x00, 0x00, 0x00, 0x00, 0x00, 0x00, 0x00, 0x22, 0x64, 0x00, 0x00, 0x00, 0x07, 0x00, 0x00, 0x00, 0x06, 0x00, 0x00, 0x00, 0x07, 0x00, 0x00, 0x00, 0x07, 0x00, 0x00, 0x00, 0x01,
  0x00, 0x00, 0x00, 0x00, 0x00, 0x00, 0x22, 0x65, 0x00, 0x00, 0x00, 0x07, 0x00, 0x00, 0x00, 0x06, 0x00, 0x00, 0x00, 0x07, 0x00, 0x00, 0x00, 0x07, 0x00, 0x00, 0x00, 0x01, 0x00, 0x00, 0x00, 0x00, 0x00, 0x00, 0x25, 0xCA, 0x00, 0x00, 0x00, 0x09,
  0x00, 0x00, 0x00, 0x07, 0x00, 0x00, 0x00, 0x07, 0x00, 0x00, 0x00, 0x09, 0x00, 0x00, 0x00, 0x00, 0x00, 0x00, 0x00, 0x00, 0x06, 0x87, 0x06, 0x0B, 0xFF, 0x0B, 0x0B, 0xFF, 0x0B, 0x0B, 0xFF, 0x0B, 0x0B, 0xFF, 0x0B, 0x0B, 0xFF, 0x0B, 0x02, 0x3B,
  0x02, 0x00, 0x1F, 0x00, 0x10, 0xF7, 0x19, 0x00, 0x02, 0x00, 0xDF, 0x00, 0xD3, 0x0B, 0xD4, 0x00, 0xD1, 0x01, 0xA3, 0x00, 0xA0, 0x00, 0x00, 0x00, 0x0D, 0x64, 0x00, 0x60, 0x10, 0x00, 0x00, 0x40, 0x96, 0x00, 0xD2, 0x03, 0x04, 0x17, 0x7E, 0x75,
  0x24, 0xCE, 0x15, 0x25, 0xB7, 0xEB, 0xC1, 0xCF, 0xDC, 0xA3, 0x00, 0x00, 0xD1, 0x06, 0x73, 0x61, 0x00, 0x21, 0x39, 0xDA, 0x33, 0xB3, 0x5F, 0x17, 0x61, 0xB4, 0xD1, 0x97, 0xEF, 0x97, 0x44, 0x00, 0x69, 0x69, 0x0B, 0xCB, 0x00, 0x00, 0x00, 0x9B,
  0x38, 0x3B, 0x9C, 0x00, 0x00, 0x00, 0x00, 0x00, 0x93, 0x3A, 0x00, 0x00, 0x00, 0x00, 0x50, 0xD6, 0xA1, 0x1E, 0x00, 0x00, 0x61, 0xDA, 0x5C, 0x8F, 0xDF, 0x07, 0x00, 0xAC, 0x67, 0x00, 0x00, 0xDA, 0x3B, 0x00, 0x87, 0xB5, 0x0A, 0x00, 0x12, 0x07,
  0x00, 0x0D, 0xB0, 0xEB, 0x8B, 0x16, 0x00, 0x00, 0x00, 0x00, 0x28, 0x9C, 0xE5, 0x12, 0x01, 0x82, 0x09, 0x00, 0x00, 0xC6, 0x57, 0x00, 0xD8, 0x5C, 0x00, 0x11, 0xE1, 0x40, 0x00, 0x3B, 0xE0, 0xDD, 0xEE, 0x92, 0x00, 0x00, 0x00, 0x00, 0xBC, 0x2C,
  0x00, 0x00, 0x00, 0x00, 0x00, 0x28, 0x08, 0x00, 0x00, 0x1A, 0x93, 0x73, 0x01, 0x00, 0x00, 0x00, 0xA1, 0x45, 0x96, 0x4A, 0x14, 0x3A, 0x00, 0xB6, 0x16, 0x6E, 0x61, 0x92, 0x48, 0x00, 0x5B, 0xBF, 0xC7, 0x3E, 0xB7, 0x00, 0x00, 0x00, 0x09, 0x02,
  0xA7, 0x32, 0x00, 0x00, 0x00, 0x00, 0x35, 0xA2, 0x56, 0x95, 0x2D, 0x00, 0x00, 0xB8, 0x3D, 0xBE, 0x2B, 0xC5, 0x00, 0x1D, 0x7A, 0x32, 0x9C, 0x00, 0xCF, 0x00, 0x00, 0x00, 0x07, 0xC0, 0xAC, 0x88, 0x00, 0x00, 0x00, 0x00, 0x02, 0x13, 0x00, 0x00,
  0x03, 0x6A, 0x9B, 0x4D, 0x00, 0x00, 0x00, 0x68, 0xCE, 0x4C, 0xE4, 0x23, 0x00, 0x00, 0x97, 0x80, 0x00, 0xCA, 0x38, 0x00, 0x00, 0x52, 0xD5, 0x9B, 0xA8, 0x01, 0x00, 0x00, 0x1D, 0xF1, 0xC7, 0x01, 0x00, 0x00, 0x0B, 0xDD, 0x72, 0xDC, 0x52, 0x41,
  0xA5, 0x51, 0xCB, 0x00, 0x34, 0xEA, 0xA6, 0x7B, 0x3B, 0xE3, 0x0A, 0x00, 0x8F, 0xFE, 0x19, 0x00, 0x8B, 0xE4, 0xD1, 0xC9, 0xB9, 0x9B, 0x00, 0x00, 0x07, 0x14, 0x00, 0x00, 0x00, 0x18, 0xD2, 0x19, 0xC6, 0x16, 0x97, 0x00, 0x00, 0x48, 0x09, 0x00,
  0x44, 0xBA, 0x08, 0x07, 0xDB, 0x1D, 0x00, 0x5E, 0xA8, 0x00, 0x00, 0xA9, 0x63, 0x00, 0x00, 0xD3, 0x3D, 0x00, 0x00, 0xE3, 0x2F, 0x00, 0x00, 0xD5, 0x38, 0x00, 0x00, 0xB1, 0x59, 0x00, 0x00, 0x69, 0x9A, 0x00, 0x00, 0x0E, 0xDF, 0x0F, 0x00, 0x00,
  0x5B, 0x9E, 0x00, 0x00, 0x00, 0x66, 0x0F, 0x04, 0x4E, 0x00, 0x00, 0x03, 0xAC, 0x54, 0x00, 0x00, 0x15, 0xDF, 0x0E, 0x00, 0x00, 0x9A, 0x6D, 0x00, 0x00, 0x54, 0xB7, 0x00, 0x00, 0x30, 0xE0, 0x00, 0x00, 0x20, 0xF2, 0x00, 0x00, 0x29, 0xE4, 0x00,
  0x00, 0x4A, 0xC0, 0x00, 0x00, 0x88, 0x78, 0x00, 0x06, 0xDA, 0x15, 0x00, 0x8E, 0x6C, 0x00, 0x07, 0x6F, 0x00, 0x00, 0x00, 0x00, 0x00, 0x64, 0x25, 0x00, 0x00, 0x00, 0x00, 0x00, 0xB1, 0x39, 0x00, 0x00, 0x00, 0xBB, 0x6E, 0xB0, 0x57, 0x98, 0x55,
  0x01, 0x39, 0x7D, 0xFC, 0xC5, 0x66, 0x1D, 0x00, 0x00, 0x8B, 0x90, 0xD5, 0x15, 0x00, 0x00, 0x23, 0xD3, 0x06, 0x76, 0x93, 0x00, 0x00, 0x00, 0x07, 0x00, 0x05, 0x07, 0x00, 0x00, 0x00, 0x00, 0x0E, 0x02, 0x00, 0x00, 0x00, 0x00, 0x00, 0xEB, 0x27,
  0x00, 0x00, 0x00, 0x00, 0x00, 0xEB, 0x27, 0x00, 0x00, 0x2B, 0x93, 0x93, 0xF7, 0xA4, 0x93, 0x50, 0x25, 0x7F, 0x7F, 0xF5, 0x93, 0x7F, 0x45, 0x00, 0x00, 0x00, 0xEB, 0x27, 0x00, 0x00, 0x00, 0x00, 0x00, 0xEB, 0x27, 0x00, 0x00, 0x00, 0x00, 0x00,
  0x21, 0x05, 0x00, 0x00, 0x1D, 0x37, 0x68, 0xC2, 0x83, 0x9F, 0xA4, 0x22, 0x1F, 0x2B, 0x2B, 0x2B, 0x21, 0x84, 0xB7, 0xB7, 0xB7, 0x8C, 0x00, 0x69, 0x29, 0x06, 0xF2, 0x7D, 0x00, 0x08, 0x00, 0x00, 0x00, 0x00, 0x08, 0x79, 0x00, 0x00, 0x00, 0x59,
  0x99, 0x00, 0x00, 0x00, 0xBC, 0x37, 0x00, 0x00, 0x20, 0xD4, 0x00, 0x00, 0x00, 0x81, 0x73, 0x00, 0x00, 0x02, 0xDC, 0x17, 0x00, 0x00, 0x45, 0xAF, 0x00, 0x00, 0x00, 0xA8, 0x4D, 0x00, 0x00, 0x12, 0xE0, 0x04, 0x00, 0x00, 0x46, 0x6F, 0x00, 0x00,
  0x00, 0x00, 0x01, 0x61, 0x9A, 0x76, 0x0B, 0x00, 0x00, 0x89, 0xB1, 0x48, 0x8B, 0xC3, 0x00, 0x03, 0xF6, 0x17, 0x00, 0x00, 0xD9, 0x32, 0x1F, 0xF3, 0x00, 0x00, 0x71, 0xFA, 0x56, 0x27, 0xEF, 0x0E, 0xAD, 0x9A, 0xBF, 0x5F, 0x26, 0xF8, 0xD1, 0x5F,
  0x00, 0xB8, 0x5E, 0x0F, 0xFF, 0x30, 0x00, 0x00, 0xC7, 0x46, 0x00, 0xCC, 0x52, 0x00, 0x21, 0xEA, 0x12, 0x00, 0x2E, 0xD6, 0xCE, 0xE3, 0x55, 0x00, 0x00, 0x00, 0x00, 0x13, 0x01, 0x00, 0x00, 0x00, 0x00, 0x2A, 0x3E, 0x59, 0xC8, 0xF7, 0x87, 0x6E,
  0x36, 0x8C, 0x87, 0x00, 0x00, 0x8B, 0x87, 0x00, 0x00, 0x8B, 0x87, 0x00, 0x00, 0x8B, 0x87, 0x00, 0x00, 0x8B, 0x87, 0x00, 0x00, 0x8B, 0x87, 0x00, 0x00, 0x8B, 0x87, 0x00, 0x1B, 0x82, 0x9A, 0x59, 0x01, 0x00, 0x15, 0xE4, 0x6D, 0x4C, 0xCE, 0x78,
  0x00, 0x67, 0xA9, 0x00, 0x00, 0x4C, 0xCC, 0x00, 0x00, 0x00, 0x00, 0x00, 0x69, 0xAF, 0x00, 0x00, 0x00, 0x00, 0x1F, 0xE4, 0x31, 0x00, 0x00, 0x00, 0x11, 0xD3, 0x5E, 0x00, 0x00, 0x00, 0x08, 0xC3, 0x75, 0x00, 0x00, 0x00, 0x03, 0xAF, 0x87, 0x00,
  0x00, 0x00, 0x00, 0x52, 0xFF, 0xE4, 0xE3, 0xE3, 0xE3, 0x38, 0x00, 0x1C, 0x84, 0x9B, 0x5D, 0x01, 0x11, 0xE5, 0x75, 0x48, 0xC6, 0x76, 0x36, 0x8D, 0x00, 0x00, 0x4D, 0xC5, 0x00, 0x00, 0x00, 0x00, 0x86, 0x9F, 0x00, 0x00, 0x8F, 0xDB, 0xDD, 0x13,
  0x00, 0x00, 0x11, 0x28, 0xAA, 0x9E, 0x1B, 0x2A, 0x00, 0x00, 0x2E, 0xEB, 0x45, 0xDA, 0x0A, 0x00, 0x63, 0xC2, 0x00, 0x8A, 0xE6, 0xCF, 0xD2, 0x2B, 0x00, 0x00, 0x06, 0x13, 0x00, 0x00, 0x00, 0x00, 0x00, 0x01, 0x7A, 0x39, 0x00, 0x00, 0x00, 0x00,
  0x67, 0xFF, 0x6B, 0x00, 0x00, 0x00, 0x1C, 0xDA, 0xBD, 0x6B, 0x00, 0x00, 0x00, 0xB3, 0x56, 0xAB, 0x6B, 0x00, 0x00, 0x58, 0xB2, 0x00, 0xAB, 0x6B, 0x00, 0x14, 0xDC, 0x1C, 0x00, 0xAB, 0x6B, 0x00, 0x84, 0xF4, 0xDB, 0xDB, 0xF4, 0xEB, 0x86, 0x02,
  0x03, 0x03, 0x03, 0xAD, 0x6E, 0x02, 0x00, 0x00, 0x00, 0x00, 0xAB, 0x6B, 0x00, 0x1B, 0x87, 0x87, 0x87, 0x87, 0x1D, 0x46, 0xDD, 0x83, 0x83, 0x83, 0x1C, 0x5F, 0xA5, 0x00, 0x00, 0x00, 0x00, 0x79, 0xB1, 0x82, 0x75, 0x15, 0x00, 0x72, 0xBF, 0x70,
  0xAA, 0xE1, 0x0B, 0x00, 0x00, 0x00, 0x00, 0xCC, 0x57, 0x37, 0x0A, 0x00, 0x00, 0xAA, 0x6C, 0xAE, 0x6F, 0x00, 0x11, 0xE6, 0x38, 0x1F, 0xCE, 0xD2, 0xE6, 0x83, 0x00, 0x00, 0x00, 0x13, 0x05, 0x00, 0x00, 0x00, 0x00, 0x02, 0x4B, 0x77, 0x02, 0x00,
  0x00, 0x13, 0xCA, 0xC3, 0x82, 0x01, 0x00, 0x00, 0x9F, 0x97, 0x00, 0x00, 0x00, 0x00, 0x00, 0xF1, 0x4D, 0x8C, 0x6C, 0x08, 0x00, 0x12, 0xFD, 0xB8, 0x5D, 0xB2, 0xB7, 0x00, 0x29, 0xF5, 0x09, 0x00, 0x0A, 0xF4, 0x1D, 0x13, 0xFB, 0x04, 0x00, 0x00,
  0xE3, 0x2B, 0x00, 0xC5, 0x6A, 0x00, 0x36, 0xE8, 0x06, 0x00, 0x27, 0xD6, 0xD7, 0xE1, 0x46, 0x00, 0x00, 0x00, 0x01, 0x17, 0x00, 0x00, 0x00, 0x2E, 0x87, 0x87, 0x87, 0x87, 0x87, 0x39, 0x25, 0x6B, 0x6B, 0x6B, 0x6B, 0xEA, 0x3B, 0x00, 0x00, 0x00,
  0x00, 0x38, 0xC9, 0x00, 0x00, 0x00, 0x00, 0x00, 0xB0, 0x56, 0x00, 0x00, 0x00, 0x00, 0x28, 0xDF, 0x04, 0x00, 0x00, 0x00, 0x00, 0x9E, 0x72, 0x00, 0x00, 0x00, 0x00, 0x1B, 0xEC, 0x0E, 0x00, 0x00, 0x00, 0x00, 0x8D, 0x8E, 0x00, 0x00, 0x00, 0x00,
  0x11, 0xEF, 0x20, 0x00, 0x00, 0x00, 0x00, 0x55, 0x9A, 0x82, 0x19, 0x00, 0x68, 0xD4, 0x4C, 0x83, 0xDE, 0x09, 0xB7, 0x60, 0x00, 0x00, 0xDF, 0x35, 0x90, 0x97, 0x00, 0x21, 0xEC, 0x16, 0x0E, 0xDD, 0xE4, 0xF7, 0x68, 0x00, 0x90, 0xA4, 0x1F, 0x48,
  0xE3, 0x1F, 0xED, 0x2B, 0x00, 0x00, 0xAD, 0x6B, 0xCA, 0x62, 0x00, 0x0B, 0xDB, 0x47, 0x2F, 0xD6, 0xD1, 0xE6, 0x8A, 0x00, 0x00, 0x00, 0x14, 0x06, 0x00, 0x00, 0x00, 0x02, 0x66, 0x99, 0x67, 0x02, 0x00, 0x00, 0x96, 0xB6, 0x50, 0xBA, 0x93, 0x00,
  0x06, 0xFA, 0x15, 0x00, 0x14, 0xF5, 0x0D, 0x16, 0xF9, 0x01, 0x00, 0x00, 0xDF, 0x30, 0x00, 0xE1, 0x4F, 0x00, 0x31, 0xFA, 0x32, 0x00, 0x47, 0xE8, 0xCD, 0xC8, 0xF1, 0x16, 0x00, 0x00, 0x02, 0x1A, 0x1C, 0xE4, 0x01, 0x00, 0x00, 0x00, 0x2F, 0xC9,
  0x6E, 0x00, 0x00, 0x00, 0xE3, 0xD6, 0x6C, 0x00, 0x00, 0x00, 0x69, 0x29, 0x06, 0xF2, 0x7D, 0x00, 0x08, 0x00, 0x00, 0x00, 0x00, 0x00, 0x00, 0x00, 0x00, 0x69, 0x29, 0x06, 0xF2, 0x7D, 0x00, 0x08, 0x00, 0x00, 0x69, 0x29, 0x06, 0xF2, 0x7D, 0x00,
  0x08, 0x00, 0x00, 0x00, 0x00, 0x00, 0x00, 0x00, 0x00, 0x1D, 0x37, 0x00, 0x68, 0xC2, 0x00, 0x83, 0x9F, 0x00, 0xA4, 0x22, 0x00, 0x00, 0x00, 0x00, 0x36, 0x00, 0x03, 0x54, 0xC7, 0xDB, 0x70, 0xDA, 0xAB, 0x47, 0x02, 0xD7, 0xB6, 0x40, 0x01, 0x00,
  0x01, 0x4B, 0xBD, 0xDB, 0x77, 0x00, 0x00, 0x00, 0x30, 0x9B, 0x81, 0x83, 0x83, 0x83, 0x83, 0x20, 0x6A, 0x6B, 0x6B, 0x6B, 0x6B, 0x1A, 0x13, 0x13, 0x13, 0x13, 0x13, 0x04, 0xD8, 0xDB, 0xDB, 0xDB, 0xDB, 0x36, 0x3C, 0x00, 0x00, 0x00, 0x00, 0x00,
  0xCF, 0xD3, 0x65, 0x0A, 0x00, 0x00, 0x00, 0x36, 0x95, 0xDC, 0x8A, 0x0F, 0x00, 0x00, 0x33, 0x9A, 0xE5, 0x25, 0x6F, 0xD3, 0xCA, 0x5C, 0x06, 0x00, 0x9C, 0x38, 0x00, 0x00, 0x00, 0x00, 0x05, 0x66, 0x9C, 0x82, 0x19, 0x00, 0x8F, 0xBD, 0x55, 0x92,
  0xD9, 0x01, 0x5F, 0x1D, 0x00, 0x00, 0xF7, 0x1B, 0x00, 0x00, 0x00, 0x3E, 0xE5, 0x03, 0x00, 0x00, 0x28, 0xE4, 0x49, 0x00, 0x00, 0x00, 0xD4, 0x61, 0x00, 0x00, 0x00, 0x00, 0x96, 0x0E, 0x00, 0x00, 0x00, 0x00, 0x1F, 0x00, 0x00, 0x00, 0x00, 0x0B,
  0xF6, 0x1E, 0x00, 0x00, 0x00, 0x00, 0x02, 0x00, 0x00, 0x00, 0x00, 0x00, 0x2B, 0x7F, 0x73, 0x13, 0x00, 0x00, 0x4D, 0xAC, 0x3E, 0x56, 0xBD, 0x14, 0x09, 0xB3, 0x11, 0x9B, 0xA0, 0x3E, 0x7E, 0x55, 0x5E, 0x91, 0x41, 0x9E, 0x0A, 0xA1, 0x83, 0x31,
  0xB5, 0x00, 0xA8, 0x00, 0xA2, 0x8C, 0x29, 0xBD, 0x00, 0xB1, 0x08, 0x98, 0x6F, 0x50, 0xB6, 0xBC, 0xC4, 0xAB, 0x34, 0x17, 0xC1, 0x13, 0x0C, 0x06, 0x0A, 0x00, 0x00, 0x40, 0xCB, 0xBD, 0xC0, 0x0A, 0x00, 0x00, 0x00, 0x00, 0x07, 0x00, 0x00, 0x00,
  0x00, 0x00, 0x00, 0x74, 0x1E, 0x00, 0x00, 0x00, 0x00, 0x1B, 0xFE, 0x77, 0x00, 0x00, 0x00, 0x00, 0x6D, 0xC5, 0xC8, 0x00, 0x00, 0x00, 0x00, 0xC0, 0x44, 0xE4, 0x1A, 0x00, 0x00, 0x16, 0xEB, 0x04, 0x98, 0x6A, 0x00, 0x00, 0x66, 0xB7, 0x27, 0x6C,
  0xBB, 0x00, 0x00, 0xB9, 0xD7, 0xCB, 0xCB, 0xF4, 0x11, 0x11, 0xF4, 0x0E, 0x00, 0x00, 0xB1, 0x5D, 0x5E, 0xB7, 0x00, 0x00, 0x00, 0x63, 0xAE, 0x85, 0x87, 0x84, 0x5F, 0x0A, 0x00, 0xFB, 0x72, 0x67, 0xA4, 0xD4, 0x0A, 0xFB, 0x17, 0x00, 0x00, 0xD7,
  0x42, 0xFB, 0x17, 0x00, 0x2B, 0xED, 0x21, 0xFB, 0xE6, 0xE6, 0xFE, 0x76, 0x00, 0xFB, 0x1B, 0x04, 0x2F, 0xDF, 0x40, 0xFB, 0x17, 0x00, 0x00, 0x95, 0x83, 0xFB, 0x17, 0x00, 0x1F, 0xDD, 0x4C, 0xFB, 0xED, 0xEB, 0xE0, 0x70, 0x00, 0x00, 0x02, 0x60,
  0x9C, 0x7E, 0x15, 0x00, 0x00, 0x94, 0xB7, 0x49, 0x7F, 0xE0, 0x0E, 0x18, 0xF1, 0x0E, 0x00, 0x00, 0xB4, 0x63, 0x4F, 0xC3, 0x00, 0x00, 0x00, 0x0A, 0x0A, 0x5F, 0xB8, 0x00, 0x00, 0x00, 0x00, 0x00, 0x5A, 0xBA, 0x00, 0x00, 0x00, 0x00, 0x00, 0x37,
  0xDB, 0x00, 0x00, 0x00, 0x57, 0x42, 0x03, 0xDB, 0x4F, 0x00, 0x13, 0xE1, 0x34, 0x00, 0x2E, 0xD3, 0xD0, 0xE2, 0x6B, 0x00, 0x00, 0x00, 0x00, 0x14, 0x02, 0x00, 0x00, 0x0C, 0x87, 0x87, 0x74, 0x2E, 0x00, 0x00, 0x17, 0xFF, 0x5E, 0x74, 0xD8, 0x81,
  0x00, 0x17, 0xFF, 0x03, 0x00, 0x10, 0xE5, 0x39, 0x17, 0xFF, 0x03, 0x00, 0x00, 0x8C, 0x89, 0x17, 0xFF, 0x03, 0x00, 0x00, 0x6E, 0xA5, 0x17, 0xFF, 0x03, 0x00, 0x00, 0x78, 0x9C, 0x17, 0xFF, 0x03, 0x00, 0x00, 0xB7, 0x6A, 0x17, 0xFF, 0x03, 0x03,
  0x6D, 0xDE, 0x0D, 0x17, 0xFF, 0xE4, 0xE3, 0xA8, 0x1D, 0x00, 0x7F, 0x87, 0x87, 0x87, 0x87, 0x21, 0xEF, 0x7C, 0x63, 0x63, 0x63, 0x18, 0xEF, 0x27, 0x00, 0x00, 0x00, 0x00, 0xEF, 0x27, 0x00, 0x00, 0x00, 0x00, 0xEF, 0xE1, 0xDB, 0xDB, 0x9E, 0x00,
  0xEF, 0x35, 0x0F, 0x0F, 0x0B, 0x00, 0xEF, 0x27, 0x00, 0x00, 0x00, 0x00, 0xEF, 0x27, 0x00, 0x00, 0x00, 0x00, 0xEF, 0xEF, 0xEB, 0xEB, 0xEB, 0x49, 0x76, 0x87, 0x87, 0x87, 0x87, 0x30, 0xDF, 0x86, 0x63, 0x63, 0x63, 0x23, 0xDF, 0x37, 0x00, 0x00,
  0x00, 0x00, 0xDF, 0x37, 0x00, 0x00, 0x00, 0x00, 0xDF, 0xC1, 0xAF, 0xAF, 0x86, 0x00, 0xDF, 0x66, 0x3B, 0x3B, 0x2D, 0x00, 0xDF, 0x37, 0x00, 0x00, 0x00, 0x00, 0xDF, 0x37, 0x00, 0x00, 0x00, 0x00, 0xDF, 0x37, 0x00, 0x00, 0x00, 0x00, 0x00, 0x02,
  0x5C, 0x9B, 0x80, 0x16, 0x00, 0x00, 0x8E, 0xC2, 0x56, 0x86, 0xE1, 0x10, 0x1B, 0xF2, 0x11, 0x00, 0x00, 0xAE, 0x62, 0x56, 0xBE, 0x00, 0x00, 0x00, 0x00, 0x00, 0x67, 0xAC, 0x00, 0x0F, 0x3F, 0x3F, 0x20, 0x60, 0xB3, 0x00, 0x2A, 0xAB, 0xD7, 0x85,
  0x37, 0xE3, 0x01, 0x00, 0x00, 0x83, 0x87, 0x01, 0xCF, 0x6F, 0x00, 0x00, 0x9D, 0x88, 0x00, 0x21, 0xC9, 0xDC, 0xDF, 0xAF, 0x16, 0x00, 0x00, 0x00, 0x11, 0x09, 0x00, 0x00, 0x17, 0x72, 0x00, 0x00, 0x00, 0x59, 0x32, 0x2B, 0xD7, 0x00, 0x00, 0x00,
  0xA7, 0x5F, 0x2B, 0xD7, 0x00, 0x00, 0x00, 0xA7, 0x5F, 0x2B, 0xD7, 0x00, 0x00, 0x00, 0xA7, 0x5F, 0x2B, 0xFA, 0xDB, 0xDB, 0xDB, 0xF3, 0x5F, 0x2B, 0xDA, 0x0F, 0x0F, 0x0F, 0xAD, 0x5F, 0x2B, 0xD7, 0x00, 0x00, 0x00, 0xA7, 0x5F, 0x2B, 0xD7, 0x00,
  0x00, 0x00, 0xA7, 0x5F, 0x2B, 0xD7, 0x00, 0x00, 0x00, 0xA7, 0x5F, 0x85, 0x87, 0x87, 0x87, 0x87, 0x17, 0x66, 0x67, 0xFD, 0x7A, 0x67, 0x11, 0x00, 0x00, 0xFB, 0x1F, 0x00, 0x00, 0x00, 0x00, 0xFB, 0x1F, 0x00, 0x00, 0x00, 0x00, 0xFB, 0x1F, 0x00,
  0x00, 0x00, 0x00, 0xFB, 0x1F, 0x00, 0x00, 0x00, 0x00, 0xFB, 0x1F, 0x00, 0x00, 0x00, 0x00, 0xFB, 0x1F, 0x00, 0x00, 0xEC, 0xEF, 0xFF, 0xF1, 0xEF, 0x29, 0x00, 0x00, 0x00, 0x00, 0x00, 0x85, 0x10, 0x00, 0x00, 0x00, 0x00, 0x00, 0xFB, 0x1F, 0x00,
  0x00, 0x00, 0x00, 0x00, 0xFB, 0x1F, 0x00, 0x00, 0x00, 0x00, 0x00, 0xFB, 0x1F, 0x00, 0x00, 0x00, 0x00, 0x00, 0xFB, 0x1F, 0x00, 0x00, 0x00, 0x00, 0x00, 0xFB, 0x1F, 0x2B, 0x56, 0x00, 0x00, 0x06, 0xFE, 0x16, 0x28, 0xEB, 0x1E, 0x00, 0x61, 0xD8,
  0x00, 0x00, 0x66, 0xE8, 0xD9, 0xD6, 0x30, 0x00, 0x00, 0x00, 0x03, 0x13, 0x00, 0x00, 0x00, 0x85, 0x0E, 0x00, 0x00, 0x69, 0x4B, 0xFB, 0x1B, 0x00, 0x62, 0xDE, 0x12, 0xFB, 0x1B, 0x35, 0xED, 0x2E, 0x00, 0xFB, 0x32, 0xE2, 0x58, 0x00, 0x00, 0xFB,
  0xD6, 0xEF, 0x12, 0x00, 0x00, 0xFB, 0xA4, 0xA3, 0xA3, 0x00, 0x00, 0xFB, 0x1D, 0x12, 0xE9, 0x4E, 0x00, 0xFB, 0x1B, 0x00, 0x55, 0xE6, 0x11, 0xFB, 0x1B, 0x00, 0x00, 0xAF, 0xA2, 0x72, 0x21, 0x00, 0x00, 0x00, 0x00, 0xD7, 0x3F, 0x00, 0x00, 0x00,
  0x00, 0xD7, 0x3F, 0x00, 0x00, 0x00, 0x00, 0xD7, 0x3F, 0x00, 0x00, 0x00, 0x00, 0xD7, 0x3F, 0x00, 0x00, 0x00, 0x00, 0xD7, 0x3F, 0x00, 0x00, 0x00, 0x00, 0xD7, 0x3F, 0x00, 0x00, 0x00, 0x00, 0xD7, 0x3F, 0x00, 0x00, 0x00, 0x00, 0xD7, 0xF0, 0xEB,
  0xEB, 0xEB, 0x63, 0x10, 0x87, 0x27, 0x00, 0x03, 0x84, 0x3D, 0x1F, 0xFF, 0x89, 0x00, 0x44, 0xFF, 0x73, 0x1F, 0xE8, 0xD8, 0x00, 0x9E, 0xD9, 0x73, 0x1F, 0xDC, 0xBC, 0x38, 0xE2, 0x96, 0x73, 0x1F, 0xE3, 0x69, 0xD0, 0xA1, 0x95, 0x73, 0x1F, 0xEA,
  0x18, 0xFD, 0x49, 0x9B, 0x73, 0x1F, 0xEB, 0x00, 0x80, 0x05, 0x9B, 0x73, 0x1F, 0xEB, 0x00, 0x00, 0x00, 0x9B, 0x73, 0x1F, 0xEB, 0x00, 0x00, 0x00, 0x9B, 0x73, 0x15, 0x87, 0x0B, 0x00, 0x00, 0x64, 0x30, 0x27, 0xFF, 0x78, 0x00, 0x00, 0xBC, 0x5B,
  0x27, 0xFB, 0xE9, 0x0F, 0x00, 0xBD, 0x5B, 0x27, 0xF2, 0x98, 0x83, 0x00, 0xBE, 0x5B, 0x27, 0xF2, 0x1B, 0xEB, 0x15, 0xBE, 0x5B, 0x27, 0xF1, 0x00, 0x8E, 0x8E, 0xBF, 0x5B, 0x27, 0xF0, 0x00, 0x15, 0xEB, 0xDA, 0x5B, 0x27, 0xF0, 0x00, 0x00, 0x84,
  0xFF, 0x5B, 0x27, 0xEF, 0x00, 0x00, 0x10, 0xEE, 0x5B, 0x00, 0x02, 0x60, 0x9B, 0x73, 0x0A, 0x00, 0x00, 0x8D, 0xC4, 0x5E, 0xA6, 0xBC, 0x00, 0x14, 0xF1, 0x12, 0x00, 0x02, 0xD5, 0x42, 0x4D, 0xC0, 0x00, 0x00, 0x00, 0x92, 0x7D, 0x5F, 0xB0, 0x00,
  0x00, 0x00, 0x80, 0x8F, 0x59, 0xB4, 0x00, 0x00, 0x00, 0x85, 0x89, 0x34, 0xDF, 0x00, 0x00, 0x00, 0xAD, 0x65, 0x01, 0xD5, 0x60, 0x00, 0x31, 0xED, 0x16, 0x00, 0x2B, 0xD8, 0xE4, 0xE8, 0x4D, 0x00, 0x00, 0x00, 0x00, 0x15, 0x02, 0x00, 0x00, 0x76,
  0x87, 0x87, 0x6C, 0x19, 0x00, 0xDF, 0x7D, 0x5C, 0x81, 0xE9, 0x2F, 0xDF, 0x33, 0x00, 0x00, 0x82, 0x98, 0xDF, 0x33, 0x00, 0x00, 0x7C, 0x9B, 0xDF, 0x73, 0x50, 0x73, 0xEA, 0x36, 0xDF, 0xA9, 0x93, 0x7B, 0x23, 0x00, 0xDF, 0x33, 0x00, 0x00, 0x00,
  0x00, 0xDF, 0x33, 0x00, 0x00, 0x00, 0x00, 0xDF, 0x33, 0x00, 0x00, 0x00, 0x00, 0x00, 0x03, 0x62, 0x9C, 0x75, 0x0C, 0x00, 0x00, 0x94, 0xC0, 0x5D, 0x9F, 0xC3, 0x02, 0x1D, 0xEE, 0x0D, 0x00, 0x00, 0xC7, 0x4D, 0x5D, 0xB3, 0x00, 0x00, 0x00, 0x81,
  0x8E, 0x72, 0xA0, 0x00, 0x00, 0x00, 0x70, 0xA2, 0x6B, 0xA5, 0x00, 0x00, 0x00, 0x75, 0x9B, 0x41, 0xD2, 0x00, 0x00, 0x00, 0x9C, 0x74, 0x03, 0xDB, 0x52, 0x00, 0x29, 0xEA, 0x1B, 0x00, 0x2F, 0xD8, 0xE3, 0xFA, 0x99, 0x00, 0x00, 0x00, 0x00, 0x16,
  0x30, 0xDE, 0x77, 0x00, 0x00, 0x00, 0x00, 0x00, 0x15, 0x22, 0x7F, 0x87, 0x84, 0x5E, 0x09, 0x00, 0xEF, 0x73, 0x5F, 0x9C, 0xD8, 0x0D, 0xEF, 0x23, 0x00, 0x00, 0xC0, 0x56, 0xEF, 0x23, 0x00, 0x00, 0xBF, 0x5E, 0xEF, 0x76, 0x63, 0xA2, 0xD4, 0x0B,
  0xEF, 0x95, 0x8A, 0xF7, 0x15, 0x00, 0xEF, 0x23, 0x00, 0xAF, 0x76, 0x00, 0xEF, 0x23, 0x00, 0x34, 0xEA, 0x0B, 0xEF, 0x23, 0x00, 0x00, 0xB9, 0x75, 0x00, 0x04, 0x5F, 0x9B, 0x82, 0x1B, 0x00, 0x00, 0x9D, 0xBD, 0x54, 0x80, 0xEA, 0x1D, 0x03, 0xF9,
  0x24, 0x00, 0x00, 0x9B, 0x70, 0x00, 0xCF, 0x88, 0x05, 0x00, 0x00, 0x00, 0x00, 0x20, 0xBD, 0xE9, 0x8F, 0x1A, 0x00, 0x00, 0x00, 0x00, 0x2B, 0x90, 0xEC, 0x26, 0x1F, 0x68, 0x00, 0x00, 0x00, 0xA2, 0x86, 0x14, 0xF1, 0x44, 0x00, 0x06, 0xC4, 0x6F,
  0x00, 0x3E, 0xD6, 0xD8, 0xE8, 0x9E, 0x06, 0x00, 0x00, 0x00, 0x12, 0x08, 0x00, 0x00, 0x4A, 0x87, 0x87, 0x87, 0x87, 0x87, 0x6A, 0x36, 0x63, 0x63, 0xF3, 0x79, 0x63, 0x4E, 0x00, 0x00, 0x00, 0xEB, 0x23, 0x00, 0x00, 0x00, 0x00, 0x00, 0xEB, 0x23,
  0x00, 0x00, 0x00, 0x00, 0x00, 0xEB, 0x23, 0x00, 0x00, 0x00, 0x00, 0x00, 0xEB, 0x23, 0x00, 0x00, 0x00, 0x00, 0x00, 0xEB, 0x23, 0x00, 0x00, 0x00, 0x00, 0x00, 0xEB, 0x23, 0x00, 0x00, 0x00, 0x00, 0x00, 0xEB, 0x23, 0x00, 0x00, 0x17, 0x74, 0x00,
  0x00, 0x00, 0x5B, 0x32, 0x2D, 0xDC, 0x00, 0x00, 0x00, 0xAD, 0x60, 0x2D, 0xDC, 0x00, 0x00, 0x00, 0xAD, 0x60, 0x2E, 0xDD, 0x00, 0x00, 0x00, 0xAE, 0x61, 0x2F, 0xDE, 0x00, 0x00, 0x00, 0xAF, 0x62, 0x2F, 0xDE, 0x00, 0x00, 0x00, 0xAF, 0x62, 0x22,
  0xEC, 0x00, 0x00, 0x00, 0xBC, 0x55, 0x01, 0xDB, 0x54, 0x00, 0x2C, 0xED, 0x19, 0x00, 0x32, 0xD8, 0xD9, 0xE4, 0x4F, 0x00, 0x00, 0x00, 0x00, 0x13, 0x01, 0x00, 0x00, 0x43, 0x58, 0x00, 0x00, 0x00, 0x42, 0x5A, 0x41, 0xE0, 0x00, 0x00, 0x00, 0xB6,
  0x6C, 0x03, 0xEC, 0x2C, 0x00, 0x0A, 0xF6, 0x1C, 0x00, 0x9F, 0x77, 0x00, 0x4E, 0xCA, 0x00, 0x00, 0x4F, 0xC2, 0x00, 0x9A, 0x7A, 0x00, 0x00, 0x09, 0xF1, 0x13, 0xE5, 0x29, 0x00, 0x00, 0x00, 0xAD, 0x8D, 0xD9, 0x00, 0x00, 0x00, 0x00, 0x5D, 0xFB,
  0x88, 0x00, 0x00, 0x00, 0x00, 0x11, 0xFB, 0x37, 0x00, 0x00, 0x4A, 0x41, 0x00, 0x72, 0x1B, 0x10, 0x78, 0x73, 0x8F, 0x03, 0xF7, 0x55, 0x34, 0xCB, 0x54, 0xAA, 0x27, 0xF7, 0x82, 0x4F, 0xAC, 0x35, 0xC5, 0x54, 0xAE, 0xAF, 0x6A, 0x8D, 0x15, 0xE1,
  0x81, 0x5E, 0xD4, 0x86, 0x6E, 0x00, 0xF0, 0xB0, 0x2D, 0xCE, 0xAD, 0x4F, 0x00, 0xD6, 0xEA, 0x06, 0xA4, 0xEF, 0x30, 0x00, 0xB7, 0xD5, 0x00, 0x79, 0xFF, 0x11, 0x00, 0x97, 0xA9, 0x00, 0x4D, 0xF3, 0x00, 0x24, 0x82, 0x03, 0x00, 0x00, 0x57, 0x54,
  0x02, 0xCF, 0x66, 0x00, 0x1B, 0xF2, 0x30, 0x00, 0x3D, 0xE5, 0x0A, 0x9F, 0x96, 0x00, 0x00, 0x00, 0xA7, 0xA5, 0xEB, 0x13, 0x00, 0x00, 0x00, 0x20, 0xFF, 0x77, 0x00, 0x00, 0x00, 0x00, 0x6C, 0xE8, 0xC3, 0x00, 0x00, 0x00, 0x14, 0xEC, 0x33, 0xCE,
  0x5B, 0x00, 0x00, 0x9A, 0xA0, 0x00, 0x41, 0xE6, 0x0D, 0x32, 0xF4, 0x1C, 0x00, 0x00, 0xB3, 0x8B, 0x45, 0x60, 0x00, 0x00, 0x00, 0x56, 0x4D, 0x24, 0xF4, 0x17, 0x00, 0x0C, 0xEF, 0x32, 0x00, 0xA1, 0x82, 0x00, 0x71, 0xB2, 0x00, 0x00, 0x25, 0xE9,
  0x0E, 0xE1, 0x34, 0x00, 0x00, 0x00, 0xA3, 0xBE, 0xB5, 0x00, 0x00, 0x00, 0x00, 0x27, 0xFF, 0x39, 0x00, 0x00, 0x00, 0x00, 0x00, 0xFB, 0x0D, 0x00, 0x00, 0x00, 0x00, 0x00, 0xFA, 0x0B, 0x00, 0x00, 0x00, 0x00, 0x00, 0xF8, 0x08, 0x00, 0x00, 0x21,
  0x87, 0x87, 0x87, 0x87, 0x87, 0x15, 0x18, 0x63, 0x63, 0x63, 0x8E, 0xF0, 0x12, 0x00, 0x00, 0x00, 0x01, 0xC4, 0x69, 0x00, 0x00, 0x00, 0x00, 0x67, 0xC6, 0x02, 0x00, 0x00, 0x00, 0x18, 0xEA, 0x2C, 0x00, 0x00, 0x00, 0x00, 0xA9, 0x86, 0x00, 0x00,
  0x00, 0x00, 0x4A, 0xDC, 0x09, 0x00, 0x00, 0x00, 0x0A, 0xDF, 0x45, 0x00, 0x00, 0x00, 0x00, 0x50, 0xFE, 0xEB, 0xEB, 0xEB, 0xEB, 0x4D, 0x5F, 0xBF, 0x9B, 0x7F, 0x95, 0x1D, 0x7F, 0x83, 0x00, 0x7F, 0x83, 0x00, 0x7F, 0x83, 0x00, 0x7F, 0x83, 0x00,
  0x7F, 0x83, 0x00, 0x7F, 0x83, 0x00, 0x7F, 0x83, 0x00, 0x7F, 0x83, 0x00, 0x7F, 0x8B, 0x0C, 0x69, 0xD3, 0xAC, 0x49, 0x3A, 0x00, 0x00, 0x00, 0x3E, 0xB8, 0x00, 0x00, 0x00, 0x00, 0xD8, 0x1E, 0x00, 0x00, 0x00, 0x79, 0x7D, 0x00, 0x00, 0x00, 0x1A,
  0xDB, 0x01, 0x00, 0x00, 0x00, 0xB4, 0x42, 0x00, 0x00, 0x00, 0x52, 0xA4, 0x00, 0x00, 0x00, 0x05, 0xE1, 0x10, 0x00, 0x00, 0x00, 0x8D, 0x69, 0x00, 0x00, 0x00, 0x29, 0x8C, 0x77, 0xBF, 0x86, 0x16, 0x6C, 0xB3, 0x00, 0x53, 0xB3, 0x00, 0x53, 0xB3,
  0x00, 0x53, 0xB3, 0x00, 0x53, 0xB3, 0x00, 0x53, 0xB3, 0x00, 0x53, 0xB3, 0x00, 0x53, 0xB3, 0x00, 0x53, 0xB3, 0x09, 0x5E, 0xB3, 0x84, 0xD3, 0x95, 0x00, 0x00, 0x76, 0x0A, 0x00, 0x00, 0x30, 0xFD, 0x63, 0x00, 0x00, 0x9A, 0x8D, 0xCD, 0x00, 0x0E,
  0xE3, 0x09, 0xC7, 0x36, 0x6C, 0x91, 0x00, 0x5F, 0x9F, 0x05, 0x02, 0x00, 0x01, 0x06, 0x15, 0xE3, 0xE3, 0xE3, 0xE3, 0xE3, 0x40, 0x2B, 0x9D, 0x06, 0x00, 0x74, 0x69, 0x00, 0x00, 0x3A, 0x69, 0x4A, 0x03, 0x00, 0x00, 0x8C, 0xC3, 0x75, 0xBC, 0xAF,
  0x00, 0x00, 0x61, 0x14, 0x00, 0x0A, 0xFC, 0x0C, 0x00, 0x28, 0xA4, 0xC6, 0xC3, 0xFF, 0x17, 0x00, 0xE0, 0x51, 0x00, 0x00, 0xFB, 0x17, 0x07, 0xFD, 0x24, 0x00, 0x47, 0xFF, 0x19, 0x00, 0x7A, 0xF1, 0xDE, 0xB1, 0xF0, 0x36, 0x00, 0x00, 0x09, 0x12,
  0x00, 0x00, 0x00, 0xF7, 0x1B, 0x00, 0x00, 0x00, 0x00, 0xF7, 0x1B, 0x00, 0x00, 0x00, 0x00, 0xF7, 0x32, 0x66, 0x56, 0x06, 0x00, 0xF7, 0xCD, 0x82, 0xC3, 0xB9, 0x00, 0xF7, 0x2B, 0x00, 0x08, 0xE9, 0x36, 0xF7, 0x1B, 0x00, 0x00, 0xB7, 0x5D, 0xF7,
  0x1B, 0x00, 0x00, 0xC2, 0x56, 0xF7, 0x56, 0x00, 0x2A, 0xF5, 0x1C, 0xF7, 0xAE, 0xD5, 0xEF, 0x69, 0x00, 0x00, 0x00, 0x12, 0x0A, 0x00, 0x00, 0x00, 0x00, 0x2D, 0x6B, 0x4C, 0x03, 0x00, 0x00, 0x5E, 0xDE, 0x81, 0xAE, 0xC0, 0x03, 0x02, 0xEB, 0x30,
  0x00, 0x00, 0xB6, 0x2B, 0x1E, 0xF3, 0x00, 0x00, 0x00, 0x00, 0x00, 0x14, 0xF9, 0x03, 0x00, 0x00, 0x00, 0x00, 0x00, 0xCA, 0x66, 0x00, 0x11, 0xE3, 0x27, 0x00, 0x26, 0xD1, 0xD5, 0xE2, 0x6C, 0x00, 0x00, 0x00, 0x00, 0x17, 0x04, 0x00, 0x00, 0x00,
  0x00, 0x00, 0x00, 0x00, 0xEB, 0x2B, 0x00, 0x00, 0x00, 0x00, 0x00, 0xEB, 0x2B, 0x00, 0x00, 0x3C, 0x65, 0x26, 0xEB, 0x2B, 0x00, 0x74, 0xE1, 0x89, 0xBF, 0xFA, 0x2B, 0x06, 0xF3, 0x2D, 0x00, 0x07, 0xF2, 0x2B, 0x25, 0xF0, 0x00, 0x00, 0x00, 0xEB,
  0x2B, 0x1B, 0xF7, 0x02, 0x00, 0x00, 0xEB, 0x2B, 0x01, 0xD6, 0x60, 0x00, 0x2A, 0xF9, 0x2B, 0x00, 0x36, 0xE2, 0xDC, 0xC2, 0xE8, 0x2B, 0x00, 0x00, 0x01, 0x11, 0x00, 0x00, 0x00, 0x00, 0x00, 0x25, 0x65, 0x49, 0x02, 0x00, 0x00, 0x54, 0xDB, 0x7F,
  0xB7, 0xB0, 0x00, 0x03, 0xEC, 0x2B, 0x00, 0x02, 0xDB, 0x36, 0x25, 0xFC, 0xBF, 0xBF, 0xBF, 0xEC, 0x60, 0x1F, 0xF5, 0x26, 0x23, 0x23, 0x23, 0x0E, 0x00, 0xD2, 0x6F, 0x00, 0x00, 0x66, 0x12, 0x00, 0x27, 0xC9, 0xD7, 0xE4, 0xA2, 0x07, 0x00, 0x00,
  0x00, 0x0F, 0x0C, 0x00, 0x00, 0x00, 0x00, 0x00, 0x00, 0x27, 0x37, 0x0F, 0x00, 0x00, 0x01, 0xAE, 0xD8, 0xB3, 0x75, 0x00, 0x00, 0x3C, 0xE0, 0x04, 0x00, 0x00, 0x09, 0x57, 0x93, 0xD4, 0x57, 0x57, 0x0F, 0x0D, 0x7F, 0xAD, 0xDD, 0x7F, 0x7F, 0x15,
  0x00, 0x00, 0x5B, 0xBB, 0x00, 0x00, 0x00, 0x00, 0x00, 0x5B, 0xBB, 0x00, 0x00, 0x00, 0x00, 0x00, 0x5B, 0xBB, 0x00, 0x00, 0x00, 0x00, 0x00, 0x5B, 0xBB, 0x00, 0x00, 0x00, 0x00, 0x00, 0x5B, 0xBB, 0x00, 0x00, 0x00, 0x00, 0x00, 0x3C, 0x68, 0x28,
  0x48, 0x0F, 0x00, 0x73, 0xE1, 0x86, 0xBA, 0xF5, 0x2B, 0x04, 0xF2, 0x2D, 0x00, 0x05, 0xEF, 0x2B, 0x21, 0xF0, 0x00, 0x00, 0x00, 0xE7, 0x2B, 0x17, 0xF7, 0x02, 0x00, 0x00, 0xE7, 0x2B, 0x00, 0xD4, 0x60, 0x00, 0x24, 0xF7, 0x2B, 0x00, 0x35, 0xE2,
  0xD9, 0xC5, 0xF2, 0x2B, 0x00, 0x0E, 0x01, 0x15, 0x0D, 0xFA, 0x0F, 0x00, 0x9D, 0xA1, 0x6C, 0xC2, 0x9C, 0x00, 0x00, 0x03, 0x4F, 0x78, 0x4B, 0x00, 0x00, 0xFB, 0x1B, 0x00, 0x00, 0x00, 0x00, 0xFB, 0x1B, 0x00, 0x00, 0x00, 0x00, 0xFB, 0x23, 0x58,
  0x62, 0x10, 0x00, 0xFB, 0xB9, 0x84, 0xB1, 0xD6, 0x05, 0xFB, 0x2A, 0x00, 0x02, 0xE9, 0x30, 0xFB, 0x1B, 0x00, 0x00, 0xD3, 0x43, 0xFB, 0x1B, 0x00, 0x00, 0xD3, 0x43, 0xFB, 0x1B, 0x00, 0x00, 0xD3, 0x43, 0xFB, 0x1B, 0x00, 0x00, 0xD3, 0x43, 0x00,
  0x00, 0x6B, 0x3C, 0x00, 0x00, 0x00, 0x00, 0x60, 0x33, 0x00, 0x00, 0x47, 0x57, 0x57, 0x26, 0x00, 0x00, 0x7E, 0x9B, 0xDD, 0x6F, 0x00, 0x00, 0x00, 0x00, 0xA7, 0x6F, 0x00, 0x00, 0x00, 0x00, 0xA7, 0x6F, 0x00, 0x00, 0x00, 0x00, 0xA7, 0x6F, 0x00,
  0x00, 0x00, 0x00, 0xA7, 0x6F, 0x00, 0x00, 0xC2, 0xEF, 0xFA, 0xF6, 0xEF, 0x77, 0x00, 0x00, 0x18, 0x82, 0x00, 0x00, 0x17, 0x7C, 0x15, 0x57, 0x57, 0x53, 0x26, 0x9B, 0xA8, 0xF3, 0x00, 0x00, 0x1F, 0xF3, 0x00, 0x00, 0x1F, 0xF3, 0x00, 0x00, 0x1F,
  0xF3, 0x00, 0x00, 0x1F, 0xF3, 0x00, 0x00, 0x1F, 0xF3, 0x00, 0x00, 0x35, 0xE1, 0x46, 0x62, 0xC9, 0x8A, 0x63, 0x8A, 0x5A, 0x01, 0xF7, 0x1F, 0x00, 0x00, 0x00, 0x00, 0xF7, 0x1F, 0x00, 0x00, 0x00, 0x00, 0xF7, 0x1F, 0x00, 0x17, 0x56, 0x07, 0xF7,
  0x1F, 0x17, 0xD6, 0x6A, 0x00, 0xF7, 0x36, 0xD5, 0x6F, 0x00, 0x00, 0xF7, 0xE2, 0xDD, 0x07, 0x00, 0x00, 0xF7, 0x79, 0xB6, 0x9E, 0x00, 0x00, 0xF7, 0x1F, 0x11, 0xDD, 0x6B, 0x00, 0xF7, 0x1F, 0x00, 0x2F, 0xF0, 0x3E, 0xC2, 0xEF, 0xFA, 0x6F, 0x00,
  0x00, 0x00, 0x00, 0xA7, 0x6F, 0x00, 0x00, 0x00, 0x00, 0xA7, 0x6F, 0x00, 0x00, 0x00, 0x00, 0xA7, 0x6F, 0x00, 0x00, 0x00, 0x00, 0xA7, 0x6F, 0x00, 0x00, 0x00, 0x00, 0xA7, 0x6F, 0x00, 0x00, 0x00, 0x00, 0xA7, 0x6F, 0x00, 0x00, 0x00, 0x00, 0xA7,
  0x6F, 0x00, 0x00, 0xC2, 0xEF, 0xFA, 0xF6, 0xEF, 0x77, 0x27, 0x33, 0x5E, 0x3F, 0x3C, 0x64, 0x0B, 0x73, 0xD4, 0x88, 0xF9, 0xA1, 0xC3, 0x84, 0x73, 0x93, 0x00, 0xE9, 0x20, 0x5D, 0xAA, 0x73, 0x93, 0x00, 0xE7, 0x1F, 0x5B, 0xAB, 0x73, 0x93, 0x00,
  0xE7, 0x1F, 0x5B, 0xAB, 0x73, 0x93, 0x00, 0xE7, 0x1F, 0x5B, 0xAB, 0x73, 0x93, 0x00, 0xE7, 0x1F, 0x5B, 0xAB, 0x56, 0x09, 0x59, 0x61, 0x0F, 0x00, 0xFB, 0xB4, 0x83, 0xB0, 0xD4, 0x03, 0xFB, 0x2D, 0x00, 0x02, 0xEB, 0x2A, 0xFB, 0x1B, 0x00, 0x00,
  0xD7, 0x3B, 0xFB, 0x1B, 0x00, 0x00, 0xD7, 0x3B, 0xFB, 0x1B, 0x00, 0x00, 0xD7, 0x3B, 0xFB, 0x1B, 0x00, 0x00, 0xD7, 0x3B, 0x00, 0x00, 0x30, 0x66, 0x40, 0x00, 0x00, 0x00, 0x73, 0xD6, 0x7F, 0xC3, 0xA4, 0x00, 0x12, 0xF2, 0x1D, 0x00, 0x05, 0xE0,
  0x3B, 0x3C, 0xD5, 0x00, 0x00, 0x00, 0xA5, 0x6F, 0x31, 0xDF, 0x00, 0x00, 0x00, 0xB0, 0x63, 0x06, 0xE0, 0x4B, 0x00, 0x24, 0xED, 0x1F, 0x00, 0x35, 0xD7, 0xD3, 0xE2, 0x56, 0x00, 0x00, 0x00, 0x00, 0x12, 0x01, 0x00, 0x00, 0x56, 0x1A, 0x66, 0x4F,
  0x04, 0x00, 0xFB, 0xC2, 0x83, 0xCF, 0xAB, 0x00, 0xFB, 0x21, 0x00, 0x0D, 0xF1, 0x2B, 0xFB, 0x17, 0x00, 0x00, 0xC1, 0x55, 0xFB, 0x17, 0x00, 0x00, 0xCD, 0x4A, 0xFB, 0x3F, 0x00, 0x31, 0xF3, 0x14, 0xFB, 0xBB, 0xCE, 0xED, 0x5E, 0x00, 0xFB, 0x17,
  0x13, 0x05, 0x00, 0x00, 0xFB, 0x17, 0x00, 0x00, 0x00, 0x00, 0x6E, 0x0A, 0x00, 0x00, 0x00, 0x00, 0x00, 0x00, 0x3D, 0x69, 0x2D, 0x4A, 0x0F, 0x00, 0x77, 0xDF, 0x7F, 0xB3, 0xF8, 0x2B, 0x06, 0xF3, 0x2D, 0x00, 0x02, 0xF0, 0x2B, 0x22, 0xF0, 0x00,
  0x00, 0x00, 0xEB, 0x2B, 0x17, 0xF7, 0x02, 0x00, 0x00, 0xEB, 0x2B, 0x00, 0xD4, 0x60, 0x00, 0x1B, 0xF7, 0x2B, 0x00, 0x35, 0xE1, 0xD2, 0xC6, 0xF5, 0x2B, 0x00, 0x00, 0x00, 0x16, 0x00, 0xEB, 0x2B, 0x00, 0x00, 0x00, 0x00, 0x00, 0xEB, 0x2B, 0x00,
  0x00, 0x00, 0x00, 0x00, 0x67, 0x13, 0x06, 0x54, 0x06, 0x56, 0x6C, 0x16, 0x13, 0xFD, 0xB6, 0xB1, 0xAA, 0x24, 0x13, 0xFF, 0x44, 0x00, 0x00, 0x00, 0x13, 0xFF, 0x03, 0x00, 0x00, 0x00, 0x13, 0xFF, 0x03, 0x00, 0x00, 0x00, 0x13, 0xFF, 0x03, 0x00,
  0x00, 0x00, 0x13, 0xFF, 0x03, 0x00, 0x00, 0x00, 0x00, 0x2F, 0x69, 0x53, 0x07, 0x00, 0x62, 0xD8, 0x7A, 0xAA, 0xD1, 0x06, 0xB0, 0x6A, 0x00, 0x00, 0x77, 0x18, 0x38, 0xDA, 0xBA, 0x75, 0x18, 0x00, 0x00, 0x02, 0x34, 0x83, 0xEA, 0x19, 0xD0, 0x4C,
  0x00, 0x05, 0xDB, 0x3B, 0x3C, 0xD9, 0xCC, 0xE1, 0x97, 0x02, 0x00, 0x00, 0x14, 0x07, 0x00, 0x00, 0x00, 0x00, 0x6F, 0x84, 0x00, 0x00, 0x00, 0x0F, 0x57, 0xAB, 0xBB, 0x57, 0x57, 0x00, 0x15, 0x7F, 0xBF, 0xCB, 0x7F, 0x7F, 0x00, 0x00, 0x00, 0x7F,
  0x97, 0x00, 0x00, 0x00, 0x00, 0x00, 0x7F, 0x97, 0x00, 0x00, 0x00, 0x00, 0x00, 0x7F, 0x98, 0x00, 0x00, 0x00, 0x00, 0x00, 0x69, 0xBA, 0x00, 0x00, 0x00, 0x00, 0x00, 0x13, 0xD7, 0xDB, 0xDB, 0x22, 0x00, 0x00, 0x00, 0x01, 0x1A, 0x09, 0x00, 0x52,
  0x0C, 0x00, 0x00, 0x4F, 0x10, 0xEF, 0x23, 0x00, 0x00, 0xE7, 0x2F, 0xEF, 0x23, 0x00, 0x00, 0xE7, 0x2F, 0xEF, 0x23, 0x00, 0x00, 0xE7, 0x2F, 0xEB, 0x27, 0x00, 0x00, 0xE7, 0x2F, 0xCA, 0x57, 0x00, 0x2C, 0xF9, 0x2F, 0x45, 0xEA, 0xD4, 0xA9, 0xDB,
  0x2F, 0x00, 0x05, 0x15, 0x00, 0x00, 0x00, 0x1E, 0x42, 0x00, 0x00, 0x00, 0x33, 0x2E, 0x18, 0xEF, 0x0C, 0x00, 0x00, 0xD4, 0x3F, 0x00, 0xAA, 0x62, 0x00, 0x34, 0xD7, 0x00, 0x00, 0x40, 0xC3, 0x00, 0x93, 0x6F, 0x00, 0x00, 0x00, 0xD6, 0x2B, 0xE3,
  0x11, 0x00, 0x00, 0x00, 0x6E, 0xCC, 0x9F, 0x00, 0x00, 0x00, 0x00, 0x0F, 0xF5, 0x37, 0x00, 0x00, 0x3C, 0x18, 0x00, 0x43, 0x02, 0x01, 0x53, 0x8A, 0x66, 0x01, 0xEC, 0x30, 0x21, 0xCD, 0x54, 0x94, 0x2E, 0xE0, 0x70, 0x4E, 0x96, 0x1D, 0xC3, 0x6E,
  0x7C, 0xAF, 0x7A, 0x5F, 0x00, 0xD9, 0xAE, 0x1D, 0xCA, 0xA7, 0x28, 0x00, 0xB1, 0xCD, 0x00, 0x9A, 0xDB, 0x01, 0x00, 0x7B, 0x9B, 0x00, 0x58, 0xBA, 0x00, 0x0E, 0x57, 0x08, 0x00, 0x00, 0x45, 0x2A, 0x00, 0xA8, 0x90, 0x00, 0x47, 0xE3, 0x14, 0x00,
  0x0D, 0xD8, 0x5D, 0xE4, 0x3D, 0x00, 0x00, 0x00, 0x2F, 0xFD, 0x80, 0x00, 0x00, 0x00, 0x00, 0x75, 0xDE, 0xC3, 0x04, 0x00, 0x00, 0x3C, 0xE3, 0x15, 0xAB, 0x88, 0x00, 0x15, 0xE3, 0x45, 0x00, 0x10, 0xDF, 0x4C, 0x2D, 0x3B, 0x00, 0x00, 0x00, 0x2C,
  0x3E, 0x37, 0xEE, 0x0A, 0x00, 0x00, 0xC5, 0x68, 0x00, 0xC4, 0x65, 0x00, 0x2B, 0xED, 0x0A, 0x00, 0x51, 0xD2, 0x00, 0x90, 0x87, 0x00, 0x00, 0x02, 0xDB, 0x47, 0xE8, 0x1C, 0x00, 0x00, 0x00, 0x6A, 0xE5, 0xA6, 0x00, 0x00, 0x00, 0x00, 0x0A, 0xF7,
  0x37, 0x00, 0x00, 0x00, 0x00, 0x48, 0xC6, 0x00, 0x00, 0x00, 0x01, 0x6C, 0xE1, 0x41, 0x00, 0x00, 0x00, 0x0C, 0x86, 0x3E, 0x00, 0x00, 0x00, 0x00, 0x01, 0x57, 0x57, 0x57, 0x57, 0x57, 0x0C, 0x02, 0x8F, 0x8F, 0x8F, 0xC3, 0xEE, 0x12, 0x00, 0x00,
  0x00, 0x20, 0xE8, 0x46, 0x00, 0x00, 0x00, 0x0B, 0xD0, 0x72, 0x00, 0x00, 0x00, 0x01, 0xAB, 0xA2, 0x00, 0x00, 0x00, 0x00, 0x7D, 0xCA, 0x08, 0x00, 0x00, 0x00, 0x0D, 0xFE, 0xEE, 0xE3, 0xE3, 0xE3, 0x51, 0x00, 0x00, 0x00, 0x0A, 0x34, 0x00, 0x00,
  0x08, 0xCD, 0x63, 0x00, 0x00, 0x58, 0xB1, 0x00, 0x00, 0x00, 0x79, 0x9C, 0x00, 0x00, 0x00, 0x83, 0x95, 0x00, 0x01, 0x24, 0xD2, 0x49, 0x00, 0x17, 0xEB, 0xB3, 0x01, 0x00, 0x00, 0x04, 0xBC, 0x64, 0x00, 0x00, 0x00, 0x7F, 0x99, 0x00, 0x00, 0x00,
  0x75, 0x9F, 0x00, 0x00, 0x00, 0x43, 0xCB, 0x00, 0x00, 0x00, 0x00, 0xA2, 0x93, 0x00, 0x00, 0x00, 0x00, 0x0A, 0x70, 0x04, 0xD3, 0x07, 0xD3, 0x07, 0xD3, 0x07, 0xD3, 0x07, 0xD3, 0x07, 0xD3, 0x07, 0xD3, 0x07, 0xD3, 0x07, 0xD3, 0x07, 0xD3, 0x07,
  0x45, 0x02, 0x01, 0x3B, 0x01, 0x00, 0x00, 0x05, 0x95, 0x98, 0x00, 0x00, 0x00, 0x02, 0xEF, 0x17, 0x00, 0x00, 0x00, 0xDD, 0x35, 0x00, 0x00, 0x00, 0xD4, 0x3D, 0x00, 0x00, 0x00, 0x8A, 0xA3, 0x15, 0x00, 0x00, 0x15, 0xE3, 0xC1, 0x00, 0x00, 0xA1,
  0x7C, 0x00, 0x00, 0x00, 0xD8, 0x3A, 0x00, 0x00, 0x00, 0xDF, 0x32, 0x00, 0x00, 0x11, 0xF0, 0x0D, 0x00, 0x08, 0xC7, 0x68, 0x00, 0x00, 0x00, 0x0A, 0x00, 0x00, 0x00, 0x0D, 0x8E, 0xA0, 0x33, 0x00, 0x00, 0x51, 0x8A, 0x89, 0x60, 0xE2, 0x81, 0x79,
  0xB2, 0x32, 0x07, 0x00, 0x16, 0x87, 0x8E, 0x17, 0x00, 0x00, 0x5A, 0x09, 0x04, 0xBC, 0x21, 0x00, 0x00, 0x00, 0x00, 0x8A, 0x14, 0x00, 0xEF, 0x23, 0x00, 0xEF, 0x23, 0x00, 0xEF, 0x23, 0x00, 0xEF, 0x23, 0x00, 0xEF, 0x23, 0x00, 0x2C, 0x06, 0x00,
  0x00, 0x00, 0xA0, 0x25, 0x00, 0x00, 0x00, 0x00, 0x26, 0xEC, 0x70, 0x06, 0x00, 0x00, 0x58, 0xE1, 0x82, 0xAB, 0xC5, 0x04, 0x02, 0xE7, 0x36, 0x00, 0x00, 0xB2, 0x35, 0x1B, 0xFA, 0x01, 0x00, 0x00, 0x00, 0x00, 0x12, 0xFD, 0x07, 0x00, 0x00, 0x00,
  0x00, 0x00, 0xC6, 0x6B, 0x00, 0x0E, 0xDF, 0x2E, 0x00, 0x23, 0xCD, 0xD6, 0xE1, 0x71, 0x00, 0x00, 0x00, 0x00, 0xE1, 0x36, 0x00, 0x00, 0x00, 0x00, 0x00, 0x61, 0x16, 0x00, 0x00, 0x00, 0x00, 0x22, 0x88, 0x97, 0x44, 0x00, 0x00, 0x18, 0xEA, 0x6A,
  0x56, 0xE8, 0x3B, 0x00, 0x61, 0xB6, 0x00, 0x00, 0x5F, 0x4E, 0x00, 0x6F, 0xA7, 0x00, 0x00, 0x00, 0x00, 0x31, 0xBE, 0xDC, 0x8F, 0x50, 0x00, 0x00, 0x1C, 0x92, 0xD1, 0x53, 0x2F, 0x00, 0x00, 0x00, 0x57, 0xC0, 0x00, 0x00, 0x00, 0x00, 0x00, 0x77,
  0xA3, 0x00, 0x00, 0x00, 0x00, 0x47, 0xFA, 0xF0, 0xE3, 0xE3, 0xE3, 0xA5, 0x00, 0x1A, 0x00, 0x17, 0x07, 0x07, 0x13, 0x28, 0xF0, 0xD4, 0xEC, 0xF2, 0xCE, 0x9C, 0x01, 0xDA, 0x6F, 0x00, 0x20, 0xE3, 0x47, 0x23, 0xE6, 0x00, 0x00, 0x00, 0x7B, 0x8D,
  0x23, 0xE7, 0x00, 0x00, 0x00, 0x7C, 0x8C, 0x00, 0xE2, 0x78, 0x01, 0x27, 0xE6, 0x51, 0x28, 0xDA, 0xCC, 0xF3, 0xF2, 0xB7, 0x98, 0x00, 0x06, 0x00, 0x13, 0x04, 0x00, 0x05, 0x59, 0x4F, 0x00, 0x00, 0x00, 0x33, 0x72, 0x37, 0xED, 0x11, 0x00, 0x01,
  0xCB, 0x64, 0x00, 0x9F, 0x8B, 0x00, 0x57, 0xCD, 0x02, 0x00, 0x18, 0xEA, 0x25, 0xDC, 0x3A, 0x00, 0x0E, 0x4F, 0xAF, 0xE5, 0xD0, 0x4F, 0x20, 0x12, 0x63, 0x63, 0xFB, 0x77, 0x63, 0x28, 0x1D, 0x9B, 0x9B, 0xFC, 0xA8, 0x9B, 0x3F, 0x04, 0x17, 0x17,
  0xF8, 0x34, 0x17, 0x09, 0x00, 0x00, 0x00, 0xF7, 0x1F, 0x00, 0x00, 0x87, 0x0A, 0xFF, 0x13, 0xFF, 0x13, 0xFF, 0x13, 0xE7, 0x12, 0x0B, 0x00, 0xFF, 0x13, 0xFF, 0x13, 0xFF, 0x13, 0xFF, 0x13, 0x93, 0x0B, 0x00, 0x11, 0x74, 0x9E, 0x88, 0x29, 0x00,
  0x03, 0xD4, 0x8F, 0x45, 0x74, 0xEF, 0x28, 0x25, 0xF1, 0x00, 0x00, 0x00, 0x8D, 0x67, 0x08, 0xE5, 0x90, 0x20, 0x00, 0x00, 0x00, 0x0C, 0xCA, 0xC1, 0xF0, 0xD3, 0x65, 0x00, 0x64, 0xB5, 0x00, 0x05, 0x4E, 0xE1, 0x64, 0x49, 0xE0, 0x20, 0x00, 0x00,
  0x73, 0xA2, 0x00, 0x82, 0xF2, 0xC0, 0x7C, 0xDB, 0x4E, 0x00, 0x00, 0x0D, 0x55, 0xB8, 0xE6, 0x16, 0x43, 0x6C, 0x00, 0x00, 0x00, 0xC3, 0x60, 0x32, 0xEB, 0x40, 0x03, 0x31, 0xE7, 0x36, 0x00, 0x4C, 0xC1, 0xE0, 0xC7, 0x5B, 0x00, 0x1D, 0x80, 0x00,
  0x68, 0x34, 0x19, 0x6E, 0x00, 0x5D, 0x2F, 0x00, 0x00, 0x2C, 0x66, 0x4D, 0x01, 0x00, 0x00, 0x6C, 0x67, 0x39, 0x4C, 0x95, 0x06, 0x2B, 0x64, 0x85, 0x81, 0xAD, 0x22, 0x6B, 0x67, 0x18, 0xA2, 0x00, 0x27, 0x02, 0x7F, 0x58, 0x28, 0xA6, 0x00, 0x61,
  0x01, 0x7F, 0x11, 0x87, 0x49, 0x94, 0x74, 0x53, 0x46, 0x00, 0x36, 0x94, 0x75, 0x8D, 0x67, 0x00, 0x00, 0x00, 0x00, 0x11, 0x01, 0x00, 0x00, 0x00, 0x49, 0x9C, 0x73, 0x01, 0x08, 0xB2, 0x39, 0xBF, 0x4A, 0x04, 0x81, 0xA8, 0xD9, 0x63, 0x46, 0xB7,
  0x01, 0xA7, 0x64, 0x15, 0xCB, 0xC7, 0xAF, 0x64, 0x00, 0x18, 0x63, 0x18, 0x63, 0x02, 0xBA, 0x36, 0xBA, 0x33, 0x77, 0x92, 0x77, 0x92, 0x00, 0x32, 0xC7, 0x36, 0xC7, 0x04, 0x00, 0x69, 0x79, 0x69, 0x79, 0x00, 0x00, 0x17, 0x00, 0x17, 0x9C, 0xAF,
  0xAF, 0xAF, 0xAA, 0x38, 0x3F, 0x3F, 0x54, 0xF7, 0x00, 0x00, 0x00, 0x16, 0xC5, 0x1F, 0x2B, 0x2B, 0x2B, 0x21, 0x84, 0xB7, 0xB7, 0xB7, 0x8C, 0x00, 0x00, 0x33, 0x6C, 0x4C, 0x01, 0x00, 0x00, 0x71, 0x73, 0x34, 0x4B, 0x95, 0x05, 0x2D, 0x62, 0xA5,
  0x81, 0xAA, 0x28, 0x68, 0x6B, 0x15, 0xA5, 0x6A, 0x96, 0x00, 0x83, 0x5D, 0x24, 0xA4, 0x3F, 0x78, 0x00, 0x83, 0x14, 0x88, 0x69, 0x00, 0x68, 0x5C, 0x44, 0x00, 0x3A, 0x96, 0x76, 0x8E, 0x65, 0x00, 0x00, 0x00, 0x00, 0x12, 0x01, 0x00, 0x00, 0x43,
  0x87, 0x87, 0x87, 0x5D, 0x27, 0x4F, 0x4F, 0x4F, 0x36, 0x2B, 0x99, 0x47, 0x00, 0xBA, 0x2D, 0xBF, 0x05, 0xA9, 0x73, 0xC3, 0x01, 0x0B, 0x53, 0x19, 0x00, 0x00, 0x00, 0x00, 0x59, 0x10, 0x00, 0x00, 0x00, 0x00, 0x00, 0xD3, 0x27, 0x00, 0x00, 0x00,
  0x03, 0x03, 0xD4, 0x2B, 0x03, 0x01, 0x11, 0xDF, 0xDF, 0xFA, 0xE4, 0xDF, 0x3E, 0x00, 0x00, 0x00, 0xD3, 0x27, 0x00, 0x00, 0x00, 0x00, 0x00, 0xD3, 0x27, 0x00, 0x00, 0x00, 0x00, 0x00, 0x42, 0x0C, 0x00, 0x00, 0x00, 0xC3, 0xE3, 0xE3, 0xE3, 0xE3,
  0x07, 0x00, 0x80, 0x4D, 0x40, 0x93, 0x01, 0x4E, 0x10, 0x00, 0x00, 0x57, 0x08, 0xE3, 0x2F, 0x00, 0x00, 0xFF, 0x17, 0xE3, 0x2F, 0x00, 0x00, 0xFF, 0x17, 0xE3, 0x2F, 0x00, 0x00, 0xFF, 0x17, 0xE3, 0x35, 0x00, 0x00, 0xFF, 0x17, 0xE3, 0x68, 0x00,
  0x24, 0xFF, 0x17, 0xE3, 0xE4, 0xCC, 0xC2, 0xF1, 0x17, 0xE3, 0x32, 0x17, 0x01, 0x00, 0x00, 0xE3, 0x2F, 0x00, 0x00, 0x00, 0x00, 0x63, 0x14, 0x00, 0x00, 0x00, 0x00, 0x00, 0x1D, 0x6A, 0x87, 0x61, 0x31, 0xF4, 0xFF, 0xFF, 0xB7, 0xA3, 0xFF, 0xFF,
  0xFF, 0xB7, 0xB5, 0xFF, 0xFF, 0xFF, 0xB7, 0x6E, 0xFF, 0xFF, 0xFF, 0xB7, 0x03, 0x7F, 0xD9, 0xF8, 0xB7, 0x00, 0x00, 0x00, 0x5F, 0xB7, 0x00, 0x00, 0x00, 0x5F, 0xB7, 0x00, 0x00, 0x00, 0x5F, 0xB7, 0x01, 0xCC, 0x2A, 0x00, 0x43, 0x08, 0x25, 0xD0,
  0x2B, 0x06, 0x82, 0x70, 0x25, 0x6D, 0x07, 0x00, 0x4F, 0x9B, 0x69, 0x02, 0x32, 0xD2, 0x3A, 0xB1, 0x65, 0x65, 0x8D, 0x00, 0x5A, 0x99, 0x4E, 0xB0, 0x00, 0x7F, 0x81, 0x03, 0x9E, 0xD1, 0xB8, 0x14, 0x46, 0x34, 0x46, 0x34, 0x00, 0x13, 0xCC, 0x26,
  0xCC, 0x12, 0x00, 0x62, 0xAB, 0x62, 0xAB, 0x00, 0xA3, 0x5E, 0xA3, 0x5E, 0x47, 0x9C, 0x47, 0x9C, 0x00, 0x11, 0x05, 0x11, 0x05, 0x00, 0x00, 0x00, 0x53, 0x0E, 0x00, 0x00, 0x00, 0xB7, 0x2D, 0x00, 0x00, 0x00, 0x00, 0x00, 0x00, 0x00, 0x00, 0xD4,
  0x32, 0x00, 0x00, 0x67, 0xD9, 0x08, 0x00, 0x3F, 0xE6, 0x1E, 0x00, 0x00, 0xB1, 0x6A, 0x00, 0x00, 0x00, 0xB9, 0x61, 0x00, 0x29, 0xBE, 0x4D, 0xEB, 0xAD, 0xE2, 0x73, 0x00, 0x19, 0x42, 0x21, 0x00, 0x00, 0x2B, 0x9D, 0x06, 0x00, 0x00, 0x00, 0x00,
  0x00, 0x74, 0x69, 0x00, 0x00, 0x00, 0x00, 0x00, 0x00, 0x74, 0x1E, 0x00, 0x00, 0x00, 0x00, 0x1B, 0xFE, 0x77, 0x00, 0x00, 0x00, 0x00, 0x6D, 0xC5, 0xC8, 0x00, 0x00, 0x00, 0x00, 0xC0, 0x44, 0xE4, 0x1A, 0x00, 0x00, 0x16, 0xEB, 0x04, 0x98, 0x6A,
  0x00, 0x00, 0x66, 0xB7, 0x27, 0x6C, 0xBB, 0x00, 0x00, 0xB9, 0xD7, 0xCB, 0xCB, 0xF4, 0x11, 0x11, 0xF4, 0x0E, 0x00, 0x00, 0xB1, 0x5D, 0x5E, 0xB7, 0x00, 0x00, 0x00, 0x63, 0xAE, 0x00, 0x00, 0x00, 0x00, 0x80, 0x4D, 0x00, 0x00, 0x00, 0x00, 0x40,
  0x93, 0x01, 0x00, 0x00, 0x00, 0x00, 0x74, 0x1E, 0x00, 0x00, 0x00, 0x00, 0x1B, 0xFE, 0x77, 0x00, 0x00, 0x00, 0x00, 0x6D, 0xC5, 0xC8, 0x00, 0x00, 0x00, 0x00, 0xC0, 0x44, 0xE4, 0x1A, 0x00, 0x00, 0x16, 0xEB, 0x04, 0x98, 0x6A, 0x00, 0x00, 0x66,
  0xB7, 0x27, 0x6C, 0xBB, 0x00, 0x00, 0xB9, 0xD7, 0xCB, 0xCB, 0xF4, 0x11, 0x11, 0xF4, 0x0E, 0x00, 0x00, 0xB1, 0x5D, 0x5E, 0xB7, 0x00, 0x00, 0x00, 0x63, 0xAE, 0x00, 0x00, 0x0F, 0xB1, 0x96, 0x02, 0x00, 0x00, 0x00, 0x70, 0x39, 0x5D, 0x4D, 0x00,
  0x00, 0x00, 0x00, 0x74, 0x1E, 0x00, 0x00, 0x00, 0x00, 0x1B, 0xFE, 0x77, 0x00, 0x00, 0x00, 0x00, 0x6D, 0xC5, 0xC8, 0x00, 0x00, 0x00, 0x00, 0xC0, 0x44, 0xE4, 0x1A, 0x00, 0x00, 0x16, 0xEB, 0x04, 0x98, 0x6A, 0x00, 0x00, 0x66, 0xB7, 0x27, 0x6C,
  0xBB, 0x00, 0x00, 0xB9, 0xD7, 0xCB, 0xCB, 0xF4, 0x11, 0x11, 0xF4, 0x0E, 0x00, 0x00, 0xB1, 0x5D, 0x5E, 0xB7, 0x00, 0x00, 0x00, 0x63, 0xAE, 0x00, 0x01, 0x9B, 0xAB, 0x52, 0x92, 0x00, 0x00, 0x14, 0x63, 0x2C, 0x87, 0x30, 0x00, 0x00, 0x00, 0x00,
  0x74, 0x1E, 0x00, 0x00, 0x00, 0x00, 0x1B, 0xFE, 0x77, 0x00, 0x00, 0x00, 0x00, 0x6D, 0xC5, 0xC8, 0x00, 0x00, 0x00, 0x00, 0xC0, 0x44, 0xE4, 0x1A, 0x00, 0x00, 0x16, 0xEB, 0x04, 0x98, 0x6A, 0x00, 0x00, 0x66, 0xB7, 0x27, 0x6C, 0xBB, 0x00, 0x00,
  0xB9, 0xD7, 0xCB, 0xCB, 0xF4, 0x11, 0x11, 0xF4, 0x0E, 0x00, 0x00, 0xB1, 0x5D, 0x5E, 0xB7, 0x00, 0x00, 0x00, 0x63, 0xAE, 0x00, 0x1D, 0x80, 0x00, 0x68, 0x34, 0x00, 0x00, 0x19, 0x6E, 0x00, 0x5D, 0x2F, 0x00, 0x00, 0x00, 0x00, 0x74, 0x1E, 0x00,
  0x00, 0x00, 0x00, 0x1B, 0xFE, 0x77, 0x00, 0x00, 0x00, 0x00, 0x6D, 0xC5, 0xC8, 0x00, 0x00, 0x00, 0x00, 0xC0, 0x44, 0xE4, 0x1A, 0x00, 0x00, 0x16, 0xEB, 0x04, 0x98, 0x6A, 0x00, 0x00, 0x66, 0xB7, 0x27, 0x6C, 0xBB, 0x00, 0x00, 0xB9, 0xD7, 0xCB,
  0xCB, 0xF4, 0x11, 0x11, 0xF4, 0x0E, 0x00, 0x00, 0xB1, 0x5D, 0x5E, 0xB7, 0x00, 0x00, 0x00, 0x63, 0xAE, 0x00, 0x00, 0x3C, 0x92, 0x5E, 0x00, 0x00, 0x00, 0x00, 0x85, 0x2E, 0x98, 0x00, 0x00, 0x00, 0x00, 0x0D, 0xDB, 0x3E, 0x00, 0x00, 0x00, 0x00,
  0x1B, 0xFE, 0x77, 0x00, 0x00, 0x00, 0x00, 0x6D, 0xC5, 0xC8, 0x00, 0x00, 0x00, 0x00, 0xC0, 0x44, 0xE4, 0x1A, 0x00, 0x00, 0x16, 0xEB, 0x04, 0x98, 0x6A, 0x00, 0x00, 0x66, 0xB7, 0x27, 0x6C, 0xBB, 0x00, 0x00, 0xB9, 0xD7, 0xCB, 0xCB, 0xF4, 0x11,
  0x11, 0xF4, 0x0E, 0x00, 0x00, 0xB1, 0x5D, 0x5E, 0xB7, 0x00, 0x00, 0x00, 0x63, 0xAE, 0x00, 0x00, 0x00, 0x56, 0x87, 0x87, 0x76, 0x00, 0x00, 0x04, 0xE6, 0xEE, 0x5B, 0x50, 0x00, 0x00, 0x50, 0xBE, 0xE4, 0x00, 0x00, 0x00, 0x00, 0xB2, 0x62, 0xE6,
  0x00, 0x00, 0x00, 0x19, 0xE3, 0x20, 0xFC, 0xDF, 0x96, 0x00, 0x77, 0x9E, 0x31, 0xE7, 0x00, 0x00, 0x00, 0xD9, 0xF0, 0xF1, 0xE7, 0x00, 0x00, 0x3C, 0xDD, 0x00, 0x1B, 0xE7, 0x00, 0x00, 0x9E, 0x84, 0x00, 0x1B, 0xFD, 0xE3, 0xE3, 0x00, 0x02, 0x60,
  0x9C, 0x7E, 0x15, 0x00, 0x00, 0x94, 0xB7, 0x49, 0x7F, 0xE0, 0x0E, 0x18, 0xF1, 0x0E, 0x00, 0x00, 0xB4, 0x63, 0x4F, 0xC3, 0x00, 0x00, 0x00, 0x0A, 0x0A, 0x5F, 0xB8, 0x00, 0x00, 0x00, 0x00, 0x00, 0x5A, 0xBA, 0x00, 0x00, 0x00, 0x00, 0x00, 0x37,
  0xDB, 0x00, 0x00, 0x00, 0x57, 0x42, 0x03, 0xDB, 0x4F, 0x00, 0x13, 0xE1, 0x34, 0x00, 0x2E, 0xD3, 0xD0, 0xE2, 0x6B, 0x00, 0x00, 0x00, 0x26, 0xE4, 0x2E, 0x00, 0x00, 0x00, 0x00, 0x06, 0x82, 0x70, 0x00, 0x00, 0x00, 0x00, 0x25, 0x6D, 0x07, 0x00,
  0x00, 0x2B, 0x9D, 0x06, 0x00, 0x00, 0x00, 0x00, 0x74, 0x69, 0x00, 0x00, 0x00, 0x7F, 0x87, 0x87, 0x87, 0x87, 0x21, 0xEF, 0x7C, 0x63, 0x63, 0x63, 0x18, 0xEF, 0x27, 0x00, 0x00, 0x00, 0x00, 0xEF, 0x27, 0x00, 0x00, 0x00, 0x00, 0xEF, 0xE1, 0xDB,
  0xDB, 0x9E, 0x00, 0xEF, 0x35, 0x0F, 0x0F, 0x0B, 0x00, 0xEF, 0x27, 0x00, 0x00, 0x00, 0x00, 0xEF, 0x27, 0x00, 0x00, 0x00, 0x00, 0xEF, 0xEF, 0xEB, 0xEB, 0xEB, 0x49, 0x00, 0x00, 0x00, 0x80, 0x4D, 0x00, 0x00, 0x00, 0x40, 0x93, 0x01, 0x00, 0x7F,
  0x87, 0x87, 0x87, 0x87, 0x21, 0xEF, 0x7C, 0x63, 0x63, 0x63, 0x18, 0xEF, 0x27, 0x00, 0x00, 0x00, 0x00, 0xEF, 0x27, 0x00, 0x00, 0x00, 0x00, 0xEF, 0xE1, 0xDB, 0xDB, 0x9E, 0x00, 0xEF, 0x35, 0x0F, 0x0F, 0x0B, 0x00, 0xEF, 0x27, 0x00, 0x00, 0x00,
  0x00, 0xEF, 0x27, 0x00, 0x00, 0x00, 0x00, 0xEF, 0xEF, 0xEB, 0xEB, 0xEB, 0x49, 0x00, 0x0F, 0xB1, 0x96, 0x02, 0x00, 0x00, 0x70, 0x39, 0x5D, 0x4D, 0x00, 0x7F, 0x87, 0x87, 0x87, 0x87, 0x21, 0xEF, 0x7C, 0x63, 0x63, 0x63, 0x18, 0xEF, 0x27, 0x00,
  0x00, 0x00, 0x00, 0xEF, 0x27, 0x00, 0x00, 0x00, 0x00, 0xEF, 0xE1, 0xDB, 0xDB, 0x9E, 0x00, 0xEF, 0x35, 0x0F, 0x0F, 0x0B, 0x00, 0xEF, 0x27, 0x00, 0x00, 0x00, 0x00, 0xEF, 0x27, 0x00, 0x00, 0x00, 0x00, 0xEF, 0xEF, 0xEB, 0xEB, 0xEB, 0x49, 0x1D,
  0x80, 0x00, 0x68, 0x34, 0x00, 0x19, 0x6E, 0x00, 0x5D, 0x2F, 0x00, 0x7F, 0x87, 0x87, 0x87, 0x87, 0x21, 0xEF, 0x7C, 0x63, 0x63, 0x63, 0x18, 0xEF, 0x27, 0x00, 0x00, 0x00, 0x00, 0xEF, 0x27, 0x00, 0x00, 0x00, 0x00, 0xEF, 0xE1, 0xDB, 0xDB, 0x9E,
  0x00, 0xEF, 0x35, 0x0F, 0x0F, 0x0B, 0x00, 0xEF, 0x27, 0x00, 0x00, 0x00, 0x00, 0xEF, 0x27, 0x00, 0x00, 0x00, 0x00, 0xEF, 0xEF, 0xEB, 0xEB, 0xEB, 0x49, 0x2B, 0x9D, 0x06, 0x00, 0x00, 0x00, 0x00, 0x74, 0x69, 0x00, 0x00, 0x00, 0x85, 0x87, 0x87,
  0x87, 0x87, 0x17, 0x66, 0x67, 0xFD, 0x7A, 0x67, 0x11, 0x00, 0x00, 0xFB, 0x1F, 0x00, 0x00, 0x00, 0x00, 0xFB, 0x1F, 0x00, 0x00, 0x00, 0x00, 0xFB, 0x1F, 0x00, 0x00, 0x00, 0x00, 0xFB, 0x1F, 0x00, 0x00, 0x00, 0x00, 0xFB, 0x1F, 0x00, 0x00, 0x00,
  0x00, 0xFB, 0x1F, 0x00, 0x00, 0xEC, 0xEF, 0xFF, 0xF1, 0xEF, 0x29, 0x00, 0x00, 0x80, 0x4D, 0x00, 0x00, 0x00, 0x40, 0x93, 0x01, 0x00, 0x00, 0x85, 0x87, 0x87, 0x87, 0x87, 0x17, 0x66, 0x67, 0xFD, 0x7A, 0x67, 0x11, 0x00, 0x00, 0xFB, 0x1F, 0x00,
  0x00, 0x00, 0x00, 0xFB, 0x1F, 0x00, 0x00, 0x00, 0x00, 0xFB, 0x1F, 0x00, 0x00, 0x00, 0x00, 0xFB, 0x1F, 0x00, 0x00, 0x00, 0x00, 0xFB, 0x1F, 0x00, 0x00, 0x00, 0x00, 0xFB, 0x1F, 0x00, 0x00, 0xEC, 0xEF, 0xFF, 0xF1, 0xEF, 0x29, 0x0F, 0xB1, 0x96,
  0x02, 0x00, 0x00, 0x70, 0x39, 0x5D, 0x4D, 0x00, 0x00, 0x85, 0x87, 0x87, 0x87, 0x87, 0x17, 0x66, 0x67, 0xFD, 0x7A, 0x67, 0x11, 0x00, 0x00, 0xFB, 0x1F, 0x00, 0x00, 0x00, 0x00, 0xFB, 0x1F, 0x00, 0x00, 0x00, 0x00, 0xFB, 0x1F, 0x00, 0x00, 0x00,
  0x00, 0xFB, 0x1F, 0x00, 0x00, 0x00, 0x00, 0xFB, 0x1F, 0x00, 0x00, 0x00, 0x00, 0xFB, 0x1F, 0x00, 0x00, 0xEC, 0xEF, 0xFF, 0xF1, 0xEF, 0x29, 0x1D, 0x80, 0x00, 0x68, 0x34, 0x00, 0x19, 0x6E, 0x00, 0x5D, 0x2F, 0x00, 0x85, 0x87, 0x87, 0x87, 0x87,
  0x17, 0x66, 0x67, 0xFD, 0x7A, 0x67, 0x11, 0x00, 0x00, 0xFB, 0x1F, 0x00, 0x00, 0x00, 0x00, 0xFB, 0x1F, 0x00, 0x00, 0x00, 0x00, 0xFB, 0x1F, 0x00, 0x00, 0x00, 0x00, 0xFB, 0x1F, 0x00, 0x00, 0x00, 0x00, 0xFB, 0x1F, 0x00, 0x00, 0x00, 0x00, 0xFB,
  0x1F, 0x00, 0x00, 0xEC, 0xEF, 0xFF, 0xF1, 0xEF, 0x29, 0x00, 0x01, 0x9B, 0xAB, 0x52, 0x92, 0x00, 0x00, 0x14, 0x63, 0x2C, 0x87, 0x30, 0x00, 0x15, 0x87, 0x0B, 0x00, 0x00, 0x64, 0x30, 0x27, 0xFF, 0x78, 0x00, 0x00, 0xBC, 0x5B, 0x27, 0xFB, 0xE9,
  0x0F, 0x00, 0xBD, 0x5B, 0x27, 0xF2, 0x98, 0x83, 0x00, 0xBE, 0x5B, 0x27, 0xF2, 0x1B, 0xEB, 0x15, 0xBE, 0x5B, 0x27, 0xF1, 0x00, 0x8E, 0x8E, 0xBF, 0x5B, 0x27, 0xF0, 0x00, 0x15, 0xEB, 0xDA, 0x5B, 0x27, 0xF0, 0x00, 0x00, 0x84, 0xFF, 0x5B, 0x27,
  0xEF, 0x00, 0x00, 0x10, 0xEE, 0x5B, 0x00, 0x2B, 0x9D, 0x06, 0x00, 0x00, 0x00, 0x00, 0x00, 0x74, 0x69, 0x00, 0x00, 0x00, 0x00, 0x02, 0x60, 0x9B, 0x73, 0x0A, 0x00, 0x00, 0x8D, 0xC4, 0x5E, 0xA6, 0xBC, 0x00, 0x14, 0xF1, 0x12, 0x00, 0x02, 0xD5,
  0x42, 0x4D, 0xC0, 0x00, 0x00, 0x00, 0x92, 0x7D, 0x5F, 0xB0, 0x00, 0x00, 0x00, 0x80, 0x8F, 0x59, 0xB4, 0x00, 0x00, 0x00, 0x85, 0x89, 0x34, 0xDF, 0x00, 0x00, 0x00, 0xAD, 0x65, 0x01, 0xD5, 0x60, 0x00, 0x31, 0xED, 0x16, 0x00, 0x2B, 0xD8, 0xE4,
  0xE8, 0x4D, 0x00, 0x00, 0x00, 0x00, 0x15, 0x02, 0x00, 0x00, 0x00, 0x00, 0x00, 0x00, 0x80, 0x4D, 0x00, 0x00, 0x00, 0x00, 0x40, 0x93, 0x01, 0x00, 0x00, 0x02, 0x60, 0x9B, 0x73, 0x0A, 0x00, 0x00, 0x8D, 0xC4, 0x5E, 0xA6, 0xBC, 0x00, 0x14, 0xF1,
  0x12, 0x00, 0x02, 0xD5, 0x42, 0x4D, 0xC0, 0x00, 0x00, 0x00, 0x92, 0x7D, 0x5F, 0xB0, 0x00, 0x00, 0x00, 0x80, 0x8F, 0x59, 0xB4, 0x00, 0x00, 0x00, 0x85, 0x89, 0x34, 0xDF, 0x00, 0x00, 0x00, 0xAD, 0x65, 0x01, 0xD5, 0x60, 0x00, 0x31, 0xED, 0x16,
  0x00, 0x2B, 0xD8, 0xE4, 0xE8, 0x4D, 0x00, 0x00, 0x00, 0x00, 0x15, 0x02, 0x00, 0x00, 0x00, 0x00, 0x0F, 0xB1, 0x96, 0x02, 0x00, 0x00, 0x00, 0x70, 0x39, 0x5D, 0x4D, 0x00, 0x00, 0x02, 0x60, 0x9B, 0x73, 0x0A, 0x00, 0x00, 0x8D, 0xC4, 0x5E, 0xA6,
  0xBC, 0x00, 0x14, 0xF1, 0x12, 0x00, 0x02, 0xD5, 0x42, 0x4D, 0xC0, 0x00, 0x00, 0x00, 0x92, 0x7D, 0x5F, 0xB0, 0x00, 0x00, 0x00, 0x80, 0x8F, 0x59, 0xB4, 0x00, 0x00, 0x00, 0x85, 0x89, 0x34, 0xDF, 0x00, 0x00, 0x00, 0xAD, 0x65, 0x01, 0xD5, 0x60,
  0x00, 0x31, 0xED, 0x16, 0x00, 0x2B, 0xD8, 0xE4, 0xE8, 0x4D, 0x00, 0x00, 0x00, 0x00, 0x15, 0x02, 0x00, 0x00, 0x00, 0x01, 0x9B, 0xAB, 0x52, 0x92, 0x00, 0x00, 0x14, 0x63, 0x2C, 0x87, 0x30, 0x00, 0x00, 0x02, 0x60, 0x9B, 0x73, 0x0A, 0x00, 0x00,
  0x8D, 0xC4, 0x5E, 0xA6, 0xBC, 0x00, 0x14, 0xF1, 0x12, 0x00, 0x02, 0xD5, 0x42, 0x4D, 0xC0, 0x00, 0x00, 0x00, 0x92, 0x7D, 0x5F, 0xB0, 0x00, 0x00, 0x00, 0x80, 0x8F, 0x59, 0xB4, 0x00, 0x00, 0x00, 0x85, 0x89, 0x34, 0xDF, 0x00, 0x00, 0x00, 0xAD,
  0x65, 0x01, 0xD5, 0x60, 0x00, 0x31, 0xED, 0x16, 0x00, 0x2B, 0xD8, 0xE4, 0xE8, 0x4D, 0x00, 0x00, 0x00, 0x00, 0x15, 0x02, 0x00, 0x00, 0x00, 0x1D, 0x80, 0x00, 0x68, 0x34, 0x00, 0x00, 0x19, 0x6E, 0x00, 0x5D, 0x2F, 0x00, 0x00, 0x02, 0x60, 0x9B,
  0x73, 0x0A, 0x00, 0x00, 0x8D, 0xC4, 0x5E, 0xA6, 0xBC, 0x00, 0x14, 0xF1, 0x12, 0x00, 0x02, 0xD5, 0x42, 0x4D, 0xC0, 0x00, 0x00, 0x00, 0x92, 0x7D, 0x5F, 0xB0, 0x00, 0x00, 0x00, 0x80, 0x8F, 0x59, 0xB4, 0x00, 0x00, 0x00, 0x85, 0x89, 0x34, 0xDF,
  0x00, 0x00, 0x00, 0xAD, 0x65, 0x01, 0xD5, 0x60, 0x00, 0x31, 0xED, 0x16, 0x00, 0x2B, 0xD8, 0xE4, 0xE8, 0x4D, 0x00, 0x00, 0x00, 0x00, 0x15, 0x02, 0x00, 0x00, 0x44, 0x0F, 0x00, 0x00, 0x4F, 0x04, 0x8C, 0xC8, 0x0E, 0x70, 0xDC, 0x17, 0x00, 0x95,
  0xDD, 0xDE, 0x1E, 0x00, 0x00, 0x67, 0xF7, 0xC4, 0x0A, 0x00, 0x61, 0xE3, 0x25, 0x9E, 0xBD, 0x09, 0x76, 0x26, 0x00, 0x02, 0x85, 0x15, 0x00, 0x01, 0x68, 0x9F, 0x74, 0x48, 0x7F, 0x00, 0x8E, 0xBF, 0x59, 0xAC, 0xF5, 0x12, 0x1B, 0xEE, 0x0D, 0x00,
  0x69, 0xFB, 0x2F, 0x53, 0xB6, 0x00, 0x13, 0xBD, 0xA3, 0x6C, 0x6A, 0xA4, 0x00, 0x98, 0x3C, 0x8C, 0x82, 0x66, 0xA7, 0x32, 0xA0, 0x00, 0x94, 0x79, 0x42, 0xD0, 0xB9, 0x19, 0x00, 0xBD, 0x53, 0x05, 0xE0, 0x94, 0x00, 0x3C, 0xE8, 0x08, 0x0D, 0xC5,
  0xDC, 0xE5, 0xE6, 0x3A, 0x00, 0x3A, 0x39, 0x00, 0x16, 0x04, 0x00, 0x00, 0x00, 0x00, 0x2B, 0x9D, 0x06, 0x00, 0x00, 0x00, 0x00, 0x00, 0x74, 0x69, 0x00, 0x00, 0x17, 0x74, 0x00, 0x00, 0x00, 0x5B, 0x32, 0x2D, 0xDC, 0x00, 0x00, 0x00, 0xAD, 0x60,
  0x2D, 0xDC, 0x00, 0x00, 0x00, 0xAD, 0x60, 0x2E, 0xDD, 0x00, 0x00, 0x00, 0xAE, 0x61, 0x2F, 0xDE, 0x00, 0x00, 0x00, 0xAF, 0x62, 0x2F, 0xDE, 0x00, 0x00, 0x00, 0xAF, 0x62, 0x22, 0xEC, 0x00, 0x00, 0x00, 0xBC, 0x55, 0x01, 0xDB, 0x54, 0x00, 0x2C,
  0xED, 0x19, 0x00, 0x32, 0xD8, 0xD9, 0xE4, 0x4F, 0x00, 0x00, 0x00, 0x00, 0x13, 0x01, 0x00, 0x00, 0x00, 0x00, 0x00, 0x00, 0x80, 0x4D, 0x00, 0x00, 0x00, 0x00, 0x40, 0x93, 0x01, 0x00, 0x17, 0x74, 0x00, 0x00, 0x00, 0x5B, 0x32, 0x2D, 0xDC, 0x00,
  0x00, 0x00, 0xAD, 0x60, 0x2D, 0xDC, 0x00, 0x00, 0x00, 0xAD, 0x60, 0x2E, 0xDD, 0x00, 0x00, 0x00, 0xAE, 0x61, 0x2F, 0xDE, 0x00, 0x00, 0x00, 0xAF, 0x62, 0x2F, 0xDE, 0x00, 0x00, 0x00, 0xAF, 0x62, 0x22, 0xEC, 0x00, 0x00, 0x00, 0xBC, 0x55, 0x01,
  0xDB, 0x54, 0x00, 0x2C, 0xED, 0x19, 0x00, 0x32, 0xD8, 0xD9, 0xE4, 0x4F, 0x00, 0x00, 0x00, 0x00, 0x13, 0x01, 0x00, 0x00, 0x00, 0x00, 0x0F, 0xB1, 0x96, 0x02, 0x00, 0x00, 0x00, 0x70, 0x39, 0x5D, 0x4D, 0x00, 0x17, 0x74, 0x00, 0x00, 0x00, 0x5B,
  0x32, 0x2D, 0xDC, 0x00, 0x00, 0x00, 0xAD, 0x60, 0x2D, 0xDC, 0x00, 0x00, 0x00, 0xAD, 0x60, 0x2E, 0xDD, 0x00, 0x00, 0x00, 0xAE, 0x61, 0x2F, 0xDE, 0x00, 0x00, 0x00, 0xAF, 0x62, 0x2F, 0xDE, 0x00, 0x00, 0x00, 0xAF, 0x62, 0x22, 0xEC, 0x00, 0x00,
  0x00, 0xBC, 0x55, 0x01, 0xDB, 0x54, 0x00, 0x2C, 0xED, 0x19, 0x00, 0x32, 0xD8, 0xD9, 0xE4, 0x4F, 0x00, 0x00, 0x00, 0x00, 0x13, 0x01, 0x00, 0x00, 0x00, 0x1D, 0x80, 0x00, 0x68, 0x34, 0x00, 0x00, 0x19, 0x6E, 0x00, 0x5D, 0x2F, 0x00, 0x17, 0x74,
  0x00, 0x00, 0x00, 0x5B, 0x32, 0x2D, 0xDC, 0x00, 0x00, 0x00, 0xAD, 0x60, 0x2D, 0xDC, 0x00, 0x00, 0x00, 0xAD, 0x60, 0x2E, 0xDD, 0x00, 0x00, 0x00, 0xAE, 0x61, 0x2F, 0xDE, 0x00, 0x00, 0x00, 0xAF, 0x62, 0x2F, 0xDE, 0x00, 0x00, 0x00, 0xAF, 0x62,
  0x22, 0xEC, 0x00, 0x00, 0x00, 0xBC, 0x55, 0x01, 0xDB, 0x54, 0x00, 0x2C, 0xED, 0x19, 0x00, 0x32, 0xD8, 0xD9, 0xE4, 0x4F, 0x00, 0x00, 0x00, 0x00, 0x13, 0x01, 0x00, 0x00, 0x00, 0x00, 0x00, 0x00, 0x80, 0x4D, 0x00, 0x00, 0x00, 0x00, 0x40, 0x93,
  0x01, 0x00, 0x45, 0x60, 0x00, 0x00, 0x00, 0x56, 0x4D, 0x24, 0xF4, 0x17, 0x00, 0x0C, 0xEF, 0x32, 0x00, 0xA1, 0x82, 0x00, 0x71, 0xB2, 0x00, 0x00, 0x25, 0xE9, 0x0E, 0xE1, 0x34, 0x00, 0x00, 0x00, 0xA3, 0xBE, 0xB5, 0x00, 0x00, 0x00, 0x00, 0x27,
  0xFF, 0x39, 0x00, 0x00, 0x00, 0x00, 0x00, 0xFB, 0x0D, 0x00, 0x00, 0x00, 0x00, 0x00, 0xFA, 0x0B, 0x00, 0x00, 0x00, 0x00, 0x00, 0xF8, 0x08, 0x00, 0x00, 0x00, 0x00, 0x02, 0x13, 0x00, 0x00, 0x00, 0x00, 0x3D, 0xE2, 0xD7, 0xC3, 0x09, 0x00, 0x00,
  0xCF, 0x55, 0x00, 0xBF, 0x50, 0x00, 0x01, 0xFB, 0x15, 0x00, 0xC5, 0x43, 0x00, 0x03, 0xFF, 0x0F, 0x40, 0xDB, 0x02, 0x00, 0x03, 0xFF, 0x0F, 0x5E, 0xC5, 0x00, 0x00, 0x03, 0xFF, 0x0F, 0x0A, 0xCF, 0x8A, 0x00, 0x03, 0xFF, 0x0F, 0x00, 0x11, 0xE3,
  0x45, 0x03, 0xFF, 0x15, 0x06, 0x00, 0xBA, 0x62, 0x03, 0xFF, 0x41, 0xE4, 0xD2, 0xD2, 0x11, 0x00, 0x00, 0x00, 0x08, 0x18, 0x01, 0x00, 0x00, 0x2B, 0x9D, 0x06, 0x00, 0x00, 0x00, 0x00, 0x00, 0x74, 0x69, 0x00, 0x00, 0x00, 0x00, 0x00, 0x3A, 0x69,
  0x4A, 0x03, 0x00, 0x00, 0x8C, 0xC3, 0x75, 0xBC, 0xAF, 0x00, 0x00, 0x61, 0x14, 0x00, 0x0A, 0xFC, 0x0C, 0x00, 0x28, 0xA4, 0xC6, 0xC3, 0xFF, 0x17, 0x00, 0xE0, 0x51, 0x00, 0x00, 0xFB, 0x17, 0x07, 0xFD, 0x24, 0x00, 0x47, 0xFF, 0x19, 0x00, 0x7A,
  0xF1, 0xDE, 0xB1, 0xF0, 0x36, 0x00, 0x00, 0x09, 0x12, 0x00, 0x00, 0x00, 0x00, 0x00, 0x00, 0x00, 0x80, 0x4D, 0x00, 0x00, 0x00, 0x00, 0x40, 0x93, 0x01, 0x00, 0x00, 0x00, 0x3A, 0x69, 0x4A, 0x03, 0x00, 0x00, 0x8C, 0xC3, 0x75, 0xBC, 0xAF, 0x00,
  0x00, 0x61, 0x14, 0x00, 0x0A, 0xFC, 0x0C, 0x00, 0x28, 0xA4, 0xC6, 0xC3, 0xFF, 0x17, 0x00, 0xE0, 0x51, 0x00, 0x00, 0xFB, 0x17, 0x07, 0xFD, 0x24, 0x00, 0x47, 0xFF, 0x19, 0x00, 0x7A, 0xF1, 0xDE, 0xB1, 0xF0, 0x36, 0x00, 0x00, 0x09, 0x12, 0x00,
  0x00, 0x00, 0x00, 0x00, 0x0F, 0xB1, 0x96, 0x02, 0x00, 0x00, 0x00, 0x70, 0x39, 0x5D, 0x4D, 0x00, 0x00, 0x00, 0x3A, 0x69, 0x4A, 0x03, 0x00, 0x00, 0x8C, 0xC3, 0x75, 0xBC, 0xAF, 0x00, 0x00, 0x61, 0x14, 0x00, 0x0A, 0xFC, 0x0C, 0x00, 0x28, 0xA4,
  0xC6, 0xC3, 0xFF, 0x17, 0x00, 0xE0, 0x51, 0x00, 0x00, 0xFB, 0x17, 0x07, 0xFD, 0x24, 0x00, 0x47, 0xFF, 0x19, 0x00, 0x7A, 0xF1, 0xDE, 0xB1, 0xF0, 0x36, 0x00, 0x00, 0x09, 0x12, 0x00, 0x00, 0x00, 0x00, 0x01, 0x9B, 0xAB, 0x52, 0x92, 0x00, 0x00,
  0x14, 0x63, 0x2C, 0x87, 0x30, 0x00, 0x00, 0x00, 0x3A, 0x69, 0x4A, 0x03, 0x00, 0x00, 0x8C, 0xC3, 0x75, 0xBC, 0xAF, 0x00, 0x00, 0x61, 0x14, 0x00, 0x0A, 0xFC, 0x0C, 0x00, 0x28, 0xA4, 0xC6, 0xC3, 0xFF, 0x17, 0x00, 0xE0, 0x51, 0x00, 0x00, 0xFB,
  0x17, 0x07, 0xFD, 0x24, 0x00, 0x47, 0xFF, 0x19, 0x00, 0x7A, 0xF1, 0xDE, 0xB1, 0xF0, 0x36, 0x00, 0x00, 0x09, 0x12, 0x00, 0x00, 0x00, 0x00, 0x1D, 0x80, 0x00, 0x68, 0x34, 0x00, 0x00, 0x19, 0x6E, 0x00, 0x5D, 0x2F, 0x00, 0x00, 0x00, 0x3A, 0x69,
  0x4A, 0x03, 0x00, 0x00, 0x8C, 0xC3, 0x75, 0xBC, 0xAF, 0x00, 0x00, 0x61, 0x14, 0x00, 0x0A, 0xFC, 0x0C, 0x00, 0x28, 0xA4, 0xC6, 0xC3, 0xFF, 0x17, 0x00, 0xE0, 0x51, 0x00, 0x00, 0xFB, 0x17, 0x07, 0xFD, 0x24, 0x00, 0x47, 0xFF, 0x19, 0x00, 0x7A,
  0xF1, 0xDE, 0xB1, 0xF0, 0x36, 0x00, 0x00, 0x09, 0x12, 0x00, 0x00, 0x00, 0x00, 0x00, 0x3C, 0x92, 0x5E, 0x00, 0x00, 0x00, 0x00, 0x85, 0x2E, 0x98, 0x00, 0x00, 0x00, 0x00, 0x0D, 0x67, 0x1F, 0x00, 0x00, 0x00, 0x00, 0x3A, 0x69, 0x4A, 0x03, 0x00,
  0x00, 0x8C, 0xC3, 0x75, 0xBC, 0xAF, 0x00, 0x00, 0x61, 0x14, 0x00, 0x0A, 0xFC, 0x0C, 0x00, 0x28, 0xA4, 0xC6, 0xC3, 0xFF, 0x17, 0x00, 0xE0, 0x51, 0x00, 0x00, 0xFB, 0x17, 0x07, 0xFD, 0x24, 0x00, 0x47, 0xFF, 0x19, 0x00, 0x7A, 0xF1, 0xDE, 0xB1,
  0xF0, 0x36, 0x00, 0x00, 0x09, 0x12, 0x00, 0x00, 0x00, 0x00, 0x4A, 0x68, 0x1A, 0x57, 0x5D, 0x08, 0x6A, 0xCE, 0x94, 0xF8, 0xAF, 0xA9, 0xAC, 0x33, 0x26, 0x03, 0xFF, 0x13, 0x11, 0xF2, 0x0C, 0x7F, 0xB1, 0xFF, 0xC1, 0xC2, 0xFB, 0x8E, 0xB3, 0x22,
  0xFF, 0x20, 0x17, 0x17, 0xB5, 0x60, 0x04, 0xFF, 0x39, 0x00, 0x06, 0x55, 0xEC, 0xD4, 0x8C, 0xE6, 0xCA, 0xAB, 0x00, 0x0C, 0x0B, 0x00, 0x08, 0x17, 0x00, 0x00, 0x00, 0x2D, 0x6B, 0x4C, 0x03, 0x00, 0x00, 0x5E, 0xDE, 0x81, 0xAE, 0xC0, 0x03, 0x02,
  0xEB, 0x30, 0x00, 0x00, 0xB6, 0x2B, 0x1E, 0xF3, 0x00, 0x00, 0x00, 0x00, 0x00, 0x14, 0xF9, 0x03, 0x00, 0x00, 0x00, 0x00, 0x00, 0xCA, 0x66, 0x00, 0x11, 0xE3, 0x27, 0x00, 0x26, 0xD1, 0xD5, 0xE2, 0x6C, 0x00, 0x00, 0x00, 0x26, 0xE8, 0x2F, 0x00,
  0x00, 0x00, 0x00, 0x06, 0x82, 0x70, 0x00, 0x00, 0x00, 0x00, 0x25, 0x6D, 0x07, 0x00, 0x00, 0x00, 0x2B, 0x9D, 0x06, 0x00, 0x00, 0x00, 0x00, 0x00, 0x74, 0x69, 0x00, 0x00, 0x00, 0x00, 0x00, 0x25, 0x65, 0x49, 0x02, 0x00, 0x00, 0x54, 0xDB, 0x7F,
  0xB7, 0xB0, 0x00, 0x03, 0xEC, 0x2B, 0x00, 0x02, 0xDB, 0x36, 0x25, 0xFC, 0xBF, 0xBF, 0xBF, 0xEC, 0x60, 0x1F, 0xF5, 0x26, 0x23, 0x23, 0x23, 0x0E, 0x00, 0xD2, 0x6F, 0x00, 0x00, 0x66, 0x12, 0x00, 0x27, 0xC9, 0xD7, 0xE4, 0xA2, 0x07, 0x00, 0x00,
  0x00, 0x0F, 0x0C, 0x00, 0x00, 0x00, 0x00, 0x00, 0x00, 0x80, 0x4D, 0x00, 0x00, 0x00, 0x00, 0x40, 0x93, 0x01, 0x00, 0x00, 0x00, 0x25, 0x65, 0x49, 0x02, 0x00, 0x00, 0x54, 0xDB, 0x7F, 0xB7, 0xB0, 0x00, 0x03, 0xEC, 0x2B, 0x00, 0x02, 0xDB, 0x36,
  0x25, 0xFC, 0xBF, 0xBF, 0xBF, 0xEC, 0x60, 0x1F, 0xF5, 0x26, 0x23, 0x23, 0x23, 0x0E, 0x00, 0xD2, 0x6F, 0x00, 0x00, 0x66, 0x12, 0x00, 0x27, 0xC9, 0xD7, 0xE4, 0xA2, 0x07, 0x00, 0x00, 0x00, 0x0F, 0x0C, 0x00, 0x00, 0x00, 0x00, 0x0F, 0xB1, 0x96,
  0x02, 0x00, 0x00, 0x00, 0x70, 0x39, 0x5D, 0x4D, 0x00, 0x00, 0x00, 0x25, 0x65, 0x49, 0x02, 0x00, 0x00, 0x54, 0xDB, 0x7F, 0xB7, 0xB0, 0x00, 0x03, 0xEC, 0x2B, 0x00, 0x02, 0xDB, 0x36, 0x25, 0xFC, 0xBF, 0xBF, 0xBF, 0xEC, 0x60, 0x1F, 0xF5, 0x26,
  0x23, 0x23, 0x23, 0x0E, 0x00, 0xD2, 0x6F, 0x00, 0x00, 0x66, 0x12, 0x00, 0x27, 0xC9, 0xD7, 0xE4, 0xA2, 0x07, 0x00, 0x00, 0x00, 0x0F, 0x0C, 0x00, 0x00, 0x00, 0x1D, 0x80, 0x00, 0x68, 0x34, 0x00, 0x00, 0x19, 0x6E, 0x00, 0x5D, 0x2F, 0x00, 0x00,
  0x00, 0x25, 0x65, 0x49, 0x02, 0x00, 0x00, 0x54, 0xDB, 0x7F, 0xB7, 0xB0, 0x00, 0x03, 0xEC, 0x2B, 0x00, 0x02, 0xDB, 0x36, 0x25, 0xFC, 0xBF, 0xBF, 0xBF, 0xEC, 0x60, 0x1F, 0xF5, 0x26, 0x23, 0x23, 0x23, 0x0E, 0x00, 0xD2, 0x6F, 0x00, 0x00, 0x66,
  0x12, 0x00, 0x27, 0xC9, 0xD7, 0xE4, 0xA2, 0x07, 0x00, 0x00, 0x00, 0x0F, 0x0C, 0x00, 0x00, 0x00, 0x2B, 0x9D, 0x06, 0x00, 0x00, 0x00, 0x00, 0x74, 0x69, 0x00, 0x00, 0x47, 0x57, 0x57, 0x26, 0x00, 0x00, 0x7E, 0x9B, 0xDD, 0x6F, 0x00, 0x00, 0x00,
  0x00, 0xA7, 0x6F, 0x00, 0x00, 0x00, 0x00, 0xA7, 0x6F, 0x00, 0x00, 0x00, 0x00, 0xA7, 0x6F, 0x00, 0x00, 0x00, 0x00, 0xA7, 0x6F, 0x00, 0x00, 0xC2, 0xEF, 0xFA, 0xF6, 0xEF, 0x77, 0x00, 0x00, 0x00, 0x80, 0x4D, 0x00, 0x00, 0x00, 0x40, 0x93, 0x01,
  0x00, 0x47, 0x57, 0x57, 0x26, 0x00, 0x00, 0x7E, 0x9B, 0xDD, 0x6F, 0x00, 0x00, 0x00, 0x00, 0xA7, 0x6F, 0x00, 0x00, 0x00, 0x00, 0xA7, 0x6F, 0x00, 0x00, 0x00, 0x00, 0xA7, 0x6F, 0x00, 0x00, 0x00, 0x00, 0xA7, 0x6F, 0x00, 0x00, 0xC2, 0xEF, 0xFA,
  0xF6, 0xEF, 0x77, 0x00, 0x0F, 0xB1, 0x96, 0x02, 0x00, 0x00, 0x70, 0x39, 0x5D, 0x4D, 0x00, 0x47, 0x57, 0x57, 0x26, 0x00, 0x00, 0x7E, 0x9B, 0xDD, 0x6F, 0x00, 0x00, 0x00, 0x00, 0xA7, 0x6F, 0x00, 0x00, 0x00, 0x00, 0xA7, 0x6F, 0x00, 0x00, 0x00,
  0x00, 0xA7, 0x6F, 0x00, 0x00, 0x00, 0x00, 0xA7, 0x6F, 0x00, 0x00, 0xC2, 0xEF, 0xFA, 0xF6, 0xEF, 0x77, 0x1D, 0x80, 0x00, 0x68, 0x34, 0x00, 0x19, 0x6E, 0x00, 0x5D, 0x2F, 0x00, 0x47, 0x57, 0x57, 0x26, 0x00, 0x00, 0x7E, 0x9B, 0xDD, 0x6F, 0x00,
  0x00, 0x00, 0x00, 0xA7, 0x6F, 0x00, 0x00, 0x00, 0x00, 0xA7, 0x6F, 0x00, 0x00, 0x00, 0x00, 0xA7, 0x6F, 0x00, 0x00, 0x00, 0x00, 0xA7, 0x6F, 0x00, 0x00, 0xC2, 0xEF, 0xFA, 0xF6, 0xEF, 0x77, 0x01, 0x9B, 0xAB, 0x52, 0x92, 0x00, 0x14, 0x63, 0x2C,
  0x87, 0x30, 0x00, 0x56, 0x09, 0x59, 0x61, 0x0F, 0x00, 0xFB, 0xB4, 0x83, 0xB0, 0xD4, 0x03, 0xFB, 0x2D, 0x00, 0x02, 0xEB, 0x2A, 0xFB, 0x1B, 0x00, 0x00, 0xD7, 0x3B, 0xFB, 0x1B, 0x00, 0x00, 0xD7, 0x3B, 0xFB, 0x1B, 0x00, 0x00, 0xD7, 0x3B, 0xFB,
  0x1B, 0x00, 0x00, 0xD7, 0x3B, 0x00, 0x2B, 0x9D, 0x06, 0x00, 0x00, 0x00, 0x00, 0x00, 0x74, 0x69, 0x00, 0x00, 0x00, 0x00, 0x00, 0x30, 0x66, 0x40, 0x00, 0x00, 0x00, 0x73, 0xD6, 0x7F, 0xC3, 0xA4, 0x00, 0x12, 0xF2, 0x1D, 0x00, 0x05, 0xE0, 0x3B,
  0x3C, 0xD5, 0x00, 0x00, 0x00, 0xA5, 0x6F, 0x31, 0xDF, 0x00, 0x00, 0x00, 0xB0, 0x63, 0x06, 0xE0, 0x4B, 0x00, 0x24, 0xED, 0x1F, 0x00, 0x35, 0xD7, 0xD3, 0xE2, 0x56, 0x00, 0x00, 0x00, 0x00, 0x12, 0x01, 0x00, 0x00, 0x00, 0x00, 0x00, 0x00, 0x80,
  0x4D, 0x00, 0x00, 0x00, 0x00, 0x40, 0x93, 0x01, 0x00, 0x00, 0x00, 0x30, 0x66, 0x40, 0x00, 0x00, 0x00, 0x73, 0xD6, 0x7F, 0xC3, 0xA4, 0x00, 0x12, 0xF2, 0x1D, 0x00, 0x05, 0xE0, 0x3B, 0x3C, 0xD5, 0x00, 0x00, 0x00, 0xA5, 0x6F, 0x31, 0xDF, 0x00,
  0x00, 0x00, 0xB0, 0x63, 0x06, 0xE0, 0x4B, 0x00, 0x24, 0xED, 0x1F, 0x00, 0x35, 0xD7, 0xD3, 0xE2, 0x56, 0x00, 0x00, 0x00, 0x00, 0x12, 0x01, 0x00, 0x00, 0x00, 0x00, 0x0F, 0xB1, 0x96, 0x02, 0x00, 0x00, 0x00, 0x70, 0x39, 0x5D, 0x4D, 0x00, 0x00,
  0x00, 0x30, 0x66, 0x40, 0x00, 0x00, 0x00, 0x73, 0xD6, 0x7F, 0xC3, 0xA4, 0x00, 0x12, 0xF2, 0x1D, 0x00, 0x05, 0xE0, 0x3B, 0x3C, 0xD5, 0x00, 0x00, 0x00, 0xA5, 0x6F, 0x31, 0xDF, 0x00, 0x00, 0x00, 0xB0, 0x63, 0x06, 0xE0, 0x4B, 0x00, 0x24, 0xED,
  0x1F, 0x00, 0x35, 0xD7, 0xD3, 0xE2, 0x56, 0x00, 0x00, 0x00, 0x00, 0x12, 0x01, 0x00, 0x00, 0x00, 0x01, 0x9B, 0xAB, 0x52, 0x92, 0x00, 0x00, 0x14, 0x63, 0x2C, 0x87, 0x30, 0x00, 0x00, 0x00, 0x30, 0x66, 0x40, 0x00, 0x00, 0x00, 0x73, 0xD6, 0x7F,
  0xC3, 0xA4, 0x00, 0x12, 0xF2, 0x1D, 0x00, 0x05, 0xE0, 0x3B, 0x3C, 0xD5, 0x00, 0x00, 0x00, 0xA5, 0x6F, 0x31, 0xDF, 0x00, 0x00, 0x00, 0xB0, 0x63, 0x06, 0xE0, 0x4B, 0x00, 0x24, 0xED, 0x1F, 0x00, 0x35, 0xD7, 0xD3, 0xE2, 0x56, 0x00, 0x00, 0x00,
  0x00, 0x12, 0x01, 0x00, 0x00, 0x00, 0x1D, 0x80, 0x00, 0x68, 0x34, 0x00, 0x00, 0x19, 0x6E, 0x00, 0x5D, 0x2F, 0x00, 0x00, 0x00, 0x30, 0x66, 0x40, 0x00, 0x00, 0x00, 0x73, 0xD6, 0x7F, 0xC3, 0xA4, 0x00, 0x12, 0xF2, 0x1D, 0x00, 0x05, 0xE0, 0x3B,
  0x3C, 0xD5, 0x00, 0x00, 0x00, 0xA5, 0x6F, 0x31, 0xDF, 0x00, 0x00, 0x00, 0xB0, 0x63, 0x06, 0xE0, 0x4B, 0x00, 0x24, 0xED, 0x1F, 0x00, 0x35, 0xD7, 0xD3, 0xE2, 0x56, 0x00, 0x00, 0x00, 0x00, 0x12, 0x01, 0x00, 0x00, 0x00, 0x00, 0x00, 0x02, 0x00,
  0x00, 0x00, 0x00, 0x00, 0x00, 0xE9, 0x25, 0x00, 0x00, 0x00, 0x00, 0x00, 0x18, 0x00, 0x00, 0x00, 0x31, 0x97, 0x97, 0x97, 0x97, 0x97, 0x4E, 0x28, 0x7B, 0x7B, 0x7B, 0x7B, 0x7B, 0x3F, 0x00, 0x00, 0x00, 0x2C, 0x02, 0x00, 0x00, 0x00, 0x00, 0x01,
  0xDA, 0x23, 0x00, 0x00, 0x00, 0x00, 0x00, 0x00, 0x00, 0x0E, 0x00, 0x00, 0x00, 0x30, 0x68, 0x5B, 0x9D, 0x00, 0x00, 0x73, 0xD6, 0x7D, 0xE0, 0xB0, 0x00, 0x12, 0xF2, 0x1D, 0x1A, 0xA3, 0xDD, 0x40, 0x3C, 0xD5, 0x00, 0x8F, 0x2A, 0xA3, 0x73, 0x37,
  0xE1, 0x17, 0xA0, 0x00, 0xB0, 0x63, 0x05, 0xE5, 0xC0, 0x2D, 0x24, 0xED, 0x1F, 0x00, 0x4C, 0xF9, 0xCE, 0xE2, 0x56, 0x00, 0x00, 0x61, 0x33, 0x17, 0x01, 0x00, 0x00, 0x2B, 0x9D, 0x06, 0x00, 0x00, 0x00, 0x00, 0x74, 0x69, 0x00, 0x00, 0x00, 0x52,
  0x0C, 0x00, 0x00, 0x4F, 0x10, 0xEF, 0x23, 0x00, 0x00, 0xE7, 0x2F, 0xEF, 0x23, 0x00, 0x00, 0xE7, 0x2F, 0xEF, 0x23, 0x00, 0x00, 0xE7, 0x2F, 0xEB, 0x27, 0x00, 0x00, 0xE7, 0x2F, 0xCA, 0x57, 0x00, 0x2C, 0xF9, 0x2F, 0x45, 0xEA, 0xD4, 0xA9, 0xDB,
  0x2F, 0x00, 0x05, 0x15, 0x00, 0x00, 0x00, 0x00, 0x00, 0x00, 0x80, 0x4D, 0x00, 0x00, 0x00, 0x40, 0x93, 0x01, 0x00, 0x52, 0x0C, 0x00, 0x00, 0x4F, 0x10, 0xEF, 0x23, 0x00, 0x00, 0xE7, 0x2F, 0xEF, 0x23, 0x00, 0x00, 0xE7, 0x2F, 0xEF, 0x23, 0x00,
  0x00, 0xE7, 0x2F, 0xEB, 0x27, 0x00, 0x00, 0xE7, 0x2F, 0xCA, 0x57, 0x00, 0x2C, 0xF9, 0x2F, 0x45, 0xEA, 0xD4, 0xA9, 0xDB, 0x2F, 0x00, 0x05, 0x15, 0x00, 0x00, 0x00, 0x00, 0x0F, 0xB1, 0x96, 0x02, 0x00, 0x00, 0x70, 0x39, 0x5D, 0x4D, 0x00, 0x52,
  0x0C, 0x00, 0x00, 0x4F, 0x10, 0xEF, 0x23, 0x00, 0x00, 0xE7, 0x2F, 0xEF, 0x23, 0x00, 0x00, 0xE7, 0x2F, 0xEF, 0x23, 0x00, 0x00, 0xE7, 0x2F, 0xEB, 0x27, 0x00, 0x00, 0xE7, 0x2F, 0xCA, 0x57, 0x00, 0x2C, 0xF9, 0x2F, 0x45, 0xEA, 0xD4, 0xA9, 0xDB,
  0x2F, 0x00, 0x05, 0x15, 0x00, 0x00, 0x00, 0x1D, 0x80, 0x00, 0x68, 0x34, 0x00, 0x19, 0x6E, 0x00, 0x5D, 0x2F, 0x00, 0x52, 0x0C, 0x00, 0x00, 0x4F, 0x10, 0xEF, 0x23, 0x00, 0x00, 0xE7, 0x2F, 0xEF, 0x23, 0x00, 0x00, 0xE7, 0x2F, 0xEF, 0x23, 0x00,
  0x00, 0xE7, 0x2F, 0xEB, 0x27, 0x00, 0x00, 0xE7, 0x2F, 0xCA, 0x57, 0x00, 0x2C, 0xF9, 0x2F, 0x45, 0xEA, 0xD4, 0xA9, 0xDB, 0x2F, 0x00, 0x05, 0x15, 0x00, 0x00, 0x00, 0x00, 0x00, 0x00, 0x00, 0x80, 0x4D, 0x00, 0x00, 0x00, 0x00, 0x40, 0x93, 0x01,
  0x00, 0x2D, 0x3B, 0x00, 0x00, 0x00, 0x2C, 0x3E, 0x37, 0xEE, 0x0A, 0x00, 0x00, 0xC5, 0x68, 0x00, 0xC4, 0x65, 0x00, 0x2B, 0xED, 0x0A, 0x00, 0x51, 0xD2, 0x00, 0x90, 0x87, 0x00, 0x00, 0x02, 0xDB, 0x47, 0xE8, 0x1C, 0x00, 0x00, 0x00, 0x6A, 0xE5,
  0xA6, 0x00, 0x00, 0x00, 0x00, 0x0A, 0xF7, 0x37, 0x00, 0x00, 0x00, 0x00, 0x48, 0xC6, 0x00, 0x00, 0x00, 0x01, 0x6C, 0xE1, 0x41, 0x00, 0x00, 0x00, 0x0C, 0x86, 0x3E, 0x00, 0x00, 0x00, 0x00, 0x00, 0x1D, 0x80, 0x00, 0x68, 0x34, 0x00, 0x00, 0x19,
  0x6E, 0x00, 0x5D, 0x2F, 0x00, 0x2D, 0x3B, 0x00, 0x00, 0x00, 0x2C, 0x3E, 0x37, 0xEE, 0x0A, 0x00, 0x00, 0xC5, 0x68, 0x00, 0xC4, 0x65, 0x00, 0x2B, 0xED, 0x0A, 0x00, 0x51, 0xD2, 0x00, 0x90, 0x87, 0x00, 0x00, 0x02, 0xDB, 0x47, 0xE8, 0x1C, 0x00,
  0x00, 0x00, 0x6A, 0xE5, 0xA6, 0x00, 0x00, 0x00, 0x00, 0x0A, 0xF7, 0x37, 0x00, 0x00, 0x00, 0x00, 0x48, 0xC6, 0x00, 0x00, 0x00, 0x01, 0x6C, 0xE1, 0x41, 0x00, 0x00, 0x00, 0x0C, 0x86, 0x3E, 0x00, 0x00, 0x00, 0x00, 0x00, 0x0E, 0x6C, 0x00, 0x53,
  0x28, 0x00, 0x00, 0x01, 0xA3, 0xB3, 0xBA, 0x0E, 0x00, 0x00, 0x00, 0x00, 0x74, 0x1E, 0x00, 0x00, 0x00, 0x00, 0x1B, 0xFE, 0x77, 0x00, 0x00, 0x00, 0x00, 0x6D, 0xC5, 0xC8, 0x00, 0x00, 0x00, 0x00, 0xC0, 0x44, 0xE4, 0x1A, 0x00, 0x00, 0x16, 0xEB,
  0x04, 0x98, 0x6A, 0x00, 0x00, 0x66, 0xB7, 0x27, 0x6C, 0xBB, 0x00, 0x00, 0xB9, 0xD7, 0xCB, 0xCB, 0xF4, 0x11, 0x11, 0xF4, 0x0E, 0x00, 0x00, 0xB1, 0x5D, 0x5E, 0xB7, 0x00, 0x00, 0x00, 0x63, 0xAE, 0x00, 0x0E, 0x6C, 0x00, 0x53, 0x28, 0x00, 0x00,
  0x01, 0xA3, 0xB3, 0xBA, 0x0E, 0x00, 0x00, 0x00, 0x00, 0x00, 0x00, 0x00, 0x00, 0x00, 0x00, 0x3A, 0x69, 0x4A, 0x03, 0x00, 0x00, 0x8C, 0xC3, 0x75, 0xBC, 0xAF, 0x00, 0x00, 0x61, 0x14, 0x00, 0x0A, 0xFC, 0x0C, 0x00, 0x28, 0xA4, 0xC6, 0xC3, 0xFF,
  0x17, 0x00, 0xE0, 0x51, 0x00, 0x00, 0xFB, 0x17, 0x07, 0xFD, 0x24, 0x00, 0x47, 0xFF, 0x19, 0x00, 0x7A, 0xF1, 0xDE, 0xB1, 0xF0, 0x36, 0x00, 0x00, 0x09, 0x12, 0x00, 0x00, 0x00, 0x00, 0x00, 0x00, 0x74, 0x1E, 0x00, 0x00, 0x00, 0x00, 0x1B, 0xFE,
  0x77, 0x00, 0x00, 0x00, 0x00, 0x6D, 0xC5, 0xC8, 0x00, 0x00, 0x00, 0x00, 0xC0, 0x44, 0xE4, 0x1A, 0x00, 0x00, 0x16, 0xEB, 0x04, 0x98, 0x6A, 0x00, 0x00, 0x66, 0xB7, 0x27, 0x6C, 0xBB, 0x00, 0x00, 0xB9, 0xD7, 0xCB, 0xCB, 0xF4, 0x11, 0x11, 0xF4,
  0x0E, 0x00, 0x00, 0xB1, 0x5D, 0x5E, 0xB7, 0x00, 0x00, 0x00, 0x68, 0xAE, 0x00, 0x00, 0x00, 0x00, 0x14, 0xC1, 0x1B, 0x00, 0x00, 0x00, 0x00, 0x56, 0xBD, 0x38, 0x00, 0x00, 0x00, 0x00, 0x0A, 0x77, 0x51, 0x00, 0x00, 0x3A, 0x69, 0x4A, 0x03, 0x00,
  0x00, 0x8C, 0xC3, 0x75, 0xBC, 0xAF, 0x00, 0x00, 0x61, 0x14, 0x00, 0x0A, 0xFC, 0x0C, 0x00, 0x28, 0xA4, 0xC7, 0xC3, 0xFF, 0x17, 0x00, 0xE0, 0x51, 0x01, 0x00, 0xFB, 0x17, 0x07, 0xFD, 0x24, 0x00, 0x47, 0xFF, 0x19, 0x00, 0x7A, 0xF1, 0xDE, 0xB1,
  0xF1, 0x36, 0x00, 0x00, 0x09, 0x12, 0x71, 0x7E, 0x00, 0x00, 0x00, 0x00, 0x00, 0xD0, 0x69, 0x13, 0x00, 0x00, 0x00, 0x00, 0x3C, 0x7E, 0x19, 0x00, 0x00, 0x00, 0x00, 0x80, 0x4D, 0x00, 0x00, 0x00, 0x00, 0x40, 0x93, 0x01, 0x00, 0x00, 0x02, 0x60,
  0x9C, 0x7E, 0x15, 0x00, 0x00, 0x94, 0xB7, 0x49, 0x7F, 0xE0, 0x0E, 0x18, 0xF1, 0x0E, 0x00, 0x00, 0xB4, 0x63, 0x4F, 0xC3, 0x00, 0x00, 0x00, 0x0A, 0x0A, 0x5F, 0xB8, 0x00, 0x00, 0x00, 0x00, 0x00, 0x5A, 0xBA, 0x00, 0x00, 0x00, 0x00, 0x00, 0x37,
  0xDB, 0x00, 0x00, 0x00, 0x57, 0x42, 0x03, 0xDB, 0x4F, 0x00, 0x13, 0xE1, 0x34, 0x00, 0x2E, 0xD3, 0xD0, 0xE2, 0x6B, 0x00, 0x00, 0x00, 0x00, 0x14, 0x02, 0x00, 0x00, 0x00, 0x00, 0x00, 0x00, 0x80, 0x4D, 0x00, 0x00, 0x00, 0x00, 0x40, 0x93, 0x01,
  0x00, 0x00, 0x00, 0x2D, 0x6B, 0x4C, 0x03, 0x00, 0x00, 0x5E, 0xDE, 0x81, 0xAE, 0xC0, 0x03, 0x02, 0xEB, 0x30, 0x00, 0x00, 0xB6, 0x2B, 0x1E, 0xF3, 0x00, 0x00, 0x00, 0x00, 0x00, 0x14, 0xF9, 0x03, 0x00, 0x00, 0x00, 0x00, 0x00, 0xCA, 0x66, 0x00,
  0x11, 0xE3, 0x27, 0x00, 0x26, 0xD1, 0xD5, 0xE2, 0x6C, 0x00, 0x00, 0x00, 0x00, 0x17, 0x04, 0x00, 0x00, 0x00, 0x0D, 0xB0, 0x42, 0xB3, 0x20, 0x00, 0x00, 0x00, 0x18, 0xA3, 0x2E, 0x00, 0x00, 0x00, 0x02, 0x60, 0x9C, 0x7E, 0x15, 0x00, 0x00, 0x94,
  0xB7, 0x49, 0x7F, 0xE0, 0x0E, 0x18, 0xF1, 0x0E, 0x00, 0x00, 0xB4, 0x63, 0x4F, 0xC3, 0x00, 0x00, 0x00, 0x0A, 0x0A, 0x5F, 0xB8, 0x00, 0x00, 0x00, 0x00, 0x00, 0x5A, 0xBA, 0x00, 0x00, 0x00, 0x00, 0x00, 0x37, 0xDB, 0x00, 0x00, 0x00, 0x57, 0x42,
  0x03, 0xDB, 0x4F, 0x00, 0x13, 0xE1, 0x34, 0x00, 0x2E, 0xD3, 0xD0, 0xE2, 0x6B, 0x00, 0x00, 0x00, 0x00, 0x14, 0x02, 0x00, 0x00, 0x00, 0x0D, 0xB0, 0x42, 0xB3, 0x20, 0x00, 0x00, 0x00, 0x18, 0xA3, 0x2E, 0x00, 0x00, 0x00, 0x00, 0x2D, 0x6B, 0x4C,
  0x03, 0x00, 0x00, 0x5E, 0xDE, 0x81, 0xAE, 0xC0, 0x03, 0x02, 0xEB, 0x30, 0x00, 0x00, 0xB6, 0x2B, 0x1E, 0xF3, 0x00, 0x00, 0x00, 0x00, 0x00, 0x14, 0xF9, 0x03, 0x00, 0x00, 0x00, 0x00, 0x00, 0xCA, 0x66, 0x00, 0x11, 0xE3, 0x27, 0x00, 0x26, 0xD1,
  0xD5, 0xE2, 0x6C, 0x00, 0x00, 0x00, 0x00, 0x17, 0x04, 0x00, 0x00, 0x00, 0x0D, 0xB0, 0x42, 0xB3, 0x20, 0x00, 0x00, 0x00, 0x18, 0xA3, 0x2E, 0x00, 0x00, 0x0C, 0x87, 0x87, 0x74, 0x2E, 0x00, 0x00, 0x17, 0xFF, 0x5E, 0x74, 0xD8, 0x81, 0x00, 0x17,
  0xFF, 0x03, 0x00, 0x10, 0xE5, 0x39, 0x17, 0xFF, 0x03, 0x00, 0x00, 0x8C, 0x89, 0x17, 0xFF, 0x03, 0x00, 0x00, 0x6E, 0xA5, 0x17, 0xFF, 0x03, 0x00, 0x00, 0x78, 0x9C, 0x17, 0xFF, 0x03, 0x00, 0x00, 0xB7, 0x6A, 0x17, 0xFF, 0x03, 0x03, 0x6D, 0xDE,
  0x0D, 0x17, 0xFF, 0xE4, 0xE3, 0xA8, 0x1D, 0x00, 0x00, 0x00, 0x00, 0x00, 0x00, 0x00, 0x00, 0x17, 0x09, 0x00, 0x00, 0x00, 0x00, 0x00, 0xEB, 0x2B, 0xC1, 0x4E, 0x00, 0x00, 0x00, 0x00, 0x00, 0xEB, 0x2C, 0xE0, 0x2A, 0x00, 0x00, 0x3C, 0x65, 0x26,
  0xEB, 0x4B, 0xA1, 0x00, 0x00, 0x74, 0xE1, 0x89, 0xBF, 0xFA, 0x2B, 0x00, 0x00, 0x06, 0xF3, 0x2D, 0x00, 0x07, 0xF2, 0x2B, 0x00, 0x00, 0x25, 0xF0, 0x00, 0x00, 0x00, 0xEB, 0x2B, 0x00, 0x00, 0x1B, 0xF7, 0x02, 0x00, 0x00, 0xEB, 0x2B, 0x00, 0x00,
  0x01, 0xD6, 0x60, 0x00, 0x2A, 0xF9, 0x2B, 0x00, 0x00, 0x00, 0x36, 0xE2, 0xDC, 0xC2, 0xE8, 0x2B, 0x00, 0x00, 0x00, 0x00, 0x01, 0x11, 0x00, 0x00, 0x00, 0x00, 0x00, 0x00, 0x00, 0x87, 0x87, 0x79, 0x34, 0x00, 0x00, 0x00, 0x00, 0xFF, 0x6B, 0x78,
  0xD5, 0x8E, 0x00, 0x00, 0x00, 0xFF, 0x17, 0x00, 0x0A, 0xDC, 0x49, 0x00, 0x00, 0xFF, 0x17, 0x00, 0x00, 0x7C, 0x97, 0x44, 0xC7, 0xFF, 0xCD, 0x4E, 0x00, 0x5B, 0xBB, 0x08, 0x17, 0xFF, 0x2D, 0x09, 0x00, 0x68, 0xAC, 0x00, 0x00, 0xFF, 0x17, 0x00,
  0x00, 0xA6, 0x7B, 0x00, 0x00, 0xFF, 0x17, 0x05, 0x65, 0xE6, 0x10, 0x00, 0x00, 0xFF, 0xE6, 0xEC, 0xAF, 0x1E, 0x00, 0x00, 0x00, 0x00, 0x0D, 0x1B, 0xFF, 0x2D, 0x06, 0x00, 0x00, 0x00, 0x61, 0xC3, 0xFF, 0xC8, 0x2D, 0x00, 0x00, 0x43, 0x69, 0x22,
  0xFF, 0x13, 0x00, 0x00, 0x88, 0xD7, 0x84, 0xBF, 0xFF, 0x13, 0x00, 0x13, 0xF5, 0x1A, 0x00, 0x0B, 0xFF, 0x13, 0x00, 0x39, 0xD8, 0x00, 0x00, 0x00, 0xFF, 0x13, 0x00, 0x2F, 0xE1, 0x00, 0x00, 0x00, 0xFF, 0x13, 0x00, 0x06, 0xE5, 0x49, 0x00, 0x32,
  0xFF, 0x13, 0x00, 0x00, 0x43, 0xE9, 0xD7, 0xBA, 0xF6, 0x13, 0x00, 0x00, 0x00, 0x02, 0x15, 0x00, 0x00, 0x00, 0x00, 0x7F, 0x87, 0x87, 0x87, 0x87, 0x21, 0xEF, 0x7C, 0x63, 0x63, 0x63, 0x18, 0xEF, 0x27, 0x00, 0x00, 0x00, 0x00, 0xEF, 0x27, 0x00,
  0x00, 0x00, 0x00, 0xEF, 0xE1, 0xDB, 0xDB, 0x9E, 0x00, 0xEF, 0x35, 0x0F, 0x0F, 0x0B, 0x00, 0xEF, 0x27, 0x00, 0x00, 0x00, 0x00, 0xEF, 0x27, 0x00, 0x00, 0x00, 0x00, 0xEF, 0xEF, 0xEB, 0xEB, 0xEB, 0x49, 0x00, 0x00, 0x00, 0xB2, 0x3C, 0x00, 0x00,
  0x00, 0x17, 0xE8, 0x4C, 0x00, 0x00, 0x00, 0x00, 0x61, 0x71, 0x00, 0x00, 0x00, 0x25, 0x65, 0x49, 0x02, 0x00, 0x00, 0x54, 0xDB, 0x7F, 0xB7, 0xB0, 0x00, 0x03, 0xEC, 0x2B, 0x00, 0x01, 0xD9, 0x36, 0x25, 0xFC, 0xBF, 0xBF, 0xBF, 0xEC, 0x60, 0x20,
  0xF5, 0x25, 0x23, 0x23, 0x23, 0x0E, 0x01, 0xD3, 0x6E, 0x00, 0x00, 0x66, 0x12, 0x00, 0x27, 0xC9, 0xD8, 0xE7, 0xA1, 0x07, 0x00, 0x00, 0x00, 0x96, 0x60, 0x00, 0x00, 0x00, 0x00, 0x00, 0xD4, 0x7C, 0x16, 0x00, 0x00, 0x00, 0x00, 0x2F, 0x65, 0x10,
  0x00, 0x0D, 0xB0, 0x42, 0xB3, 0x20, 0x00, 0x00, 0x18, 0xA3, 0x2E, 0x00, 0x00, 0x7F, 0x87, 0x87, 0x87, 0x87, 0x21, 0xEF, 0x7C, 0x63, 0x63, 0x63, 0x18, 0xEF, 0x27, 0x00, 0x00, 0x00, 0x00, 0xEF, 0x27, 0x00, 0x00, 0x00, 0x00, 0xEF, 0xE1, 0xDB,
  0xDB, 0x9E, 0x00, 0xEF, 0x35, 0x0F, 0x0F, 0x0B, 0x00, 0xEF, 0x27, 0x00, 0x00, 0x00, 0x00, 0xEF, 0x27, 0x00, 0x00, 0x00, 0x00, 0xEF, 0xEF, 0xEB, 0xEB, 0xEB, 0x49, 0x00, 0x0D, 0xB0, 0x42, 0xB3, 0x20, 0x00, 0x00, 0x00, 0x18, 0xA3, 0x2E, 0x00,
  0x00, 0x00, 0x00, 0x25, 0x65, 0x49, 0x02, 0x00, 0x00, 0x54, 0xDB, 0x7F, 0xB7, 0xB0, 0x00, 0x03, 0xEC, 0x2B, 0x00, 0x02, 0xDB, 0x36, 0x25, 0xFC, 0xBF, 0xBF, 0xBF, 0xEC, 0x60, 0x1F, 0xF5, 0x26, 0x23, 0x23, 0x23, 0x0E, 0x00, 0xD2, 0x6F, 0x00,
  0x00, 0x66, 0x12, 0x00, 0x27, 0xC9, 0xD7, 0xE4, 0xA2, 0x07, 0x00, 0x00, 0x00, 0x0F, 0x0C, 0x00, 0x00, 0x47, 0x57, 0x57, 0x26, 0x00, 0x00, 0x7E, 0x9B, 0xDD, 0x6F, 0x00, 0x00, 0x00, 0x00, 0xA7, 0x6F, 0x00, 0x00, 0x00, 0x00, 0xA7, 0x6F, 0x00,
  0x00, 0x00, 0x00, 0xA7, 0x6F, 0x00, 0x00, 0x00, 0x00, 0xA7, 0x6F, 0x00, 0x00, 0xC2, 0xEF, 0xFA, 0xF6, 0xEF, 0x77, 0x00, 0x80, 0x4D, 0x00, 0x00, 0x00, 0x40, 0x93, 0x01, 0x00, 0x00, 0x00, 0x72, 0x21, 0x00, 0x00, 0x00, 0x00, 0xD7, 0x3F, 0x00,
  0x00, 0x00, 0x00, 0xD7, 0x3F, 0x00, 0x00, 0x00, 0x00, 0xD7, 0x3F, 0x00, 0x00, 0x00, 0x00, 0xD7, 0x3F, 0x00, 0x00, 0x00, 0x00, 0xD7, 0x3F, 0x00, 0x00, 0x00, 0x00, 0xD7, 0x3F, 0x00, 0x00, 0x00, 0x00, 0xD7, 0x3F, 0x00, 0x00, 0x00, 0x00, 0xD7,
  0xF0, 0xEB, 0xEB, 0xEB, 0x63, 0x00, 0x00, 0x00, 0x80, 0x4D, 0x00, 0x00, 0x00, 0x40, 0x93, 0x01, 0x00, 0xC2, 0xEF, 0xFA, 0x6F, 0x00, 0x00, 0x00, 0x00, 0xA7, 0x6F, 0x00, 0x00, 0x00, 0x00, 0xA7, 0x6F, 0x00, 0x00, 0x00, 0x00, 0xA7, 0x6F, 0x00,
  0x00, 0x00, 0x00, 0xA7, 0x6F, 0x00, 0x00, 0x00, 0x00, 0xA7, 0x6F, 0x00, 0x00, 0x00, 0x00, 0xA7, 0x6F, 0x00, 0x00, 0x00, 0x00, 0xA7, 0x6F, 0x00, 0x00, 0xC2, 0xEF, 0xFA, 0xF6, 0xEF, 0x77, 0x72, 0x21, 0x00, 0x17, 0x09, 0x00, 0xD7, 0x3F, 0x00,
  0xC1, 0x4E, 0x00, 0xD7, 0x3F, 0x00, 0xE0, 0x2A, 0x00, 0xD7, 0x3F, 0x1F, 0xA1, 0x00, 0x00, 0xD7, 0x3F, 0x00, 0x00, 0x00, 0x00, 0xD7, 0x3F, 0x00, 0x00, 0x00, 0x00, 0xD7, 0x3F, 0x00, 0x00, 0x00, 0x00, 0xD7, 0x3F, 0x00, 0x00, 0x00, 0x00, 0xD7,
  0xF0, 0xEB, 0xEB, 0xEB, 0x63, 0x00, 0x00, 0x00, 0x00, 0x00, 0x17, 0x09, 0xC2, 0xEF, 0xFA, 0x6F, 0x00, 0xC1, 0x4E, 0x00, 0x00, 0xA7, 0x6F, 0x00, 0xE0, 0x2A, 0x00, 0x00, 0xA7, 0x6F, 0x1F, 0xA1, 0x00, 0x00, 0x00, 0xA7, 0x6F, 0x00, 0x00, 0x00,
  0x00, 0x00, 0xA7, 0x6F, 0x00, 0x00, 0x00, 0x00, 0x00, 0xA7, 0x6F, 0x00, 0x00, 0x00, 0x00, 0x00, 0xA7, 0x6F, 0x00, 0x00, 0x00, 0x00, 0x00, 0xA7, 0x6F, 0x00, 0x00, 0x00, 0xC2, 0xEF, 0xFA, 0xF6, 0xEF, 0x77, 0x00, 0x00, 0x6E, 0x24, 0x00, 0x00,
  0x00, 0x00, 0x00, 0xCF, 0x43, 0x00, 0x00, 0x00, 0x00, 0x00, 0xCF, 0x43, 0x00, 0x00, 0x00, 0x00, 0x00, 0xCF, 0x51, 0x3F, 0x00, 0x00, 0x00, 0x4A, 0xEB, 0xE9, 0x83, 0x00, 0x00, 0x00, 0x55, 0xE1, 0x43, 0x00, 0x00, 0x00, 0x00, 0x00, 0xCF, 0x43,
  0x00, 0x00, 0x00, 0x00, 0x00, 0xCF, 0x43, 0x00, 0x00, 0x00, 0x00, 0x00, 0xCF, 0xF1, 0xEB, 0xEB, 0xEB, 0x67, 0xC2, 0xEF, 0xFA, 0x6F, 0x00, 0x00, 0x00, 0x00, 0xA7, 0x6F, 0x00, 0x00, 0x00, 0x00, 0xA7, 0x6F, 0x2F, 0x0E, 0x00, 0x00, 0xB2, 0xE7,
  0xC2, 0x0F, 0x48, 0xCD, 0xF0, 0x81, 0x00, 0x00, 0x51, 0x23, 0xA7, 0x6F, 0x00, 0x00, 0x00, 0x00, 0xA7, 0x6F, 0x00, 0x00, 0x00, 0x00, 0xA7, 0x6F, 0x00, 0x00, 0xC2, 0xEF, 0xFA, 0xF6, 0xEF, 0x77, 0x00, 0x00, 0x00, 0x00, 0x80, 0x4D, 0x00, 0x00,
  0x00, 0x00, 0x40, 0x93, 0x01, 0x00, 0x15, 0x87, 0x0B, 0x00, 0x00, 0x64, 0x30, 0x27, 0xFF, 0x78, 0x00, 0x00, 0xBC, 0x5B, 0x27, 0xFB, 0xE9, 0x0F, 0x00, 0xBD, 0x5B, 0x27, 0xF2, 0x98, 0x83, 0x00, 0xBE, 0x5B, 0x27, 0xF2, 0x1B, 0xEB, 0x15, 0xBE,
  0x5B, 0x27, 0xF1, 0x00, 0x8E, 0x8E, 0xBF, 0x5B, 0x27, 0xF0, 0x00, 0x15, 0xEB, 0xDA, 0x5B, 0x27, 0xF0, 0x00, 0x00, 0x84, 0xFF, 0x5B, 0x27, 0xEF, 0x00, 0x00, 0x10, 0xEE, 0x5B, 0x00, 0x00, 0x00, 0x80, 0x4D, 0x00, 0x00, 0x00, 0x40, 0x93, 0x01,
  0x00, 0x56, 0x09, 0x59, 0x61, 0x0F, 0x00, 0xFB, 0xB4, 0x83, 0xB0, 0xD4, 0x03, 0xFB, 0x2D, 0x00, 0x02, 0xEB, 0x2A, 0xFB, 0x1B, 0x00, 0x00, 0xD7, 0x3B, 0xFB, 0x1B, 0x00, 0x00, 0xD7, 0x3B, 0xFB, 0x1B, 0x00, 0x00, 0xD7, 0x3B, 0xFB, 0x1B, 0x00,
  0x00, 0xD7, 0x3B, 0x00, 0x0D, 0xB0, 0x42, 0xB3, 0x20, 0x00, 0x00, 0x00, 0x18, 0xA3, 0x2E, 0x00, 0x00, 0x15, 0x87, 0x0B, 0x00, 0x00, 0x64, 0x30, 0x27, 0xFF, 0x78, 0x00, 0x00, 0xBC, 0x5B, 0x27, 0xFB, 0xE9, 0x0F, 0x00, 0xBD, 0x5B, 0x27, 0xF2,
  0x98, 0x83, 0x00, 0xBE, 0x5B, 0x27, 0xF2, 0x1B, 0xEB, 0x15, 0xBE, 0x5B, 0x27, 0xF1, 0x00, 0x8E, 0x8E, 0xBF, 0x5B, 0x27, 0xF0, 0x00, 0x15, 0xEB, 0xDA, 0x5B, 0x27, 0xF0, 0x00, 0x00, 0x84, 0xFF, 0x5B, 0x27, 0xEF, 0x00, 0x00, 0x10, 0xEE, 0x5B,
  0x0D, 0xB0, 0x42, 0xB3, 0x20, 0x00, 0x00, 0x18, 0xA3, 0x2E, 0x00, 0x00, 0x56, 0x09, 0x59, 0x61, 0x0F, 0x00, 0xFB, 0xB4, 0x83, 0xB0, 0xD4, 0x03, 0xFB, 0x2D, 0x00, 0x02, 0xEB, 0x2A, 0xFB, 0x1B, 0x00, 0x00, 0xD7, 0x3B, 0xFB, 0x1B, 0x00, 0x00,
  0xD7, 0x3B, 0xFB, 0x1B, 0x00, 0x00, 0xD7, 0x3B, 0xFB, 0x1B, 0x00, 0x00, 0xD7, 0x3B, 0x00, 0x00, 0x01, 0xB0, 0x66, 0xC4, 0x40, 0x00, 0x00, 0x38, 0x6C, 0x79, 0x3B, 0x00, 0x00, 0x02, 0x60, 0x9B, 0x73, 0x0A, 0x00, 0x00, 0x8D, 0xC4, 0x5E, 0xA6,
  0xBC, 0x00, 0x14, 0xF1, 0x12, 0x00, 0x02, 0xD5, 0x42, 0x4D, 0xC0, 0x00, 0x00, 0x00, 0x92, 0x7D, 0x5F, 0xB0, 0x00, 0x00, 0x00, 0x80, 0x8F, 0x59, 0xB4, 0x00, 0x00, 0x00, 0x85, 0x89, 0x34, 0xDF, 0x00, 0x00, 0x00, 0xAD, 0x65, 0x01, 0xD5, 0x60,
  0x00, 0x31, 0xED, 0x16, 0x00, 0x2B, 0xD8, 0xE4, 0xE8, 0x4D, 0x00, 0x00, 0x00, 0x00, 0x15, 0x02, 0x00, 0x00, 0x00, 0x00, 0x01, 0xB0, 0x66, 0xC4, 0x40, 0x00, 0x00, 0x38, 0x6C, 0x79, 0x3B, 0x00, 0x00, 0x00, 0x30, 0x66, 0x40, 0x00, 0x00, 0x00,
  0x73, 0xD6, 0x7F, 0xC3, 0xA4, 0x00, 0x12, 0xF2, 0x1D, 0x00, 0x05, 0xE0, 0x3B, 0x3C, 0xD5, 0x00, 0x00, 0x00, 0xA5, 0x6F, 0x31, 0xDF, 0x00, 0x00, 0x00, 0xB0, 0x63, 0x06, 0xE0, 0x4B, 0x00, 0x24, 0xED, 0x1F, 0x00, 0x35, 0xD7, 0xD3, 0xE2, 0x56,
  0x00, 0x00, 0x00, 0x00, 0x12, 0x01, 0x00, 0x00, 0x00, 0x2E, 0x92, 0x9E, 0x8A, 0x87, 0x7D, 0x19, 0xE6, 0x57, 0xA0, 0xBD, 0x5B, 0x54, 0x6C, 0xA2, 0x00, 0x7F, 0x97, 0x00, 0x00, 0x85, 0x8D, 0x00, 0x7F, 0x97, 0x00, 0x00, 0x87, 0x8B, 0x00, 0x7F,
  0xF1, 0xDB, 0x86, 0x87, 0x8B, 0x00, 0x7F, 0x9B, 0x07, 0x04, 0x79, 0x94, 0x00, 0x7F, 0x97, 0x00, 0x00, 0x46, 0xCD, 0x03, 0x7F, 0x97, 0x00, 0x00, 0x00, 0x9C, 0xDB, 0xE2, 0xF4, 0xE3, 0xDC, 0x00, 0x00, 0x0C, 0x19, 0x03, 0x00, 0x00, 0x00, 0x3A,
  0x66, 0x15, 0x44, 0x5E, 0x09, 0x00, 0x49, 0xDD, 0x95, 0xEC, 0xD5, 0xA6, 0xA9, 0x00, 0xA5, 0x70, 0x00, 0xDE, 0x69, 0x14, 0xF7, 0x00, 0xBB, 0x5C, 0x00, 0xCC, 0xDD, 0xCE, 0xFF, 0x07, 0xB7, 0x5E, 0x00, 0xCE, 0x69, 0x17, 0x17, 0x00, 0x92, 0x86,
  0x07, 0xED, 0x82, 0x00, 0x06, 0x00, 0x21, 0xDC, 0xDC, 0xAE, 0xE0, 0xCD, 0x8C, 0x00, 0x00, 0x02, 0x13, 0x00, 0x06, 0x18, 0x00, 0x00, 0x00, 0x00, 0x00, 0x80, 0x4D, 0x00, 0x00, 0x00, 0x40, 0x93, 0x01, 0x00, 0x7F, 0x87, 0x84, 0x5E, 0x09, 0x00,
  0xEF, 0x73, 0x5F, 0x9C, 0xD8, 0x0D, 0xEF, 0x23, 0x00, 0x00, 0xC0, 0x56, 0xEF, 0x23, 0x00, 0x00, 0xBF, 0x5E, 0xEF, 0x76, 0x63, 0xA2, 0xD4, 0x0B, 0xEF, 0x95, 0x8A, 0xF7, 0x15, 0x00, 0xEF, 0x23, 0x00, 0xAF, 0x76, 0x00, 0xEF, 0x23, 0x00, 0x34,
  0xEA, 0x0B, 0xEF, 0x23, 0x00, 0x00, 0xB9, 0x75, 0x00, 0x00, 0x00, 0x80, 0x4D, 0x00, 0x00, 0x00, 0x40, 0x93, 0x01, 0x00, 0x06, 0x54, 0x06, 0x56, 0x6C, 0x16, 0x13, 0xFD, 0xB6, 0xB1, 0xAA, 0x24, 0x13, 0xFF, 0x44, 0x00, 0x00, 0x00, 0x13, 0xFF,
  0x03, 0x00, 0x00, 0x00, 0x13, 0xFF, 0x03, 0x00, 0x00, 0x00, 0x13, 0xFF, 0x03, 0x00, 0x00, 0x00, 0x13, 0xFF, 0x03, 0x00, 0x00, 0x00, 0x0D, 0xB0, 0x42, 0xB3, 0x20, 0x00, 0x00, 0x18, 0xA3, 0x2E, 0x00, 0x00, 0x7F, 0x87, 0x84, 0x5E, 0x09, 0x00,
  0xEF, 0x73, 0x5F, 0x9C, 0xD8, 0x0D, 0xEF, 0x23, 0x00, 0x00, 0xC0, 0x56, 0xEF, 0x23, 0x00, 0x00, 0xBF, 0x5E, 0xEF, 0x76, 0x63, 0xA2, 0xD4, 0x0B, 0xEF, 0x95, 0x8A, 0xF7, 0x15, 0x00, 0xEF, 0x23, 0x00, 0xAF, 0x76, 0x00, 0xEF, 0x23, 0x00, 0x34,
  0xEA, 0x0B, 0xEF, 0x23, 0x00, 0x00, 0xB9, 0x75, 0x0D, 0xB0, 0x42, 0xB3, 0x20, 0x00, 0x00, 0x18, 0xA3, 0x2E, 0x00, 0x00, 0x06, 0x54, 0x06, 0x56, 0x6C, 0x16, 0x13, 0xFD, 0xB6, 0xB1, 0xAA, 0x24, 0x13, 0xFF, 0x44, 0x00, 0x00, 0x00, 0x13, 0xFF,
  0x03, 0x00, 0x00, 0x00, 0x13, 0xFF, 0x03, 0x00, 0x00, 0x00, 0x13, 0xFF, 0x03, 0x00, 0x00, 0x00, 0x13, 0xFF, 0x03, 0x00, 0x00, 0x00, 0x00, 0x00, 0x00, 0x00, 0x80, 0x4D, 0x00, 0x00, 0x00, 0x00, 0x40, 0x93, 0x01, 0x00, 0x00, 0x04, 0x5F, 0x9B,
  0x82, 0x1B, 0x00, 0x00, 0x9D, 0xBD, 0x54, 0x80, 0xEA, 0x1D, 0x03, 0xF9, 0x24, 0x00, 0x00, 0x9B, 0x70, 0x00, 0xCF, 0x88, 0x05, 0x00, 0x00, 0x00, 0x00, 0x20, 0xBD, 0xE9, 0x8F, 0x1A, 0x00, 0x00, 0x00, 0x00, 0x2B, 0x90, 0xEC, 0x26, 0x1F, 0x68,
  0x00, 0x00, 0x00, 0xA2, 0x86, 0x14, 0xF1, 0x44, 0x00, 0x06, 0xC4, 0x6F, 0x00, 0x3E, 0xD6, 0xD8, 0xE8, 0x9E, 0x06, 0x00, 0x00, 0x00, 0x12, 0x08, 0x00, 0x00, 0x00, 0x00, 0x00, 0x80, 0x4D, 0x00, 0x00, 0x00, 0x40, 0x93, 0x01, 0x00, 0x00, 0x2F,
  0x69, 0x53, 0x07, 0x00, 0x62, 0xD8, 0x7A, 0xAA, 0xD1, 0x06, 0xB0, 0x6A, 0x00, 0x00, 0x77, 0x18, 0x38, 0xDA, 0xBA, 0x75, 0x18, 0x00, 0x00, 0x02, 0x34, 0x83, 0xEA, 0x19, 0xD0, 0x4C, 0x00, 0x05, 0xDB, 0x3B, 0x3C, 0xD9, 0xCC, 0xE1, 0x97, 0x02,
  0x00, 0x00, 0x14, 0x07, 0x00, 0x00, 0x00, 0x04, 0x5F, 0x9B, 0x82, 0x1B, 0x00, 0x00, 0x9D, 0xBD, 0x54, 0x80, 0xEA, 0x1D, 0x03, 0xF9, 0x24, 0x00, 0x00, 0x9B, 0x70, 0x00, 0xCF, 0x88, 0x05, 0x00, 0x00, 0x00, 0x00, 0x20, 0xBD, 0xE9, 0x8F, 0x1A,
  0x00, 0x00, 0x00, 0x00, 0x2B, 0x90, 0xEC, 0x26, 0x1F, 0x68, 0x00, 0x00, 0x00, 0xA2, 0x86, 0x14, 0xF1, 0x44, 0x00, 0x06, 0xC4, 0x6F, 0x00, 0x3E, 0xD6, 0xD8, 0xE8, 0x9E, 0x06, 0x00, 0x00, 0x25, 0xE2, 0x33, 0x00, 0x00, 0x00, 0x00, 0x06, 0x82,
  0x70, 0x00, 0x00, 0x00, 0x00, 0x25, 0x6D, 0x07, 0x00, 0x00, 0x00, 0x2F, 0x69, 0x53, 0x07, 0x00, 0x62, 0xD8, 0x7A, 0xAA, 0xD1, 0x06, 0xB0, 0x6A, 0x00, 0x00, 0x77, 0x18, 0x38, 0xDA, 0xBA, 0x75, 0x18, 0x00, 0x00, 0x02, 0x34, 0x83, 0xEA, 0x19,
  0xD0, 0x4C, 0x00, 0x05, 0xDB, 0x3B, 0x3C, 0xD9, 0xCC, 0xE1, 0x97, 0x02, 0x00, 0x25, 0xE4, 0x33, 0x00, 0x00, 0x00, 0x06, 0x82, 0x70, 0x00, 0x00, 0x00, 0x25, 0x6D, 0x07, 0x00, 0x00, 0x00, 0x0D, 0xB0, 0x42, 0xB3, 0x20, 0x00, 0x00, 0x00, 0x18,
  0xA3, 0x2E, 0x00, 0x00, 0x00, 0x04, 0x5F, 0x9B, 0x82, 0x1B, 0x00, 0x00, 0x9D, 0xBD, 0x54, 0x80, 0xEA, 0x1D, 0x03, 0xF9, 0x24, 0x00, 0x00, 0x9B, 0x70, 0x00, 0xCF, 0x88, 0x05, 0x00, 0x00, 0x00, 0x00, 0x20, 0xBD, 0xE9, 0x8F, 0x1A, 0x00, 0x00,
  0x00, 0x00, 0x2B, 0x90, 0xEC, 0x26, 0x1F, 0x68, 0x00, 0x00, 0x00, 0xA2, 0x86, 0x14, 0xF1, 0x44, 0x00, 0x06, 0xC4, 0x6F, 0x00, 0x3E, 0xD6, 0xD8, 0xE8, 0x9E, 0x06, 0x00, 0x00, 0x00, 0x12, 0x08, 0x00, 0x00, 0x0D, 0xB0, 0x42, 0xB3, 0x20, 0x00,
  0x00, 0x18, 0xA3, 0x2E, 0x00, 0x00, 0x00, 0x2F, 0x69, 0x53, 0x07, 0x00, 0x62, 0xD8, 0x7A, 0xAA, 0xD1, 0x06, 0xB0, 0x6A, 0x00, 0x00, 0x77, 0x18, 0x38, 0xDA, 0xBA, 0x75, 0x18, 0x00, 0x00, 0x02, 0x34, 0x83, 0xEA, 0x19, 0xD0, 0x4C, 0x00, 0x05,
  0xDB, 0x3B, 0x3C, 0xD9, 0xCC, 0xE1, 0x97, 0x02, 0x00, 0x00, 0x14, 0x07, 0x00, 0x00, 0x4A, 0x87, 0x87, 0x87, 0x87, 0x87, 0x6A, 0x36, 0x63, 0x63, 0xF3, 0x79, 0x63, 0x4E, 0x00, 0x00, 0x00, 0xEB, 0x23, 0x00, 0x00, 0x00, 0x00, 0x00, 0xEB, 0x23,
  0x00, 0x00, 0x00, 0x00, 0x00, 0xEB, 0x23, 0x00, 0x00, 0x00, 0x00, 0x00, 0xEB, 0x23, 0x00, 0x00, 0x00, 0x00, 0x00, 0xEB, 0x23, 0x00, 0x00, 0x00, 0x00, 0x00, 0xEB, 0x23, 0x00, 0x00, 0x00, 0x00, 0x00, 0xEB, 0x23, 0x00, 0x00, 0x00, 0x00, 0x25,
  0xD0, 0x2B, 0x00, 0x00, 0x00, 0x00, 0x06, 0x82, 0x70, 0x00, 0x00, 0x00, 0x00, 0x25, 0x6D, 0x07, 0x00, 0x00, 0x00, 0x00, 0x6F, 0x84, 0x00, 0x00, 0x00, 0x0F, 0x57, 0xAB, 0xBB, 0x57, 0x57, 0x00, 0x15, 0x7F, 0xBF, 0xCB, 0x7F, 0x7F, 0x00, 0x00,
  0x00, 0x7F, 0x97, 0x00, 0x00, 0x00, 0x00, 0x00, 0x7F, 0x97, 0x00, 0x00, 0x00, 0x00, 0x00, 0x7F, 0x98, 0x00, 0x00, 0x00, 0x00, 0x00, 0x69, 0xBA, 0x00, 0x00, 0x00, 0x00, 0x00, 0x13, 0xD7, 0xDB, 0xDB, 0x22, 0x00, 0x00, 0x00, 0x27, 0xEA, 0x34,
  0x00, 0x00, 0x00, 0x00, 0x06, 0x82, 0x70, 0x00, 0x00, 0x00, 0x00, 0x25, 0x6D, 0x07, 0x00, 0x00, 0x0D, 0xB0, 0x42, 0xB3, 0x20, 0x00, 0x00, 0x00, 0x18, 0xA3, 0x2E, 0x00, 0x00, 0x4A, 0x87, 0x87, 0x87, 0x87, 0x87, 0x6A, 0x36, 0x63, 0x63, 0xF3,
  0x79, 0x63, 0x4E, 0x00, 0x00, 0x00, 0xEB, 0x23, 0x00, 0x00, 0x00, 0x00, 0x00, 0xEB, 0x23, 0x00, 0x00, 0x00, 0x00, 0x00, 0xEB, 0x23, 0x00, 0x00, 0x00, 0x00, 0x00, 0xEB, 0x23, 0x00, 0x00, 0x00, 0x00, 0x00, 0xEB, 0x23, 0x00, 0x00, 0x00, 0x00,
  0x00, 0xEB, 0x23, 0x00, 0x00, 0x00, 0x00, 0x00, 0xEB, 0x23, 0x00, 0x00, 0x00, 0x00, 0x00, 0x00, 0x00, 0x17, 0x09, 0x00, 0x00, 0x00, 0x00, 0x00, 0xC1, 0x4E, 0x00, 0x00, 0x00, 0x00, 0x00, 0xE0, 0x2A, 0x00, 0x00, 0x6F, 0x84, 0x1F, 0xA1, 0x00,
  0x0F, 0x57, 0xAB, 0xBB, 0x57, 0x57, 0x00, 0x15, 0x7F, 0xBF, 0xCB, 0x7F, 0x7F, 0x00, 0x00, 0x00, 0x7F, 0x97, 0x00, 0x00, 0x00, 0x00, 0x00, 0x7F, 0x97, 0x00, 0x00, 0x00, 0x00, 0x00, 0x7F, 0x98, 0x00, 0x00, 0x00, 0x00, 0x00, 0x69, 0xBA, 0x00,
  0x00, 0x00, 0x00, 0x00, 0x13, 0xD7, 0xDB, 0xDB, 0x22, 0x00, 0x00, 0x00, 0x01, 0x1A, 0x09, 0x00, 0x00, 0x00, 0x3C, 0x92, 0x5E, 0x00, 0x00, 0x00, 0x00, 0x85, 0x2E, 0x98, 0x00, 0x00, 0x17, 0x74, 0x0D, 0x67, 0x1F, 0x5B, 0x32, 0x2D, 0xDC, 0x00,
  0x00, 0x00, 0xAD, 0x60, 0x2D, 0xDC, 0x00, 0x00, 0x00, 0xAD, 0x60, 0x2E, 0xDD, 0x00, 0x00, 0x00, 0xAE, 0x61, 0x2F, 0xDE, 0x00, 0x00, 0x00, 0xAF, 0x62, 0x2F, 0xDE, 0x00, 0x00, 0x00, 0xAF, 0x62, 0x22, 0xEC, 0x00, 0x00, 0x00, 0xBC, 0x55, 0x01,
  0xDB, 0x54, 0x00, 0x2C, 0xED, 0x19, 0x00, 0x32, 0xD8, 0xD9, 0xE4, 0x4F, 0x00, 0x00, 0x00, 0x00, 0x13, 0x01, 0x00, 0x00, 0x00, 0x3C, 0x92, 0x5E, 0x00, 0x00, 0x00, 0x85, 0x2E, 0x98, 0x00, 0x00, 0x52, 0x1A, 0x67, 0x1F, 0x4F, 0x10, 0xEF, 0x23,
  0x00, 0x00, 0xE7, 0x2F, 0xEF, 0x23, 0x00, 0x00, 0xE7, 0x2F, 0xEF, 0x23, 0x00, 0x00, 0xE7, 0x2F, 0xEB, 0x27, 0x00, 0x00, 0xE7, 0x2F, 0xCA, 0x57, 0x00, 0x2C, 0xF9, 0x2F, 0x45, 0xEA, 0xD4, 0xA9, 0xDB, 0x2F, 0x00, 0x05, 0x15, 0x00, 0x00, 0x00,
  0x00, 0x00, 0x01, 0xB0, 0x66, 0xC4, 0x40, 0x00, 0x00, 0x38, 0x6C, 0x79, 0x3B, 0x00, 0x17, 0x74, 0x00, 0x00, 0x00, 0x5B, 0x32, 0x2D, 0xDC, 0x00, 0x00, 0x00, 0xAD, 0x60, 0x2D, 0xDC, 0x00, 0x00, 0x00, 0xAD, 0x60, 0x2E, 0xDD, 0x00, 0x00, 0x00,
  0xAE, 0x61, 0x2F, 0xDE, 0x00, 0x00, 0x00, 0xAF, 0x62, 0x2F, 0xDE, 0x00, 0x00, 0x00, 0xAF, 0x62, 0x22, 0xEC, 0x00, 0x00, 0x00, 0xBC, 0x55, 0x01, 0xDB, 0x54, 0x00, 0x2C, 0xED, 0x19, 0x00, 0x32, 0xD8, 0xD9, 0xE4, 0x4F, 0x00, 0x00, 0x00, 0x00,
  0x13, 0x01, 0x00, 0x00, 0x00, 0x01, 0xB0, 0x66, 0xC4, 0x40, 0x00, 0x38, 0x6C, 0x79, 0x3B, 0x00, 0x52, 0x0C, 0x00, 0x00, 0x4F, 0x10, 0xEF, 0x23, 0x00, 0x00, 0xE7, 0x2F, 0xEF, 0x23, 0x00, 0x00, 0xE7, 0x2F, 0xEF, 0x23, 0x00, 0x00, 0xE7, 0x2F,
  0xEB, 0x27, 0x00, 0x00, 0xE7, 0x2F, 0xCA, 0x57, 0x00, 0x2C, 0xF9, 0x2F, 0x45, 0xEA, 0xD4, 0xA9, 0xDB, 0x2F, 0x00, 0x05, 0x15, 0x00, 0x00, 0x00, 0x00, 0x1D, 0x80, 0x00, 0x68, 0x34, 0x00, 0x00, 0x19, 0x6E, 0x00, 0x5D, 0x2F, 0x00, 0x45, 0x60,
  0x00, 0x00, 0x00, 0x56, 0x4D, 0x24, 0xF4, 0x17, 0x00, 0x0C, 0xEF, 0x32, 0x00, 0xA1, 0x82, 0x00, 0x71, 0xB2, 0x00, 0x00, 0x25, 0xE9, 0x0E, 0xE1, 0x34, 0x00, 0x00, 0x00, 0xA3, 0xBE, 0xB5, 0x00, 0x00, 0x00, 0x00, 0x27, 0xFF, 0x39, 0x00, 0x00,
  0x00, 0x00, 0x00, 0xFB, 0x0D, 0x00, 0x00, 0x00, 0x00, 0x00, 0xFA, 0x0B, 0x00, 0x00, 0x00, 0x00, 0x00, 0xF8, 0x08, 0x00, 0x00, 0x00, 0x00, 0x00, 0x00, 0x80, 0x4D, 0x00, 0x00, 0x00, 0x00, 0x40, 0x93, 0x01, 0x00, 0x21, 0x87, 0x87, 0x87, 0x87,
  0x87, 0x15, 0x18, 0x63, 0x63, 0x63, 0x8E, 0xF0, 0x12, 0x00, 0x00, 0x00, 0x01, 0xC4, 0x69, 0x00, 0x00, 0x00, 0x00, 0x67, 0xC6, 0x02, 0x00, 0x00, 0x00, 0x18, 0xEA, 0x2C, 0x00, 0x00, 0x00, 0x00, 0xA9, 0x86, 0x00, 0x00, 0x00, 0x00, 0x4A, 0xDC,
  0x09, 0x00, 0x00, 0x00, 0x0A, 0xDF, 0x45, 0x00, 0x00, 0x00, 0x00, 0x50, 0xFE, 0xEB, 0xEB, 0xEB, 0xEB, 0x4D, 0x00, 0x00, 0x00, 0x00, 0x80, 0x4D, 0x00, 0x00, 0x00, 0x00, 0x40, 0x93, 0x01, 0x00, 0x01, 0x57, 0x57, 0x57, 0x57, 0x57, 0x0C, 0x02,
  0x8F, 0x8F, 0x8F, 0xC3, 0xEE, 0x12, 0x00, 0x00, 0x00, 0x20, 0xE8, 0x46, 0x00, 0x00, 0x00, 0x0B, 0xD0, 0x72, 0x00, 0x00, 0x00, 0x01, 0xAB, 0xA2, 0x00, 0x00, 0x00, 0x00, 0x7D, 0xCA, 0x08, 0x00, 0x00, 0x00, 0x0D, 0xFE, 0xEE, 0xE3, 0xE3, 0xE3,
  0x51, 0x00, 0x00, 0x01, 0x80, 0x12, 0x00, 0x00, 0x00, 0x00, 0x02, 0x94, 0x18, 0x00, 0x00, 0x21, 0x87, 0x87, 0x87, 0x87, 0x87, 0x15, 0x18, 0x63, 0x63, 0x63, 0x8E, 0xF0, 0x12, 0x00, 0x00, 0x00, 0x01, 0xC4, 0x69, 0x00, 0x00, 0x00, 0x00, 0x67,
  0xC6, 0x02, 0x00, 0x00, 0x00, 0x18, 0xEA, 0x2C, 0x00, 0x00, 0x00, 0x00, 0xA9, 0x86, 0x00, 0x00, 0x00, 0x00, 0x4A, 0xDC, 0x09, 0x00, 0x00, 0x00, 0x0A, 0xDF, 0x45, 0x00, 0x00, 0x00, 0x00, 0x50, 0xFE, 0xEB, 0xEB, 0xEB, 0xEB, 0x4D, 0x00, 0x00,
  0x01, 0x80, 0x12, 0x00, 0x00, 0x00, 0x00, 0x02, 0x94, 0x18, 0x00, 0x00, 0x01, 0x57, 0x57, 0x57, 0x57, 0x57, 0x0C, 0x02, 0x8F, 0x8F, 0x8F, 0xC3, 0xEE, 0x12, 0x00, 0x00, 0x00, 0x20, 0xE8, 0x46, 0x00, 0x00, 0x00, 0x0B, 0xD0, 0x72, 0x00, 0x00,
  0x00, 0x01, 0xAB, 0xA2, 0x00, 0x00, 0x00, 0x00, 0x7D, 0xCA, 0x08, 0x00, 0x00, 0x00, 0x0D, 0xFE, 0xEE, 0xE3, 0xE3, 0xE3, 0x51, 0x00, 0x0D, 0xB0, 0x42, 0xB3, 0x20, 0x00, 0x00, 0x00, 0x18, 0xA3, 0x2E, 0x00, 0x00, 0x21, 0x87, 0x87, 0x87, 0x87,
  0x87, 0x15, 0x18, 0x63, 0x63, 0x63, 0x8E, 0xF0, 0x12, 0x00, 0x00, 0x00, 0x01, 0xC4, 0x69, 0x00, 0x00, 0x00, 0x00, 0x67, 0xC6, 0x02, 0x00, 0x00, 0x00, 0x18, 0xEA, 0x2C, 0x00, 0x00, 0x00, 0x00, 0xA9, 0x86, 0x00, 0x00, 0x00, 0x00, 0x4A, 0xDC,
  0x09, 0x00, 0x00, 0x00, 0x0A, 0xDF, 0x45, 0x00, 0x00, 0x00, 0x00, 0x50, 0xFE, 0xEB, 0xEB, 0xEB, 0xEB, 0x4D, 0x00, 0x0D, 0xB0, 0x42, 0xB3, 0x20, 0x00, 0x00, 0x00, 0x18, 0xA3, 0x2E, 0x00, 0x00, 0x01, 0x57, 0x57, 0x57, 0x57, 0x57, 0x0C, 0x02,
  0x8F, 0x8F, 0x8F, 0xC3, 0xEE, 0x12, 0x00, 0x00, 0x00, 0x20, 0xE8, 0x46, 0x00, 0x00, 0x00, 0x0B, 0xD0, 0x72, 0x00, 0x00, 0x00, 0x01, 0xAB, 0xA2, 0x00, 0x00, 0x00, 0x00, 0x7D, 0xCA, 0x08, 0x00, 0x00, 0x00, 0x0D, 0xFE, 0xEE, 0xE3, 0xE3, 0xE3,
  0x51, 0x00, 0x00, 0x00, 0x00, 0x19, 0x36, 0x0A, 0x00, 0x00, 0x00, 0x78, 0xE6, 0xB4, 0x4A, 0x00, 0x00, 0x03, 0xF7, 0x22, 0x00, 0x00, 0x00, 0x0A, 0x65, 0xFF, 0x58, 0x15, 0x00, 0x00, 0x0F, 0x89, 0xFF, 0x7F, 0x1F, 0x00, 0x00, 0x00, 0x13, 0xFF,
  0x00, 0x00, 0x00, 0x00, 0x00, 0x13, 0xFF, 0x00, 0x00, 0x00, 0x00, 0x00, 0x13, 0xFF, 0x00, 0x00, 0x00, 0x00, 0x00, 0x13, 0xFF, 0x00, 0x00, 0x00, 0x00, 0x00, 0x13, 0xFF, 0x00, 0x00, 0x00, 0x00, 0x00, 0x1D, 0xF6, 0x00, 0x00, 0x00, 0x01, 0x64,
  0xA3, 0xB1, 0x00, 0x00, 0x00, 0x04, 0x80, 0x73, 0x0D, 0x00, 0x00, 0x00, 0x0F, 0xB1, 0x96, 0x02, 0x70, 0x39, 0x5D, 0x4D, 0x0D, 0xB0, 0x42, 0xB3, 0x20, 0x00, 0x18, 0xA3, 0x2E, 0x00, 0x0E, 0x6C, 0x00, 0x53, 0x28, 0x01, 0xA3, 0xB3, 0xBA, 0x0E,
  0x01, 0x80, 0x12, 0x02, 0x94, 0x18, 0x3C, 0x92, 0x5E, 0x85, 0x2E, 0x98, 0x0D, 0x67, 0x1F, 0x00, 0x25, 0x06, 0x45, 0xA4, 0x06, 0x9E, 0x8A, 0x23, 0x24, 0x7F, 0x2E, 0x01, 0x9B, 0xAB, 0x52, 0x92, 0x14, 0x63, 0x2C, 0x87, 0x30, 0x01, 0xB0, 0x66,
  0xC4, 0x40, 0x38, 0x6C, 0x79, 0x3B, 0x00, 0x00, 0x01, 0x66, 0xA0, 0x7A, 0x08, 0x00, 0x00, 0x99, 0xAE, 0x4B, 0x8F, 0xC5, 0x02, 0x25, 0xE8, 0x07, 0x00, 0x00, 0xC3, 0x50, 0x5A, 0xB6, 0x00, 0x00, 0x00, 0x89, 0x85, 0x6D, 0xA9, 0x00, 0x00, 0x00,
  0x79, 0x98, 0x52, 0xB8, 0x00, 0x00, 0x00, 0x89, 0x7E, 0x0F, 0xE2, 0x09, 0x00, 0x00, 0xC3, 0x37, 0x00, 0x70, 0x9F, 0x0B, 0x74, 0xA1, 0x00, 0x5C, 0xE3, 0xFE, 0x3F, 0xFF, 0xE7, 0x92, 0x2A, 0x57, 0x57, 0x57, 0x57, 0x57, 0x27, 0x45, 0xDE, 0xB9,
  0x8F, 0xC4, 0xD4, 0x41, 0x00, 0xB3, 0x5F, 0x00, 0x77, 0x9B, 0x00, 0x00, 0xB3, 0x5F, 0x00, 0x77, 0x9B, 0x00, 0x00, 0xB3, 0x5F, 0x00, 0x77, 0x9B, 0x00, 0x00, 0xB3, 0x5F, 0x00, 0x72, 0xA2, 0x00, 0x00, 0xB3, 0x5F, 0x00, 0x36, 0xF1, 0xBA, 0x00,
  0x00, 0x00, 0x00, 0x00, 0x0C, 0x0A, 0x65, 0xB3, 0xB3, 0xB3, 0xB3, 0xB3, 0x8F, 0x1A, 0x2F, 0x2F, 0x2F, 0x2F, 0x2F, 0x26, 0x5F, 0xB3, 0xB3, 0xB3, 0xB3, 0xB3, 0x95, 0x19, 0x2F, 0x2F, 0x2F, 0x2F, 0x2F, 0x27, 0x00, 0x06, 0x01, 0x00, 0x9D, 0x50,
  0x0A, 0xF8, 0x08, 0x19, 0xD9, 0x00, 0x00, 0x17, 0x09, 0x00, 0xC1, 0x4E, 0x00, 0xE0, 0x2A, 0x1F, 0xA1, 0x00, 0x00, 0x43, 0x12, 0x00, 0xDB, 0x39, 0x0C, 0xF1, 0x11, 0x29, 0x69, 0x00, 0x00, 0x06, 0x01, 0x06, 0x01, 0x00, 0x9D, 0x50, 0x9D, 0x50,
  0x0A, 0xF8, 0x12, 0xF8, 0x08, 0x19, 0xD9, 0x19, 0xD9, 0x00, 0x00, 0x17, 0x09, 0x17, 0x09, 0x00, 0xC1, 0x4E, 0xC1, 0x4E, 0x00, 0xE0, 0x2A, 0xE0, 0x2A, 0x1F, 0xA1, 0x1F, 0xA1, 0x00, 0x00, 0x35, 0x20, 0x4D, 0x08, 0x00, 0xAF, 0x66, 0xFA, 0x18,
  0x00, 0xD8, 0x5C, 0xE6, 0x01, 0x10, 0x84, 0x41, 0x55, 0x00, 0x00, 0x00, 0x00, 0x81, 0x10, 0x00, 0x00, 0x00, 0x00, 0x00, 0xF3, 0x1F, 0x00, 0x00, 0x1A, 0x57, 0x57, 0xF8, 0x6C, 0x57, 0x2B, 0x2A, 0x8F, 0x8F, 0xFA, 0x9D, 0x8F, 0x47, 0x00, 0x00,
  0x00, 0xF3, 0x1F, 0x00, 0x00, 0x00, 0x00, 0x00, 0xF3, 0x1F, 0x00, 0x00, 0x00, 0x00, 0x00, 0xF3, 0x1F, 0x00, 0x00, 0x00, 0x00, 0x00, 0xF3, 0x1F, 0x00, 0x00, 0x00, 0x00, 0x00, 0xF3, 0x1F, 0x00, 0x00, 0x00, 0x00, 0x00, 0x83, 0x10, 0x00, 0x00,
  0x00, 0x00, 0x00, 0xF7, 0x1F, 0x00, 0x00, 0x1A, 0x57, 0x57, 0xFA, 0x6C, 0x57, 0x2B, 0x2A, 0x8F, 0x8F, 0xFC, 0x9D, 0x8F, 0x47, 0x00, 0x00, 0x00, 0xF7, 0x1F, 0x00, 0x00, 0x00, 0x00, 0x00, 0xF7, 0x1F, 0x00, 0x00, 0x00, 0x00, 0x00, 0xF7, 0x1F,
  0x00, 0x00, 0x00, 0x00, 0x00, 0xF7, 0x1F, 0x00, 0x00, 0x43, 0xE3, 0xE3, 0xFF, 0xE7, 0xE3, 0x71, 0x00, 0x00, 0x00, 0xF7, 0x1F, 0x00, 0x00, 0x00, 0x00, 0x00, 0xF7, 0x1F, 0x00, 0x00, 0x00, 0x00, 0x00, 0x6C, 0x0D, 0x00, 0x00, 0x39, 0xBE, 0x5A,
  0x93, 0xFF, 0xC2, 0x41, 0xD0, 0x68, 0x00, 0x69, 0x29, 0x69, 0x29, 0x69, 0x29, 0x06, 0xF2, 0x83, 0xF2, 0x83, 0xF2, 0x7D, 0x00, 0x08, 0x00, 0x08, 0x00, 0x08, 0x00, 0x18, 0x94, 0x5C, 0x00, 0x00, 0x00, 0x00, 0x96, 0x4D, 0xC0, 0x19, 0x00, 0x00,
  0x00, 0xA4, 0x2D, 0xAE, 0x24, 0x4B, 0x56, 0x00, 0x33, 0xB9, 0x94, 0x76, 0x89, 0x02, 0x00, 0x00, 0x08, 0x9C, 0x5C, 0x00, 0x00, 0x00, 0x17, 0xAF, 0x50, 0x5F, 0x2B, 0x60, 0x16, 0x0C, 0x18, 0xC5, 0x67, 0xF9, 0x65, 0xBD, 0x00, 0x00, 0xCE, 0x00,
  0xDA, 0x00, 0xCE, 0x00, 0x00, 0xA3, 0xB1, 0xDF, 0xAF, 0x97, 0x00, 0x00, 0x00, 0x15, 0x00, 0x15, 0x00, 0x00, 0x18, 0x63, 0x02, 0xBA, 0x33, 0x77, 0x92, 0x00, 0x32, 0xC7, 0x04, 0x00, 0x69, 0x79, 0x00, 0x00, 0x17, 0x46, 0x34, 0x00, 0x13, 0xCC,
  0x12, 0x00, 0x62, 0xAB, 0x00, 0xA3, 0x5E, 0x47, 0x9C, 0x00, 0x11, 0x05, 0x00, 0x00, 0x00, 0x00, 0x0C, 0x01, 0x00, 0x00, 0x00, 0x9F, 0x35, 0x00, 0x00, 0x2C, 0xB0, 0x00, 0x00, 0x00, 0xB2, 0x2C, 0x00, 0x00, 0x3E, 0xA0, 0x00, 0x00, 0x00, 0xC0,
  0x1F, 0x00, 0x00, 0x12, 0x6A, 0x00, 0x00, 0x00, 0x00, 0x00, 0x00, 0x4C, 0x94, 0x99, 0x26, 0x00, 0x00, 0x86, 0xCB, 0x51, 0x4C, 0x1B, 0x00, 0x06, 0xF8, 0x21, 0x00, 0x00, 0x00, 0x1A, 0x82, 0xF6, 0x6B, 0x6B, 0x0F, 0x00, 0x12, 0x70, 0xEC, 0x4B,
  0x4B, 0x0A, 0x00, 0x2C, 0xC2, 0xF8, 0xB3, 0xB3, 0x19, 0x00, 0x00, 0x16, 0xF9, 0x04, 0x00, 0x00, 0x00, 0x00, 0x00, 0xC7, 0x71, 0x00, 0x00, 0x00, 0x00, 0x00, 0x23, 0xC8, 0xD6, 0xD1, 0x42, 0x00, 0x00, 0x00, 0x00, 0x0E, 0x14, 0x00, 0x2E, 0x80,
  0x67, 0x5B, 0x0A, 0x39, 0x2C, 0x00, 0x87, 0x00, 0x9A, 0x56, 0x9D, 0x53, 0x00, 0x87, 0x00, 0x87, 0x81, 0x8C, 0x53, 0x00, 0x52, 0x00, 0x52, 0x43, 0x2C, 0x33, 0x00, 0x61, 0xD3, 0xD9, 0x8B, 0x08, 0x00, 0x00, 0x30, 0x22, 0x2B, 0xC2, 0x98, 0x00,
  0x00, 0x00, 0x00, 0x00, 0x1B, 0xEF, 0x0F, 0x00, 0x32, 0xC6, 0xE3, 0xB0, 0xD8, 0x43, 0x07, 0xE3, 0x59, 0x00, 0x2E, 0xEE, 0x5C, 0x33, 0xE1, 0x00, 0x00, 0x00, 0xAF, 0x63, 0x32, 0xE1, 0x00, 0x00, 0x00, 0xC8, 0x45, 0x08, 0xE5, 0x45, 0x00, 0x32,
  0xE5, 0x07, 0x00, 0x3C, 0xDC, 0xD0, 0xDD, 0x3D, 0x00, 0x00, 0x00, 0x00, 0x14, 0x03, 0x00, 0x00, 0x00, 0x00, 0x00, 0x6A, 0x2D, 0x00, 0x00, 0x00, 0x00, 0x00, 0x13, 0xFA, 0x96, 0x00, 0x00, 0x00, 0x00, 0x00, 0x6A, 0xA7, 0xE5, 0x02, 0x00, 0x00,
  0x00, 0x00, 0xC5, 0x3A, 0xC3, 0x3F, 0x00, 0x00, 0x00, 0x21, 0xE1, 0x01, 0x73, 0x93, 0x00, 0x00, 0x00, 0x7C, 0x8D, 0x00, 0x24, 0xE6, 0x02, 0x00, 0x00, 0xD7, 0x36, 0x00, 0x00, 0xD4, 0x3C, 0x00, 0x33, 0xDF, 0x00, 0x00, 0x00, 0x84, 0x90, 0x00,
  0x8E, 0xF7, 0xE3, 0xE3, 0xE3, 0xED, 0xE3, 0x01, 0x02, 0x87, 0x87, 0x87, 0x87, 0x87, 0x1D, 0x03, 0xFF, 0x66, 0x5B, 0x5B, 0xE8, 0x37, 0x03, 0xFF, 0x0F, 0x00, 0x00, 0xDB, 0x37, 0x03, 0xFF, 0x0F, 0x00, 0x00, 0xDB, 0x37, 0x03, 0xFF, 0x0F, 0x00,
  0x00, 0xDB, 0x37, 0x03, 0xFF, 0x0F, 0x00, 0x00, 0xDB, 0x37, 0x03, 0xFF, 0x0F, 0x00, 0x00, 0xDB, 0x37, 0x03, 0xFF, 0x0F, 0x00, 0x00, 0xDB, 0x37, 0x03, 0xFF, 0x0F, 0x00, 0x00, 0xDB, 0x37, 0x03, 0xFF, 0x0F, 0x00, 0x00, 0xDB, 0x37, 0x00, 0x3F,
  0x03, 0x00, 0x00, 0x36, 0x0D, 0x5F, 0x87, 0x87, 0x87, 0x87, 0x87, 0x3D, 0x81, 0xE8, 0x5E, 0x5B, 0x5B, 0x5B, 0x29, 0x02, 0xB2, 0x8D, 0x00, 0x00, 0x00, 0x00, 0x00, 0x0C, 0xD0, 0x62, 0x00, 0x00, 0x00, 0x00, 0x00, 0x1E, 0xE1, 0x3C, 0x00, 0x00,
  0x00, 0x00, 0x00, 0x5A, 0xDC, 0x00, 0x00, 0x00, 0x00, 0x15, 0xDB, 0x4B, 0x00, 0x00, 0x00, 0x07, 0xC5, 0x72, 0x00, 0x00, 0x00, 0x00, 0xA6, 0x9D, 0x00, 0x00, 0x00, 0x00, 0x79, 0xEA, 0x55, 0x4F, 0x4F, 0x4F, 0x47, 0x68, 0x93, 0x93, 0x93, 0x93,
  0x93, 0x83, 0x00, 0x00, 0x00, 0x00, 0x00, 0x2F, 0x67, 0x00, 0x00, 0x00, 0x00, 0x00, 0x9E, 0x79, 0x00, 0x00, 0x00, 0x00, 0x07, 0xEE, 0x1C, 0x00, 0x00, 0x00, 0x00, 0x53, 0xBA, 0x00, 0x63, 0x93, 0x2B, 0x00, 0xAE, 0x5B, 0x00, 0x35, 0x9E, 0x94,
  0x10, 0xEB, 0x0A, 0x00, 0x00, 0x1F, 0xEA, 0x6A, 0x9D, 0x00, 0x00, 0x00, 0x00, 0xB9, 0xE7, 0x3E, 0x00, 0x00, 0x00, 0x00, 0x55, 0xDE, 0x01, 0x00, 0x00, 0x15, 0xA7, 0x98, 0x09, 0x80, 0xB0, 0x32, 0x8C, 0x36, 0x38, 0xC8, 0x6B, 0x0F, 0xB2, 0xAD,
  0x09, 0x00, 0xD6, 0x0C, 0x00, 0xBA, 0x82, 0x49, 0x4E, 0xB2, 0x81, 0x21, 0xAE, 0x0C, 0x92, 0x82, 0x03, 0x62, 0x9F, 0x21, 0x00, 0x00, 0x00, 0x2E, 0x24, 0x00, 0x00, 0xA3, 0xD2, 0x6E, 0x00, 0x0A, 0xFE, 0x13, 0x00, 0x00, 0x17, 0xFF, 0x00, 0x00,
  0x00, 0x17, 0xFF, 0x00, 0x00, 0x00, 0x17, 0xFF, 0x00, 0x00, 0x00, 0x17, 0xFF, 0x00, 0x00, 0x00, 0x17, 0xFF, 0x00, 0x00, 0x00, 0x17, 0xFF, 0x00, 0x00, 0x00, 0x17, 0xFF, 0x00, 0x00, 0x00, 0x1C, 0xFB, 0x00, 0x00, 0x2D, 0x90, 0xC6, 0x00, 0x00,
  0x46, 0x80, 0x1C, 0x00, 0x00, 0x04, 0xA2, 0xE8, 0x9D, 0x39, 0x58, 0x49, 0x12, 0x66, 0x14, 0x5F, 0xC3, 0xAD, 0x10, 0x00, 0x32, 0x6A, 0x1C, 0x00, 0x07, 0x19, 0x1C, 0xCC, 0x94, 0xDB, 0xB7, 0xD5, 0x32, 0x0A, 0x09, 0x00, 0x04, 0x46, 0x2B, 0x00,
  0x00, 0x00, 0x00, 0x00, 0x1D, 0x05, 0x00, 0x02, 0x83, 0x83, 0x83, 0xC9, 0x88, 0x1C, 0x01, 0x6B, 0x6B, 0x9D, 0x94, 0x6B, 0x17, 0x00, 0x13, 0x13, 0x9F, 0x18, 0x13, 0x04, 0x03, 0xDB, 0xEB, 0xE1, 0xDB, 0xDB, 0x30, 0x00, 0x00, 0x76, 0x04, 0x00,
  0x00, 0x00, 0x00, 0x00, 0x01, 0x41, 0xA8, 0x11, 0x15, 0x75, 0xD5, 0xB2, 0x58, 0x03, 0xDA, 0xC8, 0x25, 0x00, 0x00, 0x00, 0x0F, 0x6B, 0xCD, 0xB5, 0x5D, 0x03, 0x00, 0x00, 0x00, 0x39, 0xA0, 0x10, 0x00, 0x00, 0x00, 0x00, 0x00, 0x00, 0xCE, 0xE3,
  0xE3, 0xE3, 0xE0, 0x00, 0xBA, 0x7C, 0x1C, 0x00, 0x00, 0x00, 0x1F, 0x74, 0xC8, 0xB5, 0x53, 0x05, 0x00, 0x00, 0x14, 0x87, 0xF5, 0x40, 0x5A, 0xB9, 0xD1, 0x73, 0x15, 0x00, 0x80, 0x39, 0x00, 0x00, 0x00, 0x00, 0x00, 0x00, 0x00, 0x00, 0x00, 0x00,
  0xC0, 0xDF, 0xDF, 0xDF, 0xDF, 0x06, 0x00, 0x00, 0x03, 0x81, 0x13, 0x00, 0x00, 0x00, 0x00, 0x65, 0xDA, 0x92, 0x00, 0x00, 0x00, 0x0B, 0xDE, 0x20, 0xDA, 0x26, 0x00, 0x00, 0x7E, 0x92, 0x00, 0x62, 0xAF, 0x00, 0x0D, 0xF2, 0x1C, 0x00, 0x04, 0xE3,
  0x34, 0x00, 0xBF, 0x57, 0x00, 0x25, 0xE3, 0x0C, 0x00, 0x33, 0xD5, 0x02, 0xA2, 0x65, 0x00, 0x00, 0x00, 0xA4, 0x80, 0xD1, 0x03, 0x00, 0x00, 0x00, 0x1F, 0xF7, 0x4A, 0x00, 0x00, 0x00, 0x13, 0x52, 0x6F, 0x62, 0x6F, 0x74, 0x6F, 0x20, 0x4D, 0x6F,
  0x6E, 0x6F, 0x20, 0x52, 0x65, 0x67, 0x75, 0x6C, 0x61, 0x72, 0x00, 0x12, 0x52, 0x6F, 0x62, 0x6F, 0x74, 0x6F, 0x4D, 0x6F, 0x6E, 0x6F, 0x2D, 0x52, 0x65, 0x67, 0x75, 0x6C, 0x61, 0x72, 0x01, 0x00
};

/*************************** End of file ****************************/
